LOAN_NBR,FICO,CHANNEL,ORIG_BAL,BAD_FLAG,GCO_AMT,RANR_AMT,ASSET_CLASS,REV_DEBT,ORIG_DATE,SYS_FLAG
L0000000,-9999,Online,7655.75,0,0.0,3017.35,1,15868.86,2021-11-18,
L0000001,,Broker,27999.47,0,0.0,3928.24,2,12884.7,2024-06-24,Y
L0000002,713,Branch,39684.43,0,#N/A,5816.98,1,8920.97,2023-07-12,N
L0000003,716,Branch,,0,0.0,585.32,2,10811.91,2026-03-27,Y
L0000004,622,Branch,36988.01,2,0.0,11102.02,2,12480.23,2023-08-11,N
L0000005,717,Branch,32302.8,0,0.0,1758.83,4,11645.78,2025-06-23,Y
L0000006,746,Branch,48690.87,0,0.0,5365.73,2,7417.36,2022-09-24,Y
L0000007,649,Broker,20836.58,0,0.0,4310.88,1,15250.74,2024-03-18,N
L0000008,701,Broker,28193.41,0,0.0,2686.69,1,8857.89,2024-12-02,Y
L0000009,733,Online,24259.81,0,0.0,2659.67,4,7261.58,2024-09-28,N
L0000010,770,Broker,43337.31,0,0.0,1215.42,1,668.41,2025-07-02,N
L0000011,595,Broker,20652.75,0,0.0,4713.94,4,0.0,2024-08-05,N
L0000012,748,Online,11440.27,0,0.0,794.81,1,7718.59,2024-06-26,N
L0000013,695,Broker,9431.97,0,0.0,1511.54,4,6739.48,2024-01-07,Y
L0000014,738,Online,20313.16,0,0.0,4732.27,4,13238.56,2022-06-27,N
L0000015,670,Branch,14691.98,0,0.0,1547.45,2,16870.13,2025-01-01,N
L0000016,717,Broker,5225.15,0,0.0,1063.88,4,8243.05,2023-07-14,Y
L0000017,688,Online,57262.32,0,0.0,21564.58,1,15413.06,2022-01-07,Y
L0000018,779,Online,26580.84,0,0.0,2858.39,4,5790.51,2021-08-10,Y
L0000019,671,Branch,29234.48,0,0.0,4144.35,1,16094.47,2024-07-27,Y
L0000020,731,Branch,57192.18,0,0.0,4046.25,1,10143.83,2024-08-12,N
L0000021,644,Broker,38125.36,1,27620.62,-20477.36,4,22239.77,2024-07-03,N
L0000022,638,Branch,12926.46,0,0.0,989.94,3,17445.33,2025-11-15,N
L0000023,676,Branch,57304.21,0,0.0,3015.38,3,6628.2,2025-10-22,N
L0000024,766,Online,52482.88,0,0.0,2556.8,3,8789.79,2024-07-04,N
L0000025,675,Online,47848.02,0,0.0,16504.68,3,16896.53,2021-09-15,N
L0000026,722,Branch,49334.32,0,0.0,1543.71,4,2814.96,2025-10-03,N
L0000027,648,Branch,59428.2,0,0.0,11776.0,3,14414.57,2024-03-21,Y
L0000028,660,Online,59342.09,0,0.0,10347.25,3,10747.07,2024-04-20,N
L0000029,650,Broker,39323.65,0,0.0,13355.49,1,16145.24,2022-08-04,N
L0000030,707,Online,11594.7,0,0.0,2392.58,4,9492.4,2024-02-01,N
L0000031,665,Online,23288.45,0,0.0,4630.17,4,14647.48,2024-02-27,N
L0000032,727,Branch,6515.19,0,0.0,390.22,4,11777.39,2025-04-15,N
L0000033,771,Online,56560.71,0,0.0,3660.77,2,0.0,2023-04-23,N
L0000034,845,Online,10652.46,0,0.0,736.1,2,3652.97,2025-06-14,N
L0000035,717,Broker,16702.89,0,0.0,3128.06,2,7960.03,2022-08-29,N
L0000036,599,Branch,55050.94,0,0.0,23933.59,3,13821.84,2022-10-30,Y
L0000037,726,Online,12191.98,0,0.0,379.42,2,5240.77,2025-12-10,Y
L0000038,667,Branch,47682.14,0,0.0,16247.29,2,15449.98,2022-01-04,Y
L0000039,689,Broker,42528.23,0,0.0,5166.35,4,5483.54,2024-07-17,N
L0000040,661,Broker,7320.94,0,0.0,2807.49,1,12535.97,2022-03-01,Y
L0000041,707,Broker,22908.75,0,0.0,4721.43,2,100.68,2022-09-19,N
L0000042,638,Branch,43456.98,0,0.0,15723.86,3,14045.24,2022-09-04,N
L0000043,717,Broker,11689.21,0,0.0,1205.74,4,16125.46,2024-12-29,Y
L0000044,665,Broker,48116.48,0,0.0,3473.54,2,16009.66,2025-08-26,N
L0000045,671,Branch,58214.96,0,0.0,15011.9,2,17259.98,2022-12-15,Y
L0000046,724,Online,50784.46,0,0.0,9720.71,2,8685.73,2023-07-13,Y
L0000047,652,Broker,22518.91,1,12993.98,-7796.57,3,18859.59,2023-11-07,N
L0000048,749,Online,21249.98,0,0.0,1163.48,1,9474.81,2025-05-14,Y
L0000049,715,Branch,19606.03,0,0.0,4562.77,1,21221.28,2021-08-07,Y
L0000050,-9999,Online,50043.84,0,0.0,5891.84,3,1979.69,2024-12-30,Y
L0000051,636,Broker,9920.42,0,0.0,2763.39,1,15067.64,2023-08-18,N
L0000052,734,Branch,39894.17,0,0.0,1578.91,3,7790.73,2025-09-04,Y
L0000053,800,Broker,5635.05,0,0.0,564.57,4,8187.39,2022-11-01,N
L0000054,746,Branch,56596.93,0,0.0,5868.37,2,12931.5,2022-11-10,N
L0000055,770,Online,46772.4,0,0.0,2508.05,3,5759.68,2024-03-12,N
L0000056,687,Broker,7032.21,0,0.0,816.67,1,23071.19,2025-05-07,N
L0000057,723,Broker,10845.47,0,0.0,1090.34,4,15655.59,2024-10-30,N
L0000058,811,Broker,42825.8,0,0.0,4710.57,2,1238.4,2021-07-22,N
L0000059,679,Broker,59419.09,0,0.0,7141.81,1,5088.69,2024-09-06,N
L0000060,620,Broker,13978.56,0,0.0,4953.28,1,5763.98,2023-03-14,Y
L0000061,553,Online,18321.71,1,7194.5,-3730.59,3,19889.6,2025-03-03,Y
L0000062,752,Broker,58494.26,0,0.0,5656.7,3,8966.55,2022-12-13,Y
L0000063,681,Branch,23443.3,0,0.0,3066.8,1,18308.79,2024-09-30,N
L0000064,719,Branch,9996.84,0,0.0,1949.74,1,16380.74,2022-11-13,Y
L0000065,663,Online,17804.53,0,0.0,4490.52,2,17557.49,2023-07-03,N
L0000066,739,Broker,44637.25,0,0.0,1404.61,4,6685.73,2025-10-17,Y
L0000067,689,Online,54056.83,0,0.0,2347.79,4,11324.69,2026-01-30,Y
L0000068,742,Online,36266.37,0,0.0,722.77,1,13469.31,2026-02-10,Y
L0000069,765,Online,40358.94,0,0.0,1021.57,1,4654.87,2025-04-29,Y
L0000070,683,Broker,35719.0,0,0.0,3955.3,1,15137.67,2024-12-07,Y
L0000071,695,Branch,46154.6,0,0.0,7755.14,1,12330.31,2023-08-27,Y
L0000072,696,Branch,51537.35,0,0.0,11409.81,2,8055.27,2022-09-29,Y
L0000073,690,Broker,51504.22,0,0.0,1740.75,1,0.0,2026-01-24,Y
L0000074,708,Online,15905.96,0,0.0,3222.18,2,4378.93,2023-12-03,Y
L0000075,673,Branch,5685.81,0,0.0,2157.15,1,5624.53,2022-08-23,Y
L0000076,731,Broker,20997.11,0,0.0,2243.03,3,12011.57,2023-12-15,N
L0000077,785,Branch,22142.11,0,0.0,231.92,1,11354.75,2025-12-10,N
L0000078,601,Broker,59668.18,1,46111.19,-43689.52,4,21750.98,2026-02-28,N
L0000079,673,Online,19399.49,0,0.0,7378.63,3,11960.07,2021-07-11,Y
L0000080,585,Online,25085.37,0,0.0,4995.19,4,17924.96,2024-12-10,Y
L0000081,704,Broker,42487.35,0,0.0,11281.25,4,11829.75,2021-07-02,Y
L0000082,673,Broker,5095.78,0,0.0,347.96,3,18058.22,2025-09-20,N
L0000083,777,Online,20940.81,0,0.0,1106.63,3,5038.87,2024-05-12,N
L0000084,715,Broker,46561.1,0,0.0,1854.61,1,9648.05,2025-08-30,N
L0000085,658,Branch,18712.86,0,0.0,4621.19,3,6626.63,2023-07-14,N
L0000086,714,Broker,53634.66,0,0.0,8223.45,4,2446.05,2023-06-06,N
L0000087,616,Branch,56340.59,0,0.0,14439.09,4,13317.87,2024-02-02,N
L0000088,672,Branch,55154.79,0,0.0,17313.81,2,9695.58,2022-03-18,N
L0000089,691,Online,58696.29,0,0.0,2532.14,3,16791.18,2025-12-19,N
L0000090,618,Branch,14203.29,1,7816.1,-4838.69,2,18114.0,2024-10-29,Y
L0000091,642,Broker,59806.13,0,0.0,9831.86,4,13097.83,2024-09-08,N
L0000092,701,Online,10010.19,0,0.0,925.9,2,15267.25,2025-11-20,Y
L0000093,703,Broker,26056.08,0,0.0,6911.06,2,12843.31,2021-09-03,Y
L0000094,741,Broker,11923.06,0,0.0,2004.41,2,10855.78,2022-07-20,Y
L0000095,640,Broker,57466.9,0,0.0,13472.51,1,22309.43,2023-12-07,Y
L0000096,708,Online,31940.34,0,0.0,1124.64,1,2192.04,2026-03-17,N
L0000097,749,Broker,18665.59,0,0.0,2035.88,1,1928.74,2022-07-01,
L0000098,725,Online,43555.2,0,0.0,13307.64,4,10101.32,2021-08-30,Y
L0000099,728,Online,55595.61,0,0.0,9426.85,3,10340.66,2023-08-31,N
L0000100,-9999,Branch,10469.46,0,0.0,4177.36,3,14215.46,2022-06-07,N
L0000101,670,Online,5063.36,0,0.0,1915.71,3,16656.94,2021-10-15,N
L0000102,657,Branch,31141.73,0,0.0,1078.98,2,26053.25,2025-12-31,N
L0000103,632,Branch,6198.31,0,0.0,1788.29,4,21594.51,2024-02-04,Y
L0000104,734,Broker,55883.85,0,0.0,10033.24,2,11532.07,2021-08-12,N
L0000105,689,Broker,15894.38,0,0.0,3951.22,3,7362.47,2022-10-24,N
L0000106,740,Broker,47122.14,0,0.0,3651.32,2,20583.1,2024-02-22,N
L0000107,703,Online,32267.06,0,0.0,6875.12,2,7382.85,2023-09-11,Y
L0000108,715,Online,13051.07,1,5316.65,-3335.02,4,10191.45,2024-03-04,Y
L0000109,653,Online,8307.44,0,0.0,3516.62,4,10895.59,2022-01-05,N
L0000110,689,Branch,56237.75,0,0.0,11833.05,3,15228.46,2023-03-25,N
L0000111,638,Broker,41543.64,0,0.0,7044.1,4,14487.42,2024-10-11,Y
L0000112,675,Branch,20389.35,0,0.0,7528.05,3,14532.58,2021-08-03,Y
L0000113,614,Broker,24614.61,0,0.0,12398.58,3,12280.08,2021-11-22,N
L0000114,759,Broker,34784.1,0,0.0,1771.08,4,9773.32,2024-04-26,Y
L0000115,710,Broker,18640.72,1,5917.07,-3782.44,4,10632.91,2024-03-23,Y
L0000116,737,Online,8456.85,0,0.0,2096.72,3,8147.15,2022-04-27,N
L0000117,715,Online,44414.97,0,0.0,11833.67,3,10672.84,2022-07-02,N
L0000118,686,Online,57056.82,1,23788.88,-17082.98,1,5189.02,2025-02-25,Y
L0000119,831,Broker,48438.94,0,0.0,1371.33,4,2900.23,2025-02-26,Y
L0000120,692,Online,21682.31,0,0.0,1802.62,2,12496.14,2025-07-05,Y
L0000121,677,Online,9345.82,0,0.0,2270.42,2,18550.64,2023-02-16,N
L0000122,633,Broker,35392.71,0,0.0,4228.17,3,21737.44,2025-04-05,N
L0000123,716,Online,9624.54,0,0.0,2670.04,1,12220.63,2023-03-10,Y
L0000124,733,Branch,27926.23,0,0.0,4804.64,2,9535.29,2022-03-26,N
L0000125,685,Broker,21158.02,0,0.0,1015.87,3,10365.93,2026-01-07,Y
L0000126,713,Branch,17952.72,0,0.0,4024.58,3,14834.6,2022-03-18,Y
L0000127,674,Branch,32902.85,0,0.0,10857.95,2,18996.65,2021-11-03,N
L0000128,685,Branch,31111.95,0,0.0,1391.25,2,13258.43,2026-01-26,N
L0000129,744,Branch,7771.51,0,0.0,855.94,2,10241.21,2023-09-30,N
L0000130,740,Broker,47624.9,0,0.0,7088.68,1,6083.6,2022-01-23,N
L0000131,671,Broker,23700.91,0,0.0,5661.83,1,10775.54,2023-04-23,Y
L0000132,635,Branch,49810.9,0,0.0,2589.11,3,9822.87,2025-12-20,Y
L0000133,683,Branch,48740.46,0,0.0,1943.02,4,11393.39,2025-11-14,Y
L0000134,644,Online,34369.84,0,0.0,1445.84,2,20701.83,2026-01-30,Y
L0000135,781,Broker,57425.39,0,0.0,1487.31,3,6787.82,2025-08-09,Y
L0000136,690,Broker,40446.3,0,0.0,1376.04,4,13158.8,2025-12-06,N
L0000137,818,Broker,11244.66,0,0.0,1522.98,1,5096.02,2022-01-28,Y
L0000138,668,Branch,7843.25,0,0.0,3200.04,2,14827.28,2021-12-01,N
L0000139,765,Broker,45548.69,0,0.0,4041.62,2,10798.88,2022-03-27,N
L0000140,575,Branch,26105.41,0,0.0,7626.98,2,16849.14,2024-05-26,Y
L0000141,816,Broker,7935.6,0,0.0,850.62,4,6392.18,2023-10-24,N
L0000142,656,Online,48220.41,0,0.0,7322.22,2,1797.87,2024-09-22,Y
L0000143,720,Online,16997.53,0,0.0,1725.65,4,15988.2,2024-12-01,N
L0000144,680,Online,49860.74,1,28977.65,-22307.2,2,15815.01,2025-01-27,Y
L0000145,801,Branch,26441.01,0,0.0,993.19,4,7150.57,2025-04-29,Y
L0000146,680,Online,18709.24,0,0.0,1777.28,4,19017.92,2025-07-29,N
L0000147,688,Online,59237.57,0,0.0,24279.54,4,13190.26,2021-08-26,N
L0000148,711,Branch,49579.11,0,0.0,1913.98,4,5789.52,2025-09-01,N
L0000149,678,Broker,32738.81,1,11954.1,-5737.01,1,14430.46,2023-12-06,N
L0000150,-9999,Branch,7984.57,0,0.0,2878.56,4,23428.45,2022-07-22,Y
L0000151,720,Online,45264.64,0,0.0,2520.33,1,11091.36,2025-10-13,Y
L0000152,562,Branch,42737.37,1,20319.43,-15911.09,2,21447.4,2025-10-26,Y
L0000153,763,Broker,54778.42,0,0.0,2401.17,4,14839.59,2024-07-02,N
L0000154,732,Broker,38872.64,0,0.0,5386.52,2,8584.77,2022-09-13,N
L0000155,713,Broker,42382.4,0,0.0,3194.7,4,13945.61,2025-01-31,N
L0000156,750,Online,52205.89,0,0.0,2836.51,4,12296.41,2024-08-25,N
L0000157,719,Online,39637.69,0,0.0,5344.07,4,9314.23,2024-06-29,Y
L0000158,662,Branch,24813.83,0,0.0,4016.71,1,18619.72,2024-06-09,N
L0000159,699,Online,18950.89,0,0.0,7222.58,3,10353.88,2021-10-29,Y
L0000160,708,Online,28772.81,0,0.0,8273.71,3,15750.95,2022-06-11,N
L0000161,711,Branch,7991.62,0,0.0,938.93,3,18690.0,2024-11-05,Y
L0000162,644,Broker,37400.04,0,0.0,7757.67,2,13841.87,2024-04-26,Y
L0000163,705,Branch,43910.99,0,0.0,8334.48,4,12445.34,2023-01-04,N
L0000164,766,Broker,49636.38,0,0.0,5042.53,1,3470.59,2021-11-29,Y
L0000165,757,Online,29406.48,0,0.0,1022.9,4,5339.96,2025-09-15,N
L0000166,765,Broker,15211.18,0,0.0,1303.93,2,9325.27,2023-09-10,Y
L0000167,769,Branch,12824.66,0,0.0,1368.84,2,8206.95,2022-08-03,Y
L0000168,665,Online,14605.17,0,0.0,5155.12,3,8841.36,2022-03-01,N
L0000169,788,Broker,44346.92,0,0.0,3957.57,1,6538.91,2022-04-05,Y
L0000170,719,Online,29886.8,0,0.0,2087.55,2,9811.43,2025-06-27,N
L0000171,682,Online,55884.8,0,0.0,7435.79,3,10705.85,2024-12-03,N
L0000172,644,Online,58454.05,0,0.0,7998.85,3,12907.08,2025-01-04,N
L0000173,723,Branch,14337.33,0,0.0,1130.06,2,20251.18,2024-10-12,N
L0000174,765,Branch,53409.06,0,0.0,5123.5,3,14910.53,2021-11-29,N
L0000175,774,Online,51283.64,0,0.0,3822.75,4,1403.36,2023-01-11,N
L0000176,712,Online,17860.57,0,0.0,4126.16,3,11327.17,2023-04-15,N
L0000177,638,Branch,12952.72,0,0.0,2586.37,1,11056.05,2024-08-09,Y
L0000178,779,Online,6580.29,0,0.0,791.91,1,14908.94,2023-05-13,Y
L0000179,719,Branch,8617.09,0,0.0,1149.22,3,11344.95,2024-12-07,Y
L0000180,620,Online,56937.92,0,0.0,28249.23,1,14439.56,2021-09-12,Y
L0000181,831,Online,9810.83,0,0.0,750.0,3,5100.49,2023-01-16,Y
L0000182,720,Broker,22552.64,0,0.0,789.39,4,4035.15,2025-11-05,N
L0000183,715,Broker,55068.38,0,0.0,7057.19,4,10430.9,2023-11-10,Y
L0000184,755,Broker,33524.23,0,0.0,1001.09,1,9481.59,2025-09-25,N
L0000185,662,Branch,36599.75,0,0.0,2884.84,3,13221.46,2025-06-07,Y
L0000186,727,Branch,5239.89,0,0.0,1303.45,4,17939.81,2022-03-30,N
L0000187,765,Online,24095.21,0,0.0,1621.37,3,0.0,2023-04-04,Y
L0000188,751,Branch,32407.36,0,0.0,4301.44,1,231.52,2021-10-18,N
L0000189,531,Online,48281.32,0,0.0,14173.14,3,24006.75,2024-08-30,N
L0000190,608,Branch,28217.15,0,0.0,5149.98,1,27714.23,2024-11-13,N
L0000191,637,Branch,25861.78,0,0.0,682.59,2,19671.93,2026-03-14,Y
L0000192,630,Online,40546.49,0,0.0,19187.43,3,9988.24,2021-09-01,Y
L0000193,740,Online,45809.3,0,0.0,3589.55,2,6114.49,2024-04-27,Y
L0000194,698,Broker,30410.99,0,0.0,1610.08,2,16069.22,2025-08-25,
L0000195,703,Online,13502.69,0,0.0,1602.78,2,1868.59,2025-04-18,Y
L0000196,659,Branch,23044.13,0,0.0,3823.35,2,10830.47,2024-08-31,N
L0000197,732,Online,10590.09,0,0.0,2595.31,4,9993.27,2022-04-04,N
L0000198,685,Broker,15790.5,0,0.0,3952.42,1,17518.34,2023-02-01,N
L0000199,691,Broker,43139.16,0,0.0,6706.95,3,12742.14,2023-12-26,Y
L0000200,-9999,Online,18325.63,0,0.0,7704.09,4,10613.78,2021-08-23,N
L0000201,635,Online,44722.08,0,0.0,9590.21,2,4848.05,2024-04-29,N
L0000202,654,Online,43535.76,0,0.0,6609.36,4,16403.81,2024-08-31,N
L0000203,692,Broker,31550.9,0,0.0,7279.36,1,9293.8,2022-10-02,N
L0000204,642,Branch,54197.19,0,0.0,14996.54,3,1147.23,2023-06-07,Y
L0000205,551,Branch,18817.27,0,0.0,8905.18,2,22569.42,2023-05-02,Y
L0000206,761,Branch,51593.77,0,0.0,2322.15,4,6683.57,2024-08-05,Y
L0000207,621,Broker,33692.85,0,0.0,6951.51,4,15916.81,2024-07-11,Y
L0000208,734,Online,46948.59,0,0.0,8199.42,1,9785.62,2023-06-12,N
L0000209,672,Broker,26982.63,0,0.0,9388.77,1,10107.77,2021-12-03,N
L0000210,643,Online,19583.66,0,0.0,3331.57,2,7901.86,2024-09-06,Y
L0000211,840,Broker,30416.41,0,0.0,2949.97,2,2357.64,2022-05-30,N
L0000212,728,Broker,40320.96,0,0.0,4170.93,2,4189.0,2023-11-18,Y
L0000213,647,Broker,30745.55,0,0.0,13662.1,3,4055.88,2021-07-10,N
L0000214,711,Branch,19708.35,0,0.0,1806.72,4,5695.6,2025-03-08,N
L0000215,672,Online,48940.21,0,0.0,6416.07,3,7317.71,2024-09-07,N
L0000216,642,Online,9698.18,0,0.0,2897.07,3,16424.21,2023-05-19,Y
L0000217,682,Online,54819.33,0,0.0,19240.36,2,14722.21,2022-06-03,N
L0000218,630,Branch,57347.27,0,0.0,3807.6,3,10916.61,2025-10-22,N
L0000219,725,Broker,24054.42,0,0.0,3693.3,2,13193.3,2022-12-12,Y
L0000220,626,Online,38460.19,0,0.0,9868.07,1,14256.58,2024-01-11,Y
L0000221,724,Branch,32195.39,0,0.0,4686.36,2,1739.55,2023-04-28,N
L0000222,594,Online,11513.24,0,0.0,3181.81,4,24797.43,2024-03-26,Y
L0000223,680,Broker,54800.48,0,0.0,11588.6,4,13289.65,2023-05-20,N
L0000224,627,Branch,51242.21,0,0.0,6691.03,4,9347.5,2025-03-11,N
L0000225,682,Broker,28034.92,0,0.0,3181.39,1,19387.71,2024-11-01,Y
L0000226,693,Branch,42542.34,0,0.0,5391.91,3,11513.2,2024-05-01,Y
L0000227,607,Branch,6864.33,0,0.0,1610.12,4,18901.58,2024-08-15,Y
L0000228,733,Broker,47818.82,0,0.0,5398.29,2,6731.63,2023-06-07,Y
L0000229,699,Broker,21108.56,0,0.0,1795.68,4,13846.06,2025-03-30,N
L0000230,691,Branch,41000.75,0,0.0,9420.9,1,19183.59,2022-10-23,N
L0000231,677,Online,9816.69,0,0.0,1931.39,1,21001.69,2024-02-12,N
L0000232,640,Broker,21522.35,1,15301.97,-5281.66,1,20705.91,2021-07-12,Y
L0000233,701,Online,55040.22,0,0.0,17322.06,4,10056.99,2022-05-05,N
L0000234,675,Online,9565.18,0,0.0,897.26,1,5777.03,2025-07-22,N
L0000235,702,Branch,52806.32,0,0.0,5853.72,4,9416.22,2024-08-04,Y
L0000236,670,Branch,48259.7,0,0.0,13800.54,3,8857.21,2022-08-03,N
L0000237,710,Online,40297.07,0,0.0,10656.2,1,11622.31,2022-10-11,N
L0000238,742,Broker,36642.67,0,0.0,4616.91,4,2921.59,2022-05-04,N
L0000239,644,Online,58943.15,0,0.0,26295.7,4,21386.38,2021-07-08,N
L0000240,753,Branch,39479.22,1,25340.94,-21924.05,4,11053.51,2022-12-10,N
L0000241,723,Branch,12093.27,0,0.0,1659.76,1,10189.15,2023-11-22,Y
L0000242,613,Branch,25123.05,0,0.0,3901.51,2,21114.71,2025-01-09,N
L0000243,640,Broker,41824.77,0,0.0,13499.18,3,7622.3,2022-12-07,N
L0000244,719,Online,42765.16,0,0.0,6633.64,1,11204.62,2024-02-06,N
L0000245,588,Broker,38492.15,0,0.0,22080.21,3,6253.46,2021-11-21,N
L0000246,623,Branch,58149.54,0,0.0,24158.46,1,20842.16,2022-06-05,N
L0000247,660,Broker,47795.13,0,0.0,12897.5,4,9493.92,2023-03-10,N
L0000248,658,Branch,39201.6,0,0.0,1231.22,3,12304.99,2026-03-15,N
L0000249,731,Broker,37156.75,0,0.0,3074.41,2,10393.99,2024-07-15,Y
L0000250,-9999,Broker,20582.01,0,0.0,9800.05,1,7558.06,2022-04-19,N
L0000251,768,Branch,20868.68,0,0.0,763.79,2,14618.85,2025-11-16,Y
L0000252,660,Online,42655.13,0,0.0,4032.19,4,12136.69,2025-04-24,Y
L0000253,607,Branch,48322.96,0,0.0,26146.66,2,12902.55,2021-08-03,Y
L0000254,631,Broker,37251.36,0,0.0,7532.39,1,23100.01,2024-06-26,Y
L0000255,784,Branch,17807.65,0,0.0,1055.11,3,9932.46,2024-05-06,Y
L0000256,627,Branch,16698.15,0,0.0,3059.23,1,17821.49,2024-11-10,Y
L0000257,653,Broker,47880.12,0,0.0,18359.39,2,21346.61,2022-01-28,Y
L0000258,589,Broker,39800.84,1,23825.03,-7759.44,1,19372.33,2023-03-08,Y
L0000259,688,Branch,16255.41,0,0.0,4408.74,4,12577.68,2022-04-07,N
L0000260,739,Branch,57057.48,0,0.0,5292.93,2,8070.73,2023-08-17,N
L0000261,710,Branch,6513.56,0,0.0,1526.57,1,14486.83,2023-05-02,N
L0000262,571,Branch,52463.36,0,0.0,24918.97,4,25323.12,2022-12-15,N
L0000263,740,Branch,40234.81,0,0.0,5981.75,4,11627.09,2022-03-15,Y
L0000264,672,Online,17194.7,0,0.0,3589.82,1,16947.99,2024-01-24,N
L0000265,764,Branch,51046.98,0,0.0,3455.9,1,9855.3,2023-05-02,N
L0000266,693,Broker,8067.23,0,0.0,651.0,2,2975.2,2025-02-24,N
L0000267,728,Online,37530.59,0,0.0,9850.86,1,17639.63,2022-02-08,N
L0000268,658,Broker,14271.74,0,0.0,2383.45,2,18556.47,2024-11-21,Y
L0000269,748,Branch,48936.71,0,0.0,1241.56,2,6230.11,2025-08-10,Y
L0000270,801,Online,12686.95,0,0.0,830.44,4,3776.99,2025-05-25,N
L0000271,691,Branch,29878.36,0,0.0,5185.29,3,13321.91,2023-09-08,N
L0000272,739,Broker,17190.8,0,0.0,1158.16,1,12416.51,2024-11-06,N
L0000273,745,Branch,19651.82,0,0.0,2389.84,4,6417.03,2022-04-05,Y
L0000274,658,Branch,19336.97,0,0.0,2766.3,1,12155.72,2025-01-08,Y
L0000275,814,Branch,39705.04,0,0.0,2023.2,2,9393.16,2024-07-12,Y
L0000276,767,Broker,28763.27,0,0.0,1657.64,3,12079.59,2024-07-23,N
L0000277,737,Branch,8161.53,0,0.0,1602.27,3,11873.16,2022-01-13,Y
L0000278,638,Online,12707.89,0,0.0,1355.77,1,18716.58,2025-10-11,N
L0000279,688,Branch,55158.98,0,0.0,11438.06,2,17987.95,2023-03-08,N
L0000280,736,Branch,44139.01,0,0.0,5052.53,2,5361.69,2023-06-17,Y
L0000281,768,Broker,14642.49,0,0.0,619.88,2,4220.49,2025-10-11,Y
L0000282,727,Branch,5552.0,0,0.0,1341.56,4,4659.3,2022-11-18,N
L0000283,649,Broker,51304.93,0,0.0,6910.22,4,14335.12,2024-12-08,N
L0000284,702,Online,19644.27,0,0.0,2428.17,2,9030.1,2025-03-09,Y
L0000285,783,Online,37719.23,0,0.0,3136.75,1,8143.01,2023-01-01,Y
L0000286,720,Broker,44302.45,0,0.0,8805.41,3,10435.03,2022-03-15,Y
L0000287,595,Broker,53004.18,0,0.0,30501.63,4,10181.95,2021-08-13,N
L0000288,709,Branch,58208.45,0,0.0,5009.64,2,8850.45,2024-10-21,N
L0000289,673,Branch,6069.81,0,0.0,1744.08,2,20840.28,2023-08-02,Y
L0000290,659,Branch,43645.49,0,0.0,10609.82,1,8954.31,2023-06-05,N
L0000291,718,Broker,32147.55,0,0.0,1768.18,3,14459.77,2025-04-29,
L0000292,751,Branch,52359.96,0,0.0,6040.32,2,5603.78,2022-02-23,N
L0000293,593,Branch,56566.95,0,0.0,21322.87,4,30619.58,2023-05-06,N
L0000294,688,Branch,47729.89,0,0.0,1760.03,3,11784.35,2026-01-10,N
L0000295,677,Online,49240.81,0,0.0,6523.34,3,2063.85,2024-09-14,N
L0000296,762,Online,56388.32,0,0.0,1431.66,2,9764.96,2025-07-11,Y
L0000297,726,Branch,8809.53,0,0.0,846.36,4,10603.74,2025-03-30,Y
L0000298,708,Broker,47711.88,0,0.0,10867.67,4,16872.96,2022-03-07,N
L0000299,785,Branch,52608.37,0,0.0,1513.93,3,2613.39,2025-05-04,N
L0000300,-9999,Branch,39169.18,0,0.0,6725.71,3,6670.96,2024-09-16,N
L0000301,701,Branch,21797.65,0,0.0,759.1,2,13458.47,2026-02-02,Y
L0000302,763,Broker,9646.07,0,0.0,1142.97,2,7009.78,2022-02-28,Y
L0000303,791,Online,20856.89,0,0.0,1626.13,2,2218.35,2023-08-26,Y
L0000304,685,Online,36359.86,0,0.0,3001.71,4,19114.2,2025-08-25,N
L0000305,632,Online,31282.07,1,14603.51,-12976.18,3,18298.82,2025-12-01,N
L0000306,560,Broker,5653.3,1,4387.18,-2807.75,3,13496.22,2024-09-26,Y
L0000307,680,Branch,21252.73,0,0.0,642.24,1,17391.83,2026-01-03,Y
L0000308,740,Branch,33434.76,0,0.0,4380.72,4,6234.45,2022-10-21,N
L0000309,535,Online,45625.04,0,0.0,15723.36,2,18006.94,2024-04-22,Y
L0000310,723,Online,51749.59,0,0.0,2323.62,1,13101.29,2025-11-14,Y
L0000311,703,Online,43970.36,0,0.0,10665.46,2,5790.86,2023-03-25,N
L0000312,641,Branch,32383.58,0,0.0,2443.45,2,20255.29,2025-10-23,N
L0000313,752,Broker,51842.69,0,0.0,3425.82,4,4962.51,2023-12-30,N
L0000314,659,Online,26147.55,1,17594.39,-12083.07,3,20805.79,2024-02-20,N
L0000315,666,Online,21721.8,0,0.0,5204.84,2,17676.53,2023-06-19,N
L0000316,711,Broker,22812.68,0,0.0,3785.17,2,20754.53,2023-03-07,N
L0000317,591,Branch,6406.64,0,0.0,752.1,3,26714.17,2025-11-28,Y
L0000318,783,Online,39099.57,0,0.0,2721.5,4,4406.69,2023-05-07,N
L0000319,678,Broker,7239.16,0,0.0,2093.52,3,7851.44,2022-04-03,N
L0000320,736,Broker,25592.86,0,0.0,1804.28,4,11169.11,2025-01-04,N
L0000321,720,Broker,31769.22,0,0.0,5548.44,4,13387.13,2022-11-15,N
L0000322,628,Online,49873.73,0,0.0,4755.17,2,10440.29,2025-07-21,N
L0000323,742,Branch,11078.15,0,0.0,975.71,3,11152.28,2025-01-11,Y
L0000324,814,Broker,39710.57,0,0.0,3897.18,3,4862.4,2021-09-30,N
L0000325,744,Branch,39655.4,0,0.0,5389.27,1,6658.54,2022-05-12,N
L0000326,689,Broker,5590.36,0,0.0,1376.8,1,11392.91,2023-09-22,N
L0000327,746,Branch,37241.02,0,0.0,1885.19,1,9327.11,2024-12-08,Y
L0000328,659,Online,54256.06,0,0.0,12636.94,2,12779.53,2023-08-17,N
L0000329,723,Online,10865.54,1,5296.11,-2136.7,1,12549.57,2022-08-11,N
L0000330,638,Broker,49363.0,0,0.0,13829.25,1,16197.42,2023-07-30,N
L0000331,673,Branch,24461.46,1,15027.88,-6711.93,2,11995.72,2022-01-14,Y
L0000332,718,Branch,29741.11,1,12194.57,-10836.72,4,10347.78,2025-08-23,N
L0000333,701,Branch,39109.79,0,0.0,4248.45,2,10335.86,2024-07-03,Y
L0000334,670,Branch,54437.73,0,0.0,6404.12,4,11807.04,2024-12-02,N
L0000335,762,Branch,18361.03,0,0.0,1421.95,4,7196.75,2023-07-20,Y
L0000336,652,Online,31641.43,1,12180.75,-3232.96,2,18372.17,2023-03-08,N
L0000337,813,Broker,35884.37,0,0.0,4051.52,1,5452.92,2021-07-04,Y
L0000338,658,Branch,28225.24,0,0.0,3288.27,3,22656.79,2025-02-11,Y
L0000339,650,Broker,6920.37,0,0.0,1531.82,1,16276.56,2024-01-02,N
L0000340,693,Broker,34967.64,0,0.0,9402.12,2,10049.8,2022-02-27,Y
L0000341,711,Broker,24410.53,0,0.0,6101.99,4,7707.49,2021-11-02,Y
L0000342,735,Online,16244.5,0,0.0,1607.61,4,20461.52,2025-04-12,Y
L0000343,774,Broker,37316.01,0,0.0,2792.42,3,7500.13,2023-01-26,N
L0000344,671,Branch,42282.02,0,0.0,1714.0,1,13535.03,2025-12-21,Y
L0000345,707,Online,44502.51,0,0.0,13281.35,2,6491.2,2022-05-25,N
L0000346,729,Branch,22657.04,0,0.0,4265.2,1,11743.32,2022-03-22,N
L0000347,731,Branch,8625.1,0,0.0,1678.51,3,2906.1,2021-10-27,N
L0000348,722,Broker,27185.8,0,0.0,3535.49,4,6251.7,2023-11-29,N
L0000349,718,Broker,14701.64,0,0.0,2391.71,3,8917.43,2023-06-13,Y
L0000350,-9999,Online,43708.25,0,0.0,7186.65,4,19277.79,2024-06-11,N
L0000351,653,Branch,21031.21,0,0.0,3096.67,3,22342.12,2024-12-03,Y
L0000352,696,Branch,38469.13,0,0.0,3177.31,4,10700.66,2025-02-17,Y
L0000353,688,Broker,39620.06,0,0.0,2014.58,2,13823.1,2025-09-26,N
L0000354,633,Broker,41857.35,0,0.0,8120.47,3,16135.82,2024-06-27,Y
L0000355,706,Branch,53131.18,0,0.0,13865.0,1,4022.18,2021-08-11,N
L0000356,746,Broker,46223.87,0,0.0,4056.44,1,10081.92,2023-09-11,N
L0000357,776,Branch,20464.11,0,0.0,876.73,1,7385.03,2025-09-16,N
L0000358,653,Online,45623.59,0,0.0,7448.71,4,16968.09,2024-08-10,N
L0000359,722,Branch,31923.05,1,20793.71,-18146.95,2,17593.78,2024-11-02,Y
L0000360,695,Online,17980.18,0,0.0,6190.84,3,19242.58,2022-02-01,Y
L0000361,664,Branch,40007.8,0,0.0,1717.77,2,19273.5,2026-01-04,Y
L0000362,680,Branch,5323.39,0,0.0,1530.85,4,9358.9,2023-04-02,Y
L0000363,690,Online,12803.84,0,0.0,3464.0,2,9726.08,2023-08-16,N
L0000364,611,Branch,42236.38,0,0.0,18759.35,2,13400.63,2022-06-22,Y
L0000365,710,Branch,42957.18,0,0.0,2092.73,1,1773.64,2025-07-10,Y
L0000366,741,Branch,11082.74,0,0.0,763.79,3,10830.12,2024-06-02,N
L0000367,672,Broker,20922.82,1,11178.14,-6528.43,1,19858.84,2023-10-13,Y
L0000368,609,Broker,58911.92,1,32073.9,-863.98,3,18643.61,2021-09-28,Y
L0000369,725,Branch,24761.25,0,0.0,884.26,1,15995.82,2025-12-22,Y
L0000370,773,Broker,40919.01,0,0.0,3767.51,1,5646.85,2021-11-16,Y
L0000371,716,Broker,25233.83,0,0.0,3358.43,2,1647.61,2023-12-03,Y
L0000372,671,Broker,15149.86,0,0.0,5595.79,3,21695.47,2021-08-22,N
L0000373,649,Broker,18165.88,0,0.0,2054.84,1,13005.32,2025-06-24,Y
L0000374,906,Broker,54785.77,0,0.0,1669.36,2,87.05,2025-03-27,Y
L0000375,725,Online,39457.18,0,0.0,11932.05,2,13832.39,2021-07-13,Y
L0000376,563,Branch,58847.11,0,0.0,19784.92,4,28632.37,2024-01-19,N
L0000377,690,Online,52043.03,1,32701.81,-20922.91,4,13638.89,2023-09-04,N
L0000378,781,Broker,8449.47,0,0.0,1087.1,1,8863.27,2022-12-16,N
L0000379,727,Broker,5230.64,0,0.0,593.57,3,8791.56,2024-12-14,Y
L0000380,636,Broker,58421.27,0,0.0,21717.8,2,13560.0,2022-08-19,Y
L0000381,626,Branch,44752.26,0,0.0,5794.63,3,7201.68,2025-03-29,Y
L0000382,577,Broker,41107.36,1,19390.52,-5075.48,2,10065.98,2023-11-25,Y
L0000383,735,Online,45684.4,0,0.0,4325.79,1,10401.65,2024-11-04,N
L0000384,576,Broker,34148.82,1,12195.46,7580.28,4,12358.38,2022-01-10,Y
L0000385,753,Branch,17169.26,0,0.0,805.01,3,5631.07,2024-10-28,Y
L0000386,658,Branch,35471.17,0,0.0,10978.98,2,5514.65,2022-10-07,Y
L0000387,689,Online,9412.57,0,0.0,3719.69,4,230.47,2022-04-28,N
L0000388,743,Online,44303.29,0,0.0,1691.2,1,13165.83,2025-08-13,
L0000389,639,Online,26557.95,0,0.0,5033.52,2,14916.16,2024-06-28,Y
L0000390,675,Broker,47689.02,0,0.0,2849.93,1,13918.36,2025-08-30,N
L0000391,782,Branch,30283.81,0,0.0,3132.55,1,8365.15,2021-09-08,N
L0000392,758,Branch,35962.76,0,0.0,2861.56,3,5079.52,2023-04-16,N
L0000393,649,Online,5640.59,0,0.0,1241.47,3,24723.91,2024-05-28,Y
L0000394,689,Online,31894.34,0,0.0,2085.61,3,0.0,2025-10-11,Y
L0000395,708,Online,18334.74,0,0.0,2770.14,3,9121.24,2024-07-26,Y
L0000396,738,Branch,48514.78,0,0.0,3030.68,4,4810.93,2024-11-05,N
L0000397,727,Broker,53055.96,0,0.0,8095.62,4,15833.44,2022-10-12,N
L0000398,699,Broker,57182.16,1,45588.04,-34237.66,1,30706.75,2023-01-21,Y
L0000399,686,Branch,9103.21,0,0.0,2436.97,4,12987.33,2023-04-07,N
L0000400,-9999,Branch,53016.12,0,0.0,3679.95,1,7195.97,2025-07-10,N
L0000401,689,Online,7401.08,0,0.0,2830.72,2,15457.23,2022-07-03,N
L0000402,669,Broker,22289.79,0,0.0,615.97,3,19974.87,2026-03-19,N
L0000403,760,Online,7495.98,0,0.0,411.02,2,8938.85,2024-04-13,N
L0000404,685,Broker,24625.86,0,0.0,6823.36,2,14296.01,2022-03-21,N
L0000405,612,Branch,47586.41,0,0.0,23035.81,1,12316.71,2022-01-04,N
L0000406,731,Branch,42473.36,0,0.0,6029.41,3,1246.48,2022-10-20,Y
L0000407,629,Branch,24273.64,0,0.0,2815.92,4,27150.32,2025-06-08,N
L0000408,646,Broker,32705.33,0,0.0,9512.36,2,2699.62,2023-05-05,N
L0000409,721,Online,29921.98,0,0.0,7261.19,4,13400.89,2022-11-06,N
L0000410,766,Branch,21581.92,0,0.0,1314.33,3,5977.71,2024-03-23,N
L0000411,622,Branch,55667.34,0,0.0,4951.38,1,287.38,2025-08-19,N
L0000412,662,Online,28554.83,0,0.0,5254.32,1,20025.19,2024-03-17,N
L0000413,753,Online,6268.96,0,0.0,180.07,2,16377.57,2026-03-09,Y
L0000414,717,Broker,16019.13,0,0.0,3201.29,3,11174.23,2022-08-03,Y
L0000415,729,Branch,38056.19,0,0.0,5876.04,1,17355.46,2022-10-12,N
L0000416,622,Branch,15349.73,0,0.0,6339.55,1,11218.03,2022-10-23,N
L0000417,711,Online,6489.66,0,0.0,2133.85,4,15752.06,2022-08-14,N
L0000418,690,Broker,48794.41,0,0.0,13562.25,1,14261.24,2022-01-25,N
L0000419,625,Broker,56713.15,1,25999.91,-11764.72,1,16855.08,2024-01-14,N
L0000420,677,Online,44827.42,0,0.0,9398.02,3,19127.32,2023-06-11,N
L0000421,716,Branch,24681.46,0,0.0,2041.03,3,16953.33,2024-12-22,N
L0000422,640,Online,58976.6,0,0.0,16196.6,3,10885.19,2023-07-01,Y
L0000423,724,Branch,47679.54,0,0.0,9916.47,3,5569.73,2021-08-16,N
L0000424,680,Broker,33782.73,0,0.0,10917.24,3,5879.91,2021-09-26,Y
L0000425,620,Broker,13282.62,0,0.0,1623.49,2,18473.91,2025-09-16,N
L0000426,771,Branch,8309.15,0,0.0,247.58,2,5858.56,2025-08-29,N
L0000427,748,Branch,54657.16,0,0.0,1201.62,2,7672.89,2025-10-13,Y
L0000428,685,Broker,16722.44,0,0.0,3131.98,3,6834.29,2023-10-17,Y
L0000429,722,Branch,10929.23,0,0.0,1400.78,1,18928.85,2024-04-29,N
L0000430,610,Branch,17546.42,0,0.0,1516.53,4,26446.42,2025-12-09,Y
L0000431,772,Branch,6688.86,0,0.0,605.87,1,6034.2,2023-11-20,N
L0000432,704,Broker,40349.04,0,0.0,9851.12,3,15302.58,2022-01-22,N
L0000433,796,Broker,52468.85,0,0.0,4804.11,3,5659.1,2021-12-22,Y
L0000434,692,Branch,31705.33,0,0.0,7156.55,2,14778.03,2022-12-04,N
L0000435,650,Online,7867.03,0,0.0,1061.48,2,10732.75,2025-07-04,N
L0000436,790,Broker,15026.35,0,0.0,1180.32,2,8065.64,2023-02-12,N
L0000437,726,Branch,12336.14,0,0.0,1355.31,3,10789.29,2024-08-29,N
L0000438,727,Online,26844.57,0,0.0,2691.51,4,12013.63,2025-02-18,Y
L0000439,676,Branch,37190.07,0,0.0,10450.03,2,1215.87,2022-08-24,Y
L0000440,763,Branch,36616.79,0,0.0,1554.69,1,9253.75,2024-05-01,N
L0000441,715,Branch,11625.5,0,0.0,2956.18,4,9972.57,2021-08-07,Y
L0000442,739,Online,13136.47,0,0.0,3555.56,1,9709.99,2022-01-15,N
L0000443,721,Branch,51924.72,0,0.0,6924.38,2,10225.29,2023-06-22,N
L0000444,719,Branch,58147.92,0,0.0,12131.27,2,14298.17,2021-11-28,Y
L0000445,651,Branch,22914.16,0,0.0,4077.05,1,12717.65,2024-07-11,N
L0000446,619,Online,44476.79,0,0.0,13117.75,4,13353.05,2023-09-28,N
L0000447,676,Broker,53492.38,0,0.0,3205.39,2,15763.31,2025-09-26,N
L0000448,704,Broker,43151.59,0,0.0,5506.67,4,17985.66,2024-04-16,Y
L0000449,687,Online,48118.2,0,0.0,8063.69,1,10682.79,2024-07-29,Y
L0000450,-9999,Online,22358.89,0,0.0,2487.15,1,7442.87,2025-02-10,N
L0000451,650,Online,59711.18,0,0.0,14596.51,2,16134.79,2023-09-22,N
L0000452,735,Branch,26643.81,0,0.0,2504.52,3,6847.49,2024-03-14,N
L0000453,666,Online,41533.34,0,0.0,7379.76,3,22037.75,2024-04-03,Y
L0000454,731,Online,31214.0,0,0.0,4966.64,2,6851.1,2023-09-21,N
L0000455,702,Branch,34011.08,0,0.0,5228.88,3,6798.4,2023-09-16,Y
L0000456,726,Online,57104.86,0,0.0,14301.02,1,5745.53,2022-05-28,N
L0000457,738,Broker,13461.44,0,0.0,2267.24,3,6225.2,2021-11-19,N
L0000458,665,Broker,29904.28,0,0.0,10536.13,1,7508.51,2021-12-15,N
L0000459,674,Online,31308.7,0,0.0,7935.89,2,14545.37,2022-12-28,Y
L0000460,677,Online,41314.56,0,0.0,4566.25,3,8167.84,2025-01-10,Y
L0000461,698,Branch,36380.25,0,0.0,1224.4,1,19070.88,2025-12-16,N
L0000462,582,Broker,18300.74,1,11311.17,-9055.44,4,13775.83,2025-09-11,Y
L0000463,717,Broker,38982.38,0,0.0,7572.01,3,15925.93,2022-06-14,N
L0000464,688,Broker,58338.09,0,0.0,15541.62,4,13896.69,2022-05-10,N
L0000465,667,Online,12121.06,0,0.0,2042.32,2,18946.98,2024-10-26,N
L0000466,682,Branch,23119.78,0,0.0,1425.61,1,12051.55,2025-09-11,N
L0000467,655,Online,46637.01,1,27130.84,-20118.35,1,18955.34,2024-10-04,Y
L0000468,682,Broker,14692.72,0,0.0,1358.02,1,7076.34,2025-05-29,Y
L0000469,597,Online,17782.86,0,0.0,8578.2,2,17049.88,2022-05-22,N
L0000470,670,Broker,47343.3,0,0.0,6055.79,1,6664.37,2024-11-04,N
L0000471,691,Broker,9853.76,0,0.0,2806.01,2,12109.89,2021-11-11,N
L0000472,663,Broker,52464.86,0,0.0,19914.1,4,5069.95,2021-08-21,N
L0000473,685,Online,13003.85,0,0.0,5379.09,3,13927.16,2022-01-31,N
L0000474,726,Online,19428.88,0,0.0,1865.25,3,15821.4,2025-03-20,Y
L0000475,683,Broker,42458.46,0,0.0,4033.51,3,18618.09,2025-03-27,Y
L0000476,734,Broker,21773.21,0,0.0,2066.14,2,1592.85,2024-03-12,N
L0000477,656,Broker,44043.09,0,0.0,3505.16,2,19883.13,2025-08-19,N
L0000478,737,Online,41514.13,1,13858.29,-4725.84,3,19177.99,2022-08-01,Y
L0000479,706,Branch,48784.87,0,0.0,5238.27,3,10382.11,2024-06-11,N
L0000480,774,Broker,56417.24,0,0.0,3789.05,4,6775.42,2023-03-02,Y
L0000481,746,Branch,7692.97,0,0.0,698.84,1,16678.18,2024-08-02,N
L0000482,787,Online,49038.39,0,0.0,3292.83,4,7214.27,2023-07-17,Y
L0000483,699,Online,51106.66,0,0.0,7932.5,2,2294.37,2024-07-30,N
L0000484,638,Branch,48133.89,0,0.0,3012.21,1,14913.66,2025-11-01,Y
L0000485,694,Online,28351.73,0,0.0,1208.44,1,24438.12,2025-12-12,
L0000486,731,Branch,53109.57,0,0.0,2252.38,3,14331.57,2025-07-10,N
L0000487,684,Online,51271.79,0,0.0,14663.04,2,17153.92,2023-03-11,N
L0000488,717,Broker,25898.6,0,0.0,2106.66,3,24244.55,2024-12-16,N
L0000489,751,Online,15117.23,0,0.0,1764.52,3,11434.05,2022-01-10,N
L0000490,713,Branch,59787.07,0,0.0,10534.99,1,8950.11,2022-11-24,N
L0000491,700,Branch,16028.04,0,0.0,4397.74,3,5673.61,2021-12-03,N
L0000492,677,Branch,30875.06,0,0.0,8800.24,2,12724.35,2022-06-09,Y
L0000493,677,Branch,23936.42,0,0.0,1143.87,2,12042.12,2025-10-26,Y
L0000494,670,Branch,23125.55,0,0.0,8743.88,3,19681.55,2021-08-29,Y
L0000495,693,Online,30024.05,0,0.0,8985.77,1,14443.55,2022-11-23,Y
L0000496,686,Online,36858.12,0,0.0,11485.54,4,13203.52,2022-10-22,Y
L0000497,654,Broker,45019.31,0,0.0,18588.45,2,11843.5,2021-08-08,N
L0000498,704,Online,53038.86,0,0.0,13819.58,4,12042.64,2022-12-01,Y
L0000499,731,Branch,32287.09,0,0.0,1355.12,1,12231.19,2025-06-30,Y
L0000500,-9999,Broker,25179.46,0,0.0,7289.01,2,12191.16,2022-03-08,N
L0000501,819,Online,52934.0,0,0.0,3979.12,2,4500.95,2022-09-09,N
L0000502,759,Online,36372.64,0,0.0,3287.19,2,6923.08,2022-03-30,N
L0000503,805,Broker,26629.71,0,0.0,1111.28,1,0.0,2025-05-28,Y
L0000504,762,Branch,18395.78,0,0.0,1270.22,1,10755.35,2023-02-15,N
L0000505,686,Branch,39003.66,0,0.0,4600.95,2,15080.22,2024-09-29,Y
L0000506,722,Branch,5592.12,0,0.0,577.81,4,5712.91,2024-02-01,Y
L0000507,707,Online,42334.32,0,0.0,2741.81,2,8716.36,2025-09-04,Y
L0000508,735,Online,23208.33,0,0.0,4197.95,1,19612.05,2023-07-16,Y
L0000509,636,Broker,54945.29,0,0.0,5561.93,1,16902.03,2025-06-03,Y
L0000510,754,Branch,40802.03,0,0.0,4734.94,3,3047.25,2022-01-14,Y
L0000511,605,Broker,12421.77,0,0.0,5242.82,3,18340.11,2023-01-09,N
L0000512,749,Online,14059.84,0,0.0,1530.3,4,2683.8,2023-08-25,N
L0000513,731,Online,34241.92,0,0.0,4400.86,1,7350.08,2024-06-11,Y
L0000514,729,Branch,18205.83,0,0.0,3044.71,4,2975.74,2022-11-23,Y
L0000515,585,Online,7761.15,0,0.0,3886.06,4,9915.61,2022-11-14,Y
L0000516,795,Broker,57146.41,0,0.0,2025.65,2,4401.99,2025-02-14,Y
L0000517,660,Broker,48612.22,0,0.0,4251.28,1,21766.82,2025-06-01,Y
L0000518,807,Broker,28026.15,0,0.0,434.8,3,4018.3,2026-01-04,Y
L0000519,711,Broker,39060.2,0,0.0,9278.56,3,15984.26,2021-12-12,Y
L0000520,744,Broker,41354.97,0,0.0,5612.23,2,17524.14,2022-03-13,Y
L0000521,798,Branch,26431.84,0,0.0,2816.55,3,7441.83,2021-07-10,Y
L0000522,718,Online,53507.84,0,0.0,12110.86,4,21106.35,2023-01-01,Y
L0000523,769,Online,15419.62,0,0.0,493.73,2,3470.06,2024-11-06,Y
L0000524,715,Branch,30001.39,0,0.0,1933.32,3,9239.27,2025-05-25,Y
L0000525,789,Online,41636.0,0,0.0,2062.93,2,6185.98,2024-08-22,N
L0000526,689,Online,23212.24,0,0.0,4690.86,3,10702.2,2024-02-19,Y
L0000527,658,Broker,56579.9,0,0.0,17910.31,1,6684.1,2022-08-27,Y
L0000528,601,Branch,53136.95,0,0.0,5889.64,1,34614.16,2025-07-07,N
L0000529,700,Online,38389.15,1,17758.74,-8680.68,4,628.39,2023-05-21,N
L0000530,810,Branch,15321.28,0,0.0,563.79,1,3908.97,2024-12-30,N
L0000531,568,Online,46934.87,0,0.0,30157.05,3,6349.13,2021-09-21,N
L0000532,646,Branch,49269.7,0,0.0,5666.1,4,13146.74,2025-04-22,N
L0000533,624,Broker,13903.12,0,0.0,2241.9,4,28943.27,2025-03-28,Y
L0000534,682,Online,49409.21,0,0.0,18312.67,1,15726.65,2022-04-05,N
L0000535,722,Branch,37300.03,0,0.0,6335.76,4,14330.55,2022-08-14,Y
L0000536,684,Broker,15854.31,0,0.0,3361.98,3,8599.2,2023-06-24,Y
L0000537,678,Broker,26203.44,0,0.0,6619.96,4,8156.59,2022-11-26,Y
L0000538,750,Broker,40041.16,0,0.0,1208.41,3,6597.51,2025-06-23,N
L0000539,621,Online,27644.78,0,0.0,6172.79,1,14275.59,2024-05-11,N
L0000540,758,Broker,51827.71,0,0.0,4125.31,1,6187.61,2023-02-24,Y
L0000541,799,Online,21807.25,0,0.0,400.45,3,7370.91,2025-11-11,Y
L0000542,762,Online,42293.68,0,0.0,1695.88,4,10277.25,2024-12-07,Y
L0000543,729,Branch,58201.2,0,0.0,9597.39,1,9076.39,2022-04-16,N
L0000544,784,Broker,26998.77,0,0.0,2729.72,4,5071.57,2021-10-23,N
L0000545,743,Online,45461.27,0,0.0,2257.07,4,17318.47,2025-03-08,N
L0000546,733,Branch,55850.16,0,0.0,3880.79,1,13071.56,2024-10-01,N
L0000547,664,Broker,16766.53,0,0.0,3335.16,3,6883.07,2024-03-26,N
L0000548,717,Branch,41935.26,0,0.0,6941.12,2,8878.43,2023-02-23,N
L0000549,772,Online,25951.94,0,0.0,1676.81,3,4297.13,2024-01-04,N
L0000550,-9999,Broker,44161.15,0,0.0,15567.43,3,5413.61,2021-07-17,N
L0000551,681,Online,58615.36,0,0.0,21765.42,1,18341.33,2022-04-22,N
L0000552,794,Broker,17011.58,0,0.0,423.49,4,8754.89,2025-06-08,N
L0000553,696,Broker,37463.5,1,26737.54,-22660.12,1,14138.79,2024-08-03,N
L0000554,712,Broker,58059.52,0,0.0,13462.06,2,18340.71,2021-11-28,Y
L0000555,726,Online,34538.82,0,0.0,5840.72,1,19128.29,2023-09-13,Y
L0000556,716,Broker,8468.09,0,0.0,940.33,3,7397.95,2024-12-19,Y
L0000557,646,Online,27496.54,0,0.0,7868.88,1,20063.4,2023-06-29,N
L0000558,622,Branch,40297.6,0,0.0,19223.18,2,35977.89,2021-12-24,N
L0000559,755,Branch,23792.39,0,0.0,874.58,2,4993.25,2025-01-17,N
L0000560,701,Online,5909.16,0,0.0,2450.82,2,9800.98,2021-12-09,Y
L0000561,705,Online,51089.49,0,0.0,8960.43,3,8208.98,2024-03-19,N
L0000562,777,Online,5867.68,0,0.0,359.87,3,4816.5,2023-06-05,Y
L0000563,757,Online,34575.49,0,0.0,3542.65,3,3909.25,2022-03-02,Y
L0000564,679,Branch,7433.29,0,0.0,1909.86,2,18375.02,2023-03-03,N
L0000565,785,Branch,23861.58,0,0.0,1206.64,2,7800.89,2025-01-18,Y
L0000566,677,Broker,48711.24,0,0.0,11352.57,4,13599.52,2023-04-27,Y
L0000567,739,Broker,32936.51,0,0.0,3704.47,2,5348.15,2023-05-12,Y
L0000568,733,Broker,56992.19,0,0.0,6624.79,4,8889.99,2023-06-04,Y
L0000569,762,Broker,12360.63,0,0.0,828.15,1,15004.09,2024-11-23,Y
L0000570,687,Branch,30504.16,0,0.0,5209.11,1,12514.4,2023-12-05,N
L0000571,793,Broker,39351.95,0,0.0,3072.73,4,3477.03,2023-01-05,N
L0000572,711,Broker,26043.6,0,0.0,2349.18,1,15004.92,2025-01-21,Y
L0000573,755,Online,37204.54,0,0.0,1126.5,4,7267.37,2025-07-09,N
L0000574,678,Branch,27011.88,0,0.0,7135.55,2,1619.88,2022-10-04,N
L0000575,754,Branch,54996.47,0,0.0,2090.04,4,5092.92,2024-12-11,N
L0000576,739,Broker,36134.41,0,0.0,4273.4,2,9401.32,2023-03-28,Y
L0000577,723,Branch,49149.61,0,0.0,932.56,1,11125.39,2026-02-25,Y
L0000578,829,Online,7432.49,0,0.0,352.19,4,2506.33,2024-09-23,N
L0000579,791,Branch,46773.17,0,0.0,796.06,1,7105.64,2026-02-19,N
L0000580,734,Branch,33039.52,0,0.0,1765.67,4,14544.09,2024-12-26,Y
L0000581,741,Branch,32636.13,0,0.0,2275.62,1,5143.58,2024-08-08,N
L0000582,654,Online,5419.77,1,3874.22,-1235.1,2,9902.33,2021-09-13,
L0000583,672,Online,45455.04,0,0.0,11673.79,4,14499.93,2023-01-04,N
L0000584,757,Online,10171.7,0,0.0,878.56,2,10994.26,2024-10-24,Y
L0000585,742,Broker,22006.54,0,0.0,2736.17,3,11909.74,2022-12-14,Y
L0000586,793,Branch,9336.98,0,0.0,1271.37,1,5756.26,2021-11-04,Y
L0000587,645,Broker,59105.16,0,0.0,10521.97,2,10448.51,2024-07-11,Y
L0000588,735,Branch,44416.89,0,0.0,5910.74,1,475.88,2022-09-30,N
L0000589,783,Branch,14889.63,0,0.0,845.77,3,4013.28,2025-01-26,Y
L0000590,699,Broker,6559.44,0,0.0,977.32,4,16647.93,2024-07-15,Y
L0000591,779,Broker,46928.24,0,0.0,1088.41,3,6689.38,2025-06-23,N
L0000592,690,Branch,34918.48,0,0.0,8496.18,3,13209.8,2022-08-06,N
L0000593,712,Broker,48702.95,0,0.0,12180.72,2,2585.13,2021-07-01,N
L0000594,669,Broker,8534.1,0,0.0,1157.74,1,21927.39,2024-10-20,Y
L0000595,621,Online,18472.6,0,0.0,2380.54,4,14632.98,2025-05-29,N
L0000596,712,Online,16680.46,0,0.0,2444.09,3,4205.81,2024-10-07,Y
L0000597,686,Branch,59433.64,0,0.0,1644.4,2,6854.16,2026-02-14,Y
L0000598,767,Broker,46422.3,0,0.0,4831.73,2,15537.72,2021-11-18,N
L0000599,792,Online,19273.6,0,0.0,1033.3,2,9668.59,2024-09-04,N
L0000600,-9999,Branch,45127.9,0,0.0,13859.84,1,8290.22,2021-10-12,Y
L0000601,617,Online,58324.86,0,0.0,11068.87,3,12670.08,2024-09-23,N
L0000602,734,Broker,27491.87,0,0.0,1986.62,2,7937.07,2024-11-28,N
L0000603,805,Broker,22748.06,1,16250.78,-14598.49,2,9041.02,2023-02-24,N
L0000604,760,Online,23454.95,0,0.0,2154.54,1,3017.65,2021-12-03,Y
L0000605,781,Online,37284.01,0,0.0,3690.32,3,10131.61,2021-08-02,Y
L0000606,828,Broker,18966.7,0,0.0,1588.07,1,7492.82,2022-08-12,Y
L0000607,708,Branch,56482.98,0,0.0,12724.28,3,11874.71,2022-03-06,Y
L0000608,762,Broker,25376.53,0,0.0,1589.47,2,13293.17,2023-06-17,Y
L0000609,701,Broker,46843.85,0,0.0,1413.93,1,21519.27,2025-12-10,Y
L0000610,710,Broker,18248.13,0,0.0,3806.21,4,16356.03,2022-04-30,N
L0000611,743,Broker,17914.72,0,0.0,1825.36,1,11837.37,2023-08-11,N
L0000612,753,Broker,10155.35,0,0.0,1045.37,1,12037.86,2024-06-23,N
L0000613,748,Branch,11507.08,0,0.0,553.26,1,6800.02,2025-07-03,Y
L0000614,703,Branch,8933.43,0,0.0,1057.55,2,16644.62,2024-07-16,N
L0000615,519,Broker,11052.61,0,0.0,6966.06,4,0.0,2022-09-21,Y
L0000616,752,Branch,10582.49,0,0.0,926.26,4,15899.07,2025-01-18,Y
L0000617,613,Branch,49370.39,1,21738.5,-15923.18,3,20272.84,2025-06-20,N
L0000618,778,Broker,31486.92,0,0.0,2843.01,2,9452.58,2022-07-12,N
L0000619,744,Online,30866.7,0,0.0,2653.0,1,939.74,2023-09-17,N
L0000620,625,Online,25046.85,0,0.0,4572.76,4,16563.87,2024-11-19,Y
L0000621,693,Broker,41105.14,0,0.0,3927.39,2,1410.91,2024-11-01,Y
L0000622,614,Broker,16933.24,1,13338.77,-4787.97,1,20354.58,2022-01-10,N
L0000623,683,Branch,56669.29,1,21681.19,-7084.46,4,17812.24,2022-08-20,N
L0000624,679,Broker,33140.91,0,0.0,6189.94,4,13478.11,2023-10-10,N
L0000625,729,Broker,16104.95,0,0.0,843.98,4,8579.28,2026-01-21,Y
L0000626,700,Branch,23874.04,0,0.0,3024.5,1,10628.78,2024-07-28,N
L0000627,707,Branch,38414.59,0,0.0,5093.91,3,21478.66,2024-01-24,N
L0000628,648,Broker,18224.19,0,0.0,4222.49,1,13127.53,2023-12-14,Y
L0000629,867,Branch,36977.71,0,0.0,1917.71,1,266.63,2024-03-12,Y
L0000630,789,Broker,18924.76,0,0.0,668.78,2,9338.13,2026-03-29,N
L0000631,684,Broker,10216.37,0,0.0,1458.7,4,26779.45,2024-05-21,N
L0000632,745,Broker,46440.64,0,0.0,5975.86,2,9679.96,2022-03-24,N
L0000633,594,Online,40937.73,0,0.0,12540.14,1,15411.85,2023-12-11,N
L0000634,618,Broker,54432.37,0,0.0,24214.83,2,14737.24,2022-04-10,Y
L0000635,698,Online,57612.25,0,0.0,13916.78,2,17469.61,2023-05-31,Y
L0000636,695,Online,45770.42,0,0.0,7428.6,4,22573.51,2024-06-01,N
L0000637,752,Broker,42286.6,0,0.0,4127.21,2,6794.18,2022-09-29,N
L0000638,849,Branch,57684.78,0,0.0,5143.84,2,2375.04,2022-03-20,N
L0000639,760,Broker,45439.72,0,0.0,3098.72,3,13074.63,2023-05-05,N
L0000640,573,Online,16821.87,0,0.0,1973.82,3,42693.02,2025-09-22,Y
L0000641,756,Online,9278.66,0,0.0,709.9,4,5071.62,2024-09-29,Y
L0000642,647,Broker,22297.21,0,0.0,10031.2,4,23579.28,2021-07-30,Y
L0000643,710,Branch,57936.49,0,0.0,2799.27,3,6362.6,2025-08-27,Y
L0000644,643,Branch,25306.79,0,0.0,4853.61,3,7306.73,2024-05-07,N
L0000645,755,Online,53132.12,0,0.0,5508.17,1,10406.21,2021-12-01,N
L0000646,613,Broker,6598.22,0,0.0,467.93,1,14512.78,2025-11-24,N
L0000647,700,Branch,19582.35,1,6993.13,-4513.3,2,15334.48,2024-09-27,N
L0000648,730,Broker,9034.18,0,0.0,1938.32,3,9711.47,2021-07-18,N
L0000649,657,Branch,55997.22,0,0.0,5017.13,3,15252.61,2025-05-22,Y
L0000650,-9999,Broker,12247.08,0,0.0,1145.63,3,8009.55,2025-08-31,N
L0000651,747,Online,49283.74,0,0.0,6761.61,2,17977.76,2021-09-26,Y
L0000652,697,Broker,48843.34,0,0.0,8350.64,4,13143.58,2023-08-17,N
L0000653,731,Broker,48519.84,0,0.0,7904.7,2,16815.96,2022-05-04,Y
L0000654,642,Branch,15599.75,1,9624.74,-3696.32,2,16788.79,2022-05-09,N
L0000655,696,Online,23251.58,1,15396.73,-14200.77,1,18012.41,2025-11-17,N
L0000656,680,Online,29983.23,0,0.0,8478.11,2,21411.02,2023-04-29,N
L0000657,669,Broker,12217.56,0,0.0,1526.12,1,22382.96,2025-04-03,Y
L0000658,740,Online,48689.69,0,0.0,2131.5,3,3529.66,2025-04-19,Y
L0000659,667,Broker,9902.54,0,0.0,1955.79,1,24165.6,2024-01-05,Y
L0000660,735,Branch,30396.56,0,0.0,5701.75,2,15498.26,2021-07-20,N
L0000661,678,Online,44397.72,0,0.0,14657.26,3,1452.53,2021-09-21,N
L0000662,749,Broker,8669.06,0,0.0,1472.2,2,10778.7,2022-04-07,N
L0000663,752,Online,25441.85,0,0.0,802.88,4,7301.45,2025-11-05,N
L0000664,692,Broker,9832.33,0,0.0,3454.13,3,14150.04,2021-07-04,Y
L0000665,765,Branch,30622.75,0,0.0,449.42,1,6479.48,2025-10-13,N
L0000666,700,Broker,33589.32,0,0.0,526.67,2,2731.58,2026-03-29,Y
L0000667,717,Broker,55039.85,0,0.0,2730.85,2,10615.96,2025-07-02,N
L0000668,659,Online,50820.06,0,0.0,5010.9,2,25462.72,2025-04-23,N
L0000669,730,Broker,11779.82,0,0.0,480.37,2,3454.41,2026-02-05,Y
L0000670,810,Online,54733.99,0,0.0,4489.69,4,8568.04,2022-06-15,N
L0000671,734,Broker,44382.08,0,0.0,8054.32,2,2947.7,2021-09-08,N
L0000672,589,Online,23636.8,1,13151.78,-5177.12,2,19609.2,2023-11-19,N
L0000673,649,Online,22668.13,0,0.0,9997.32,2,0.0,2021-08-04,N
L0000674,666,Branch,50192.01,0,0.0,17262.26,2,5583.01,2021-12-29,N
L0000675,706,Branch,57361.11,0,0.0,9458.31,3,4511.24,2023-05-11,Y
L0000676,798,Broker,25605.71,0,0.0,1962.78,3,1547.07,2022-12-25,N
L0000677,708,Online,27581.46,0,0.0,3004.93,2,11229.54,2025-02-01,N
L0000678,809,Branch,46516.19,0,0.0,2641.84,3,7121.81,2024-01-14,N
L0000679,622,Branch,18189.03,0,0.0,6421.5,3,26467.7,2023-01-15,
L0000680,726,Broker,53336.3,0,0.0,2009.32,2,8679.91,2025-10-20,N
L0000681,748,Branch,48647.57,0,0.0,5023.65,4,5448.21,2022-11-14,Y
L0000682,611,Branch,45119.28,0,0.0,8698.33,3,20424.44,2024-09-10,Y
L0000683,694,Branch,17490.22,0,0.0,1167.4,1,13489.42,2025-08-08,N
L0000684,803,Online,27101.44,0,0.0,863.47,4,7503.2,2025-03-21,Y
L0000685,621,Broker,22518.88,0,0.0,5231.89,3,4930.88,2024-04-18,N
L0000686,750,Branch,37993.62,0,0.0,4118.87,1,5237.89,2022-07-18,N
L0000687,759,Branch,16463.14,0,0.0,1780.1,3,4614.91,2022-05-09,Y
L0000688,752,Online,6918.69,1,2528.75,-1886.61,4,4465.09,2026-03-23,N
L0000689,718,Online,48387.79,1,25952.17,-20480.6,3,14647.93,2024-11-03,N
L0000690,684,Broker,53571.05,0,0.0,8289.26,4,11738.93,2024-03-20,N
L0000691,750,Broker,21597.01,0,0.0,1706.54,3,10956.36,2024-05-31,N
L0000692,608,Branch,41764.38,0,0.0,20738.68,2,18241.76,2022-01-20,Y
L0000693,757,Branch,15083.83,0,0.0,1778.96,1,1361.32,2021-09-06,N
L0000694,733,Branch,54574.81,0,0.0,6157.14,2,8606.84,2023-08-17,Y
L0000695,671,Online,29104.58,0,0.0,8728.35,1,12472.96,2022-07-01,Y
L0000696,697,Broker,16903.85,1,11611.35,-10396.96,4,16577.91,2025-09-04,Y
L0000697,727,Branch,34621.14,0,0.0,5157.66,2,8775.38,2022-10-02,Y
L0000698,604,Branch,58681.45,0,0.0,17648.3,1,7331.72,2023-11-03,Y
L0000699,689,Broker,55880.29,0,0.0,9620.83,1,8254.01,2023-09-24,Y
L0000700,-9999,Online,42269.75,0,0.0,455.21,2,2522.01,2026-01-04,Y
L0000701,714,Broker,47162.13,0,0.0,9116.28,2,17305.84,2022-06-20,N
L0000702,735,Broker,21675.34,0,0.0,2290.35,2,6837.42,2023-10-07,N
L0000703,745,Branch,32750.85,0,0.0,3986.47,2,13660.9,2022-10-21,N
L0000704,708,Broker,56964.95,0,0.0,1498.35,4,4625.89,2026-01-17,N
L0000705,635,Branch,9030.88,0,0.0,4031.25,4,15424.31,2022-01-06,N
L0000706,664,Broker,43772.89,0,0.0,4808.21,4,19481.59,2025-02-05,Y
L0000707,735,Branch,51722.44,0,0.0,2037.4,4,5061.15,2025-07-08,Y
L0000708,748,Broker,39086.44,0,0.0,1549.39,2,7121.47,2025-05-09,N
L0000709,687,Branch,39459.52,0,0.0,12312.22,4,0.0,2021-09-20,Y
L0000710,677,Branch,35216.44,0,0.0,7750.55,4,8454.21,2023-05-21,N
L0000711,778,Branch,38901.22,0,0.0,1980.2,4,12703.33,2024-02-15,Y
L0000712,689,Online,34258.33,0,0.0,7832.12,3,12506.66,2023-10-16,Y
L0000713,672,Online,36091.51,1,25264.33,-13838.34,3,18969.01,2022-02-19,Y
L0000714,728,Branch,20170.07,0,0.0,3657.35,3,4251.12,2022-03-01,N
L0000715,749,Branch,15623.13,0,0.0,707.71,1,7582.84,2024-12-20,N
L0000716,685,Broker,19510.93,0,0.0,5403.38,1,16686.89,2022-06-09,Y
L0000717,721,Branch,28871.86,0,0.0,2073.26,2,9753.75,2025-01-27,N
L0000718,692,Online,53011.01,0,0.0,12365.12,2,6642.32,2023-09-14,N
L0000719,718,Branch,7145.67,0,0.0,1508.5,3,11315.33,2022-12-22,Y
L0000720,724,Branch,15859.82,0,0.0,2011.23,3,12392.81,2024-04-24,N
L0000721,602,Broker,22891.14,1,9530.1,3537.21,4,35055.95,2021-09-06,Y
L0000722,785,Branch,14105.9,0,0.0,1715.68,2,6744.16,2021-09-30,N
L0000723,666,Online,42438.86,0,0.0,2489.95,1,8359.28,2025-10-14,N
L0000724,706,Broker,53475.62,0,0.0,1474.36,3,11060.02,2026-01-30,Y
L0000725,710,Online,33409.7,0,0.0,9974.49,4,12688.15,2022-04-02,Y
L0000726,698,Online,33315.99,0,0.0,7290.16,1,11632.16,2023-09-08,N
L0000727,690,Broker,45061.05,0,0.0,13092.59,4,9071.45,2021-11-13,Y
L0000728,565,Branch,22398.99,0,0.0,1363.28,4,7966.78,2026-03-16,N
L0000729,719,Online,50168.26,0,0.0,10447.21,3,17863.21,2023-05-02,Y
L0000730,694,Branch,36548.58,0,0.0,1059.64,4,19979.17,2026-03-22,N
L0000731,763,Branch,13199.59,0,0.0,742.32,1,7916.33,2025-09-02,N
L0000732,650,Branch,9799.64,0,0.0,1570.6,2,11313.72,2024-10-15,N
L0000733,784,Broker,53542.58,0,0.0,4374.27,3,11114.59,2022-08-28,N
L0000734,689,Online,21462.04,0,0.0,3416.81,1,13790.39,2024-08-17,N
L0000735,615,Online,59884.63,0,0.0,8425.16,4,29667.43,2025-03-13,Y
L0000736,673,Online,52497.21,0,0.0,10525.88,4,9667.61,2023-10-23,N
L0000737,716,Branch,49621.93,0,0.0,10762.16,3,10643.64,2022-01-28,N
L0000738,612,Branch,24339.29,0,0.0,1038.53,4,14030.55,2026-02-02,Y
L0000739,640,Branch,9778.85,0,0.0,2759.52,1,15294.65,2023-10-17,N
L0000740,716,Broker,23877.42,0,0.0,5557.39,2,9610.51,2021-10-08,Y
L0000741,703,Online,19315.23,0,0.0,2707.74,2,4173.34,2024-12-26,N
L0000742,604,Broker,19276.08,1,14519.1,-8859.45,1,20051.33,2024-01-24,N
L0000743,792,Online,26072.16,0,0.0,1423.05,4,5574.43,2024-03-22,N
L0000744,653,Branch,45959.93,0,0.0,15767.82,2,15914.77,2022-06-23,Y
L0000745,664,Broker,13827.37,0,0.0,690.17,1,13370.89,2026-01-01,Y
L0000746,714,Broker,30826.21,0,0.0,7273.71,3,13531.03,2021-07-18,Y
L0000747,551,Broker,13917.05,1,10853.75,-3182.37,1,21342.62,2022-12-30,N
L0000748,746,Broker,26177.02,0,0.0,2805.05,2,13480.74,2022-09-05,N
L0000749,707,Broker,30038.69,0,0.0,6274.29,3,14152.85,2022-10-30,N
L0000750,-9999,Online,15878.4,0,0.0,2632.18,2,8058.74,2024-05-11,N
L0000751,654,Branch,44011.17,0,0.0,18215.84,1,31419.35,2021-07-06,N
L0000752,759,Online,11498.94,0,0.0,1318.57,2,10433.55,2022-08-26,N
L0000753,853,Online,36934.07,0,0.0,4216.8,1,1064.02,2021-07-23,N
L0000754,738,Online,43122.36,0,0.0,5205.46,4,11575.35,2024-05-06,Y
L0000755,666,Online,16150.1,0,0.0,6098.18,2,13224.5,2021-07-31,N
L0000756,706,Online,53426.62,0,0.0,1197.51,3,14226.16,2026-03-01,Y
L0000757,712,Online,50672.64,0,0.0,16717.05,4,11225.33,2021-10-24,N
L0000758,696,Broker,52894.92,0,0.0,7031.91,1,15330.97,2024-05-17,N
L0000759,776,Online,26186.12,0,0.0,2207.43,3,7251.38,2022-11-13,N
L0000760,625,Broker,34893.79,0,0.0,17417.29,2,28843.04,2021-07-26,Y
L0000761,616,Branch,22010.66,0,0.0,5321.81,1,9766.05,2024-04-30,Y
L0000762,690,Branch,17989.79,0,0.0,3335.46,2,12332.33,2023-11-12,N
L0000763,705,Branch,47547.99,0,0.0,9707.77,4,21500.94,2022-09-25,N
L0000764,684,Online,59591.35,0,0.0,21981.18,1,13211.41,2022-03-20,Y
L0000765,766,Branch,15901.82,0,0.0,1577.14,3,5766.9,2022-02-21,N
L0000766,767,Broker,46497.64,0,0.0,3506.83,1,10731.87,2023-04-19,Y
L0000767,701,Broker,28757.34,0,0.0,2115.99,1,15053.12,2025-04-29,N
L0000768,708,Branch,59441.15,0,0.0,5039.19,2,12885.3,2024-12-19,N
L0000769,696,Branch,10635.25,0,0.0,1964.16,2,13768.76,2023-06-08,N
L0000770,671,Online,29962.6,0,0.0,6233.36,2,7973.55,2023-08-21,N
L0000771,709,Branch,27437.36,0,0.0,4365.97,3,16582.53,2023-06-02,N
L0000772,691,Branch,7084.59,0,0.0,765.92,4,20906.84,2025-04-27,Y
L0000773,711,Online,15554.71,0,0.0,1949.05,3,12958.39,2024-09-21,N
L0000774,636,Branch,10455.85,0,0.0,1173.51,4,15720.7,2025-07-26,Y
L0000775,767,Broker,11980.5,0,0.0,1154.47,1,9840.09,2021-12-26,Y
L0000776,666,Online,59175.3,0,0.0,14790.73,1,5056.53,2023-04-26,
L0000777,788,Branch,7956.66,0,0.0,589.67,3,9186.89,2025-05-26,N
L0000778,641,Broker,13899.02,0,0.0,3283.95,4,23739.74,2023-11-16,Y
L0000779,774,Branch,40020.25,0,0.0,1823.92,2,10536.12,2024-05-15,N
L0000780,774,Branch,41932.46,0,0.0,2201.76,1,11703.35,2024-06-28,N
L0000781,740,Online,22507.22,0,0.0,626.54,4,11463.9,2026-02-18,N
L0000782,767,Branch,22113.73,0,0.0,718.42,2,6486.76,2025-04-04,Y
L0000783,653,Online,59438.68,0,0.0,12171.99,3,20502.48,2024-01-21,N
L0000784,757,Online,15199.03,0,0.0,903.82,3,9153.56,2025-02-17,N
L0000785,672,Online,31199.3,0,0.0,9071.8,4,3402.03,2022-07-18,N
L0000786,706,Broker,31541.66,0,0.0,6852.96,2,10472.36,2022-08-22,N
L0000787,684,Branch,46509.2,0,0.0,11777.01,2,6743.7,2022-10-04,N
L0000788,618,Broker,39937.99,1,13196.93,-11580.07,1,22050.03,2026-02-11,Y
L0000789,837,Online,53948.48,0,0.0,4723.2,3,4658.41,2022-03-23,N
L0000790,686,Online,45540.98,1,35898.04,-33537.69,4,15207.23,2025-11-12,Y
L0000791,713,Branch,54245.82,0,0.0,1135.1,4,10310.05,2026-02-11,N
L0000792,657,Online,15085.24,0,0.0,2298.68,2,17285.81,2024-08-11,N
L0000793,681,Branch,51841.94,0,0.0,3900.71,1,9190.8,2025-05-18,Y
L0000794,707,Branch,11125.14,0,0.0,1583.15,3,6582.19,2024-02-28,Y
L0000795,665,Branch,26557.49,0,0.0,1369.93,2,11354.83,2025-10-01,Y
L0000796,635,Broker,11970.68,0,0.0,1345.03,1,24635.31,2025-05-02,Y
L0000797,781,Online,17745.19,0,0.0,1341.31,1,7754.56,2024-02-23,N
L0000798,733,Online,47474.37,0,0.0,12349.25,3,8246.03,2021-12-07,Y
L0000799,593,Branch,33051.79,0,0.0,14500.26,1,16795.63,2022-11-26,N
L0000800,-9999,Branch,54626.78,0,0.0,512.8,1,4479.46,2026-03-16,N
L0000801,667,Broker,37298.4,0,0.0,5495.04,4,8554.84,2024-08-21,Y
L0000802,655,Broker,47689.37,0,0.0,19799.26,4,12956.21,2021-06-30,N
L0000803,668,Online,39371.6,0,0.0,11088.4,4,7953.36,2022-10-29,N
L0000804,707,Broker,46731.45,0,0.0,9806.09,4,9248.62,2022-08-03,Y
L0000805,658,Online,5117.8,0,0.0,2014.96,1,26798.83,2021-11-07,N
L0000806,756,Broker,20910.92,0,0.0,2189.48,3,8760.64,2023-01-07,N
L0000807,731,Broker,11269.57,0,0.0,476.94,3,14907.37,2025-08-05,Y
L0000808,737,Broker,38108.13,0,0.0,1124.05,3,6899.7,2025-08-17,N
L0000809,750,Branch,25132.04,0,0.0,948.93,3,7920.2,2025-08-28,N
L0000810,724,Branch,57629.24,0,0.0,5396.3,3,12410.39,2024-03-23,Y
L0000811,736,Online,29548.28,0,0.0,5997.29,4,9811.51,2022-10-02,Y
L0000812,690,Broker,49828.85,1,20422.62,-6201.46,1,9337.55,2022-01-07,Y
L0000813,665,Broker,35017.7,0,0.0,2961.54,2,5426.05,2025-05-19,Y
L0000814,716,Online,32596.93,0,0.0,4670.29,2,13877.22,2024-07-01,N
L0000815,682,Online,31585.87,0,0.0,13208.05,1,20122.57,2021-09-11,N
L0000816,670,Online,48312.56,0,0.0,9085.69,2,6765.66,2024-01-16,N
L0000817,687,Broker,32147.3,0,0.0,6031.93,2,15485.77,2023-09-16,N
L0000818,759,Branch,37556.48,0,0.0,1023.26,2,11708.89,2025-10-06,Y
L0000819,745,Online,6285.16,0,0.0,1242.39,2,16343.54,2022-05-30,N
L0000820,674,Branch,16167.04,0,0.0,657.8,3,6588.07,2025-12-14,N
L0000821,615,Branch,39328.27,1,25587.64,-12209.64,1,29199.29,2023-05-03,Y
L0000822,671,Branch,52853.65,0,0.0,4461.9,4,23302.61,2025-06-23,N
L0000823,694,Branch,45269.02,0,0.0,2592.91,2,12168.83,2025-09-05,Y
L0000824,666,Online,52408.88,0,0.0,16341.83,2,7872.95,2022-06-16,N
L0000825,628,Branch,56666.74,0,0.0,13094.93,2,25629.41,2024-03-01,Y
L0000826,720,Online,21808.85,0,0.0,5713.43,1,7599.95,2022-06-16,Y
L0000827,750,Online,24136.82,1,16335.2,-13377.88,4,7895.03,2022-06-29,Y
L0000828,736,Branch,13797.24,0,0.0,829.86,4,6914.99,2025-07-05,N
L0000829,644,Branch,28378.57,0,0.0,7932.25,2,20052.12,2023-06-09,N
L0000830,708,Online,18680.46,0,0.0,5529.36,1,8170.17,2022-06-08,Y
L0000831,732,Online,36825.55,0,0.0,9897.1,2,12627.05,2021-12-13,N
L0000832,732,Branch,35367.97,0,0.0,4657.35,2,7311.19,2022-12-01,Y
L0000833,688,Online,28944.66,0,0.0,9635.43,4,10453.83,2022-08-13,N
L0000834,734,Branch,13587.28,0,0.0,935.95,2,9111.92,2024-09-25,N
L0000835,719,Broker,20267.07,0,0.0,4715.39,1,20508.1,2021-08-03,N
L0000836,723,Online,15621.89,0,0.0,4058.7,4,15663.98,2022-04-21,N
L0000837,733,Branch,53924.41,0,0.0,3709.35,1,8739.36,2024-07-31,Y
L0000838,709,Online,37697.02,0,0.0,8207.22,2,7132.47,2023-06-25,N
L0000839,679,Online,13669.42,0,0.0,2596.57,3,13535.53,2024-01-06,Y
L0000840,697,Online,52872.31,0,0.0,11092.74,1,9663.69,2023-10-01,Y
L0000841,696,Broker,31914.62,1,24221.96,-22534.87,3,22663.39,2025-08-22,N
L0000842,705,Broker,11274.43,0,0.0,865.4,2,22495.36,2025-01-31,Y
L0000843,699,Broker,47918.23,0,0.0,11548.73,2,6105.48,2022-03-08,Y
L0000844,702,Online,26585.18,0,0.0,4514.09,3,6378.02,2024-05-22,N
L0000845,732,Online,29039.76,0,0.0,5994.96,4,3043.14,2023-02-13,Y
L0000846,784,Branch,41350.32,0,0.0,1998.9,2,3715.5,2024-06-07,N
L0000847,702,Branch,9391.86,0,0.0,816.1,3,18702.63,2025-05-12,N
L0000848,742,Broker,39762.34,0,0.0,2119.71,2,9664.5,2024-10-01,Y
L0000849,673,Online,56339.76,0,0.0,16326.0,2,22822.06,2022-07-20,N
L0000850,-9999,Broker,44609.42,0,0.0,9476.1,2,11435.75,2022-12-16,N
L0000851,678,Broker,21814.47,0,0.0,5470.55,2,8995.06,2023-02-14,N
L0000852,817,Branch,47858.81,0,0.0,5075.82,3,7163.14,2021-07-02,Y
L0000853,641,Branch,11478.54,0,0.0,1629.49,4,6850.41,2025-06-27,Y
L0000854,656,Branch,25903.86,0,0.0,9103.54,2,19360.75,2022-05-09,N
L0000855,727,Online,20332.93,0,0.0,5051.99,1,6325.55,2022-08-12,N
L0000856,690,Branch,29226.45,0,0.0,7912.15,3,25442.63,2022-03-31,Y
L0000857,714,Broker,54355.86,0,0.0,7987.63,2,13668.14,2023-05-13,Y
L0000858,766,Online,55359.21,0,0.0,4508.11,3,10492.1,2022-08-16,N
L0000859,702,Branch,27279.48,0,0.0,3208.29,1,9403.96,2024-06-24,N
L0000860,707,Branch,13311.28,0,0.0,776.37,2,9437.1,2026-01-30,N
L0000861,629,Branch,12532.22,0,0.0,4882.4,4,13017.1,2022-10-02,Y
L0000862,645,Online,45820.66,0,0.0,13987.26,1,31712.89,2023-02-02,Y
L0000863,693,Branch,10524.05,0,0.0,815.25,1,14243.0,2025-05-02,Y
L0000864,757,Online,32328.88,0,0.0,3301.75,2,2042.25,2021-10-08,N
L0000865,653,Online,20114.81,1,11227.71,-4389.93,1,16421.53,2022-07-06,Y
L0000866,667,Online,21019.6,0,0.0,5425.52,3,18011.06,2023-03-12,N
L0000867,734,Online,54090.38,0,0.0,4414.83,4,7719.71,2025-01-29,Y
L0000868,729,Branch,12420.16,0,0.0,1293.66,2,4419.47,2024-06-15,N
L0000869,796,Branch,24819.94,0,0.0,1138.56,2,8924.17,2024-05-30,Y
L0000870,672,Branch,15144.39,1,5990.38,-1922.99,4,9457.84,2023-04-26,Y
L0000871,655,Broker,41660.99,0,0.0,6681.13,3,19099.74,2024-08-30,Y
L0000872,664,Branch,58067.66,0,0.0,16050.53,3,13762.47,2022-12-23,N
L0000873,721,Online,9185.64,0,0.0,3245.31,2,7701.3,2021-10-01,
L0000874,689,Broker,23283.77,0,0.0,1627.33,3,22624.14,2025-09-22,N
L0000875,727,Branch,14366.5,0,0.0,556.3,2,15750.99,2026-01-25,Y
L0000876,590,Online,13512.81,0,0.0,2135.94,2,20864.39,2025-06-25,Y
L0000877,744,Branch,19712.46,0,0.0,2952.08,4,8715.4,2022-05-06,N
L0000878,711,Broker,52383.97,0,0.0,4153.65,4,16957.18,2024-11-23,Y
L0000879,752,Branch,6336.05,0,0.0,696.92,1,7514.5,2023-08-05,N
L0000880,688,Broker,20770.51,0,0.0,3219.06,1,10563.01,2024-06-25,Y
L0000881,721,Online,6156.77,0,0.0,1756.31,4,9111.02,2023-03-17,Y
L0000882,738,Broker,24014.65,0,0.0,1620.91,2,14215.12,2024-12-18,Y
L0000883,614,Online,23471.99,0,0.0,7853.77,4,11208.44,2023-07-17,Y
L0000884,655,Online,25410.74,1,10852.86,-1091.52,1,12306.51,2022-01-20,N
L0000885,740,Broker,56552.64,0,0.0,883.49,4,8426.74,2026-02-22,N
L0000886,587,Online,39081.07,0,0.0,4845.26,1,11059.8,2025-07-16,N
L0000887,722,Branch,16499.93,0,0.0,1730.08,3,9110.26,2024-04-23,Y
L0000888,691,Branch,39744.44,0,0.0,1661.59,2,6130.9,2025-10-06,N
L0000889,680,Branch,5980.77,0,0.0,2030.95,4,13937.46,2022-03-24,N
L0000890,734,Branch,47887.37,0,0.0,7712.39,4,11638.28,2022-01-01,Y
L0000891,644,Online,53520.43,0,0.0,10754.19,1,15730.71,2024-04-11,N
L0000892,736,Broker,59269.43,0,0.0,3771.21,1,9775.21,2024-08-22,Y
L0000893,607,Online,32117.38,0,0.0,3044.56,3,24593.3,2025-08-31,N
L0000894,692,Broker,39543.71,0,0.0,7252.06,4,12048.32,2023-06-13,N
L0000895,648,Broker,10387.69,0,0.0,2599.35,1,13385.66,2023-11-15,Y
L0000896,687,Online,37953.05,1,20905.8,-12162.5,3,12742.41,2023-11-14,N
L0000897,677,Branch,50434.72,0,0.0,7615.17,2,9209.61,2024-05-25,Y
L0000898,761,Online,38908.43,0,0.0,2799.65,3,11538.21,2023-01-07,N
L0000899,725,Online,48943.46,0,0.0,14959.81,1,6259.13,2021-08-04,Y
L0000900,-9999,Branch,39281.36,0,0.0,16475.97,4,8313.36,2021-09-12,N
L0000901,743,Online,5765.68,0,0.0,1015.64,3,10400.54,2023-01-16,N
L0000902,703,Online,14059.76,0,0.0,4227.79,3,7856.52,2022-08-22,Y
L0000903,712,Online,58871.84,0,0.0,15611.56,3,19121.99,2022-08-07,N
L0000904,734,Branch,18596.13,0,0.0,1526.51,4,2165.49,2024-04-22,N
L0000905,599,Broker,56452.52,1,39406.31,-9205.69,1,23061.16,2021-11-27,Y
L0000906,775,Branch,26845.22,0,0.0,2548.21,1,11974.43,2021-10-25,N
L0000907,607,Online,43541.5,0,0.0,13256.91,1,30111.17,2023-10-26,Y
L0000908,700,Branch,16922.17,0,0.0,611.29,2,5759.12,2025-12-20,N
L0000909,810,Broker,10367.38,0,0.0,1261.47,2,5430.72,2022-03-16,N
L0000910,778,Broker,58782.4,0,0.0,873.91,2,0.0,2025-11-26,Y
L0000911,666,Online,36178.04,0,0.0,10727.92,3,5270.6,2022-09-13,Y
L0000912,730,Broker,53906.36,0,0.0,4450.5,2,15992.88,2024-04-24,Y
L0000913,725,Broker,47147.99,0,0.0,4471.67,3,8230.83,2024-05-14,N
L0000914,772,Online,13778.25,0,0.0,654.53,1,5173.22,2024-12-17,N
L0000915,715,Branch,10022.42,0,0.0,2228.6,4,14180.03,2022-01-01,N
L0000916,642,Broker,39422.97,1,18541.66,-12430.42,1,3349.76,2024-10-27,Y
L0000917,720,Broker,34244.95,0,0.0,7448.52,2,3333.83,2021-07-21,Y
L0000918,660,Branch,16778.25,0,0.0,4810.48,3,17035.8,2022-12-17,Y
L0000919,769,Broker,25891.63,0,0.0,2643.19,1,3420.67,2021-11-21,Y
L0000920,599,Broker,32197.78,1,17740.68,-12899.63,4,11459.91,2025-04-22,N
L0000921,732,Branch,31465.23,0,0.0,4824.28,4,14099.17,2022-10-17,N
L0000922,656,Online,40010.47,0,0.0,14407.71,1,22509.98,2022-03-10,Y
L0000923,676,Broker,22846.96,0,0.0,1728.95,4,20242.31,2025-09-12,N
L0000924,711,Online,58040.88,0,0.0,1495.06,2,4612.6,2026-02-16,Y
L0000925,690,Online,59499.05,0,0.0,10486.17,1,12598.2,2024-05-20,Y
L0000926,587,Branch,28487.98,0,0.0,6712.48,1,19107.59,2024-08-27,Y
L0000927,732,Online,10100.66,0,0.0,1460.34,2,17764.7,2024-02-25,N
L0000928,643,Online,56982.95,0,0.0,11200.83,4,22799.82,2024-04-06,N
L0000929,760,Online,46210.72,0,0.0,2806.8,4,10316.1,2023-10-03,Y
L0000930,672,Online,37503.61,0,0.0,7967.05,4,10303.11,2023-08-06,N
L0000931,789,Branch,58861.42,0,0.0,3234.8,2,6643.66,2024-02-25,N
L0000932,743,Branch,53907.37,0,0.0,3977.88,2,10655.53,2024-02-02,Y
L0000933,745,Branch,7340.55,0,0.0,550.02,1,6780.83,2024-06-29,Y
L0000934,726,Online,50097.54,0,0.0,8910.49,3,11924.08,2023-07-26,Y
L0000935,673,Branch,7411.53,0,0.0,3103.12,4,19398.01,2021-08-11,Y
L0000936,627,Broker,29512.56,0,0.0,6907.69,2,23176.58,2024-03-02,Y
L0000937,750,Online,54552.22,0,0.0,3583.73,2,14783.39,2024-03-08,Y
L0000938,644,Branch,21702.01,0,0.0,9393.81,3,20901.72,2021-10-05,N
L0000939,683,Broker,26112.55,1,13639.09,-11965.51,3,10959.67,2025-10-08,N
L0000940,717,Broker,32453.05,0,0.0,4892.9,2,3273.59,2023-06-02,Y
L0000941,645,Online,24585.54,1,18013.93,-8916.29,4,24719.28,2022-06-14,N
L0000942,701,Online,26355.12,0,0.0,4235.52,3,4773.71,2024-06-03,Y
L0000943,655,Branch,31913.28,0,0.0,13335.82,1,7516.81,2021-08-07,N
L0000944,656,Online,19244.24,0,0.0,1587.38,2,24777.18,2025-08-21,N
L0000945,691,Branch,20678.48,0,0.0,2235.95,4,4199.23,2025-01-02,Y
L0000946,715,Broker,6234.08,0,0.0,706.31,3,15179.0,2025-07-27,N
L0000947,670,Online,20697.39,0,0.0,726.8,3,12007.12,2026-01-28,Y
L0000948,734,Online,27741.35,0,0.0,2997.79,4,11903.91,2024-08-02,Y
L0000949,699,Online,23898.39,0,0.0,2731.03,1,3689.76,2025-01-16,Y
L0000950,-9999,Broker,54400.4,0,0.0,10838.61,1,2287.52,2022-03-20,Y
L0000951,686,Broker,12553.84,0,0.0,2039.38,3,19630.99,2024-03-02,Y
L0000952,725,Broker,9769.24,0,0.0,1654.92,4,12529.78,2022-11-29,N
L0000953,598,Branch,23893.72,0,0.0,7752.91,3,16477.64,2023-10-16,Y
L0000954,685,Broker,38458.28,0,0.0,3481.68,1,15633.91,2025-02-17,Y
L0000955,700,Online,18100.9,0,0.0,1330.75,4,15576.89,2025-09-25,Y
L0000956,681,Online,17684.31,0,0.0,4161.84,4,9810.02,2024-01-23,Y
L0000957,742,Branch,31697.23,0,0.0,1192.38,2,10353.84,2025-08-28,N
L0000958,668,Broker,11961.3,0,0.0,1999.6,2,13543.57,2024-06-05,Y
L0000959,755,Broker,16395.75,1,8947.25,-8434.26,3,10828.07,2025-11-17,N
L0000960,720,Branch,42903.93,0,0.0,9573.85,4,16251.7,2021-08-30,N
L0000961,679,Branch,10629.65,0,0.0,1323.0,3,11639.32,2024-09-01,N
L0000962,754,Broker,56338.99,0,0.0,2826.13,4,11756.4,2024-07-15,N
L0000963,693,Online,50691.41,0,0.0,15970.53,2,17498.89,2022-07-10,N
L0000964,752,Broker,15351.78,0,0.0,271.56,1,4230.42,2025-11-06,Y
L0000965,674,Online,11952.74,0,0.0,1284.14,4,4126.09,2025-05-10,Y
L0000966,717,Branch,27577.12,0,0.0,794.03,3,7338.86,2025-12-20,Y
L0000967,663,Branch,18371.43,0,0.0,5307.43,1,15269.77,2023-01-28,Y
L0000968,674,Broker,24902.3,0,0.0,1755.69,1,11947.5,2025-09-09,N
L0000969,538,Broker,57454.5,0,0.0,14018.17,1,20632.61,2024-11-22,Y
L0000970,704,Online,27217.98,0,0.0,6067.61,2,8506.87,2023-09-09,
L0000971,695,Branch,30287.51,0,0.0,8575.35,3,14597.03,2021-12-05,N
L0000972,634,Online,16835.96,0,0.0,1882.44,1,15340.33,2025-05-03,N
L0000973,702,Branch,6905.04,0,0.0,684.95,4,13525.08,2026-01-01,N
L0000974,671,Broker,21589.2,0,0.0,937.02,2,4275.97,2026-02-23,N
L0000975,639,Branch,23924.65,0,0.0,9079.21,2,17453.13,2022-07-31,Y
L0000976,727,Branch,11451.92,0,0.0,847.54,3,12551.57,2025-08-14,N
L0000977,629,Online,40655.44,0,0.0,7645.49,3,15318.9,2024-08-04,N
L0000978,703,Branch,23132.0,0,0.0,6099.43,4,4891.32,2021-09-19,N
L0000979,634,Branch,28476.43,0,0.0,8078.79,3,14909.1,2023-08-30,Y
L0000980,654,Branch,26736.76,0,0.0,10689.12,4,16900.59,2021-09-26,Y
L0000981,769,Branch,53059.27,0,0.0,5444.77,3,8909.12,2021-09-10,N
L0000982,801,Branch,51005.49,0,0.0,5425.86,2,2801.06,2021-08-28,Y
L0000983,783,Broker,26310.0,0,0.0,2501.85,2,2188.71,2022-08-23,N
L0000984,712,Broker,37655.9,0,0.0,6399.96,4,6587.98,2023-04-24,Y
L0000985,665,Online,49492.14,0,0.0,19298.88,4,16117.43,2021-07-27,Y
L0000986,702,Online,37371.5,0,0.0,9852.93,4,9066.57,2023-01-11,N
L0000987,657,Online,17591.45,0,0.0,7011.43,3,0.0,2021-12-11,N
L0000988,763,Branch,45041.81,0,0.0,2387.8,3,10954.94,2024-04-14,Y
L0000989,802,Branch,11093.24,0,0.0,604.31,4,8019.63,2024-03-26,Y
L0000990,594,Broker,11832.18,1,5360.57,-2630.99,2,18337.12,2024-10-12,N
L0000991,753,Broker,55168.91,0,0.0,5219.52,3,6030.1,2022-11-10,Y
L0000992,677,Branch,54948.07,0,0.0,14968.71,2,22396.26,2022-08-01,N
L0000993,763,Branch,26730.45,0,0.0,1933.43,3,4053.56,2023-05-03,N
L0000994,624,Branch,28401.95,0,0.0,1752.16,3,24347.97,2026-01-05,Y
L0000995,681,Broker,50425.44,0,0.0,8712.43,2,16624.06,2023-12-26,Y
L0000996,680,Online,37849.0,0,0.0,7418.29,2,6939.59,2024-04-28,N
L0000997,671,Branch,42051.69,0,0.0,7007.58,4,6704.18,2024-05-19,Y
L0000998,722,Broker,35251.05,0,0.0,6374.96,3,11935.09,2022-08-22,N
L0000999,743,Online,48487.89,0,0.0,4923.95,1,2769.78,2023-06-17,Y
L0001000,-9999,Branch,6256.68,0,0.0,457.32,3,10603.07,2025-06-27,N
L0001001,624,Branch,18317.8,0,0.0,2525.33,3,5735.25,2025-05-11,N
L0001002,642,Branch,26869.65,0,0.0,3178.2,3,35611.57,2025-04-29,N
L0001003,676,Online,40362.22,0,0.0,8451.19,3,3747.6,2023-07-25,N
L0001004,836,Branch,9668.0,0,0.0,337.61,4,6431.91,2025-04-03,N
L0001005,583,Branch,39394.93,0,0.0,4253.23,3,26760.42,2025-09-24,N
L0001006,726,Branch,25228.71,0,0.0,3118.64,4,12304.02,2023-12-28,Y
L0001007,636,Branch,7307.02,1,3353.88,-508.9,1,20395.24,2022-06-17,Y
L0001008,623,Branch,21740.27,0,0.0,9907.95,1,8800.61,2022-01-23,N
L0001009,761,Online,41245.05,0,0.0,1987.99,3,4931.55,2024-05-02,Y
L0001010,667,Broker,26181.31,0,0.0,8511.18,3,15316.38,2022-04-29,N
L0001011,707,Broker,38334.03,0,0.0,1545.33,4,9455.53,2025-12-11,Y
L0001012,706,Online,36488.81,0,0.0,9171.67,1,5180.96,2023-02-04,N
L0001013,728,Broker,6039.67,0,0.0,620.78,1,13701.48,2025-08-28,Y
L0001014,727,Broker,22452.45,0,0.0,2249.15,2,2388.97,2024-02-06,Y
L0001015,735,Online,13451.48,0,0.0,3015.0,4,12810.07,2023-01-07,Y
L0001016,674,Online,10570.37,0,0.0,1031.86,3,18100.1,2025-05-10,N
L0001017,680,Broker,46804.63,0,0.0,13078.87,3,7537.51,2022-05-17,Y
L0001018,800,Online,9658.78,0,0.0,467.62,2,8323.63,2025-05-11,Y
L0001019,821,Broker,35468.93,0,0.0,2817.21,2,5961.12,2022-12-25,N
L0001020,804,Branch,42398.86,0,0.0,3663.93,4,8880.08,2022-09-11,Y
L0001021,655,Branch,17395.99,0,0.0,4768.29,2,399.69,2023-07-11,Y
L0001022,618,Branch,13594.16,0,0.0,6682.45,4,27839.91,2022-02-27,N
L0001023,804,Branch,42422.4,0,0.0,4570.97,3,5904.84,2021-08-28,Y
L0001024,713,Broker,53486.08,0,0.0,2508.07,4,10603.67,2025-08-21,Y
L0001025,673,Online,5396.7,0,0.0,719.8,4,8956.94,2025-06-14,N
L0001026,762,Broker,25509.65,0,0.0,239.76,1,8519.06,2026-01-12,N
L0001027,715,Online,27012.49,0,0.0,3737.42,2,12491.14,2024-07-06,N
L0001028,806,Online,56247.3,0,0.0,2386.03,3,8260.2,2024-08-27,N
L0001029,593,Online,16953.92,1,6134.53,-2360.93,4,19791.6,2024-09-02,N
L0001030,740,Online,50894.46,0,0.0,1354.57,2,12824.38,2025-09-11,N
L0001031,743,Branch,5835.67,0,0.0,844.85,4,9916.57,2023-12-23,Y
L0001032,631,Broker,46824.46,0,0.0,15100.6,2,12473.21,2023-03-14,Y
L0001033,696,Broker,57100.95,0,0.0,16077.92,3,13775.59,2021-10-03,N
L0001034,778,Broker,52729.53,0,0.0,4485.17,2,2870.61,2022-08-16,Y
L0001035,726,Branch,37009.08,0,0.0,949.32,3,10219.78,2026-02-06,Y
L0001036,807,Broker,54971.4,0,0.0,2100.93,3,3840.63,2024-08-12,N
L0001037,703,Branch,30394.77,0,0.0,2346.65,3,10706.66,2025-05-03,N
L0001038,742,Broker,34417.99,0,0.0,2223.82,3,11984.56,2024-05-17,Y
L0001039,740,Online,40246.83,0,0.0,4638.64,1,8478.69,2023-04-30,N
L0001040,806,Broker,55071.92,0,0.0,4328.68,1,3938.02,2022-07-02,Y
L0001041,697,Branch,36998.9,0,0.0,2812.42,2,13133.3,2025-03-31,Y
L0001042,628,Broker,8932.66,0,0.0,381.52,3,18855.98,2026-02-13,Y
L0001043,869,Broker,29714.49,0,0.0,2635.85,2,3235.09,2022-12-23,N
L0001044,656,Online,23707.12,0,0.0,8970.77,4,13567.9,2022-02-02,N
L0001045,640,Branch,9670.32,0,0.0,1478.05,1,20464.72,2025-05-18,Y
L0001046,792,Broker,23897.84,0,0.0,1908.19,4,8321.45,2023-03-01,Y
L0001047,696,Branch,50333.05,0,0.0,2470.32,2,12421.59,2025-09-15,Y
L0001048,630,Online,14597.35,0,0.0,1566.13,1,10167.46,2025-05-08,N
L0001049,727,Branch,28732.44,0,0.0,3684.77,2,7005.21,2023-04-29,N
L0001050,-9999,Online,43198.93,0,0.0,15872.97,1,25409.94,2023-08-23,N
L0001051,676,Broker,22372.22,0,0.0,4677.14,4,11936.39,2023-10-25,N
L0001052,668,Broker,48800.21,0,0.0,16004.25,2,14584.84,2022-03-05,N
L0001053,757,Broker,10782.28,0,0.0,320.16,2,11409.58,2026-01-19,N
L0001054,752,Broker,30994.93,0,0.0,3156.8,4,12847.36,2022-06-29,Y
L0001055,742,Broker,20830.29,0,0.0,2040.43,1,5731.54,2024-03-23,N
L0001056,654,Branch,37784.5,0,0.0,8311.17,2,12689.58,2023-12-13,Y
L0001057,754,Broker,29013.23,0,0.0,777.9,2,8740.73,2025-08-01,Y
L0001058,720,Broker,11481.05,0,0.0,1851.74,2,10621.99,2023-07-29,Y
L0001059,774,Branch,27175.7,0,0.0,2150.93,1,5399.02,2022-09-26,N
L0001060,829,Branch,16125.35,0,0.0,2080.99,3,3810.45,2021-10-17,Y
L0001061,652,Online,56259.82,0,0.0,5170.81,2,22138.0,2025-05-06,Y
L0001062,700,Online,8185.61,1,5350.4,-4313.22,3,16749.07,2025-09-09,N
L0001063,838,Online,50960.08,0,0.0,3136.03,4,4376.11,2023-11-14,N
L0001064,777,Online,43509.22,0,0.0,1834.99,2,7869.07,2024-06-18,Y
L0001065,743,Broker,22199.93,0,0.0,2250.45,3,3617.65,2023-11-08,N
L0001066,655,Broker,5991.86,0,0.0,1939.38,1,15778.99,2023-07-24,N
L0001067,757,Branch,48395.04,0,0.0,4957.42,4,8686.91,2022-03-15,
L0001068,707,Branch,26420.23,0,0.0,2071.77,2,9025.86,2025-01-14,N
L0001069,670,Online,59057.81,0,0.0,2036.89,4,5977.42,2026-02-15,N
L0001070,669,Online,47597.68,0,0.0,4888.84,1,12307.49,2025-03-29,N
L0001071,707,Broker,26527.83,0,0.0,6697.31,1,16145.45,2021-11-24,N
L0001072,597,Branch,43604.11,0,0.0,23316.48,1,18144.8,2021-12-01,Y
L0001073,622,Online,56496.57,0,0.0,26644.26,2,23095.84,2021-12-11,Y
L0001074,694,Broker,56265.29,0,0.0,11795.2,4,5124.93,2022-12-11,N
L0001075,689,Branch,52515.11,0,0.0,1465.29,1,15368.55,2026-02-19,Y
L0001076,724,Online,34109.36,0,0.0,8565.93,4,17873.91,2022-06-05,Y
L0001077,765,Online,30149.2,0,0.0,3240.62,2,13960.59,2022-01-29,N
L0001078,594,Branch,34704.39,0,0.0,5385.24,4,21770.33,2025-04-26,Y
L0001079,662,Online,25151.29,0,0.0,4949.79,1,7007.5,2024-02-14,N
L0001080,697,Branch,45399.21,0,0.0,6219.44,2,10054.42,2024-02-01,Y
L0001081,736,Broker,26019.87,0,0.0,4367.36,2,14519.46,2022-02-19,Y
L0001082,657,Branch,27797.01,0,0.0,6720.06,3,2698.11,2023-07-11,Y
L0001083,652,Online,32109.45,0,0.0,4359.38,1,14690.8,2024-11-15,N
L0001084,620,Broker,54030.84,0,0.0,25090.28,1,18751.33,2022-01-11,N
L0001085,705,Branch,39003.27,0,0.0,4851.04,2,11660.82,2024-04-12,N
L0001086,685,Branch,15763.36,0,0.0,1913.15,3,14421.16,2025-01-30,Y
L0001087,723,Branch,35996.8,0,0.0,3789.44,4,14505.33,2024-01-14,Y
L0001088,677,Broker,17851.61,0,0.0,3889.12,4,15058.1,2023-07-19,N
L0001089,667,Broker,13253.42,0,0.0,4279.4,2,13271.56,2022-09-25,N
L0001090,700,Online,57401.51,0,0.0,2996.51,2,8295.09,2025-10-09,N
L0001091,745,Broker,41087.57,0,0.0,832.61,1,11107.66,2025-10-18,N
L0001092,709,Online,10167.39,0,0.0,3691.41,1,11039.22,2021-07-31,Y
L0001093,752,Broker,25578.86,0,0.0,3402.27,4,7225.19,2021-08-23,N
L0001094,784,Branch,47325.92,0,0.0,1560.27,1,6883.42,2025-04-27,N
L0001095,714,Broker,54966.76,0,0.0,9726.22,4,17526.81,2022-10-01,Y
L0001096,684,Broker,27712.34,0,0.0,2866.21,3,6414.2,2025-03-01,Y
L0001097,798,Broker,44058.61,0,0.0,3477.1,4,6085.91,2022-07-05,N
L0001098,635,Online,30857.87,0,0.0,10798.19,3,16032.22,2022-11-05,N
L0001099,801,Broker,29418.63,0,0.0,2274.58,3,8446.21,2022-11-16,Y
L0001100,-9999,Broker,6012.43,0,0.0,2349.49,1,22140.93,2021-12-07,N
L0001101,671,Online,27666.1,0,0.0,9717.77,1,18092.77,2021-12-01,N
L0001102,732,Broker,26195.13,0,0.0,1918.24,4,8269.37,2024-10-02,Y
L0001103,771,Branch,23392.32,0,0.0,2385.97,1,8925.51,2021-07-05,Y
L0001104,770,Online,21959.04,0,0.0,609.36,4,7794.98,2025-06-02,N
L0001105,745,Broker,33407.07,0,0.0,1131.37,2,7325.52,2025-06-26,N
L0001106,545,Branch,57100.0,0,0.0,34076.69,4,23510.08,2022-06-01,Y
L0001107,617,Online,19063.85,0,0.0,6416.71,1,23827.67,2023-07-24,N
L0001108,637,Broker,9314.85,0,0.0,2913.94,4,25972.8,2023-09-24,N
L0001109,724,Branch,43402.21,0,0.0,9244.63,2,9264.97,2021-07-31,N
L0001110,736,Broker,5335.16,0,0.0,981.34,4,13954.36,2024-02-02,N
L0001111,689,Online,20635.38,0,0.0,4617.97,1,5958.86,2023-12-21,Y
L0001112,805,Branch,55165.36,0,0.0,1927.86,2,7317.37,2025-03-18,Y
L0001113,728,Branch,12749.36,0,0.0,2665.85,3,9607.08,2022-02-14,N
L0001114,815,Broker,8791.18,0,0.0,796.98,4,3159.76,2022-06-22,Y
L0001115,720,Branch,12622.07,0,0.0,1473.79,2,1086.97,2024-03-31,N
L0001116,748,Online,25834.84,0,0.0,694.72,2,11890.0,2025-09-10,N
L0001117,708,Online,31572.87,0,0.0,3813.44,1,11443.52,2024-11-28,Y
L0001118,734,Branch,17516.06,0,0.0,2885.86,1,8520.76,2022-06-04,N
L0001119,719,Online,24513.94,0,0.0,2978.29,1,0.0,2024-08-10,Y
L0001120,637,Online,29533.62,0,0.0,8276.47,3,15348.22,2023-07-27,N
L0001121,747,Broker,7881.16,0,0.0,972.67,3,11328.78,2023-07-22,Y
L0001122,747,Broker,11841.48,0,0.0,1545.07,4,10259.1,2022-03-24,N
L0001123,661,Online,12131.97,0,0.0,2521.5,2,14650.45,2024-05-09,N
L0001124,707,Branch,19419.15,0,0.0,3148.83,3,11627.08,2023-11-10,N
L0001125,741,Branch,35924.5,0,0.0,3313.37,1,11701.15,2023-08-12,Y
L0001126,642,Branch,11265.5,0,0.0,2416.55,2,19410.69,2024-02-21,N
L0001127,697,Online,48799.56,0,0.0,5956.81,4,7663.64,2025-01-20,N
L0001128,664,Online,29822.54,0,0.0,10674.75,1,11867.43,2021-12-17,Y
L0001129,556,Online,28257.45,0,0.0,8240.51,1,7824.33,2024-06-22,N
L0001130,614,Branch,52804.58,0,0.0,19298.66,3,19193.36,2023-02-08,N
L0001131,726,Online,10098.09,0,0.0,2440.77,1,5678.99,2022-12-20,Y
L0001132,661,Broker,18181.13,0,0.0,6998.22,3,13408.71,2021-12-30,Y
L0001133,805,Branch,22014.56,1,16329.23,-14791.74,1,2206.29,2023-05-24,N
L0001134,668,Broker,13810.75,0,0.0,3775.05,3,10635.51,2022-11-07,Y
L0001135,606,Branch,16940.88,0,0.0,6052.68,3,21098.44,2023-05-15,Y
L0001136,661,Broker,35492.68,0,0.0,2189.28,4,8390.46,2025-10-15,N
L0001137,687,Broker,26622.26,0,0.0,8328.09,3,19081.51,2021-08-09,N
L0001138,653,Broker,24667.53,0,0.0,5937.22,2,9244.9,2023-08-14,N
L0001139,783,Online,10603.33,1,5575.75,-4296.9,1,7958.95,2022-10-03,Y
L0001140,686,Branch,42323.58,0,0.0,5095.71,1,11802.26,2024-08-06,Y
L0001141,666,Online,57935.96,0,0.0,9428.82,1,199.38,2024-06-14,N
L0001142,629,Branch,52611.94,1,17456.88,-11935.0,3,22011.73,2025-06-08,Y
L0001143,773,Branch,38455.65,0,0.0,1032.38,3,6262.71,2025-05-25,Y
L0001144,736,Branch,54288.94,0,0.0,1394.62,2,13826.15,2025-12-27,N
L0001145,798,Online,25824.62,0,0.0,1210.87,3,8657.29,2024-03-02,N
L0001146,690,Online,45172.13,0,0.0,16247.04,2,9247.32,2022-02-10,N
L0001147,654,Broker,36008.21,0,0.0,7849.22,4,5859.5,2023-12-02,Y
L0001148,724,Broker,41189.83,0,0.0,5855.96,1,13928.03,2023-03-06,Y
L0001149,804,Online,21810.99,0,0.0,1688.85,1,7687.15,2022-10-19,N
L0001150,-9999,Online,57259.84,0,0.0,4292.51,4,9071.51,2023-12-01,N
L0001151,665,Online,30901.29,0,0.0,1655.15,3,13548.88,2025-10-13,N
L0001152,743,Broker,32085.88,0,0.0,2250.83,4,2096.16,2024-07-14,Y
L0001153,675,Broker,59766.02,0,0.0,6106.4,1,8172.22,2025-01-18,N
L0001154,727,Branch,40809.75,0,0.0,1841.04,3,7371.79,2025-08-13,Y
L0001155,753,Branch,18999.69,0,0.0,1674.06,4,2196.89,2023-07-17,Y
L0001156,706,Broker,31941.63,0,0.0,2725.32,4,4846.0,2024-12-27,N
L0001157,673,Broker,41892.87,0,0.0,9110.59,2,6636.89,2023-06-13,Y
L0001158,776,Online,58364.44,0,0.0,4888.08,3,8103.95,2022-05-07,N
L0001159,737,Online,32587.68,0,0.0,8399.98,4,11902.68,2021-10-14,Y
L0001160,679,Branch,44604.52,1,34592.18,-26044.85,2,26889.45,2023-10-04,Y
L0001161,655,Online,25334.62,0,0.0,9833.66,3,19173.43,2021-11-17,N
L0001162,795,Online,45075.81,0,0.0,1089.69,1,6569.17,2025-05-29,Y
L0001163,687,Branch,15726.96,0,0.0,2427.08,2,6123.68,2024-05-03,N
L0001164,697,Broker,50432.86,0,0.0,11361.34,2,8979.8,2022-09-08,
L0001165,601,Online,48475.55,0,0.0,14958.96,2,13509.85,2023-10-04,Y
L0001166,609,Branch,20987.34,1,11154.37,115.08,1,18971.05,2021-10-01,N
L0001167,669,Broker,25095.42,0,0.0,8646.8,1,12027.45,2022-01-03,N
L0001168,643,Online,20251.87,0,0.0,8952.65,4,18259.88,2021-08-02,Y
L0001169,677,Broker,28764.98,0,0.0,2383.87,1,12910.05,2025-07-06,N
L0001170,753,Online,35244.6,0,0.0,1913.11,3,3974.06,2024-04-07,N
L0001171,615,Broker,27130.67,1,15105.89,-11296.84,3,19898.23,2025-04-19,Y
L0001172,724,Branch,44675.25,0,0.0,8859.53,1,4.97,2021-12-17,Y
L0001173,754,Broker,16813.85,0,0.0,1559.14,1,17211.88,2023-07-06,N
L0001174,626,Broker,17303.49,0,0.0,2997.37,3,22560.86,2024-12-06,N
L0001175,678,Branch,31495.69,0,0.0,8464.8,3,14414.87,2022-08-27,Y
L0001176,673,Branch,48983.33,0,0.0,15745.64,2,8858.17,2022-02-01,N
L0001177,697,Branch,49568.47,0,0.0,2274.72,4,2979.08,2025-10-08,Y
L0001178,667,Branch,51679.68,0,0.0,3488.5,4,8330.69,2025-08-18,Y
L0001179,684,Branch,52532.5,0,0.0,2606.03,3,11037.85,2025-10-31,N
L0001180,711,Branch,8548.41,0,0.0,788.63,2,11279.58,2025-12-02,N
L0001181,793,Broker,6349.72,0,0.0,415.34,2,1482.12,2024-12-15,N
L0001182,690,Broker,28997.53,0,0.0,1299.5,4,16969.9,2025-12-23,Y
L0001183,663,Broker,52870.29,0,0.0,16239.8,3,14401.66,2022-08-22,Y
L0001184,720,Online,13575.98,1,10065.33,-6641.08,3,11294.55,2022-08-10,Y
L0001185,784,Online,16173.25,0,0.0,574.59,2,4831.64,2025-01-23,Y
L0001186,736,Branch,6764.75,0,0.0,1023.75,1,10770.49,2023-06-13,Y
L0001187,658,Broker,56728.26,0,0.0,19983.18,4,20614.41,2022-02-22,Y
L0001188,675,Broker,53560.3,1,41238.93,-37606.3,3,6314.0,2025-08-20,N
L0001189,648,Online,7969.3,0,0.0,3265.59,2,5471.93,2021-11-19,N
L0001190,802,Online,5942.34,0,0.0,391.09,1,0.0,2024-04-11,N
L0001191,726,Online,41305.42,1,32177.73,-30637.02,2,9961.79,2025-12-15,N
L0001192,710,Broker,9555.1,0,0.0,1199.65,1,10229.79,2024-01-27,N
L0001193,666,Online,30046.97,0,0.0,4579.1,4,11877.68,2024-08-08,N
L0001194,667,Broker,30778.17,0,0.0,9868.34,1,0.0,2022-06-06,N
L0001195,742,Online,18107.57,0,0.0,3230.43,4,3028.63,2021-08-31,Y
L0001196,747,Branch,42338.43,0,0.0,2725.14,4,8018.34,2024-04-02,Y
L0001197,604,Online,53054.51,0,0.0,18225.42,1,24064.88,2023-06-30,Y
L0001198,646,Branch,9848.28,0,0.0,877.38,2,10063.24,2025-09-27,Y
L0001199,709,Online,6416.47,0,0.0,1550.3,3,0.0,2023-09-28,Y
L0001200,-9999,Broker,15116.79,0,0.0,6987.62,1,13673.51,2021-08-14,N
L0001201,682,Broker,24439.23,0,0.0,5077.81,1,11208.9,2023-07-15,Y
L0001202,702,Online,15084.55,0,0.0,1228.24,4,3663.35,2025-08-02,N
L0001203,722,Broker,38588.28,0,0.0,8163.93,2,8278.24,2021-08-11,Y
L0001204,736,Broker,26954.77,0,0.0,2291.3,4,6563.22,2024-04-18,N
L0001205,757,Branch,16764.82,0,0.0,967.04,3,3570.15,2024-09-24,N
L0001206,736,Branch,10049.35,0,0.0,971.66,3,9069.79,2025-02-02,Y
L0001207,683,Broker,55475.86,0,0.0,16710.09,3,12834.41,2021-12-12,N
L0001208,749,Branch,50932.45,0,0.0,3698.99,1,6565.81,2023-12-06,N
L0001209,685,Online,29494.34,0,0.0,1408.93,2,10895.49,2026-01-12,N
L0001210,714,Online,45900.07,1,36338.93,-27297.4,2,14096.36,2023-08-20,Y
L0001211,687,Online,35783.5,0,0.0,1915.82,1,19098.35,2025-11-14,Y
L0001212,660,Broker,9134.41,0,0.0,2269.0,2,10135.32,2024-01-04,Y
L0001213,725,Online,59187.31,0,0.0,10264.81,3,13971.22,2023-09-05,Y
L0001214,709,Branch,6922.06,0,0.0,743.17,1,8916.1,2025-08-16,Y
L0001215,728,Broker,22260.69,0,0.0,2811.3,4,10425.35,2023-07-04,Y
L0001216,773,Online,51393.74,0,0.0,467.21,2,11466.12,2026-01-05,N
L0001217,707,Branch,14346.24,0,0.0,4024.37,3,19264.24,2021-08-01,Y
L0001218,693,Branch,47220.61,0,0.0,4535.43,3,13489.38,2025-01-14,N
L0001219,622,Branch,55811.04,0,0.0,12526.35,4,16167.01,2024-05-23,Y
L0001220,697,Branch,13214.03,0,0.0,3443.41,3,16081.54,2022-03-06,N
L0001221,638,Online,47558.89,0,0.0,11804.17,2,16880.95,2023-11-17,N
L0001222,697,Branch,30641.97,0,0.0,3987.19,3,15898.04,2024-03-02,N
L0001223,742,Branch,58389.79,0,0.0,1925.28,1,8791.59,2025-09-20,Y
L0001224,608,Online,55038.18,1,39042.58,-14540.88,4,20013.54,2022-07-21,Y
L0001225,670,Broker,53506.67,0,0.0,13021.71,1,23024.6,2023-03-18,N
L0001226,767,Branch,30611.01,0,0.0,1206.23,3,8853.74,2025-03-03,N
L0001227,673,Broker,33479.4,0,0.0,9361.85,2,8180.11,2022-09-12,N
L0001228,727,Broker,42870.55,0,0.0,1568.46,2,13948.5,2025-07-23,Y
L0001229,563,Branch,24253.64,1,10368.37,2974.86,1,28560.11,2022-08-13,N
L0001230,796,Broker,52746.31,0,0.0,2722.39,3,7267.65,2024-02-12,N
L0001231,620,Online,24019.25,0,0.0,9370.37,1,14708.07,2022-09-01,Y
L0001232,697,Branch,35766.25,0,0.0,4733.65,2,14760.08,2024-05-19,Y
L0001233,760,Online,50804.24,0,0.0,4055.36,1,1371.03,2022-10-31,Y
L0001234,684,Broker,49271.53,0,0.0,10854.85,4,15534.96,2023-02-10,N
L0001235,703,Branch,35628.16,0,0.0,2655.05,1,17848.33,2025-02-28,N
L0001236,722,Online,45811.24,0,0.0,13771.18,3,9058.32,2021-10-09,N
L0001237,764,Online,58674.77,0,0.0,2653.16,3,9626.61,2024-09-16,N
L0001238,640,Online,53995.61,0,0.0,24604.24,1,4136.17,2021-08-01,Y
L0001239,688,Branch,20858.17,0,0.0,2992.57,3,6019.0,2024-07-01,Y
L0001240,690,Broker,53413.67,0,0.0,5046.28,4,10795.85,2024-12-09,Y
L0001241,731,Broker,20518.06,0,0.0,1724.81,3,3722.99,2024-09-14,N
L0001242,687,Branch,11923.96,1,8645.65,-6675.91,3,12445.72,2024-04-01,Y
L0001243,680,Broker,8658.32,0,0.0,1230.34,2,17630.41,2025-05-04,Y
L0001244,615,Online,42492.86,0,0.0,4851.88,2,8386.51,2025-06-25,N
L0001245,726,Online,10673.43,0,0.0,2874.2,1,9255.3,2022-06-23,Y
L0001246,706,Branch,50102.5,0,0.0,7511.11,1,18816.85,2023-08-18,N
L0001247,681,Online,7576.33,0,0.0,3014.7,1,15453.9,2022-08-08,N
L0001248,700,Broker,17730.14,0,0.0,2134.93,4,7480.09,2024-07-02,N
L0001249,779,Online,14477.77,0,0.0,540.0,3,6976.95,2026-03-14,N
L0001250,-9999,Broker,45827.46,0,0.0,1843.46,3,15511.35,2026-02-19,Y
L0001251,701,Online,41513.26,0,0.0,11260.32,2,12459.94,2022-12-29,N
L0001252,637,Broker,54772.37,0,0.0,13581.67,4,11104.29,2023-11-11,N
L0001253,717,Branch,45932.97,0,0.0,8627.41,4,3691.6,2022-06-29,N
L0001254,654,Branch,45374.32,0,0.0,4725.81,3,15068.28,2025-04-27,Y
L0001255,661,Broker,57732.71,0,0.0,4267.89,4,24444.54,2025-07-08,N
L0001256,749,Broker,49352.67,0,0.0,1311.31,4,3947.87,2025-08-25,Y
L0001257,703,Broker,55410.74,0,0.0,11233.51,3,6331.49,2022-10-30,Y
L0001258,736,Broker,55292.01,0,0.0,8035.98,4,9968.55,2022-06-03,Y
L0001259,678,Broker,42723.01,0,0.0,2962.68,3,9729.95,2025-08-23,N
L0001260,722,Broker,54476.46,0,0.0,1059.32,2,18063.22,2026-01-05,N
L0001261,778,Online,17631.22,0,0.0,1253.12,1,6320.68,2023-08-12,
L0001262,730,Online,40444.83,0,0.0,5179.05,2,9888.79,2024-06-19,Y
L0001263,699,Branch,9075.26,0,0.0,2737.07,1,8643.98,2022-02-27,Y
L0001264,864,Branch,20715.65,0,0.0,1776.09,1,2868.56,2022-05-04,Y
L0001265,626,Branch,51501.87,0,0.0,16422.33,1,25526.84,2023-05-08,Y
L0001266,691,Branch,35255.14,0,0.0,2983.71,2,13956.85,2025-04-01,N
L0001267,714,Branch,49145.65,0,0.0,4139.31,1,15016.03,2024-11-23,Y
L0001268,759,Broker,13727.33,0,0.0,1368.95,1,9488.86,2021-09-24,Y
L0001269,646,Branch,14006.94,0,0.0,1934.83,3,7099.13,2024-12-19,N
L0001270,566,Online,33362.24,0,0.0,17177.66,4,32614.61,2022-09-03,N
L0001271,662,Broker,6616.69,0,0.0,2345.24,3,14383.33,2022-03-20,N
L0001272,683,Online,11902.17,0,0.0,2691.59,2,9254.51,2024-04-17,Y
L0001273,674,Online,38510.42,0,0.0,11097.23,1,15967.71,2022-06-03,N
L0001274,649,Broker,41478.02,0,0.0,7570.22,2,12105.65,2024-05-29,N
L0001275,673,Branch,19594.47,0,0.0,2132.31,3,12192.96,2025-05-18,N
L0001276,681,Branch,21410.65,1,13114.94,-11351.35,1,18779.17,2025-06-23,Y
L0001277,751,Online,9558.74,0,0.0,1447.7,1,10821.99,2021-12-09,N
L0001278,765,Online,23838.04,0,0.0,1774.91,2,5247.81,2022-12-09,N
L0001279,721,Broker,56526.4,0,0.0,2096.04,2,8822.49,2025-09-13,N
L0001280,699,Broker,8349.84,0,0.0,1036.61,1,11981.6,2025-04-16,Y
L0001281,734,Online,22807.17,1,8101.87,-3046.26,2,12452.11,2022-10-23,Y
L0001282,680,Broker,44264.61,0,0.0,12839.52,1,14671.79,2022-03-18,N
L0001283,641,Branch,47770.28,0,0.0,2128.56,1,10821.23,2025-12-31,Y
L0001284,738,Branch,38227.3,0,0.0,708.47,3,8363.18,2026-01-11,N
L0001285,682,Broker,9954.2,0,0.0,2113.54,4,12435.48,2023-05-25,N
L0001286,729,Broker,49677.98,0,0.0,3942.6,1,4764.66,2024-07-31,N
L0001287,723,Branch,36192.55,0,0.0,2848.45,2,16912.45,2024-12-14,N
L0001288,782,Branch,10477.82,0,0.0,1224.4,3,11516.84,2022-05-07,N
L0001289,770,Broker,51303.39,0,0.0,981.54,1,764.68,2025-12-12,N
L0001290,643,Branch,5544.59,0,0.0,2364.33,1,5783.18,2022-06-15,N
L0001291,686,Online,24185.92,0,0.0,7296.15,2,9487.31,2023-02-07,Y
L0001292,779,Broker,57075.61,0,0.0,5182.29,4,6069.22,2022-01-15,N
L0001293,613,Broker,24919.83,0,0.0,13346.33,4,11460.71,2021-09-11,Y
L0001294,769,Broker,32093.51,0,0.0,935.88,1,4488.67,2025-04-06,N
L0001295,707,Online,57328.14,0,0.0,7871.71,3,10223.32,2024-08-10,N
L0001296,873,Broker,28069.62,0,0.0,1788.42,2,1364.48,2023-11-02,Y
L0001297,731,Broker,23400.65,0,0.0,2459.13,4,17757.97,2024-01-31,N
L0001298,672,Broker,41585.81,0,0.0,9166.12,1,12694.28,2023-08-25,Y
L0001299,678,Broker,24909.06,0,0.0,4870.68,3,15527.46,2023-09-08,N
L0001300,-9999,Branch,34982.22,0,0.0,6386.37,1,3770.32,2024-10-07,N
L0001301,751,Online,31921.86,0,0.0,1960.86,2,9201.48,2024-04-14,Y
L0001302,756,Broker,32055.47,0,0.0,4007.29,4,2790.03,2021-08-28,N
L0001303,611,Online,32026.03,0,0.0,14081.43,4,24429.1,2022-07-10,Y
L0001304,699,Branch,10775.11,0,0.0,1625.36,3,5143.15,2023-12-06,Y
L0001305,711,Branch,20021.31,0,0.0,495.31,3,10288.09,2026-01-05,N
L0001306,689,Broker,37950.99,1,15900.21,-6409.37,3,22687.96,2022-07-12,Y
L0001307,714,Online,36456.34,0,0.0,10298.89,2,9257.54,2022-04-25,N
L0001308,661,Branch,29395.65,0,0.0,6569.06,4,14819.91,2023-10-09,Y
L0001309,730,Branch,44718.02,1,16814.02,-11588.87,4,12951.39,2023-07-04,N
L0001310,649,Broker,39550.55,0,0.0,4470.17,2,0.0,2025-03-16,Y
L0001311,634,Branch,53616.68,0,0.0,22659.87,1,673.47,2022-02-18,Y
L0001312,604,Online,18867.37,0,0.0,2322.12,2,24131.99,2025-07-25,Y
L0001313,797,Broker,24006.41,0,0.0,918.46,3,5376.7,2024-08-28,N
L0001314,813,Online,43943.24,0,0.0,2920.93,2,2686.55,2023-07-03,N
L0001315,703,Online,20944.57,1,14383.69,-11717.13,4,13942.89,2024-12-30,Y
L0001316,695,Broker,39005.51,0,0.0,9056.27,4,16598.63,2022-09-02,Y
L0001317,706,Branch,53641.88,0,0.0,7428.4,3,16342.77,2023-12-12,N
L0001318,710,Broker,47697.07,0,0.0,1627.42,3,14425.79,2025-10-12,Y
L0001319,679,Online,51407.41,0,0.0,4780.15,2,4921.41,2025-02-12,N
L0001320,779,Online,34070.86,0,0.0,3181.1,3,6620.94,2022-06-02,Y
L0001321,586,Branch,26808.56,1,9775.25,240.69,4,12091.66,2023-06-12,Y
L0001322,636,Branch,58267.18,1,18533.9,-7413.97,4,12929.47,2024-07-19,Y
L0001323,715,Online,35464.9,0,0.0,2484.45,3,9853.35,2025-08-14,N
L0001324,617,Online,48363.85,0,0.0,6889.5,4,2884.95,2025-03-23,Y
L0001325,647,Online,46540.63,1,19123.19,-13975.9,4,29116.93,2025-04-05,Y
L0001326,661,Branch,44487.62,0,0.0,11020.39,3,23726.29,2023-06-17,N
L0001327,680,Online,54690.64,0,0.0,6799.97,3,17772.81,2025-02-07,Y
L0001328,630,Broker,26691.79,0,0.0,6254.65,4,24668.28,2024-04-07,N
L0001329,610,Broker,56712.98,0,0.0,1902.52,3,17159.3,2026-03-10,N
L0001330,829,Online,53311.23,1,22564.62,-21296.04,3,7144.31,2025-06-01,N
L0001331,679,Broker,12486.7,0,0.0,3808.46,3,10280.04,2022-05-02,N
L0001332,700,Branch,27956.09,0,0.0,2665.05,4,4459.91,2024-11-08,Y
L0001333,640,Branch,17648.32,0,0.0,1451.76,1,22236.87,2025-08-29,Y
L0001334,624,Broker,11087.54,0,0.0,3004.75,4,10323.46,2024-02-24,N
L0001335,741,Online,20558.0,0,0.0,780.37,3,10683.94,2025-04-03,N
L0001336,672,Broker,12100.7,0,0.0,3385.15,2,11762.82,2022-12-18,N
L0001337,739,Online,53704.47,0,0.0,4248.74,1,4795.47,2024-12-21,Y
L0001338,641,Branch,28749.85,0,0.0,3271.3,3,18688.03,2025-05-16,N
L0001339,691,Online,40375.72,0,0.0,15702.18,2,10570.96,2021-09-29,Y
L0001340,744,Branch,13338.49,0,0.0,731.32,1,9808.76,2024-09-16,N
L0001341,691,Online,21510.1,0,0.0,2510.01,3,11717.33,2025-02-15,Y
L0001342,771,Broker,25131.81,0,0.0,2286.31,3,10746.85,2022-11-22,Y
L0001343,623,Branch,59805.02,0,0.0,23711.91,4,24865.65,2022-08-13,N
L0001344,711,Broker,17142.31,0,0.0,3570.0,1,8611.74,2022-07-25,N
L0001345,747,Broker,43760.94,0,0.0,2599.62,2,0.0,2024-10-25,N
L0001346,646,Branch,23833.21,0,0.0,7900.92,3,13900.06,2022-09-15,Y
L0001347,747,Broker,5865.2,0,0.0,154.71,3,9027.11,2025-07-27,N
L0001348,713,Branch,13552.34,0,0.0,1729.3,4,6798.76,2023-12-12,N
L0001349,657,Online,31649.89,0,0.0,8879.94,4,17185.5,2023-03-07,N
L0001350,-9999,Broker,5315.95,0,0.0,858.62,1,22912.64,2025-02-09,Y
L0001351,631,Branch,46559.29,0,0.0,9864.06,3,20161.39,2024-04-18,Y
L0001352,755,Broker,44761.78,0,0.0,1796.98,1,5479.42,2024-12-25,Y
L0001353,779,Branch,44671.85,0,0.0,2511.03,2,11591.43,2023-12-18,N
L0001354,795,Broker,28587.85,0,0.0,2682.25,4,5511.42,2022-10-28,Y
L0001355,728,Branch,25961.98,0,0.0,4562.39,3,8739.87,2022-05-04,Y
L0001356,634,Broker,37207.93,0,0.0,15120.45,1,25124.01,2022-03-24,Y
L0001357,753,Online,17281.07,0,0.0,1453.8,4,5867.14,2023-07-12,Y
L0001358,576,Branch,24952.51,0,0.0,1637.62,4,26238.96,2026-02-26,
L0001359,721,Online,8334.54,0,0.0,1304.43,1,13430.62,2024-08-16,Y
L0001360,670,Branch,53073.86,0,0.0,19128.1,4,9715.56,2021-09-06,N
L0001361,702,Online,40320.55,0,0.0,11703.74,4,9135.78,2022-09-30,N
L0001362,791,Online,36637.15,0,0.0,214.46,2,5851.54,2026-03-30,Y
L0001363,686,Broker,56842.34,0,0.0,9682.0,2,5131.27,2023-11-06,N
L0001364,803,Online,43343.68,0,0.0,1629.5,4,6815.88,2024-12-08,N
L0001365,706,Broker,38896.97,0,0.0,6936.13,4,11256.86,2023-02-01,Y
L0001366,671,Online,13760.03,0,0.0,3074.17,2,15832.49,2023-07-27,Y
L0001367,708,Branch,21672.51,0,0.0,4540.08,3,13837.47,2022-11-05,N
L0001368,721,Broker,9135.85,0,0.0,732.32,3,14261.36,2025-08-11,Y
L0001369,709,Online,32394.58,0,0.0,8414.71,1,12710.55,2022-10-03,Y
L0001370,690,Branch,42984.07,0,0.0,12198.31,2,10778.48,2022-01-30,Y
L0001371,801,Branch,55029.44,0,0.0,2782.85,4,3708.87,2024-03-04,N
L0001372,664,Broker,56077.17,0,0.0,15205.86,3,7960.31,2023-01-24,Y
L0001373,650,Broker,28823.08,0,0.0,9758.37,4,13644.42,2022-07-20,Y
L0001374,776,Online,31263.76,0,0.0,1399.81,3,4712.96,2024-10-02,N
L0001375,703,Online,15313.97,0,0.0,1283.05,2,19242.61,2025-08-14,N
L0001376,824,Broker,26665.31,0,0.0,1147.75,4,2354.36,2025-02-09,Y
L0001377,654,Broker,34024.43,0,0.0,6510.48,3,9301.74,2024-04-16,Y
L0001378,729,Broker,49049.27,0,0.0,1262.09,4,16331.29,2025-10-31,N
L0001379,699,Branch,58357.32,0,0.0,10401.13,2,19384.05,2023-05-12,N
L0001380,761,Branch,11464.31,0,0.0,1069.98,1,10570.84,2024-04-13,N
L0001381,700,Branch,52994.29,0,0.0,10655.68,3,6040.53,2023-01-21,N
L0001382,794,Online,10589.46,0,0.0,966.72,3,9405.95,2022-01-15,Y
L0001383,648,Branch,49672.97,0,0.0,2580.87,4,3450.67,2025-11-03,N
L0001384,752,Branch,45693.32,0,0.0,5556.51,1,12700.28,2022-01-15,Y
L0001385,678,Branch,10514.65,0,0.0,1644.58,2,7899.33,2024-06-30,Y
L0001386,664,Online,46533.36,1,15279.03,-6161.0,3,20543.64,2023-12-07,Y
L0001387,673,Broker,49379.47,0,0.0,3793.64,1,15780.12,2025-07-23,N
L0001388,690,Branch,12714.67,0,0.0,4400.13,4,14558.17,2021-07-31,N
L0001389,643,Branch,54339.55,1,29597.01,-24207.52,4,10235.29,2025-05-24,Y
L0001390,723,Broker,16228.28,0,0.0,2213.16,2,11302.46,2023-05-27,N
L0001391,720,Branch,43003.54,0,0.0,5649.7,4,17687.67,2023-09-12,N
L0001392,680,Branch,28140.54,0,0.0,2291.27,3,22982.45,2025-06-28,N
L0001393,676,Branch,37745.4,0,0.0,2233.67,3,22280.03,2025-10-15,Y
L0001394,735,Broker,56908.2,0,0.0,7373.16,4,12554.1,2022-10-27,Y
L0001395,585,Online,26851.13,0,0.0,10965.39,2,24885.95,2023-03-27,N
L0001396,762,Branch,22307.16,0,0.0,2493.42,4,10200.29,2022-03-28,N
L0001397,694,Branch,55266.32,0,0.0,2116.18,3,6508.08,2025-11-25,N
L0001398,780,Online,7142.85,0,0.0,897.67,2,7901.84,2023-08-09,N
L0001399,793,Online,49364.91,0,0.0,5239.02,3,11359.46,2021-07-13,N
L0001400,-9999,Broker,27433.47,0,0.0,8341.49,4,29305.42,2022-11-07,N
L0001401,768,Online,55050.43,0,0.0,3293.94,3,4336.99,2023-11-23,Y
L0001402,684,Branch,6765.68,0,0.0,644.82,4,12466.79,2025-11-12,N
L0001403,668,Broker,51240.59,0,0.0,4817.15,1,19005.28,2025-04-21,N
L0001404,824,Online,53759.03,0,0.0,789.02,1,4135.92,2026-02-16,Y
L0001405,640,Broker,42758.81,0,0.0,4180.87,2,24601.0,2025-07-22,Y
L0001406,656,Broker,31022.97,0,0.0,902.3,4,5557.0,2026-02-27,Y
L0001407,640,Broker,9234.31,0,0.0,1674.73,4,23466.96,2024-11-03,Y
L0001408,652,Branch,16717.45,0,0.0,1497.8,1,13231.14,2025-08-08,N
L0001409,731,Online,35205.73,0,0.0,3774.22,2,17433.51,2024-09-10,N
L0001410,756,Broker,26419.8,0,0.0,2731.69,1,4322.2,2022-05-15,Y
L0001411,835,Branch,39073.21,0,0.0,1869.72,4,858.12,2024-05-30,N
L0001412,642,Broker,46781.33,0,0.0,6456.84,2,15804.71,2024-12-17,Y
L0001413,697,Online,32824.25,0,0.0,7788.8,3,17236.46,2023-07-29,Y
L0001414,728,Online,31829.18,0,0.0,1759.82,4,10991.53,2025-07-08,Y
L0001415,871,Broker,15304.92,0,0.0,303.36,3,2623.72,2026-02-18,N
L0001416,638,Broker,43207.23,0,0.0,19269.27,2,24215.97,2021-10-16,Y
L0001417,698,Online,55559.93,0,0.0,16079.3,1,15173.44,2022-10-25,N
L0001418,789,Branch,52984.33,0,0.0,2660.92,4,11332.3,2024-05-23,Y
L0001419,687,Branch,46952.84,0,0.0,2816.08,2,6965.24,2025-09-07,N
L0001420,702,Broker,45453.88,0,0.0,8195.09,3,20052.49,2023-05-26,Y
L0001421,776,Online,48005.79,0,0.0,3878.28,3,10256.9,2022-08-25,N
L0001422,691,Branch,54439.93,0,0.0,2464.69,2,24922.07,2025-11-13,N
L0001423,734,Branch,7614.06,0,0.0,1427.32,4,9884.07,2022-12-23,N
L0001424,620,Branch,31044.76,0,0.0,2484.88,1,13545.16,2025-10-08,N
L0001425,683,Branch,25765.97,0,0.0,5046.31,4,15193.25,2023-10-30,N
L0001426,839,Broker,24385.93,0,0.0,1751.86,4,2723.14,2023-03-01,Y
L0001427,668,Broker,10450.0,0,0.0,1750.38,1,20643.06,2024-07-24,Y
L0001428,658,Online,29456.55,0,0.0,9096.62,1,19036.15,2022-11-10,Y
L0001429,709,Broker,15635.01,0,0.0,1057.85,1,11981.89,2025-04-19,Y
L0001430,758,Online,59071.17,1,26208.07,-22653.05,2,8832.04,2024-01-25,N
L0001431,700,Broker,14502.53,0,0.0,4138.43,2,7842.42,2021-08-04,Y
L0001432,659,Broker,19469.9,1,9238.27,-2095.93,2,14347.68,2022-02-25,Y
L0001433,706,Online,6975.1,0,0.0,861.63,1,16793.61,2025-10-12,N
L0001434,809,Branch,49393.66,0,0.0,951.81,2,7599.12,2025-11-19,Y
L0001435,735,Branch,22334.23,0,0.0,685.0,1,7287.62,2026-01-21,Y
L0001436,701,Broker,36075.32,0,0.0,4593.19,2,6604.52,2024-03-01,Y
L0001437,653,Online,30666.79,1,19007.76,-17088.8,4,23340.48,2025-10-11,Y
L0001438,683,Branch,28130.54,0,0.0,1944.38,4,8405.7,2025-09-17,Y
L0001439,682,Branch,19101.13,0,0.0,798.14,4,14196.0,2026-01-25,Y
L0001440,738,Online,27260.14,0,0.0,3626.33,3,10321.91,2024-04-05,N
L0001441,546,Branch,21851.93,1,16072.75,-5713.95,4,15484.71,2023-04-16,N
L0001442,661,Broker,46056.02,0,0.0,5749.96,3,11858.72,2024-12-19,N
L0001443,744,Branch,58518.26,0,0.0,439.19,1,3104.2,2026-03-16,N
L0001444,790,Broker,10562.87,0,0.0,418.61,1,6719.55,2025-03-27,Y
L0001445,663,Online,47726.24,0,0.0,17542.47,4,19698.92,2021-10-04,N
L0001446,708,Broker,45242.05,1,28232.29,-26276.7,1,15669.68,2025-10-26,N
L0001447,743,Broker,19427.46,0,0.0,1456.12,3,12285.7,2024-07-01,N
L0001448,660,Online,43097.73,0,0.0,9186.79,4,18167.54,2023-11-24,Y
L0001449,626,Broker,42067.07,0,0.0,7306.44,2,27550.97,2024-10-17,N
L0001450,-9999,Online,57403.37,0,0.0,2818.09,4,6178.02,2024-04-09,Y
L0001451,776,Branch,36155.65,0,0.0,1824.78,2,5274.33,2024-08-26,N
L0001452,649,Broker,28878.55,0,0.0,11654.63,2,7501.65,2021-11-12,Y
L0001453,794,Online,11701.53,0,0.0,748.74,1,6107.29,2025-09-06,Y
L0001454,768,Broker,37921.53,0,0.0,4072.8,3,4953.6,2021-10-05,N
L0001455,735,Broker,28299.7,1,14153.38,-12187.11,2,4668.27,2024-08-24,
L0001456,659,Online,42101.73,0,0.0,11945.87,4,10641.52,2022-12-29,N
L0001457,804,Broker,39588.75,1,13917.46,-12201.59,3,6163.88,2024-04-27,N
L0001458,713,Broker,43666.02,0,0.0,10130.72,1,10261.69,2021-09-10,N
L0001459,652,Broker,10148.49,0,0.0,4420.8,3,7297.16,2021-08-30,Y
L0001460,711,Online,49397.43,0,0.0,5709.71,3,20928.24,2024-11-11,N
L0001461,745,Online,37262.52,0,0.0,3514.17,4,15408.45,2023-07-08,N
L0001462,608,Online,9139.58,0,0.0,3755.29,3,24135.69,2023-01-19,N
L0001463,731,Broker,40953.77,0,0.0,5608.22,1,16435.56,2022-12-24,Y
L0001464,598,Broker,42580.94,1,13135.92,2257.96,4,21735.12,2023-06-08,Y
L0001465,737,Online,20930.74,0,0.0,2555.0,1,14942.88,2024-03-01,N
L0001466,627,Online,34875.54,0,0.0,9990.55,2,33603.34,2023-09-30,N
L0001467,587,Broker,11396.19,0,0.0,5263.95,1,29902.28,2022-10-16,Y
L0001468,739,Branch,12975.66,0,0.0,1355.91,1,7281.37,2023-11-13,Y
L0001469,709,Online,44833.35,0,0.0,1083.39,1,13783.81,2026-02-06,Y
L0001470,680,Online,19687.13,0,0.0,8864.48,4,11982.75,2021-08-26,Y
L0001471,642,Online,18400.09,0,0.0,7554.62,1,4668.88,2022-03-20,N
L0001472,700,Branch,30031.65,0,0.0,8038.53,4,3808.01,2021-12-18,N
L0001473,786,Broker,59205.52,0,0.0,2657.99,4,6193.54,2024-07-17,N
L0001474,745,Broker,18751.11,0,0.0,1203.66,2,15915.71,2024-08-31,Y
L0001475,666,Broker,32930.22,0,0.0,1196.2,3,10175.02,2026-01-22,Y
L0001476,758,Broker,13748.42,0,0.0,532.83,1,351.09,2025-09-18,N
L0001477,793,Online,59316.29,0,0.0,440.08,3,4527.12,2026-03-08,N
L0001478,750,Broker,22393.66,0,0.0,2658.36,2,7127.87,2022-05-25,N
L0001479,855,Online,28741.74,0,0.0,1356.77,2,1765.86,2024-08-07,N
L0001480,607,Branch,21328.14,0,0.0,9800.77,4,16107.26,2022-05-26,Y
L0001481,685,Online,23417.32,0,0.0,9621.66,3,12687.79,2021-11-06,N
L0001482,616,Online,36721.64,0,0.0,15166.87,4,12728.72,2022-08-13,N
L0001483,618,Broker,47302.11,1,14678.3,1412.22,4,20826.4,2023-04-24,Y
L0001484,637,Online,52792.92,0,0.0,23624.68,4,12196.81,2021-10-15,Y
L0001485,657,Broker,25041.78,0,0.0,3675.38,2,17867.54,2024-11-03,Y
L0001486,791,Online,24649.48,0,0.0,1576.64,4,6268.75,2023-07-22,N
L0001487,569,Online,41102.43,0,0.0,24840.61,1,25933.98,2022-01-06,Y
L0001488,768,Branch,19006.25,0,0.0,2059.84,3,3852.08,2021-11-15,N
L0001489,700,Branch,33796.68,0,0.0,8064.44,2,10849.32,2022-06-22,Y
L0001490,726,Broker,8859.63,0,0.0,1193.56,2,15541.28,2023-08-31,Y
L0001491,739,Broker,42874.93,0,0.0,5374.13,2,11573.93,2022-11-13,Y
L0001492,675,Online,18162.05,0,0.0,1403.29,1,9935.51,2025-08-15,N
L0001493,772,Branch,17686.38,0,0.0,698.73,2,5265.76,2025-02-20,N
L0001494,667,Online,41330.72,0,0.0,6821.79,3,4026.47,2024-06-12,N
L0001495,750,Branch,34222.42,0,0.0,2385.28,2,8847.91,2023-11-03,Y
L0001496,707,Branch,28706.23,0,0.0,2160.84,2,20011.59,2025-04-27,Y
L0001497,696,Branch,12843.71,0,0.0,1282.51,1,18515.38,2025-01-22,Y
L0001498,664,Broker,26967.16,0,0.0,3211.62,2,28443.24,2025-01-07,N
L0001499,772,Broker,55309.72,0,0.0,3915.01,2,3130.77,2023-01-17,N
L0001500,-9999,Online,25307.52,0,0.0,8410.88,1,23622.7,2023-04-15,N
L0001501,673,Branch,15138.54,0,0.0,5362.84,2,15288.19,2021-10-27,N
L0001502,664,Branch,22608.93,0,0.0,5601.01,4,15404.78,2023-06-13,Y
L0001503,670,Branch,11587.53,0,0.0,2306.7,4,17402.64,2023-11-20,N
L0001504,722,Branch,18532.65,0,0.0,944.0,4,8692.33,2025-04-15,N
L0001505,776,Broker,28202.02,0,0.0,712.71,4,5069.66,2025-05-13,N
L0001506,675,Broker,54546.42,0,0.0,4625.65,2,10260.83,2025-04-28,Y
L0001507,702,Online,6130.31,0,0.0,652.17,1,7669.19,2025-05-10,N
L0001508,677,Broker,52972.8,0,0.0,7688.54,4,10630.63,2024-06-06,Y
L0001509,675,Branch,44012.69,0,0.0,6658.54,4,4576.35,2024-05-17,N
L0001510,679,Broker,38541.77,0,0.0,9826.52,2,133.74,2022-12-18,Y
L0001511,780,Branch,34807.96,0,0.0,749.98,1,8416.78,2025-09-20,Y
L0001512,751,Broker,37625.3,0,0.0,922.41,3,3747.08,2025-11-09,Y
L0001513,703,Online,56133.25,0,0.0,12478.18,4,9209.56,2023-07-26,Y
L0001514,670,Broker,11030.7,0,0.0,582.96,4,15268.11,2026-02-23,Y
L0001515,749,Branch,36116.73,0,0.0,2061.46,4,7727.23,2024-06-07,Y
L0001516,786,Branch,42552.52,0,0.0,2280.05,2,7618.68,2023-11-09,Y
L0001517,606,Branch,53584.11,1,20054.08,-10663.1,4,15848.9,2024-12-14,N
L0001518,666,Branch,44470.97,0,0.0,8704.85,3,6359.72,2023-12-22,N
L0001519,656,Broker,20690.12,0,0.0,2394.12,3,18652.15,2025-05-19,N
L0001520,698,Branch,29330.11,0,0.0,7340.55,1,16729.08,2022-02-12,N
L0001521,658,Online,7955.69,0,0.0,2731.74,1,11173.69,2022-07-09,Y
L0001522,688,Online,17267.7,0,0.0,5189.38,4,19409.45,2022-11-20,N
L0001523,737,Branch,8130.62,0,0.0,1761.98,4,5843.6,2022-01-09,Y
L0001524,618,Branch,20090.4,0,0.0,4855.27,2,32172.8,2024-04-29,N
L0001525,712,Broker,23739.11,0,0.0,550.8,3,6782.63,2026-01-31,N
L0001526,730,Branch,36365.75,0,0.0,4814.4,3,7670.49,2023-03-20,Y
L0001527,651,Broker,57933.79,0,0.0,13720.75,3,10664.95,2023-10-06,N
L0001528,618,Broker,50076.78,1,17703.91,-7936.03,3,15422.34,2024-08-12,N
L0001529,697,Online,27095.41,0,0.0,4904.23,2,15745.86,2024-05-12,N
L0001530,604,Online,35340.72,0,0.0,4935.45,1,13926.69,2025-04-25,Y
L0001531,717,Branch,34696.61,0,0.0,3320.14,2,15083.82,2024-07-30,N
L0001532,708,Broker,25228.3,0,0.0,1871.23,2,12815.24,2025-05-10,N
L0001533,719,Broker,55836.82,0,0.0,10370.36,2,13908.56,2022-05-08,N
L0001534,754,Online,10270.85,0,0.0,705.44,2,8856.03,2025-08-01,N
L0001535,664,Branch,58479.46,0,0.0,16651.31,4,21866.68,2022-11-16,Y
L0001536,689,Online,15496.81,0,0.0,6077.83,1,4122.42,2021-11-22,N
L0001537,702,Online,7196.68,0,0.0,2286.92,3,14317.67,2022-07-02,N
L0001538,660,Broker,33949.56,1,18354.5,-15921.44,4,19248.11,2025-09-13,N
L0001539,656,Branch,15188.16,0,0.0,6194.47,2,7309.65,2021-07-03,Y
L0001540,767,Branch,36514.68,0,0.0,605.85,1,8907.67,2026-01-29,Y
L0001541,697,Broker,42381.2,0,0.0,4343.87,1,13309.89,2024-11-25,Y
L0001542,735,Branch,25049.95,0,0.0,3584.77,4,13279.09,2022-07-27,N
L0001543,716,Broker,21756.12,0,0.0,4507.38,3,10364.09,2022-06-11,N
L0001544,747,Branch,17408.22,1,7564.53,-5579.2,3,8602.47,2023-02-23,N
L0001545,719,Broker,23952.56,0,0.0,2981.0,4,9481.5,2023-09-18,N
L0001546,736,Online,37420.8,0,0.0,8157.57,1,10912.38,2022-06-01,N
L0001547,656,Online,31727.1,0,0.0,9743.75,2,11507.75,2022-11-19,Y
L0001548,577,Online,8870.35,0,0.0,5182.76,4,24406.68,2022-03-18,N
L0001549,618,Online,17900.25,0,0.0,7295.37,3,17468.15,2022-10-29,N
L0001550,-9999,Broker,21306.95,0,0.0,4088.19,4,7756.1,2022-05-03,N
L0001551,768,Online,36554.34,0,0.0,2239.63,1,12430.16,2024-01-01,Y
L0001552,709,Branch,7102.85,1,3915.28,-2434.86,4,2731.3,2022-05-17,
L0001553,819,Branch,7953.78,0,0.0,453.01,3,7140.62,2025-04-05,Y
L0001554,698,Online,43002.07,0,0.0,9605.19,4,15015.37,2023-08-21,Y
L0001555,709,Branch,27016.74,0,0.0,3659.61,3,16786.39,2023-10-19,Y
L0001556,732,Online,17592.29,0,0.0,2152.07,4,19228.33,2024-07-01,N
L0001557,687,Branch,34211.22,0,0.0,9592.14,3,12933.0,2022-02-09,N
L0001558,637,Online,53047.03,0,0.0,24190.52,1,4669.76,2021-08-30,N
L0001559,677,Broker,8720.25,0,0.0,2613.99,3,5374.15,2022-06-17,N
L0001560,590,Branch,5585.12,0,0.0,2814.17,1,21777.43,2023-01-31,N
L0001561,741,Broker,52126.88,0,0.0,7439.89,2,0.0,2022-01-23,N
L0001562,839,Online,54952.97,0,0.0,2956.6,4,2404.41,2024-01-02,Y
L0001563,707,Broker,48849.27,0,0.0,7517.28,3,8986.31,2023-09-02,Y
L0001564,738,Branch,8812.84,0,0.0,1589.44,3,9645.01,2022-09-12,N
L0001565,608,Online,51399.95,0,0.0,9602.74,4,17198.23,2024-10-20,N
L0001566,702,Broker,53283.84,0,0.0,6712.51,3,16781.1,2024-03-15,N
L0001567,767,Branch,47844.13,0,0.0,3225.84,2,3536.07,2023-08-01,Y
L0001568,715,Broker,45191.03,0,0.0,3782.38,1,12255.84,2024-10-10,Y
L0001569,652,Broker,36407.19,0,0.0,9027.39,3,8746.46,2023-07-25,Y
L0001570,659,Online,47323.77,0,0.0,3027.71,4,17130.95,2025-10-13,N
L0001571,715,Broker,56438.74,0,0.0,10491.97,1,10801.49,2022-09-13,Y
L0001572,699,Branch,25706.75,0,0.0,5744.04,3,7206.33,2022-10-08,Y
L0001573,663,Branch,48799.3,0,0.0,2277.78,1,19468.79,2025-12-28,N
L0001574,784,Broker,29279.15,0,0.0,2838.4,3,6522.12,2022-05-25,N
L0001575,676,Broker,42744.41,0,0.0,6190.77,4,13161.19,2024-07-06,N
L0001576,621,Online,20429.24,0,0.0,7765.79,3,2203.38,2023-01-17,Y
L0001577,694,Branch,7906.22,0,0.0,600.18,4,13415.09,2025-03-09,N
L0001578,739,Online,25649.35,0,0.0,3665.16,2,11770.76,2024-01-11,N
L0001579,576,Online,30756.07,0,0.0,6056.38,2,7873.66,2025-01-20,N
L0001580,656,Branch,10611.2,0,0.0,1473.68,4,22653.15,2025-06-08,N
L0001581,625,Broker,37844.56,0,0.0,16913.17,4,5234.68,2022-02-07,Y
L0001582,655,Branch,22171.12,0,0.0,9305.08,1,15904.25,2021-08-17,Y
L0001583,699,Online,27179.56,0,0.0,8429.59,4,17532.57,2022-07-03,Y
L0001584,668,Branch,30414.29,0,0.0,825.91,2,16594.56,2026-02-10,N
L0001585,666,Online,32683.57,0,0.0,10249.7,3,14615.03,2022-07-15,N
L0001586,655,Branch,29666.37,0,0.0,1724.72,3,18367.25,2025-10-19,Y
L0001587,820,Broker,28328.64,0,0.0,2131.9,3,4085.34,2023-09-30,Y
L0001588,626,Broker,35953.36,1,17904.74,-1621.82,1,18872.36,2022-01-01,Y
L0001589,771,Online,33924.29,0,0.0,3139.91,4,10200.71,2022-05-07,N
L0001590,727,Branch,5454.47,0,0.0,1129.48,4,0.0,2022-07-06,Y
L0001591,700,Broker,52479.9,0,0.0,9322.88,3,13986.52,2023-05-13,Y
L0001592,768,Online,34249.11,0,0.0,2711.13,3,8160.68,2023-04-25,N
L0001593,698,Branch,10955.12,0,0.0,2528.26,2,14742.09,2022-09-03,Y
L0001594,675,Broker,33350.13,0,0.0,4814.06,4,13383.27,2024-08-27,Y
L0001595,675,Branch,26202.03,0,0.0,7899.16,4,11540.45,2022-06-25,Y
L0001596,665,Branch,21727.08,0,0.0,5494.73,3,18433.86,2023-05-05,Y
L0001597,731,Branch,57650.29,0,0.0,3732.37,4,3770.78,2024-12-13,N
L0001598,691,Broker,40136.89,0,0.0,12479.96,2,11434.19,2021-08-26,Y
L0001599,726,Broker,23866.49,0,0.0,3945.88,1,1791.7,2022-06-23,Y
L0001600,-9999,Online,8950.34,0,0.0,462.29,4,9640.82,2024-08-04,N
L0001601,702,Online,27343.08,0,0.0,8241.67,3,21052.21,2022-09-24,N
L0001602,729,Online,53754.79,0,0.0,12212.27,4,13196.95,2022-09-05,Y
L0001603,719,Broker,45059.85,0,0.0,6724.63,4,11169.44,2023-02-04,N
L0001604,721,Branch,14321.33,0,0.0,2709.52,2,8269.66,2022-05-09,N
L0001605,629,Broker,49921.61,0,0.0,12243.39,3,11175.09,2024-01-11,N
L0001606,759,Branch,49158.8,0,0.0,4544.84,2,11832.32,2022-02-22,N
L0001607,694,Online,17672.96,0,0.0,2342.95,1,12298.66,2025-03-07,Y
L0001608,633,Broker,33190.11,0,0.0,831.61,4,18543.12,2026-03-15,N
L0001609,699,Online,29596.13,0,0.0,7176.16,1,7268.44,2023-05-21,N
L0001610,694,Branch,9737.4,0,0.0,2705.01,2,12532.14,2022-03-21,Y
L0001611,692,Online,16365.82,0,0.0,4663.5,4,11144.06,2023-02-03,N
L0001612,756,Online,22461.91,0,0.0,2613.16,2,16010.21,2021-07-28,Y
L0001613,703,Branch,10617.79,0,0.0,2351.76,1,10049.53,2022-07-23,Y
L0001614,773,Online,43397.51,0,0.0,4088.4,3,6219.66,2021-10-07,Y
L0001615,672,Online,35541.75,0,0.0,11094.12,2,16671.88,2022-03-27,Y
L0001616,612,Broker,7860.32,0,0.0,1846.04,2,11146.23,2024-06-19,Y
L0001617,698,Branch,55280.93,1,21002.03,-9386.13,3,17123.79,2022-12-12,Y
L0001618,719,Broker,36899.31,0,0.0,8514.85,2,7175.84,2021-08-13,Y
L0001619,705,Online,44462.36,0,0.0,14980.51,2,17233.11,2021-11-03,N
L0001620,673,Online,33954.46,1,14461.53,-2322.7,2,16632.18,2021-08-11,Y
L0001621,871,Branch,11582.31,0,0.0,394.45,1,1504.99,2025-04-26,N
L0001622,742,Branch,58117.02,0,0.0,8434.0,3,13259.79,2022-01-26,Y
L0001623,613,Branch,20041.33,0,0.0,5964.41,2,2085.84,2023-12-04,N
L0001624,649,Broker,31855.86,0,0.0,3301.24,4,0.0,2025-06-04,N
L0001625,760,Online,51567.69,0,0.0,3629.69,1,12996.04,2023-03-11,N
L0001626,716,Broker,34754.02,0,0.0,3906.45,2,7515.29,2024-01-13,N
L0001627,704,Branch,26720.09,0,0.0,2652.77,2,6300.9,2024-12-23,N
L0001628,741,Online,53742.95,0,0.0,4391.19,4,0.0,2024-02-08,Y
L0001629,776,Broker,14390.88,0,0.0,1294.35,3,7386.89,2022-12-04,Y
L0001630,681,Broker,14519.3,0,0.0,2465.47,1,16764.15,2024-01-19,N
L0001631,653,Broker,24534.53,1,13512.1,-9048.25,2,16057.3,2024-07-01,N
L0001632,675,Online,32320.73,0,0.0,7081.28,1,11789.79,2023-05-28,N
L0001633,666,Broker,39910.77,0,0.0,9298.09,2,13289.0,2023-07-15,N
L0001634,720,Online,8605.62,0,0.0,1283.42,1,5819.03,2024-11-13,N
L0001635,775,Branch,53925.88,0,0.0,3975.56,3,9974.2,2023-01-04,N
L0001636,649,Broker,9995.92,0,0.0,3866.98,1,5939.37,2022-08-09,N
L0001637,627,Branch,40091.37,0,0.0,16114.2,2,13092.62,2022-07-23,N
L0001638,710,Broker,41857.49,0,0.0,8895.05,3,8743.77,2022-03-19,Y
L0001639,632,Online,20162.83,0,0.0,1401.66,4,14407.13,2026-01-29,N
L0001640,723,Online,54168.17,0,0.0,11598.39,1,12654.69,2023-02-09,N
L0001641,630,Online,48859.4,1,15243.79,8329.39,1,4053.1,2021-08-22,Y
L0001642,731,Branch,57924.16,0,0.0,2800.18,2,6441.51,2025-05-17,Y
L0001643,725,Branch,29347.76,0,0.0,2438.36,4,12818.43,2024-11-26,N
L0001644,669,Broker,28709.77,0,0.0,6439.14,4,16013.79,2023-06-04,N
L0001645,653,Branch,54051.0,0,0.0,5454.22,3,18071.95,2025-05-05,N
L0001646,791,Online,13331.78,0,0.0,1183.81,1,3371.39,2024-03-19,Y
L0001647,749,Broker,15657.48,0,0.0,579.22,3,16954.52,2025-10-22,N
L0001648,630,Branch,51607.91,0,0.0,21049.91,2,30219.93,2022-05-13,N
L0001649,787,Online,8274.54,0,0.0,721.33,2,2697.27,2023-04-10,
L0001650,-9999,Broker,21698.93,0,0.0,3281.54,2,17371.37,2024-04-17,Y
L0001651,644,Online,23694.98,0,0.0,3356.69,3,16270.91,2025-01-20,N
L0001652,685,Branch,17746.55,0,0.0,1230.43,3,22530.95,2025-11-26,Y
L0001653,610,Branch,56670.62,0,0.0,24861.78,3,13088.59,2022-07-27,N
L0001654,784,Broker,43239.46,0,0.0,2344.06,1,8869.86,2024-03-23,N
L0001655,687,Online,27871.26,0,0.0,4276.74,2,14584.34,2024-11-04,N
L0001656,746,Branch,59240.24,0,0.0,3200.53,3,13220.06,2024-10-05,N
L0001657,733,Broker,12694.02,0,0.0,634.82,2,14529.14,2025-05-24,N
L0001658,699,Online,20424.12,0,0.0,2777.85,1,10523.26,2024-12-10,Y
L0001659,666,Broker,54492.15,0,0.0,9245.84,4,19980.69,2024-05-12,Y
L0001660,691,Online,35212.55,0,0.0,6329.75,3,11429.95,2024-05-15,Y
L0001661,691,Branch,27482.85,1,10907.57,-3412.93,4,11525.5,2022-01-19,N
L0001662,674,Broker,8113.97,0,0.0,2590.9,2,11909.4,2022-05-09,Y
L0001663,713,Branch,23490.68,0,0.0,4774.1,2,6852.52,2022-08-05,N
L0001664,687,Online,10767.9,0,0.0,2124.65,2,18670.44,2024-09-03,Y
L0001665,634,Online,44440.79,0,0.0,11273.34,1,11512.14,2023-11-04,N
L0001666,751,Online,55181.19,0,0.0,5521.23,3,9056.04,2022-09-12,N
L0001667,684,Online,36921.04,0,0.0,6932.02,1,9181.05,2024-04-16,N
L0001668,720,Branch,41611.59,0,0.0,3103.6,3,12447.35,2024-12-04,Y
L0001669,667,Branch,38180.35,0,0.0,13846.68,1,13246.9,2021-10-14,N
L0001670,758,Broker,19788.58,0,0.0,2171.76,3,8280.89,2022-02-26,Y
L0001671,706,Branch,49771.88,0,0.0,5347.62,1,13453.6,2024-07-26,Y
L0001672,642,Online,9038.12,1,3646.39,-1207.49,1,24595.58,2024-01-16,Y
L0001673,733,Branch,23113.92,0,0.0,2197.11,2,11508.1,2024-07-23,Y
L0001674,703,Branch,17281.57,0,0.0,3806.0,3,24615.53,2022-09-20,Y
L0001675,656,Branch,43213.38,0,0.0,8094.76,2,14580.72,2024-03-13,Y
L0001676,602,Online,45225.76,0,0.0,13881.29,1,14411.95,2023-11-01,Y
L0001677,746,Broker,33343.04,0,0.0,2539.67,3,9172.0,2024-02-18,N
L0001678,584,Broker,30177.78,1,12731.61,-4461.8,4,17307.67,2024-04-23,Y
L0001679,769,Broker,29981.95,0,0.0,2833.12,2,7199.44,2022-08-25,N
L0001680,650,Online,58538.68,0,0.0,22069.8,1,18302.65,2022-02-19,N
L0001681,726,Branch,21572.9,0,0.0,3640.69,1,6051.89,2022-06-24,N
L0001682,707,Online,45380.36,0,0.0,4270.02,1,6799.23,2025-04-06,N
L0001683,713,Online,50552.2,0,0.0,13428.57,2,3427.71,2022-09-14,N
L0001684,715,Online,59048.39,1,18522.34,-9113.17,4,4576.25,2024-03-10,Y
L0001685,741,Broker,51542.78,0,0.0,3929.67,3,9916.37,2024-05-21,Y
L0001686,694,Branch,27309.54,0,0.0,4645.82,1,16529.66,2023-12-17,Y
L0001687,643,Branch,24963.02,0,0.0,6090.97,3,11763.62,2023-12-10,N
L0001688,712,Branch,22914.76,0,0.0,1088.43,3,15150.18,2025-10-06,N
L0001689,691,Branch,14978.62,0,0.0,4918.92,4,8598.55,2021-09-22,N
L0001690,751,Online,6642.27,0,0.0,787.44,1,5547.26,2025-01-17,Y
L0001691,640,Broker,14151.45,0,0.0,4449.74,4,14012.53,2023-01-16,Y
L0001692,698,Branch,17875.78,0,0.0,881.52,3,11656.85,2026-01-16,Y
L0001693,681,Branch,5128.1,0,0.0,664.17,4,14805.04,2025-06-04,Y
L0001694,693,Online,40013.81,0,0.0,13945.21,1,9497.2,2022-04-12,N
L0001695,691,Broker,52405.59,0,0.0,5595.04,4,0.0,2024-11-03,N
L0001696,744,Broker,46836.52,0,0.0,1189.58,2,6458.56,2025-09-10,N
L0001697,697,Online,26066.93,0,0.0,9450.39,4,17838.55,2022-01-07,N
L0001698,688,Broker,31480.61,0,0.0,6867.92,4,15338.65,2023-04-18,N
L0001699,740,Branch,59501.98,0,0.0,3213.78,3,5715.84,2024-11-11,N
L0001700,-9999,Online,18843.74,0,0.0,1605.14,2,12905.53,2022-06-11,N
L0001701,689,Online,9170.01,0,0.0,1864.77,3,11081.37,2024-08-11,N
L0001702,733,Broker,8926.34,0,0.0,1188.62,4,7682.08,2023-01-06,Y
L0001703,630,Branch,29787.72,0,0.0,3961.21,1,14505.58,2025-04-26,Y
L0001704,748,Online,34831.03,0,0.0,4732.55,3,8679.19,2021-09-27,N
L0001705,729,Online,41419.98,0,0.0,3473.22,3,11069.27,2025-02-01,N
L0001706,638,Branch,59832.18,0,0.0,5221.09,2,25138.74,2025-07-23,Y
L0001707,669,Branch,57658.56,0,0.0,3728.17,2,0.0,2025-08-21,Y
L0001708,712,Broker,41462.39,0,0.0,7171.62,2,10493.55,2023-01-13,Y
L0001709,710,Broker,9975.06,0,0.0,2481.91,1,16052.52,2021-10-26,N
L0001710,686,Online,45769.03,0,0.0,12909.95,4,16433.17,2023-03-07,Y
L0001711,649,Branch,12870.68,0,0.0,1255.46,2,14104.55,2025-07-01,N
L0001712,733,Branch,33073.02,0,0.0,4441.17,4,9915.72,2023-01-27,Y
L0001713,693,Broker,7338.09,0,0.0,1315.71,3,17290.21,2023-11-17,N
L0001714,729,Broker,30963.53,0,0.0,1344.07,1,11719.19,2025-06-02,N
L0001715,717,Branch,6865.78,0,0.0,1573.2,4,21175.18,2021-08-09,Y
L0001716,588,Online,43885.41,0,0.0,12847.48,2,28111.97,2024-01-31,N
L0001717,718,Online,53577.86,0,0.0,6065.57,2,16798.03,2024-10-27,N
L0001718,721,Branch,59753.58,0,0.0,9124.54,3,4489.53,2023-01-01,Y
L0001719,724,Online,24927.83,0,0.0,6853.07,2,15584.39,2022-03-06,Y
L0001720,726,Online,15791.42,0,0.0,4475.59,2,15113.26,2022-02-08,N
L0001721,727,Broker,44524.07,0,0.0,7794.95,4,2217.92,2022-03-10,N
L0001722,600,Broker,59268.11,0,0.0,25129.44,3,16133.54,2022-11-04,N
L0001723,769,Broker,30679.51,0,0.0,2056.63,3,4786.54,2023-05-30,Y
L0001724,658,Branch,50026.33,0,0.0,5961.07,3,13190.22,2025-01-21,Y
L0001725,764,Online,9002.03,0,0.0,898.28,4,10492.03,2022-08-26,Y
L0001726,711,Broker,26996.67,0,0.0,3927.14,2,20624.57,2023-12-30,Y
L0001727,760,Online,13467.35,0,0.0,266.62,3,8605.35,2025-10-17,N
L0001728,833,Broker,37495.61,0,0.0,1628.83,2,4429.48,2024-12-08,N
L0001729,713,Online,59358.91,0,0.0,3206.18,3,10697.49,2025-10-05,N
L0001730,753,Broker,10631.65,1,6665.19,-5491.13,3,8815.38,2024-02-14,Y
L0001731,688,Branch,45336.16,0,0.0,2163.36,1,11369.26,2025-10-21,Y
L0001732,652,Broker,54335.18,0,0.0,4888.58,4,6702.99,2025-06-29,N
L0001733,633,Online,42781.84,0,0.0,4346.64,2,22669.96,2025-07-16,Y
L0001734,699,Branch,57699.5,0,0.0,9437.0,3,20174.44,2023-08-14,Y
L0001735,789,Branch,59003.71,0,0.0,5863.71,3,7387.68,2021-12-11,Y
L0001736,653,Broker,23559.62,0,0.0,8119.31,4,14014.01,2022-07-17,Y
L0001737,672,Broker,7610.75,1,5594.14,-2878.47,4,11615.94,2022-03-25,Y
L0001738,580,Branch,50867.2,0,0.0,7542.33,2,12247.97,2025-05-08,N
L0001739,764,Branch,44192.81,0,0.0,2869.7,1,6343.93,2023-11-25,N
L0001740,710,Branch,48476.86,0,0.0,10259.8,1,14644.61,2022-05-03,N
L0001741,614,Online,13247.89,0,0.0,3198.67,1,18964.56,2024-05-25,N
L0001742,679,Broker,24512.05,0,0.0,1760.96,1,20814.04,2025-06-20,N
L0001743,675,Online,51528.17,0,0.0,4466.89,2,7461.27,2025-04-25,N
L0001744,789,Branch,23918.72,0,0.0,1884.7,2,6416.36,2022-12-23,N
L0001745,644,Branch,32545.93,0,0.0,13374.06,2,10685.09,2021-11-23,Y
L0001746,655,Branch,16114.0,0,0.0,7178.54,2,7851.96,2021-06-30,
L0001747,747,Branch,43459.28,0,0.0,3018.98,3,7906.95,2024-03-16,N
L0001748,755,Branch,32847.62,0,0.0,2030.85,1,3757.42,2023-11-28,Y
L0001749,737,Broker,31292.28,0,0.0,1932.38,2,12657.32,2024-11-19,Y
L0001750,-9999,Broker,49678.95,1,21256.59,-172.98,2,11711.81,2021-08-10,Y
L0001751,725,Broker,5104.32,0,0.0,1083.18,2,3645.22,2022-11-02,N
L0001752,758,Broker,34431.08,0,0.0,2068.82,4,4474.08,2024-05-27,Y
L0001753,769,Broker,20851.21,0,0.0,1718.86,4,9046.6,2023-03-24,Y
L0001754,757,Online,5666.84,0,0.0,1005.64,4,6505.25,2022-06-24,N
L0001755,707,Broker,41019.51,0,0.0,3912.92,1,14575.28,2024-09-28,N
L0001756,685,Online,11989.27,0,0.0,5096.7,2,15120.31,2021-10-31,N
L0001757,764,Online,54001.88,0,0.0,862.62,4,8546.38,2026-02-10,Y
L0001758,679,Broker,46570.98,0,0.0,14861.35,4,9631.81,2021-12-26,Y
L0001759,713,Online,34831.73,0,0.0,10322.35,2,7959.34,2022-02-08,Y
L0001760,683,Online,17074.13,0,0.0,4948.24,4,11104.75,2023-06-22,Y
L0001761,772,Broker,19967.42,0,0.0,1803.46,4,3729.9,2023-03-07,N
L0001762,686,Online,42102.71,0,0.0,5165.24,1,7279.93,2025-01-24,N
L0001763,683,Branch,22730.09,0,0.0,5789.98,4,13432.76,2022-09-28,N
L0001764,652,Broker,54429.12,0,0.0,2553.67,3,21583.69,2025-12-26,N
L0001765,662,Online,40620.08,0,0.0,8360.27,4,20308.8,2023-12-17,Y
L0001766,701,Online,5940.42,0,0.0,833.81,4,24714.04,2024-08-23,N
L0001767,732,Branch,34875.57,0,0.0,690.57,2,6120.25,2026-01-06,N
L0001768,696,Online,13459.3,0,0.0,1460.56,3,12466.31,2025-01-31,Y
L0001769,713,Broker,12798.6,0,0.0,1483.35,2,18845.56,2024-09-25,N
L0001770,713,Broker,11882.95,0,0.0,1478.54,3,7574.44,2024-04-04,N
L0001771,571,Online,45986.73,0,0.0,11700.01,2,25119.38,2024-08-09,Y
L0001772,624,Broker,6929.17,0,0.0,865.91,2,24481.13,2025-08-22,Y
L0001773,714,Branch,51196.12,0,0.0,5165.43,2,4147.5,2024-07-15,N
L0001774,666,Broker,46988.91,0,0.0,9729.92,3,21047.57,2023-10-26,Y
L0001775,703,Branch,36740.38,0,0.0,2299.17,3,11490.75,2025-06-01,Y
L0001776,662,Branch,13379.63,0,0.0,1368.27,1,16743.43,2025-05-25,Y
L0001777,721,Online,52653.93,0,0.0,3376.2,2,15116.11,2025-07-14,Y
L0001778,758,Broker,55328.18,0,0.0,1314.36,3,6900.11,2025-06-07,Y
L0001779,845,Online,45434.39,0,0.0,3421.92,1,2427.22,2023-04-13,N
L0001780,653,Broker,17608.96,0,0.0,7553.85,3,16784.2,2021-08-07,N
L0001781,653,Online,39591.55,0,0.0,16943.62,4,18844.47,2021-07-21,N
L0001782,775,Branch,56827.59,0,0.0,3569.09,3,9287.88,2023-06-18,N
L0001783,683,Broker,26099.76,0,0.0,5788.99,2,7172.96,2023-05-30,Y
L0001784,721,Online,22366.85,0,0.0,3569.18,4,13418.43,2024-03-25,N
L0001785,694,Branch,23970.87,0,0.0,5783.66,2,19491.83,2022-10-20,Y
L0001786,713,Online,56914.87,0,0.0,1707.33,2,3811.38,2026-02-05,Y
L0001787,690,Online,28398.84,0,0.0,5619.34,2,15109.57,2024-04-20,N
L0001788,674,Broker,22725.87,1,8017.96,-4719.66,1,22251.57,2024-08-24,N
L0001789,730,Branch,42003.81,1,31544.31,-28176.5,4,12943.66,2024-08-23,Y
L0001790,691,Online,17938.52,0,0.0,6396.75,1,25824.03,2022-02-24,N
L0001791,701,Online,10031.2,1,6525.19,-4788.7,4,22888.49,2024-10-12,N
L0001792,613,Broker,32367.16,1,19472.76,-4633.34,3,28008.39,2022-04-02,N
L0001793,741,Broker,34174.7,0,0.0,1798.47,1,9094.45,2024-12-17,N
L0001794,776,Online,12356.87,0,0.0,1197.29,1,8079.48,2023-11-30,Y
L0001795,823,Broker,52524.77,0,0.0,4522.59,3,1977.86,2022-09-19,N
L0001796,694,Branch,26955.64,0,0.0,5771.76,3,10933.02,2023-01-06,Y
L0001797,693,Branch,5581.12,0,0.0,1006.65,4,12647.18,2023-07-23,Y
L0001798,740,Online,40200.68,0,0.0,1036.11,4,2512.55,2025-11-10,N
L0001799,756,Online,39368.71,0,0.0,4241.77,3,5636.13,2022-02-19,Y
L0001800,-9999,Online,7978.13,0,0.0,1680.22,1,19313.57,2024-08-01,Y
L0001801,726,Broker,35814.95,0,0.0,6094.47,2,19291.63,2022-08-13,Y
L0001802,766,Branch,44967.76,0,0.0,884.86,4,7870.42,2025-09-13,N
L0001803,628,Online,28366.55,0,0.0,4019.67,1,18203.66,2025-02-25,N
L0001804,747,Broker,37173.15,0,0.0,4226.77,4,9840.87,2022-07-01,Y
L0001805,665,Online,11292.04,0,0.0,3966.6,4,11327.65,2022-02-21,Y
L0001806,701,Online,20953.26,0,0.0,6959.91,4,8835.84,2022-02-04,N
L0001807,582,Branch,38918.33,0,0.0,3973.45,4,10895.92,2025-09-16,Y
L0001808,685,Online,46346.9,0,0.0,8613.68,4,7499.08,2024-04-20,Y
L0001809,770,Broker,20372.12,0,0.0,2086.25,2,9287.15,2021-08-16,N
L0001810,660,Online,44115.66,0,0.0,7749.0,4,7955.2,2024-05-20,Y
L0001811,681,Branch,55971.67,0,0.0,2096.55,2,11050.0,2025-12-30,N
L0001812,707,Broker,31928.12,0,0.0,4428.14,4,8940.89,2023-11-04,N
L0001813,579,Branch,27711.13,0,0.0,17360.77,3,18222.01,2021-08-14,Y
L0001814,767,Broker,31958.4,0,0.0,1934.78,2,7931.37,2024-02-28,N
L0001815,669,Broker,15765.93,0,0.0,841.07,1,15387.04,2025-10-04,N
L0001816,747,Broker,29223.6,0,0.0,2024.24,4,5348.05,2024-07-14,N
L0001817,691,Branch,18103.86,0,0.0,3793.39,3,5532.29,2023-05-23,N
L0001818,694,Branch,24814.12,0,0.0,6941.75,3,3690.38,2022-01-10,Y
L0001819,716,Online,5378.69,0,0.0,1857.54,2,11272.33,2022-05-10,Y
L0001820,681,Branch,22166.1,0,0.0,4050.46,1,13415.18,2024-01-31,Y
L0001821,620,Online,58387.33,0,0.0,25618.13,3,12171.33,2022-04-24,N
L0001822,745,Branch,52849.7,0,0.0,5799.21,3,12480.29,2022-11-17,Y
L0001823,742,Online,26933.3,0,0.0,467.93,4,6172.58,2026-01-28,N
L0001824,680,Broker,42168.59,0,0.0,10984.81,1,18164.07,2022-09-12,N
L0001825,698,Online,38821.37,0,0.0,12929.49,2,10710.71,2022-03-09,Y
L0001826,713,Broker,49946.86,0,0.0,8311.12,2,13909.26,2023-01-21,N
L0001827,678,Online,51429.05,0,0.0,14729.04,3,9548.88,2022-05-18,Y
L0001828,753,Online,43748.38,0,0.0,3054.62,1,0.0,2023-08-21,N
L0001829,672,Broker,13453.32,0,0.0,843.81,3,10381.71,2026-01-13,N
L0001830,620,Broker,34431.3,0,0.0,5325.55,1,16000.01,2025-01-05,Y
L0001831,598,Online,45473.26,0,0.0,6881.67,3,23559.08,2025-03-27,Y
L0001832,708,Branch,45368.51,0,0.0,2162.46,4,4276.01,2025-07-22,Y
L0001833,651,Broker,54809.73,0,0.0,1742.06,3,15611.08,2026-03-04,N
L0001834,721,Branch,13185.39,0,0.0,3165.57,3,4728.66,2021-09-15,Y
L0001835,685,Branch,54414.92,0,0.0,16542.59,2,2197.98,2021-11-10,N
L0001836,650,Branch,59663.05,0,0.0,14186.75,1,15568.7,2023-10-11,Y
L0001837,761,Broker,53421.62,0,0.0,3674.52,4,7013.91,2023-03-16,Y
L0001838,690,Branch,41121.0,0,0.0,5746.39,2,13029.7,2024-05-02,N
L0001839,723,Branch,28268.25,0,0.0,2296.76,2,13582.52,2024-09-06,N
L0001840,654,Broker,34801.14,0,0.0,3499.67,4,12968.83,2025-04-29,Y
L0001841,745,Online,10713.8,0,0.0,1660.21,4,0.0,2022-10-30,N
L0001842,672,Broker,8564.09,0,0.0,1928.0,4,18003.07,2023-11-27,Y
L0001843,668,Broker,13377.65,0,0.0,687.31,1,0.0,2025-11-18,
L0001844,574,Branch,14687.32,0,0.0,2784.4,1,24461.91,2025-03-31,N
L0001845,658,Online,10957.65,0,0.0,1473.54,3,15286.03,2025-02-21,Y
L0001846,765,Broker,55513.73,1,30413.1,-29729.95,2,12665.74,2026-01-14,Y
L0001847,739,Online,55885.04,0,0.0,2937.97,2,2405.96,2025-08-21,N
L0001848,692,Branch,59847.42,0,0.0,10515.18,4,18695.19,2023-08-13,N
L0001849,650,Broker,53614.12,0,0.0,18543.99,1,15386.02,2022-06-26,N
L0001850,-9999,Branch,34730.39,0,0.0,4493.48,1,3582.04,2022-06-21,Y
L0001851,708,Online,25676.27,0,0.0,6184.77,2,2701.5,2023-02-16,Y
L0001852,708,Broker,38487.58,0,0.0,10134.75,2,17055.81,2021-07-06,N
L0001853,667,Broker,27787.68,0,0.0,2262.32,2,21400.9,2025-08-22,N
L0001854,736,Branch,50123.02,0,0.0,8704.31,4,2746.04,2021-08-13,Y
L0001855,752,Branch,25426.29,0,0.0,2120.22,2,7159.22,2023-06-26,Y
L0001856,709,Online,25546.08,1,14184.29,-5247.46,3,6994.78,2021-10-03,N
L0001857,635,Online,11337.16,0,0.0,1045.98,1,4725.92,2025-10-14,Y
L0001858,598,Broker,41565.14,1,25236.07,-20979.07,4,21231.29,2025-08-20,Y
L0001859,698,Online,50939.99,1,20295.43,-18951.47,1,19973.95,2026-02-02,Y
L0001860,796,Online,59711.82,0,0.0,4898.97,2,2054.02,2022-08-28,Y
L0001861,834,Broker,19655.37,0,0.0,1629.8,1,2343.23,2022-12-27,Y
L0001862,745,Online,51668.44,0,0.0,3323.69,2,487.7,2024-03-31,Y
L0001863,601,Online,19889.61,0,0.0,1323.79,2,14522.09,2026-02-26,Y
L0001864,743,Branch,24168.44,0,0.0,1637.37,4,5872.58,2024-07-01,N
L0001865,668,Branch,6950.42,0,0.0,2567.03,3,17396.91,2022-01-03,Y
L0001866,700,Branch,57316.54,0,0.0,7889.16,1,5617.29,2024-02-04,Y
L0001867,639,Broker,30944.0,0,0.0,13285.76,4,6979.41,2021-11-06,Y
L0001868,754,Broker,57292.87,0,0.0,5311.69,1,12677.27,2022-10-27,N
L0001869,701,Broker,28563.75,1,10158.57,-8983.64,1,16442.97,2025-10-29,Y
L0001870,727,Branch,24941.32,0,0.0,2250.25,4,2527.5,2024-04-20,N
L0001871,722,Branch,45529.33,0,0.0,2747.76,1,4605.24,2025-03-11,N
L0001872,738,Online,21078.85,0,0.0,5613.2,4,3538.08,2021-08-15,Y
L0001873,692,Branch,51942.27,0,0.0,2607.09,1,14229.44,2025-09-20,N
L0001874,700,Online,46453.86,0,0.0,4138.93,2,7013.51,2025-04-10,Y
L0001875,700,Online,38533.99,0,0.0,2343.71,2,8199.75,2025-09-21,Y
L0001876,711,Online,42298.85,0,0.0,13029.98,1,10050.16,2022-01-12,Y
L0001877,652,Online,6108.92,1,2291.69,197.34,1,7445.79,2021-09-13,Y
L0001878,659,Branch,14595.68,1,7027.73,-1209.75,1,17622.62,2021-11-28,N
L0001879,787,Online,59396.14,0,0.0,3748.42,3,8546.8,2023-05-26,N
L0001880,792,Online,11397.5,0,0.0,971.8,4,7099.02,2023-03-30,Y
L0001881,708,Online,51684.93,0,0.0,13654.17,3,9824.78,2022-11-14,Y
L0001882,703,Online,32156.38,1,15029.32,-13638.38,2,17035.91,2026-02-12,Y
L0001883,671,Branch,43868.39,0,0.0,12412.87,1,14700.43,2022-09-17,Y
L0001884,788,Online,45009.11,0,0.0,4159.84,1,4963.74,2022-05-27,Y
L0001885,710,Broker,32623.71,0,0.0,4704.49,2,14960.49,2023-10-21,Y
L0001886,690,Branch,37094.56,1,21818.86,-14380.62,4,21664.06,2023-05-19,N
L0001887,631,Branch,54196.16,0,0.0,14318.66,1,18174.03,2023-10-14,Y
L0001888,578,Broker,25414.0,1,19382.03,-10778.95,1,19415.96,2023-11-10,N
L0001889,621,Broker,13745.95,0,0.0,3262.14,2,16962.15,2024-04-23,N
L0001890,747,Broker,35041.88,0,0.0,2902.97,4,10892.37,2023-10-31,N
L0001891,606,Broker,41497.87,1,25810.22,-9303.96,2,24312.0,2022-12-05,Y
L0001892,715,Online,30612.99,1,11678.65,-7649.0,4,17895.15,2024-09-27,Y
L0001893,673,Broker,23744.91,0,0.0,1106.91,2,18848.55,2025-12-02,Y
L0001894,746,Branch,49585.43,0,0.0,1033.53,2,1936.28,2025-11-21,N
L0001895,717,Broker,31745.09,0,0.0,5351.26,2,6547.38,2022-11-13,N
L0001896,595,Broker,31725.44,1,24098.59,-7617.36,4,21728.78,2022-02-07,N
L0001897,794,Online,49128.76,0,0.0,4022.39,3,8616.87,2022-11-01,Y
L0001898,687,Online,56405.8,0,0.0,8922.11,1,10376.49,2024-08-09,Y
L0001899,677,Branch,59124.17,0,0.0,18969.84,4,10294.16,2021-12-06,N
L0001900,-9999,Branch,31931.34,0,0.0,10348.41,4,12925.49,2021-08-26,N
L0001901,632,Broker,51084.16,0,0.0,3470.88,2,7751.32,2025-10-24,Y
L0001902,730,Broker,26058.07,0,0.0,2213.04,2,9304.18,2024-10-19,N
L0001903,772,Broker,19794.17,0,0.0,837.87,1,8845.61,2025-01-31,N
L0001904,779,Branch,59036.33,0,0.0,2765.16,4,4080.92,2024-07-20,N
L0001905,706,Broker,54418.4,0,0.0,5500.26,4,11503.61,2024-08-23,N
L0001906,717,Branch,7519.57,0,0.0,1797.43,3,8564.87,2022-02-24,Y
L0001907,779,Online,24427.93,0,0.0,2473.05,4,13090.4,2021-07-14,N
L0001908,687,Branch,19966.48,0,0.0,3905.69,2,13524.99,2023-08-06,Y
L0001909,705,Branch,10309.54,0,0.0,2451.45,3,10908.9,2022-09-19,Y
L0001910,705,Branch,52144.93,0,0.0,8560.84,2,22984.87,2023-05-17,N
L0001911,733,Broker,54441.26,0,0.0,5902.02,3,10860.86,2023-07-24,Y
L0001912,676,Branch,55524.46,0,0.0,7068.45,4,886.71,2024-09-12,N
L0001913,698,Online,12532.18,0,0.0,2514.64,4,11260.54,2023-11-20,Y
L0001914,704,Branch,40483.68,0,0.0,5612.88,4,2906.05,2024-01-31,Y
L0001915,635,Online,54534.57,0,0.0,19776.92,1,7193.04,2022-09-15,N
L0001916,701,Online,25606.89,0,0.0,5552.45,3,6340.27,2023-09-14,N
L0001917,746,Branch,56154.02,0,0.0,4151.33,1,5449.04,2024-03-11,Y
L0001918,668,Branch,6409.15,0,0.0,1374.48,3,12246.45,2024-08-19,N
L0001919,670,Online,29148.23,0,0.0,1554.9,4,7997.71,2025-10-11,Y
L0001920,659,Branch,36428.77,0,0.0,8373.08,2,7521.85,2023-08-03,N
L0001921,645,Broker,9190.44,0,0.0,4084.06,1,14237.59,2021-08-21,Y
L0001922,713,Branch,41776.87,0,0.0,1649.91,3,8439.55,2025-09-12,N
L0001923,669,Broker,47490.62,0,0.0,14953.9,1,16784.08,2022-04-24,Y
L0001924,756,Online,52286.03,0,0.0,4482.24,2,4614.46,2022-11-10,Y
L0001925,674,Broker,55358.31,0,0.0,8210.63,1,16388.01,2024-06-01,N
L0001926,737,Branch,7810.22,0,0.0,873.41,4,10891.61,2023-11-02,Y
L0001927,743,Broker,18296.16,0,0.0,2127.43,1,10521.6,2022-08-15,Y
L0001928,690,Branch,31772.69,0,0.0,6463.06,2,5576.95,2023-03-18,Y
L0001929,770,Online,53083.67,0,0.0,3165.77,3,6691.55,2023-11-12,Y
L0001930,692,Branch,30585.73,0,0.0,3394.65,3,9021.82,2024-09-21,N
L0001931,631,Online,43444.85,0,0.0,3459.13,1,22597.57,2025-09-02,Y
L0001932,689,Broker,8274.95,0,0.0,1652.26,4,11098.45,2023-12-02,Y
L0001933,713,Broker,18874.54,1,8765.23,-4034.12,1,11085.68,2021-10-04,Y
L0001934,693,Branch,57939.68,0,0.0,1792.76,1,7032.39,2025-12-24,Y
L0001935,639,Online,16855.24,0,0.0,4527.52,1,20015.68,2023-10-19,Y
L0001936,740,Online,49897.23,0,0.0,6151.56,2,0.0,2022-09-06,N
L0001937,629,Online,38819.12,0,0.0,1982.0,3,25774.02,2025-12-18,N
L0001938,717,Online,33762.91,0,0.0,10677.45,2,4458.4,2021-11-04,N
L0001939,636,Online,15876.86,1,5765.95,-2243.27,4,14389.43,2024-04-01,N
L0001940,643,Broker,24407.36,0,0.0,8809.18,1,10618.12,2022-06-13,
L0001941,734,Online,15558.0,0,0.0,1952.57,3,11535.55,2024-07-11,Y
L0001942,718,Broker,30264.13,0,0.0,5470.05,4,12124.23,2022-08-11,N
L0001943,690,Broker,37887.14,0,0.0,10437.89,3,16331.91,2022-01-10,N
L0001944,724,Broker,5821.59,0,0.0,552.57,1,15975.11,2025-11-24,N
L0001945,710,Broker,31682.96,0,0.0,7092.27,2,19359.75,2022-02-07,N
L0001946,763,Broker,22631.76,0,0.0,1124.12,3,5147.39,2025-03-06,Y
L0001947,706,Broker,38211.92,0,0.0,9331.48,1,21835.71,2021-12-21,N
L0001948,640,Online,57303.79,0,0.0,23383.62,3,1740.71,2022-02-27,Y
L0001949,713,Broker,33346.73,0,0.0,5517.72,3,18982.87,2023-03-15,Y
L0001950,-9999,Online,21946.84,0,0.0,3082.73,2,6507.1,2025-02-26,N
L0001951,744,Online,15310.49,0,0.0,798.07,3,14650.39,2024-10-01,Y
L0001952,754,Online,14589.21,0,0.0,1812.09,3,0.0,2022-04-30,N
L0001953,660,Online,19641.54,0,0.0,3488.82,2,3787.34,2024-07-14,N
L0001954,585,Broker,48504.58,0,0.0,4965.71,4,6501.41,2025-09-19,Y
L0001955,719,Broker,58120.77,0,0.0,11881.3,1,13113.68,2021-12-26,Y
L0001956,730,Online,9354.23,0,0.0,1461.37,2,15834.68,2023-11-02,Y
L0001957,728,Online,44350.52,0,0.0,10663.38,2,15902.22,2022-08-11,Y
L0001958,708,Branch,52382.09,0,0.0,11998.2,3,10633.06,2022-03-19,Y
L0001959,752,Branch,57028.5,0,0.0,4149.13,3,7954.97,2023-10-09,N
L0001960,705,Broker,52276.19,0,0.0,6249.48,1,6930.8,2024-05-02,N
L0001961,669,Broker,38917.7,0,0.0,9971.57,3,22918.88,2023-01-09,Y
L0001962,678,Branch,38889.89,0,0.0,11651.65,4,9307.72,2022-04-08,Y
L0001963,689,Broker,37990.44,0,0.0,9927.87,2,11986.29,2022-05-02,N
L0001964,736,Online,16538.81,0,0.0,1495.57,4,13963.96,2025-01-15,Y
L0001965,791,Branch,20934.18,0,0.0,1896.27,3,7583.11,2023-01-16,N
L0001966,662,Branch,5321.19,1,2977.51,-1360.0,4,12389.51,2023-09-18,Y
L0001967,737,Online,56747.0,0,0.0,7869.97,2,13420.6,2023-12-22,Y
L0001968,758,Online,56528.35,0,0.0,5536.89,1,6506.63,2022-02-06,N
L0001969,688,Broker,14869.56,0,0.0,2703.44,1,13479.03,2023-11-18,N
L0001970,671,Online,12669.58,0,0.0,3321.75,2,22210.86,2023-01-31,N
L0001971,710,Online,57252.63,0,0.0,17781.36,4,8771.46,2022-01-09,N
L0001972,669,Branch,8349.15,1,3039.2,-2099.87,2,20774.89,2025-06-23,Y
L0001973,725,Branch,7457.42,0,0.0,1566.61,2,13848.63,2023-03-06,N
L0001974,680,Online,43108.5,0,0.0,9377.54,1,9510.15,2024-01-30,Y
L0001975,735,Broker,30697.17,0,0.0,2953.29,2,2624.52,2024-03-03,Y
L0001976,654,Broker,23786.23,0,0.0,5577.53,3,7417.75,2023-10-06,N
L0001977,720,Online,41570.29,0,0.0,3673.23,4,11888.33,2025-04-19,N
L0001978,682,Broker,34126.51,0,0.0,9855.13,3,20173.12,2022-05-26,Y
L0001979,810,Branch,21265.78,0,0.0,231.18,2,2295.95,2026-01-24,N
L0001980,694,Broker,57524.75,0,0.0,9170.5,3,10648.64,2023-10-16,Y
L0001981,674,Broker,14757.2,0,0.0,1239.86,2,0.0,2025-06-04,N
L0001982,804,Branch,47760.66,0,0.0,2722.63,4,0.0,2023-12-17,N
L0001983,584,Online,42293.98,0,0.0,17936.57,4,33146.68,2023-02-04,N
L0001984,686,Broker,58299.85,0,0.0,8864.48,1,10404.82,2024-02-25,Y
L0001985,643,Online,18494.31,1,9180.46,-2304.06,3,15653.52,2022-08-08,Y
L0001986,675,Broker,33328.42,0,0.0,9800.17,2,21585.13,2022-05-29,N
L0001987,796,Online,21397.24,0,0.0,655.24,3,7676.27,2025-03-29,Y
L0001988,756,Broker,35580.71,0,0.0,2916.54,1,4782.02,2023-02-19,Y
L0001989,662,Broker,8961.66,0,0.0,2127.54,1,12670.19,2023-09-05,Y
L0001990,725,Broker,17996.27,0,0.0,995.59,3,5972.03,2025-02-13,Y
L0001991,683,Online,20499.84,0,0.0,2213.17,1,20400.28,2025-04-02,N
L0001992,682,Online,19422.85,0,0.0,5919.2,4,14075.99,2023-03-03,N
L0001993,613,Broker,10458.12,0,0.0,5030.87,1,38852.02,2022-01-14,N
L0001994,703,Branch,27477.22,1,17845.33,-10631.26,3,24306.25,2021-11-24,N
L0001995,629,Online,19267.42,0,0.0,9421.76,4,19907.02,2021-08-19,N
L0001996,678,Online,27434.29,1,21694.81,-17642.51,3,19109.06,2024-06-16,Y
L0001997,648,Broker,53247.24,0,0.0,17868.75,3,26626.91,2022-08-17,Y
L0001998,660,Branch,9916.62,0,0.0,3191.82,1,12034.49,2022-10-26,Y
L0001999,728,Broker,58905.62,0,0.0,3578.13,4,3852.84,2024-12-05,N
L0002000,-9999,Branch,37461.63,0,0.0,4306.02,4,4696.86,2024-05-19,Y
L0002001,696,Branch,24386.35,0,0.0,5451.84,4,12999.78,2022-10-13,N
L0002002,717,Online,22745.39,0,0.0,6995.52,3,11123.74,2021-12-13,N
L0002003,735,Branch,12669.06,0,0.0,2041.62,3,8340.11,2022-01-10,N
L0002004,799,Broker,35066.96,0,0.0,1915.51,1,3673.28,2024-03-28,Y
L0002005,787,Broker,9457.77,1,5262.96,-4965.45,2,6109.25,2024-12-05,N
L0002006,668,Branch,22533.96,0,0.0,1813.32,4,12861.03,2025-09-01,Y
L0002007,746,Branch,53806.84,0,0.0,3955.27,3,9424.14,2024-03-24,N
L0002008,686,Broker,49793.99,0,0.0,2138.45,2,15487.69,2025-12-01,N
L0002009,719,Broker,33681.89,0,0.0,3376.02,4,12527.66,2024-05-23,N
L0002010,685,Online,8562.23,0,0.0,1108.01,2,7324.97,2025-03-03,N
L0002011,655,Broker,30367.67,0,0.0,4976.35,1,28695.49,2024-09-10,N
L0002012,615,Online,52969.14,0,0.0,25158.32,1,14555.46,2022-02-17,N
L0002013,810,Branch,9567.86,0,0.0,989.09,4,4153.54,2023-03-08,Y
L0002014,675,Branch,12339.65,0,0.0,4225.59,3,13414.18,2021-12-01,Y
L0002015,643,Online,16400.83,0,0.0,4477.5,2,7395.84,2023-08-07,Y
L0002016,644,Branch,37685.73,1,20998.75,-10805.32,4,17660.53,2023-07-09,N
L0002017,691,Online,57056.68,0,0.0,10524.58,3,10501.61,2024-03-15,Y
L0002018,741,Online,38048.35,0,0.0,3332.65,2,4554.29,2023-09-10,Y
L0002019,781,Branch,8282.62,1,5650.06,-4793.35,4,10524.19,2024-11-17,Y
L0002020,751,Broker,18798.6,0,0.0,2180.07,3,9721.37,2022-01-25,N
L0002021,760,Online,48674.9,0,0.0,339.77,3,3868.55,2026-02-17,Y
L0002022,686,Online,29290.88,0,0.0,1875.52,4,20847.22,2025-09-04,N
L0002023,708,Online,57474.56,0,0.0,17187.76,1,9710.01,2022-04-28,N
L0002024,721,Branch,52844.6,0,0.0,7208.34,4,10527.85,2023-05-18,N
L0002025,717,Broker,46195.84,0,0.0,8384.66,4,15564.33,2022-09-05,N
L0002026,690,Broker,26642.66,0,0.0,1566.91,1,16546.68,2025-10-11,N
L0002027,721,Branch,54174.18,0,0.0,5525.62,2,10124.43,2024-04-01,N
L0002028,729,Broker,9347.93,0,0.0,2219.47,4,5751.37,2021-12-28,N
L0002029,682,Broker,41311.93,0,0.0,12931.56,1,27531.74,2021-12-06,N
L0002030,739,Broker,5614.07,0,0.0,452.45,2,11370.64,2025-06-09,Y
L0002031,730,Online,44327.38,0,0.0,11371.22,3,5803.73,2022-02-18,N
L0002032,645,Broker,59692.54,0,0.0,20958.09,4,14403.34,2022-07-23,Y
L0002033,730,Branch,8611.53,0,0.0,558.93,2,3690.97,2025-01-05,Y
L0002034,743,Broker,57491.73,0,0.0,3543.7,1,10831.22,2024-08-11,Y
L0002035,668,Broker,13563.38,0,0.0,676.64,2,7199.86,2026-02-27,N
L0002036,679,Online,38754.89,0,0.0,8053.98,4,9504.95,2023-08-12,N
L0002037,759,Broker,45041.74,0,0.0,3463.0,1,11926.5,2023-03-11,
L0002038,701,Broker,48594.97,0,0.0,10320.36,1,10972.11,2022-08-26,N
L0002039,761,Online,9824.29,0,0.0,1085.73,3,12284.17,2023-01-30,N
L0002040,816,Broker,32753.43,0,0.0,1740.98,4,5427.87,2024-04-28,Y
L0002041,846,Online,44282.66,0,0.0,2660.0,3,4138.19,2024-02-11,Y
L0002042,745,Branch,9859.37,0,0.0,946.61,3,11910.31,2024-02-15,N
L0002043,706,Broker,51726.42,0,0.0,5240.64,3,7783.65,2024-08-26,Y
L0002044,586,Online,41399.18,1,24330.61,-3209.48,4,27188.04,2022-06-04,N
L0002045,705,Online,29077.25,0,0.0,2591.04,1,13831.61,2025-05-25,N
L0002046,597,Branch,22621.6,0,0.0,3543.55,2,14592.65,2025-04-26,N
L0002047,674,Branch,11338.57,0,0.0,1558.85,3,18743.96,2025-03-21,Y
L0002048,676,Branch,57639.76,0,0.0,9270.9,3,13671.5,2024-03-28,Y
L0002049,666,Broker,22651.86,0,0.0,7947.75,4,19633.28,2021-11-04,Y
L0002050,-9999,Branch,25904.21,0,0.0,1441.11,2,889.95,2024-04-30,N
L0002051,728,Online,14974.33,0,0.0,2962.99,4,12008.08,2023-10-28,Y
L0002052,752,Online,29624.34,0,0.0,3015.88,3,12522.2,2022-06-02,N
L0002053,773,Broker,35749.24,0,0.0,2974.22,2,5044.25,2023-01-04,Y
L0002054,652,Online,37889.22,0,0.0,14048.06,1,17980.19,2022-03-15,N
L0002055,663,Branch,53161.02,0,0.0,17151.87,2,11074.79,2022-06-29,Y
L0002056,654,Online,20231.87,0,0.0,5544.19,4,15167.81,2023-06-30,N
L0002057,723,Branch,26020.18,0,0.0,4421.5,4,10196.17,2022-12-15,N
L0002058,722,Broker,56467.54,0,0.0,4149.22,1,12255.81,2024-12-05,N
L0002059,720,Branch,8913.19,0,0.0,715.08,4,14026.43,2025-06-04,N
L0002060,662,Broker,5388.54,0,0.0,2129.06,1,4322.33,2022-07-05,Y
L0002061,634,Broker,51053.08,0,0.0,13092.66,3,18112.63,2023-10-03,N
L0002062,698,Broker,7772.12,0,0.0,2395.32,2,10387.33,2021-07-06,N
L0002063,611,Online,56863.45,0,0.0,25405.96,3,21387.0,2022-06-01,Y
L0002064,682,Online,11855.16,0,0.0,3780.47,4,6228.85,2023-03-11,Y
L0002065,668,Online,31749.17,0,0.0,11794.26,4,7125.58,2021-07-12,N
L0002066,811,Broker,21387.04,0,0.0,1876.21,4,7652.95,2023-06-18,N
L0002067,702,Online,8060.3,1,4279.15,-1172.18,3,26749.98,2022-02-23,Y
L0002068,799,Broker,46213.0,0,0.0,4014.84,2,6620.66,2022-03-03,N
L0002069,680,Broker,31275.97,0,0.0,7579.48,3,9317.99,2023-01-03,N
L0002070,822,Branch,47390.16,0,0.0,4593.72,1,3926.5,2021-11-03,Y
L0002071,629,Online,18389.47,0,0.0,7686.33,2,19338.66,2022-05-29,N
L0002072,718,Broker,50951.94,0,0.0,3406.8,4,8770.58,2025-03-12,N
L0002073,611,Online,50916.65,0,0.0,2983.94,2,25564.33,2025-12-04,N
L0002074,689,Broker,9997.65,0,0.0,2438.8,1,18469.18,2022-12-17,Y
L0002075,621,Broker,54326.79,0,0.0,21501.26,4,18824.93,2022-09-04,N
L0002076,775,Branch,55418.71,0,0.0,4144.97,1,10561.62,2022-10-11,Y
L0002077,671,Broker,19770.54,0,0.0,2934.86,4,19776.0,2024-08-10,N
L0002078,797,Broker,29616.07,0,0.0,683.35,3,6591.27,2025-08-26,N
L0002079,629,Broker,12453.22,0,0.0,3556.49,4,9515.6,2023-12-14,N
L0002080,687,Branch,27278.55,0,0.0,5512.11,1,3077.6,2023-04-22,N
L0002081,645,Branch,13378.19,0,0.0,5714.07,2,9563.84,2022-01-26,N
L0002082,749,Online,41504.13,0,0.0,5591.94,1,4436.78,2021-08-04,Y
L0002083,649,Branch,35054.99,0,0.0,2694.58,2,15207.03,2025-09-21,N
L0002084,745,Online,28577.92,0,0.0,4221.93,4,6295.1,2021-12-19,Y
L0002085,694,Online,59055.38,0,0.0,5659.04,3,15580.68,2025-04-30,N
L0002086,604,Online,34044.78,0,0.0,6765.45,1,14923.54,2024-10-24,N
L0002087,649,Branch,32211.22,0,0.0,10949.02,1,12051.82,2022-08-02,N
L0002088,771,Online,43125.65,0,0.0,2144.84,1,14952.69,2024-06-28,Y
L0002089,632,Branch,32485.28,0,0.0,14219.56,1,5195.77,2022-01-23,Y
L0002090,678,Branch,6190.45,0,0.0,1576.57,1,2985.96,2023-07-14,N
L0002091,655,Broker,21910.82,0,0.0,7214.23,3,15679.11,2022-08-04,Y
L0002092,755,Broker,32887.94,0,0.0,1950.07,3,8438.77,2024-07-02,Y
L0002093,734,Online,46471.75,1,27597.79,-16603.86,4,10969.51,2022-04-06,Y
L0002094,683,Branch,48209.77,0,0.0,11023.42,4,11167.45,2023-02-03,N
L0002095,717,Branch,47460.51,0,0.0,3236.78,3,14608.84,2025-01-28,N
L0002096,621,Broker,33873.71,0,0.0,8025.65,2,24283.35,2024-04-12,N
L0002097,688,Broker,9294.26,0,0.0,768.73,2,17144.81,2025-07-19,N
L0002098,658,Branch,23668.47,0,0.0,4865.84,1,3637.18,2024-02-24,N
L0002099,724,Broker,6965.31,0,0.0,646.86,1,8027.01,2024-12-24,Y
L0002100,-9999,Broker,51032.47,0,0.0,4131.29,1,12255.79,2025-04-26,N
L0002101,631,Branch,12099.56,0,0.0,3849.19,4,9467.67,2023-04-17,Y
L0002102,710,Branch,16515.02,1,9344.18,-7814.73,4,15316.86,2025-03-20,N
L0002103,643,Branch,9552.8,0,0.0,2534.71,4,22513.72,2023-07-10,Y
L0002104,674,Broker,49873.84,0,0.0,3516.44,1,5703.79,2025-07-21,N
L0002105,853,Branch,37360.5,0,0.0,2008.26,1,2047.27,2023-11-18,N
L0002106,698,Branch,58117.32,0,0.0,15402.81,2,12596.02,2021-12-12,N
L0002107,603,Online,5060.42,1,3137.68,-2419.8,1,20307.09,2025-03-31,N
L0002108,702,Branch,39299.43,0,0.0,6462.98,4,6191.85,2023-09-06,N
L0002109,647,Broker,49204.53,0,0.0,19028.7,1,21003.31,2022-02-06,Y
L0002110,706,Branch,58267.67,0,0.0,8501.72,3,16353.84,2023-10-13,N
L0002111,679,Branch,40299.58,0,0.0,12572.55,1,10477.23,2022-01-16,Y
L0002112,723,Broker,34362.99,0,0.0,1321.31,2,13284.56,2025-12-08,N
L0002113,695,Branch,50857.92,0,0.0,11081.19,1,8267.46,2022-11-25,N
L0002114,753,Online,47933.91,0,0.0,5194.43,1,13994.83,2022-02-06,N
L0002115,732,Branch,49514.91,0,0.0,2180.33,3,10008.05,2025-05-12,N
L0002116,640,Online,24224.8,1,14194.29,-12335.07,3,10719.12,2025-09-15,N
L0002117,714,Online,37946.72,0,0.0,7043.14,1,16149.23,2023-10-21,N
L0002118,678,Online,7784.62,1,2776.75,-473.23,1,19289.43,2022-08-04,Y
L0002119,656,Branch,8319.98,1,3147.52,-2221.68,1,10859.69,2025-07-02,Y
L0002120,652,Broker,10055.78,0,0.0,1314.57,2,4188.68,2024-12-23,N
L0002121,854,Broker,39991.1,0,0.0,547.07,3,5003.03,2025-12-05,Y
L0002122,768,Broker,22706.67,0,0.0,1839.26,3,18462.69,2022-09-16,Y
L0002123,716,Branch,26142.06,0,0.0,1311.36,3,9277.12,2025-08-22,N
L0002124,637,Branch,12973.92,0,0.0,3472.27,2,11681.23,2023-11-03,Y
L0002125,689,Online,47020.96,0,0.0,15544.75,2,16183.94,2022-06-21,Y
L0002126,768,Branch,48683.47,0,0.0,1075.75,2,8588.75,2025-08-19,N
L0002127,709,Branch,59956.41,0,0.0,7536.71,4,17059.86,2024-01-24,N
L0002128,841,Broker,21221.89,0,0.0,2195.95,1,4076.48,2021-11-03,Y
L0002129,695,Branch,54760.21,0,0.0,6223.9,2,8583.44,2024-07-25,N
L0002130,657,Branch,22787.42,0,0.0,6286.64,2,2684.34,2023-03-15,N
L0002131,775,Branch,38094.99,0,0.0,351.19,2,4816.41,2026-03-11,Y
L0002132,766,Broker,23006.14,0,0.0,938.62,3,10625.2,2025-04-14,Y
L0002133,774,Broker,16893.55,0,0.0,1613.88,3,11977.29,2023-02-02,Y
L0002134,670,Broker,23158.62,0,0.0,1332.03,2,8538.75,2025-11-22,
L0002135,767,Online,9168.14,0,0.0,398.92,3,4959.72,2024-08-28,Y
L0002136,788,Broker,42341.39,0,0.0,576.33,1,6948.04,2025-12-14,N
L0002137,722,Branch,48183.14,0,0.0,7568.11,2,16639.13,2022-11-07,Y
L0002138,666,Online,32579.35,0,0.0,5430.71,3,15542.88,2024-06-10,Y
L0002139,725,Broker,15744.26,0,0.0,537.92,2,3188.54,2025-12-07,Y
L0002140,774,Branch,56011.47,0,0.0,2406.49,2,7874.13,2024-06-17,Y
L0002141,630,Online,26526.02,0,0.0,8621.44,4,23976.56,2023-04-07,N
L0002142,713,Online,22232.82,0,0.0,1268.19,3,8176.78,2025-09-12,N
L0002143,730,Broker,27726.18,0,0.0,798.6,3,0.0,2025-11-06,N
L0002144,621,Online,18900.05,0,0.0,5969.06,4,28026.64,2023-06-10,N
L0002145,659,Branch,7713.13,0,0.0,2167.53,4,19552.18,2023-01-12,N
L0002146,671,Branch,22825.72,0,0.0,4471.34,3,12194.3,2024-02-25,Y
L0002147,660,Branch,39553.23,0,0.0,1460.91,1,24502.73,2026-02-22,N
L0002148,710,Online,15211.6,0,0.0,4307.49,2,11906.58,2022-10-17,Y
L0002149,715,Branch,6024.19,0,0.0,1267.7,2,5540.31,2022-06-08,N
L0002150,-9999,Online,49104.37,0,0.0,9241.15,2,11249.06,2023-04-01,N
L0002151,649,Broker,33138.76,0,0.0,6034.56,4,13839.6,2024-06-23,N
L0002152,559,Branch,13040.38,0,0.0,695.89,2,29659.75,2026-03-26,Y
L0002153,767,Branch,13110.08,0,0.0,427.28,2,3966.18,2025-10-21,N
L0002154,629,Branch,50860.42,0,0.0,23368.29,4,15600.59,2021-11-14,N
L0002155,637,Broker,15606.54,0,0.0,4279.12,1,10749.32,2023-07-18,Y
L0002156,686,Branch,26479.19,0,0.0,1571.87,1,13608.03,2025-11-08,Y
L0002157,794,Online,38985.95,0,0.0,3188.27,1,9659.48,2022-10-12,N
L0002158,645,Online,59983.86,0,0.0,18760.13,3,6546.23,2022-12-15,N
L0002159,709,Broker,6727.94,0,0.0,1552.65,2,16469.78,2022-03-24,N
L0002160,656,Branch,46226.32,1,34505.67,-30414.47,1,15491.69,2025-07-08,Y
L0002161,781,Online,13184.46,0,0.0,517.31,1,12154.32,2024-08-01,N
L0002162,746,Online,31386.63,0,0.0,1995.38,3,4316.4,2024-06-10,N
L0002163,617,Online,27905.8,0,0.0,2801.78,1,2049.49,2025-08-04,Y
L0002164,656,Online,10106.0,0,0.0,952.42,3,25576.44,2025-11-15,N
L0002165,651,Online,14789.24,0,0.0,5143.29,2,15002.03,2022-07-31,N
L0002166,657,Broker,46782.23,0,0.0,15808.24,2,17861.9,2022-06-06,Y
L0002167,721,Branch,32563.56,0,0.0,6661.67,4,13839.69,2022-02-07,N
L0002168,665,Online,51981.65,1,27021.87,-18595.39,3,10775.25,2024-06-28,Y
L0002169,750,Branch,38076.77,1,13108.98,-8661.14,4,0.0,2022-07-11,Y
L0002170,682,Branch,52797.76,0,0.0,10512.49,2,4259.62,2023-07-07,Y
L0002171,734,Online,37658.51,0,0.0,6850.25,4,17141.01,2023-04-17,Y
L0002172,643,Online,51846.63,0,0.0,7467.88,2,14038.15,2024-11-14,Y
L0002173,749,Broker,56776.28,0,0.0,5788.94,3,7780.84,2022-09-07,N
L0002174,734,Branch,10195.59,0,0.0,1541.69,2,9512.86,2023-07-24,N
L0002175,646,Branch,20863.79,0,0.0,1016.1,1,17225.02,2026-02-07,Y
L0002176,740,Branch,52428.95,0,0.0,6573.74,4,7054.62,2022-07-16,Y
L0002177,661,Branch,15595.52,0,0.0,797.48,2,23352.0,2025-11-12,N
L0002178,662,Online,41913.01,0,0.0,15168.4,1,5548.06,2021-12-25,Y
L0002179,596,Broker,59345.65,0,0.0,18706.8,3,23009.44,2023-11-08,N
L0002180,735,Broker,59303.28,0,0.0,7984.92,3,6262.12,2022-09-17,N
L0002181,658,Online,5051.51,0,0.0,867.51,3,27671.42,2025-06-14,Y
L0002182,783,Online,44935.41,0,0.0,3548.18,3,4928.93,2023-02-14,N
L0002183,729,Online,35083.66,0,0.0,9633.91,4,11863.85,2021-10-16,N
L0002184,767,Broker,21569.6,0,0.0,1515.95,1,13995.83,2023-05-22,N
L0002185,680,Online,31308.45,0,0.0,5025.81,4,18777.94,2024-09-04,Y
L0002186,718,Branch,26956.23,0,0.0,3483.03,4,13004.21,2023-12-16,N
L0002187,715,Broker,23135.74,0,0.0,3032.23,2,6057.35,2023-10-01,N
L0002188,706,Online,55723.02,0,0.0,2450.57,4,5018.04,2025-12-23,Y
L0002189,623,Online,16749.87,0,0.0,8002.91,2,28339.63,2022-01-24,N
L0002190,700,Online,59405.15,0,0.0,20802.34,4,0.0,2021-12-04,Y
L0002191,620,Broker,45420.4,0,0.0,8062.79,3,0.0,2024-11-06,N
L0002192,797,Branch,36393.56,0,0.0,1189.97,1,8458.57,2025-07-27,Y
L0002193,646,Branch,57031.07,0,0.0,15014.59,3,15958.38,2023-07-25,N
L0002194,665,Online,34250.16,0,0.0,4986.87,1,22346.22,2024-10-26,N
L0002195,709,Online,20359.39,0,0.0,1825.96,1,9146.34,2025-03-21,N
L0002196,726,Online,24862.09,0,0.0,3963.06,4,13982.66,2024-01-18,Y
L0002197,777,Broker,13421.5,0,0.0,902.03,2,8791.91,2023-09-06,Y
L0002198,675,Broker,13308.63,0,0.0,4868.04,3,14890.92,2021-10-17,Y
L0002199,672,Online,40993.38,0,0.0,14526.49,4,17464.44,2021-10-29,Y
L0002200,-9999,Branch,40371.58,0,0.0,2510.47,3,13635.28,2025-11-12,Y
L0002201,731,Branch,42025.61,0,0.0,5469.49,3,11175.89,2023-01-01,Y
L0002202,727,Online,24146.88,0,0.0,6555.24,3,1325.97,2022-02-16,N
L0002203,739,Online,50138.86,0,0.0,8087.29,4,6137.41,2023-06-05,Y
L0002204,685,Online,49053.7,0,0.0,4100.36,2,11961.07,2025-07-04,N
L0002205,653,Broker,16771.78,0,0.0,5014.16,4,11496.06,2022-12-04,N
L0002206,669,Broker,42930.87,0,0.0,11114.89,2,6093.7,2023-02-28,N
L0002207,725,Broker,32848.57,0,0.0,5790.56,2,12725.9,2022-06-17,Y
L0002208,698,Branch,24280.64,0,0.0,7164.33,4,14480.68,2021-09-26,Y
L0002209,661,Online,48531.46,1,37727.17,-20139.0,4,18459.22,2021-12-29,Y
L0002210,711,Online,22761.97,0,0.0,1075.52,2,8014.03,2026-02-19,N
L0002211,795,Online,45130.38,0,0.0,2428.94,1,8072.49,2024-04-20,N
L0002212,702,Broker,27859.3,0,0.0,1496.37,2,7840.88,2025-08-26,N
L0002213,703,Branch,36570.4,0,0.0,2706.23,4,13185.76,2025-02-11,N
L0002214,767,Online,54147.38,0,0.0,2019.0,4,5436.47,2024-10-12,N
L0002215,605,Broker,38567.98,0,0.0,21065.01,1,22532.45,2021-08-19,Y
L0002216,685,Online,53456.71,0,0.0,20367.91,3,10987.18,2022-01-11,Y
L0002217,750,Branch,44680.95,1,32071.95,-26504.76,1,12165.76,2022-02-24,N
L0002218,644,Online,39353.83,0,0.0,12911.56,1,5887.46,2022-12-09,N
L0002219,696,Online,47093.44,1,33095.08,-24024.27,3,17283.77,2024-02-20,Y
L0002220,709,Online,55189.01,0,0.0,8774.83,1,6478.89,2024-04-06,N
L0002221,739,Branch,26286.0,0,0.0,2749.94,3,13386.05,2023-04-04,Y
L0002222,645,Broker,35756.85,0,0.0,4573.29,2,13030.41,2025-01-24,Y
L0002223,707,Branch,58962.71,0,0.0,12490.58,1,23413.92,2022-05-14,Y
L0002224,803,Branch,19970.21,0,0.0,644.67,3,6792.81,2026-01-02,N
L0002225,743,Online,34986.09,0,0.0,2692.59,2,13381.33,2024-02-20,N
L0002226,737,Branch,51540.47,0,0.0,5347.94,3,7537.59,2023-06-29,Y
L0002227,675,Online,33130.11,0,0.0,3536.18,2,15603.81,2025-01-28,Y
L0002228,689,Online,10010.28,0,0.0,3897.82,4,8274.98,2022-04-28,N
L0002229,625,Branch,35499.42,0,0.0,8146.51,1,13700.2,2024-04-15,Y
L0002230,714,Broker,18385.47,0,0.0,1672.24,2,6392.57,2025-02-12,N
L0002231,679,Branch,14885.93,0,0.0,933.16,4,8176.12,2025-12-05,
L0002232,637,Branch,49765.7,0,0.0,13820.15,3,4254.49,2023-07-04,N
L0002233,695,Broker,9616.03,0,0.0,3114.32,1,22755.53,2021-09-24,N
L0002234,713,Broker,19658.63,0,0.0,2011.13,2,18655.94,2024-12-18,N
L0002235,603,Branch,13820.28,0,0.0,5354.1,4,29569.85,2023-03-25,N
L0002236,666,Branch,19335.67,0,0.0,6208.05,2,10286.05,2022-06-23,Y
L0002237,605,Online,10515.56,0,0.0,5268.12,3,21254.46,2022-01-10,N
L0002238,723,Online,41627.03,0,0.0,3923.65,3,11777.52,2025-01-07,N
L0002239,633,Broker,53729.17,0,0.0,21360.65,4,6385.57,2022-05-25,N
L0002240,730,Online,14355.56,1,11449.43,-8854.05,3,5716.06,2023-11-12,Y
L0002241,713,Branch,47552.19,0,0.0,10513.99,2,16427.44,2022-01-27,N
L0002242,672,Branch,49840.64,0,0.0,10477.28,1,12014.73,2023-08-15,Y
L0002243,683,Branch,53808.37,0,0.0,6533.72,3,10926.14,2024-09-22,N
L0002244,702,Broker,7569.81,0,0.0,2193.8,3,14994.16,2021-10-11,Y
L0002245,746,Online,24372.04,0,0.0,685.85,2,9972.96,2025-12-27,N
L0002246,655,Broker,27301.3,0,0.0,4052.62,2,12561.67,2024-10-18,Y
L0002247,687,Online,7035.24,0,0.0,2238.72,2,12603.68,2022-09-30,N
L0002248,739,Branch,31070.58,0,0.0,3649.5,2,12593.64,2023-03-23,N
L0002249,608,Branch,47694.69,1,21648.27,-3712.0,4,22531.68,2023-02-10,N
L0002250,-9999,Broker,11112.94,0,0.0,1801.07,2,11176.5,2022-12-05,N
L0002251,614,Broker,20290.03,1,7375.0,-3836.87,4,17589.82,2025-01-18,Y
L0002252,746,Branch,55752.71,0,0.0,8259.84,3,15132.8,2021-07-15,N
L0002253,729,Online,45971.06,0,0.0,6693.26,4,4480.85,2024-01-14,Y
L0002254,732,Branch,48661.81,0,0.0,7995.69,3,10287.67,2022-02-21,Y
L0002255,730,Broker,17254.16,0,0.0,516.5,2,8453.15,2026-02-14,N
L0002256,777,Branch,6155.76,0,0.0,617.93,1,9699.92,2025-08-02,N
L0002257,639,Broker,51571.13,0,0.0,14893.27,1,12914.7,2023-06-04,N
L0002258,770,Online,57672.26,0,0.0,3967.1,2,8030.81,2023-06-11,Y
L0002259,631,Broker,6146.84,1,3292.96,-153.83,4,20221.8,2022-03-24,Y
L0002260,683,Broker,45764.83,1,36391.36,-31207.06,4,6774.3,2024-11-03,Y
L0002261,657,Online,27763.64,1,17441.97,-13164.58,4,13820.6,2024-08-04,Y
L0002262,642,Branch,21612.41,0,0.0,4123.26,2,15279.1,2024-08-17,N
L0002263,582,Online,40318.31,0,0.0,19171.77,2,15043.84,2022-10-04,Y
L0002264,786,Branch,59632.97,0,0.0,1957.46,2,9100.34,2025-04-16,Y
L0002265,727,Online,10760.7,0,0.0,2843.51,2,14013.58,2022-03-03,N
L0002266,650,Branch,56294.12,0,0.0,5358.19,4,5309.45,2025-05-26,Y
L0002267,639,Broker,50748.99,0,0.0,16594.61,1,22570.13,2022-12-02,Y
L0002268,685,Online,25155.35,0,0.0,5055.75,1,17025.42,2024-03-25,N
L0002269,717,Branch,11988.97,0,0.0,987.86,1,6914.9,2025-03-07,Y
L0002270,707,Branch,57146.29,0,0.0,1972.76,2,10579.69,2025-12-08,Y
L0002271,679,Broker,47517.55,0,0.0,7399.09,3,9501.07,2024-03-24,Y
L0002272,692,Broker,45879.34,0,0.0,7409.71,1,13438.17,2023-11-15,Y
L0002273,715,Branch,32356.48,0,0.0,6749.74,4,9537.63,2022-04-05,N
L0002274,738,Branch,5576.91,0,0.0,1045.17,2,4316.52,2021-07-03,Y
L0002275,704,Branch,57556.18,0,0.0,9690.96,2,6747.4,2023-05-27,N
L0002276,676,Branch,54800.3,0,0.0,11344.66,4,5813.8,2023-07-01,N
L0002277,583,Broker,10755.81,0,0.0,5918.46,1,12259.03,2022-04-09,N
L0002278,710,Online,46072.23,0,0.0,5982.49,2,12013.3,2024-08-23,N
L0002279,708,Broker,33065.63,0,0.0,3151.98,3,17439.53,2024-09-20,Y
L0002280,787,Broker,8256.1,0,0.0,436.59,1,9405.99,2025-01-02,N
L0002281,778,Broker,48948.76,1,25461.0,-23107.03,2,11600.44,2024-04-18,Y
L0002282,688,Online,23101.81,0,0.0,6686.07,4,8690.19,2023-01-12,N
L0002283,762,Broker,58883.64,0,0.0,5023.17,2,10218.5,2022-04-09,Y
L0002284,693,Broker,14052.03,0,0.0,1912.56,4,13751.31,2024-10-24,Y
L0002285,503,Broker,33868.3,0,0.0,29237.99,3,9055.45,2021-07-29,Y
L0002286,711,Broker,36125.69,0,0.0,8055.82,4,4530.6,2022-03-09,Y
L0002287,635,Broker,23477.13,0,0.0,2704.85,1,21073.27,2025-04-01,Y
L0002288,698,Online,7715.65,0,0.0,1949.4,2,11525.95,2023-11-12,N
L0002289,667,Broker,40534.75,1,19361.03,-17592.9,3,6073.06,2026-01-27,Y
L0002290,669,Broker,46708.23,0,0.0,8000.62,1,2614.69,2024-03-21,Y
L0002291,800,Online,35361.25,0,0.0,1690.31,3,4130.0,2024-11-06,N
L0002292,655,Online,13318.45,0,0.0,3895.78,4,16525.1,2023-03-13,N
L0002293,700,Broker,46932.64,0,0.0,2901.77,1,1513.38,2025-07-25,Y
L0002294,644,Broker,22070.55,0,0.0,9535.15,3,13962.75,2021-10-28,N
L0002295,673,Broker,48616.74,0,0.0,7317.66,3,13101.46,2024-06-18,N
L0002296,694,Online,12956.64,0,0.0,754.43,2,12223.71,2025-11-25,Y
L0002297,702,Online,33046.23,0,0.0,10723.69,1,15567.51,2022-03-14,N
L0002298,690,Online,50923.58,0,0.0,14356.8,1,25659.05,2023-02-26,Y
L0002299,771,Broker,6913.28,0,0.0,521.6,4,2864.07,2023-07-25,Y
L0002300,-9999,Online,30540.57,0,0.0,4234.04,4,17505.97,2024-05-05,N
L0002301,669,Broker,43834.5,0,0.0,13418.67,1,11698.39,2022-06-03,N
L0002302,584,Branch,45599.11,0,0.0,11077.5,2,19962.08,2024-07-30,N
L0002303,719,Online,35286.78,0,0.0,2744.0,1,13323.86,2025-06-07,Y
L0002304,635,Broker,31696.19,0,0.0,4261.42,4,11825.48,2025-02-15,Y
L0002305,634,Broker,45998.78,0,0.0,8094.81,2,26616.55,2024-09-16,Y
L0002306,641,Broker,45923.18,0,0.0,20775.57,2,13764.22,2021-08-26,N
L0002307,586,Broker,59257.09,1,44888.16,-30285.18,1,11855.88,2024-07-16,Y
L0002308,690,Branch,25730.3,0,0.0,1755.97,3,6687.14,2025-08-23,Y
L0002309,756,Broker,6835.11,0,0.0,576.83,1,10296.74,2025-01-11,N
L0002310,747,Broker,9885.19,0,0.0,315.95,3,9241.51,2025-10-24,N
L0002311,757,Branch,7898.0,0,0.0,1283.95,1,9523.2,2021-08-30,Y
L0002312,731,Online,41673.35,0,0.0,4351.03,2,8622.49,2024-09-24,Y
L0002313,682,Branch,39950.73,0,0.0,5134.38,1,10573.13,2024-09-23,N
L0002314,629,Broker,13371.09,0,0.0,6093.37,4,10727.08,2022-03-21,Y
L0002315,716,Broker,58778.17,0,0.0,7565.06,1,18754.65,2023-10-23,Y
L0002316,672,Branch,56072.89,0,0.0,19414.62,1,24023.26,2021-09-22,Y
L0002317,646,Broker,22144.72,0,0.0,9065.96,3,15880.94,2021-11-18,Y
L0002318,826,Online,24277.98,0,0.0,371.5,1,4854.15,2026-03-01,Y
L0002319,731,Branch,8150.39,0,0.0,1608.7,4,13221.91,2022-06-09,N
L0002320,802,Branch,6295.82,0,0.0,800.02,3,0.0,2022-08-17,Y
L0002321,645,Online,31828.12,0,0.0,11176.72,3,17191.05,2022-08-18,Y
L0002322,816,Broker,17770.45,1,8424.01,-7519.91,3,3661.68,2025-07-18,Y
L0002323,690,Online,29907.76,0,0.0,6849.37,1,8565.29,2023-10-18,Y
L0002324,699,Online,58392.86,0,0.0,3382.17,1,16044.3,2025-10-25,Y
L0002325,626,Broker,59234.59,0,0.0,6797.27,2,7123.32,2025-05-13,Y
L0002326,823,Online,57840.71,0,0.0,941.51,3,1339.58,2025-12-23,Y
L0002327,631,Online,35692.45,0,0.0,13725.94,1,12077.61,2022-08-02,N
L0002328,706,Broker,15675.38,0,0.0,2372.74,2,9244.54,2024-02-06,
L0002329,778,Branch,6352.8,0,0.0,699.61,1,14601.92,2025-06-05,Y
L0002330,814,Online,40872.67,0,0.0,2511.89,2,6611.72,2023-11-12,Y
L0002331,717,Online,24186.08,0,0.0,8203.6,4,15454.99,2021-07-01,N
L0002332,722,Branch,56978.22,0,0.0,7298.49,3,1847.72,2023-08-14,N
L0002333,710,Branch,59971.44,0,0.0,3066.07,1,3753.87,2025-07-14,Y
L0002334,756,Branch,36948.54,0,0.0,1235.5,3,10044.02,2025-01-21,Y
L0002335,686,Branch,40314.43,0,0.0,2404.8,4,13420.34,2025-07-02,Y
L0002336,691,Online,56219.21,0,0.0,10939.46,1,12915.71,2024-02-12,Y
L0002337,638,Branch,42056.13,0,0.0,14027.46,1,20273.19,2022-12-04,Y
L0002338,691,Online,12918.89,0,0.0,1559.04,2,12214.93,2025-03-22,N
L0002339,708,Branch,34227.66,0,0.0,5394.99,2,16780.06,2023-08-16,N
L0002340,699,Online,16936.07,0,0.0,4924.55,4,6012.28,2023-01-30,N
L0002341,613,Online,42018.35,0,0.0,19415.52,3,12449.46,2022-03-05,N
L0002342,708,Online,13529.56,0,0.0,3375.14,2,16191.84,2023-01-17,Y
L0002343,666,Branch,47246.41,0,0.0,6535.92,4,18024.4,2024-10-06,N
L0002344,659,Online,59282.04,0,0.0,16328.63,3,10593.33,2023-01-03,N
L0002345,729,Online,23884.73,0,0.0,5527.53,2,18065.34,2022-07-30,N
L0002346,720,Broker,53664.34,0,0.0,1731.09,4,4076.59,2025-10-29,Y
L0002347,693,Online,37160.64,0,0.0,2385.38,2,12264.06,2025-10-30,Y
L0002348,739,Broker,57163.75,0,0.0,8743.36,3,7767.01,2021-10-30,N
L0002349,688,Broker,14738.4,0,0.0,2651.25,4,11195.25,2024-03-01,N
L0002350,-9999,Branch,14101.71,0,0.0,3663.53,2,24945.87,2024-08-15,N
L0002351,642,Branch,24619.93,0,0.0,10930.63,4,29881.73,2021-09-25,N
L0002352,608,Online,43537.35,1,16742.56,1232.4,4,8856.69,2022-10-13,Y
L0002353,690,Branch,30764.87,0,0.0,6520.3,4,16013.66,2023-01-16,Y
L0002354,586,Branch,20578.18,0,0.0,9711.6,3,22893.7,2022-10-18,N
L0002355,704,Branch,16171.11,1,7307.02,-3203.46,1,7049.61,2021-11-25,N
L0002356,604,Online,12683.06,1,4005.35,-2637.4,2,20159.13,2025-08-22,Y
L0002357,765,Broker,32795.11,0,0.0,3429.36,4,5504.24,2021-07-14,N
L0002358,756,Online,50236.47,0,0.0,1771.67,3,16772.56,2025-05-08,N
L0002359,694,Broker,16215.29,0,0.0,1490.49,4,11778.87,2025-06-13,N
L0002360,720,Branch,29152.89,0,0.0,2724.66,2,7076.38,2024-08-04,N
L0002361,720,Broker,59085.68,0,0.0,12641.75,1,10858.69,2021-09-10,N
L0002362,742,Online,30406.5,0,0.0,4167.72,4,17344.82,2022-06-24,N
L0002363,731,Branch,57428.76,0,0.0,10020.17,3,7054.51,2022-01-29,N
L0002364,761,Branch,8302.12,0,0.0,297.78,3,9179.61,2025-08-03,N
L0002365,593,Online,43725.65,0,0.0,7061.68,4,32827.54,2025-02-26,N
L0002366,727,Online,17037.31,0,0.0,2946.48,4,0.0,2023-12-02,Y
L0002367,703,Branch,9711.36,0,0.0,1715.88,4,9370.13,2023-10-03,N
L0002368,643,Online,6600.54,0,0.0,1133.94,3,8156.02,2024-08-30,Y
L0002369,602,Broker,52761.47,0,0.0,22630.43,4,18415.63,2022-10-05,N
L0002370,773,Broker,17677.19,0,0.0,1387.85,3,7465.25,2023-10-02,N
L0002371,690,Online,21332.42,0,0.0,7551.02,3,15509.19,2022-06-09,N
L0002372,840,Online,24594.2,0,0.0,2734.04,4,3167.8,2021-10-22,N
L0002373,657,Branch,52485.01,0,0.0,16892.13,3,18976.79,2022-08-19,N
L0002374,781,Broker,8650.93,0,0.0,536.17,3,9359.74,2024-06-25,N
L0002375,670,Broker,34310.1,0,0.0,11902.2,2,13742.62,2021-12-20,N
L0002376,746,Branch,20203.21,0,0.0,724.83,4,1429.07,2025-03-29,Y
L0002377,724,Broker,57175.48,0,0.0,8121.48,4,3674.48,2023-02-23,Y
L0002378,796,Broker,58548.55,0,0.0,1116.28,4,6181.92,2025-07-26,Y
L0002379,705,Broker,52834.17,0,0.0,6979.19,1,6040.39,2024-01-21,Y
L0002380,726,Branch,40084.52,0,0.0,1056.39,3,5981.7,2026-01-08,Y
L0002381,657,Branch,41592.68,0,0.0,5743.12,1,15520.21,2024-10-06,N
L0002382,787,Broker,52576.9,0,0.0,4519.18,3,4815.69,2022-08-22,Y
L0002383,678,Branch,8297.72,0,0.0,1793.31,4,18752.11,2024-01-10,N
L0002384,774,Online,9005.54,0,0.0,817.57,2,7177.94,2024-02-13,Y
L0002385,731,Online,53529.8,0,0.0,9644.66,3,5529.39,2023-05-04,N
L0002386,733,Online,8440.98,0,0.0,1534.31,3,18711.8,2024-05-26,Y
L0002387,658,Online,24274.22,0,0.0,6135.07,4,14113.61,2023-05-09,Y
L0002388,707,Broker,46121.26,0,0.0,8571.04,4,6576.88,2022-12-27,N
L0002389,641,Online,55154.71,0,0.0,9009.5,3,560.84,2024-09-11,N
L0002390,623,Broker,53134.61,0,0.0,6544.1,2,19703.83,2025-04-26,Y
L0002391,654,Branch,50565.3,0,0.0,20257.77,2,11724.39,2021-10-18,N
L0002392,746,Online,31350.29,0,0.0,2512.59,3,1486.67,2023-10-23,Y
L0002393,816,Broker,46417.65,0,0.0,1441.12,3,4732.54,2025-02-14,Y
L0002394,728,Broker,21391.19,0,0.0,2328.72,3,7452.83,2024-02-21,Y
L0002395,748,Broker,27014.74,0,0.0,1643.2,4,10531.74,2024-08-22,N
L0002396,730,Online,59807.85,0,0.0,11763.53,2,9410.17,2023-02-07,N
L0002397,655,Broker,55631.39,0,0.0,6617.94,2,20131.05,2025-02-07,Y
L0002398,688,Online,22298.2,0,0.0,651.36,3,11853.56,2026-02-12,Y
L0002399,663,Broker,53940.51,0,0.0,2639.61,2,13780.21,2025-11-10,Y
L0002400,-9999,Branch,49866.9,0,0.0,8647.06,3,9285.19,2023-06-27,Y
L0002401,665,Broker,58044.04,0,0.0,17897.39,4,12006.07,2022-07-14,Y
L0002402,651,Branch,41112.53,0,0.0,9191.3,1,3448.24,2023-12-07,N
L0002403,612,Online,14447.45,0,0.0,1182.18,3,17969.58,2025-11-08,N
L0002404,724,Broker,40495.68,0,0.0,5759.01,4,12754.0,2023-04-05,N
L0002405,721,Online,51523.42,0,0.0,9122.59,2,9622.55,2023-10-26,Y
L0002406,672,Branch,7125.69,0,0.0,793.48,2,9897.26,2025-09-09,N
L0002407,740,Branch,43769.11,0,0.0,6278.34,4,10472.75,2022-03-27,Y
L0002408,843,Branch,40115.2,0,0.0,1333.86,2,2269.11,2025-04-16,N
L0002409,667,Online,18367.46,0,0.0,2399.5,1,20064.43,2025-02-09,N
L0002410,782,Broker,18995.46,0,0.0,1166.71,3,10654.11,2024-03-13,Y
L0002411,733,Branch,38290.41,0,0.0,5601.6,1,12789.17,2022-10-06,N
L0002412,654,Broker,35285.48,0,0.0,1496.35,3,16188.42,2025-12-10,N
L0002413,712,Online,13326.09,0,0.0,1459.02,1,14665.96,2025-06-26,N
L0002414,789,Broker,32452.72,0,0.0,819.43,2,3508.38,2025-09-10,Y
L0002415,736,Online,27508.35,0,0.0,3106.89,1,9544.82,2024-06-18,Y
L0002416,665,Broker,35957.57,0,0.0,13005.45,1,14445.51,2021-11-16,N
L0002417,668,Broker,30272.36,0,0.0,11311.38,3,28728.17,2021-08-02,N
L0002418,713,Broker,34336.28,0,0.0,8523.26,3,12040.98,2021-07-30,Y
L0002419,695,Branch,34359.16,0,0.0,9785.44,4,21199.34,2021-09-29,N
L0002420,746,Broker,28655.85,0,0.0,1613.72,4,11081.23,2025-02-13,N
L0002421,753,Broker,11961.31,0,0.0,1102.53,1,10029.44,2023-10-05,N
L0002422,783,Branch,58963.5,0,0.0,3343.96,2,5572.96,2024-02-18,Y
L0002423,763,Online,35605.6,0,0.0,2319.76,1,4576.98,2023-11-29,N
L0002424,672,Online,5639.71,1,1884.31,-319.81,2,16722.53,2023-01-29,Y
L0002425,689,Branch,23845.28,0,0.0,3591.33,2,12590.26,2024-03-08,
L0002426,756,Broker,30486.0,0,0.0,2831.43,2,7972.11,2022-09-03,N
L0002427,780,Broker,57471.87,0,0.0,3175.18,1,4992.34,2024-02-26,N
L0002428,684,Broker,15497.57,0,0.0,3454.59,4,17050.78,2023-06-23,N
L0002429,656,Online,22784.54,0,0.0,8491.91,4,4044.91,2022-03-11,Y
L0002430,627,Online,7218.84,1,3096.22,-2243.64,3,10715.25,2025-04-21,Y
L0002431,702,Branch,7628.69,0,0.0,1899.7,2,16054.28,2022-09-07,Y
L0002432,708,Branch,30027.22,0,0.0,5451.86,4,14533.88,2023-04-29,N
L0002433,726,Online,27681.13,0,0.0,7926.26,4,10879.13,2021-12-13,Y
L0002434,581,Broker,37382.7,0,0.0,3836.91,1,21675.29,2025-09-25,N
L0002435,673,Online,30079.66,0,0.0,3940.15,2,12589.53,2024-11-01,Y
L0002436,750,Branch,27924.66,0,0.0,1948.65,4,5521.46,2023-11-27,Y
L0002437,678,Online,7749.58,0,0.0,1362.01,1,21341.67,2024-02-14,N
L0002438,716,Branch,26616.42,0,0.0,2872.12,3,8030.76,2024-05-15,N
L0002439,800,Branch,15533.8,0,0.0,1811.72,2,3481.71,2022-03-28,N
L0002440,647,Branch,11993.48,0,0.0,2498.95,2,12998.61,2024-02-03,Y
L0002441,711,Broker,39043.47,0,0.0,7459.9,2,5389.53,2022-11-19,N
L0002442,704,Branch,46032.67,0,0.0,10632.38,3,15254.58,2022-05-21,Y
L0002443,783,Broker,32775.06,0,0.0,1017.1,2,8048.61,2025-05-12,N
L0002444,644,Online,15026.29,0,0.0,1697.91,2,17153.2,2025-04-10,N
L0002445,650,Online,11658.78,0,0.0,4833.81,4,19091.25,2021-11-19,N
L0002446,829,Broker,34500.75,0,0.0,1587.19,1,211.96,2024-05-13,N
L0002447,776,Online,18032.14,0,0.0,1811.16,2,2462.22,2021-12-14,Y
L0002448,671,Online,22023.11,0,0.0,940.57,4,12523.46,2026-03-05,N
L0002449,567,Online,50917.21,1,17205.17,8652.35,4,18621.66,2022-10-21,Y
L0002450,-9999,Online,54849.48,0,0.0,4073.05,3,7700.67,2023-08-28,Y
L0002451,685,Online,7865.99,0,0.0,3812.7,3,13771.17,2021-08-17,Y
L0002452,687,Broker,22283.17,0,0.0,727.96,2,9381.09,2026-03-27,Y
L0002453,673,Broker,42029.32,0,0.0,5800.46,3,23412.09,2024-09-03,Y
L0002454,709,Branch,17024.14,1,9034.83,-8458.32,3,14924.35,2025-11-13,Y
L0002455,754,Broker,27537.29,0,0.0,767.23,3,11081.03,2025-07-09,Y
L0002456,735,Branch,42262.55,0,0.0,572.52,2,3012.03,2026-02-28,N
L0002457,724,Broker,14679.42,0,0.0,1640.12,1,14393.53,2024-04-04,N
L0002458,686,Branch,27293.18,0,0.0,5353.23,4,11615.09,2023-09-07,N
L0002459,705,Broker,11778.98,0,0.0,2468.4,1,16537.23,2022-11-13,N
L0002460,661,Branch,26362.51,0,0.0,9836.6,4,4761.25,2021-10-24,N
L0002461,745,Online,28594.88,0,0.0,4421.44,3,12047.88,2021-10-19,N
L0002462,682,Broker,53100.26,0,0.0,11770.31,1,10232.48,2023-03-14,Y
L0002463,659,Online,48225.03,0,0.0,19382.31,3,6395.09,2021-08-11,N
L0002464,735,Online,52768.82,0,0.0,11329.93,4,10195.21,2022-08-27,Y
L0002465,723,Branch,28591.67,0,0.0,1820.81,1,5697.87,2025-05-11,N
L0002466,734,Online,49729.33,0,0.0,5321.79,2,13606.42,2024-09-30,Y
L0002467,739,Broker,11504.1,0,0.0,1846.7,2,9908.71,2021-11-05,N
L0002468,654,Online,35007.86,0,0.0,14166.67,3,14803.24,2021-08-31,Y
L0002469,732,Online,53331.96,0,0.0,6270.6,4,12536.78,2024-06-07,Y
L0002470,796,Online,38763.53,0,0.0,4083.85,4,11867.43,2021-06-30,Y
L0002471,777,Online,35380.42,0,0.0,2357.8,4,7995.26,2023-07-25,Y
L0002472,615,Branch,28354.24,0,0.0,12800.15,1,16432.02,2022-05-14,Y
L0002473,659,Branch,42266.58,0,0.0,4831.5,4,6564.82,2025-01-23,N
L0002474,797,Online,47513.7,0,0.0,2528.52,3,11328.77,2023-11-07,Y
L0002475,819,Broker,34853.63,0,0.0,3539.13,2,3235.33,2021-07-11,Y
L0002476,649,Broker,35853.91,0,0.0,8001.78,3,20109.29,2023-12-25,Y
L0002477,679,Broker,58873.16,0,0.0,9920.0,4,3861.46,2024-01-31,N
L0002478,743,Online,9170.87,0,0.0,1539.25,4,6635.29,2022-03-03,Y
L0002479,701,Online,19616.5,0,0.0,2302.54,4,15655.69,2025-02-12,N
L0002480,663,Broker,5560.2,0,0.0,625.42,3,7393.43,2025-09-02,Y
L0002481,688,Broker,19440.25,0,0.0,4900.91,4,13096.03,2022-08-27,Y
L0002482,631,Branch,45642.06,0,0.0,4304.1,3,17064.34,2025-08-05,N
L0002483,707,Broker,42635.53,0,0.0,1141.57,2,14924.87,2026-01-14,Y
L0002484,657,Broker,40966.47,0,0.0,14775.16,3,11831.98,2022-03-10,N
L0002485,775,Branch,13332.15,0,0.0,583.75,2,10936.79,2025-07-18,N
L0002486,761,Branch,23683.69,1,12360.31,-11155.16,3,5086.35,2025-01-21,Y
L0002487,760,Online,52843.35,0,0.0,4977.64,2,9581.86,2022-02-27,Y
L0002488,652,Branch,52125.23,0,0.0,12493.21,4,12760.76,2023-09-27,N
L0002489,667,Branch,12580.14,0,0.0,711.42,2,9481.29,2026-03-11,N
L0002490,663,Online,17198.44,0,0.0,3626.2,3,23073.44,2023-11-19,Y
L0002491,674,Online,28398.09,0,0.0,9656.09,1,6660.66,2021-11-25,N
L0002492,683,Broker,13107.62,0,0.0,517.85,2,13704.61,2026-02-18,Y
L0002493,771,Broker,19388.13,0,0.0,1767.97,1,9150.24,2023-04-27,Y
L0002494,768,Branch,57719.28,0,0.0,3454.91,1,14584.86,2023-10-23,N
L0002495,580,Broker,20703.36,1,9459.74,-4964.03,3,28124.58,2024-12-27,Y
L0002496,698,Broker,37383.41,0,0.0,10446.37,4,14999.43,2021-08-31,Y
L0002497,626,Broker,13889.27,0,0.0,643.55,3,18970.78,2026-02-17,Y
L0002498,581,Branch,21792.64,0,0.0,8465.79,1,24772.75,2023-08-01,Y
L0002499,605,Branch,36591.93,0,0.0,9403.3,4,26626.2,2024-03-14,Y
L0002500,-9999,Online,15323.53,0,0.0,5261.57,4,11749.09,2021-08-18,Y
L0002501,640,Branch,9037.07,0,0.0,463.79,2,23098.78,2026-01-25,Y
L0002502,807,Branch,18812.36,0,0.0,1156.06,1,2424.16,2024-07-28,Y
L0002503,709,Branch,49330.56,0,0.0,2090.61,1,7325.19,2025-10-05,N
L0002504,599,Online,6173.92,1,3339.14,-576.96,4,16063.34,2023-05-05,N
L0002505,615,Online,41079.43,0,0.0,2306.48,1,18055.92,2025-12-27,N
L0002506,771,Branch,58249.46,0,0.0,2750.59,2,10338.59,2024-05-31,N
L0002507,670,Broker,29848.33,0,0.0,8827.35,4,21928.67,2022-08-29,N
L0002508,713,Broker,58224.56,0,0.0,4492.01,3,7325.41,2024-12-18,N
L0002509,708,Broker,52838.16,0,0.0,2245.39,4,7598.96,2025-09-15,N
L0002510,668,Broker,47174.9,0,0.0,17880.09,4,11424.98,2021-07-27,N
L0002511,625,Branch,34204.59,0,0.0,12978.63,4,11580.33,2022-10-21,Y
L0002512,699,Online,39633.04,0,0.0,10598.92,2,4278.29,2023-02-18,N
L0002513,641,Branch,43323.4,0,0.0,12567.4,1,6072.83,2023-05-11,Y
L0002514,619,Broker,43658.2,1,25666.71,-21068.53,3,30198.83,2025-07-27,N
L0002515,646,Branch,18434.8,1,12525.61,-11204.28,4,14570.97,2025-11-27,N
L0002516,752,Online,20477.54,0,0.0,1725.46,2,4405.31,2023-09-09,Y
L0002517,621,Online,8965.34,0,0.0,1895.21,1,26401.44,2024-07-04,Y
L0002518,743,Broker,16526.42,0,0.0,952.64,3,8580.86,2024-08-14,N
L0002519,752,Broker,21512.82,0,0.0,1778.25,1,4694.24,2023-08-02,N
L0002520,808,Branch,56231.79,0,0.0,3112.03,3,2627.54,2024-02-17,N
L0002521,695,Branch,13378.24,0,0.0,2606.64,2,16994.91,2023-10-19,N
L0002522,665,Branch,38821.21,0,0.0,11961.15,2,15832.29,2022-08-22,
L0002523,778,Broker,20149.23,0,0.0,509.69,2,3192.2,2025-07-13,Y
L0002524,688,Broker,59541.03,0,0.0,17436.27,4,14032.64,2021-11-11,N
L0002525,629,Broker,36430.11,0,0.0,1967.05,2,30300.22,2026-01-10,Y
L0002526,637,Branch,53879.2,0,0.0,18316.65,2,33824.34,2022-11-27,Y
L0002527,595,Branch,34119.92,0,0.0,13128.8,4,22684.15,2023-04-12,N
L0002528,715,Online,42360.55,0,0.0,4910.55,3,18053.48,2024-10-27,N
L0002529,710,Broker,43854.68,0,0.0,2380.86,4,7111.54,2025-05-22,N
L0002530,709,Broker,43936.63,0,0.0,10424.3,2,17635.37,2021-10-01,N
L0002531,496,Online,10050.28,0,0.0,6522.4,1,29503.6,2022-12-23,Y
L0002532,659,Broker,43801.4,0,0.0,14545.62,3,14836.45,2022-06-22,N
L0002533,664,Branch,54244.66,0,0.0,7393.81,1,22348.38,2024-09-02,Y
L0002534,755,Online,44628.29,0,0.0,1828.39,2,9271.21,2025-02-10,Y
L0002535,761,Branch,53704.84,0,0.0,2788.33,1,13352.31,2023-12-25,N
L0002536,722,Online,32490.01,0,0.0,8110.22,4,3691.09,2022-07-20,Y
L0002537,662,Branch,57879.62,0,0.0,13794.86,3,29242.0,2023-07-08,Y
L0002538,693,Online,58349.66,0,0.0,12025.92,4,506.53,2023-12-29,N
L0002539,656,Broker,12711.01,0,0.0,4469.45,4,20345.75,2022-04-11,N
L0002540,711,Online,15032.01,0,0.0,2243.83,4,10403.98,2024-09-06,N
L0002541,684,Broker,33597.69,0,0.0,6205.01,4,359.3,2023-09-18,N
L0002542,676,Broker,11004.56,0,0.0,3365.25,4,9527.04,2022-04-15,Y
L0002543,640,Online,6639.47,0,0.0,3169.45,4,7180.4,2022-01-27,N
L0002544,737,Broker,14871.34,0,0.0,1339.23,4,12038.5,2024-07-03,Y
L0002545,748,Branch,14853.98,0,0.0,2032.12,4,7475.7,2021-10-29,N
L0002546,667,Branch,41199.73,0,0.0,1943.02,4,8198.17,2025-12-17,N
L0002547,641,Branch,59485.07,0,0.0,18970.65,4,12660.75,2023-01-18,N
L0002548,735,Broker,14545.92,0,0.0,2064.02,3,8456.88,2022-08-27,N
L0002549,802,Branch,27414.76,0,0.0,2269.71,1,7627.36,2022-08-24,Y
L0002550,-9999,Broker,46628.41,0,0.0,2561.16,3,13535.87,2025-12-30,N
L0002551,761,Broker,42256.45,0,0.0,3647.41,1,4861.95,2022-06-11,N
L0002552,792,Branch,44958.63,0,0.0,4479.29,2,3860.3,2021-11-19,Y
L0002553,790,Online,40813.71,0,0.0,3766.67,1,8183.96,2022-05-07,N
L0002554,673,Broker,14017.87,0,0.0,3481.69,1,15722.1,2023-01-12,N
L0002555,757,Broker,37003.94,0,0.0,1464.33,3,4933.79,2025-01-05,Y
L0002556,714,Branch,28950.63,0,0.0,5113.68,1,17231.56,2022-12-04,N
L0002557,814,Online,18806.14,1,10743.0,-9932.34,4,3756.46,2025-08-28,N
L0002558,717,Online,18565.12,0,0.0,1141.91,4,14438.14,2025-08-26,Y
L0002559,728,Branch,33412.56,0,0.0,722.07,3,10049.32,2026-03-05,N
L0002560,782,Branch,17398.69,0,0.0,1119.73,1,1846.06,2024-04-26,Y
L0002561,712,Online,27830.62,0,0.0,1155.95,4,8972.37,2025-11-23,N
L0002562,773,Branch,43149.41,0,0.0,4189.97,1,9946.25,2021-12-04,Y
L0002563,705,Broker,34490.67,0,0.0,1933.71,4,18249.27,2025-08-30,N
L0002564,745,Broker,47509.59,1,36590.17,-34286.4,2,6067.2,2024-12-13,N
L0002565,596,Broker,35375.74,1,14258.46,3394.08,2,297.18,2022-04-26,Y
L0002566,636,Branch,13367.93,1,9226.68,-3714.18,4,20934.3,2022-02-01,N
L0002567,733,Online,25800.56,0,0.0,2637.81,1,7736.26,2024-12-28,Y
L0002568,692,Online,38198.51,0,0.0,10491.09,4,18480.97,2023-01-31,N
L0002569,756,Branch,27040.63,0,0.0,3179.19,3,1951.83,2021-11-30,N
L0002570,768,Broker,7402.57,0,0.0,531.82,1,8808.88,2023-02-17,N
L0002571,645,Branch,48423.35,0,0.0,16509.43,3,12673.47,2022-09-24,N
L0002572,704,Online,38851.06,0,0.0,8383.07,1,12125.37,2023-09-27,Y
L0002573,669,Branch,18370.08,0,0.0,2184.49,3,13221.03,2025-02-17,N
L0002574,672,Broker,27679.61,0,0.0,2552.14,1,17910.67,2025-04-07,N
L0002575,632,Online,46867.54,0,0.0,7226.15,4,26983.77,2024-12-26,N
L0002576,671,Branch,36852.14,0,0.0,1295.61,3,19115.42,2026-02-08,Y
L0002577,646,Broker,59179.54,0,0.0,8535.33,4,6955.24,2024-11-30,N
L0002578,808,Broker,47696.48,0,0.0,2731.34,2,2614.31,2024-03-09,Y
L0002579,592,Branch,37315.28,1,25129.03,-4426.34,4,19170.95,2021-11-15,N
L0002580,646,Broker,55403.48,0,0.0,15269.42,4,18311.97,2023-05-08,N
L0002581,725,Online,59011.31,0,0.0,13556.98,4,923.34,2022-10-15,Y
L0002582,782,Broker,25519.14,0,0.0,1773.37,1,6766.25,2023-10-07,N
L0002583,727,Online,47022.28,0,0.0,9566.28,1,14883.02,2023-03-10,N
L0002584,738,Online,20090.53,1,9709.91,-5943.58,4,15015.52,2023-03-31,N
L0002585,626,Broker,34405.25,0,0.0,12733.8,2,17398.36,2022-10-17,N
L0002586,661,Broker,45653.24,0,0.0,17822.72,3,12164.72,2021-08-22,N
L0002587,689,Online,39212.89,0,0.0,3020.28,4,5742.11,2025-07-13,N
L0002588,699,Branch,45079.35,0,0.0,7368.35,4,13327.53,2023-10-26,N
L0002589,637,Online,45718.91,0,0.0,3706.61,3,18690.24,2025-09-13,Y
L0002590,691,Online,18807.87,0,0.0,4232.79,4,14203.01,2023-11-14,N
L0002591,678,Branch,40080.23,0,0.0,3115.67,3,13962.34,2025-06-25,Y
L0002592,649,Broker,58797.69,0,0.0,23915.93,1,13868.24,2021-10-04,N
L0002593,735,Branch,12503.31,0,0.0,668.62,4,5013.5,2025-06-01,Y
L0002594,717,Online,32470.82,0,0.0,1162.37,1,11555.95,2025-12-15,Y
L0002595,779,Broker,42800.89,0,0.0,3389.8,4,10560.84,2022-12-25,Y
L0002596,735,Branch,13129.81,0,0.0,986.18,4,2303.36,2025-07-26,Y
L0002597,661,Online,42257.73,0,0.0,5740.63,3,12610.85,2024-11-19,Y
L0002598,685,Branch,11634.71,0,0.0,626.95,2,15397.49,2025-11-26,Y
L0002599,666,Branch,7424.17,0,0.0,1582.97,2,17084.91,2024-07-24,Y
L0002600,-9999,Broker,50967.2,0,0.0,4387.3,1,5054.89,2022-04-08,N
L0002601,645,Broker,13497.98,0,0.0,5608.98,1,17021.4,2021-11-20,N
L0002602,737,Branch,41555.98,1,25208.88,-19734.52,1,18233.13,2022-10-05,N
L0002603,752,Online,40732.99,0,0.0,1613.71,3,8765.69,2025-02-24,Y
L0002604,680,Online,17757.88,0,0.0,6663.22,3,14559.54,2022-07-19,Y
L0002605,804,Online,50852.03,0,0.0,936.75,1,2587.59,2025-11-09,N
L0002606,636,Online,43967.5,0,0.0,13872.73,1,7550.11,2023-03-16,N
L0002607,672,Online,59968.54,0,0.0,20957.85,3,644.36,2021-10-03,N
L0002608,626,Broker,21835.61,1,15594.99,-5934.38,1,21342.95,2022-02-14,Y
L0002609,723,Online,53117.09,0,0.0,10076.87,4,7820.04,2023-07-29,N
L0002610,645,Broker,59266.07,1,26780.49,-4383.42,2,16181.15,2022-04-04,N
L0002611,776,Broker,6666.8,0,0.0,1144.68,2,11234.9,2021-11-15,N
L0002612,636,Online,36540.37,0,0.0,11333.67,4,17374.69,2023-03-19,N
L0002613,626,Online,16917.76,0,0.0,4287.59,1,19208.77,2024-02-20,N
L0002614,719,Branch,28072.02,0,0.0,5002.77,1,14662.72,2022-09-03,N
L0002615,722,Broker,31587.28,0,0.0,1848.33,3,15622.39,2025-03-31,N
L0002616,760,Broker,26640.68,0,0.0,1383.25,2,15037.66,2024-06-03,N
L0002617,694,Branch,46479.69,0,0.0,11913.53,2,15341.9,2022-04-11,N
L0002618,690,Broker,19292.29,0,0.0,6010.97,2,10565.66,2021-09-26,N
L0002619,644,Broker,58061.51,0,0.0,15625.94,2,16399.45,2023-07-20,
L0002620,797,Online,48305.2,0,0.0,2867.19,2,10679.57,2023-11-17,N
L0002621,663,Online,18979.14,0,0.0,6996.98,1,17394.37,2022-01-18,Y
L0002622,710,Branch,43581.5,0,0.0,6909.18,2,11142.39,2023-04-07,N
L0002623,810,Broker,46280.65,0,0.0,604.99,4,2377.12,2026-01-28,N
L0002624,625,Online,5344.16,0,0.0,1127.04,3,18221.23,2024-11-29,N
L0002625,649,Online,28362.13,0,0.0,9521.73,4,17144.59,2022-09-06,N
L0002626,706,Online,52460.43,0,0.0,15135.76,4,14117.79,2022-07-01,N
L0002627,627,Broker,14771.76,0,0.0,3376.39,3,11405.45,2024-04-28,Y
L0002628,706,Broker,46214.42,0,0.0,7562.46,4,19255.09,2023-07-25,Y
L0002629,725,Online,53641.39,0,0.0,8092.18,2,15342.11,2024-01-31,Y
L0002630,697,Branch,53185.64,0,0.0,5035.83,2,16044.12,2024-11-20,Y
L0002631,615,Online,23973.44,0,0.0,10620.39,3,21332.07,2022-06-27,Y
L0002632,763,Online,18946.19,0,0.0,999.16,4,9573.89,2024-09-28,N
L0002633,676,Broker,25987.75,1,12995.82,-8617.36,4,19320.66,2024-03-17,Y
L0002634,742,Branch,58653.63,0,0.0,4929.85,3,15023.12,2024-01-15,N
L0002635,683,Online,59943.9,0,0.0,15177.38,4,25868.77,2023-07-23,N
L0002636,777,Branch,51492.32,0,0.0,2059.86,3,8185.39,2024-09-18,N
L0002637,779,Branch,16178.52,0,0.0,1364.17,2,9216.94,2022-07-01,N
L0002638,785,Online,11853.57,0,0.0,700.93,4,1845.05,2023-11-02,N
L0002639,603,Broker,20524.77,0,0.0,1818.57,1,31762.75,2025-10-01,N
L0002640,740,Online,27181.42,0,0.0,3760.27,4,7923.74,2022-08-01,N
L0002641,689,Branch,12660.76,0,0.0,3388.89,3,15964.6,2022-03-04,N
L0002642,786,Broker,32532.21,0,0.0,1495.34,2,3541.89,2024-12-02,N
L0002643,694,Online,32525.73,0,0.0,9855.92,4,15017.58,2022-11-17,N
L0002644,598,Broker,34909.96,0,0.0,15540.36,1,20104.33,2022-09-08,N
L0002645,739,Branch,48124.89,0,0.0,7917.12,3,5536.1,2021-10-19,N
L0002646,745,Online,57470.0,0,0.0,1297.6,3,13369.49,2025-12-04,N
L0002647,688,Branch,12011.91,0,0.0,3903.65,4,10966.23,2021-08-28,N
L0002648,604,Broker,11296.6,1,7272.38,-3021.86,1,36488.61,2023-04-25,N
L0002649,705,Online,5317.55,0,0.0,1307.95,2,15263.98,2024-02-28,N
L0002650,-9999,Branch,26379.32,0,0.0,2777.03,2,13307.7,2024-08-09,Y
L0002651,702,Branch,43428.96,1,23446.54,-22160.19,3,10275.28,2025-12-17,Y
L0002652,773,Branch,38179.69,0,0.0,3698.73,4,9014.31,2021-09-22,Y
L0002653,742,Online,37231.92,0,0.0,2057.55,1,12073.04,2025-01-27,N
L0002654,729,Online,53688.93,0,0.0,11870.84,4,9217.92,2022-09-02,Y
L0002655,580,Online,9069.46,0,0.0,2458.13,4,19261.96,2024-05-02,N
L0002656,613,Online,35705.55,0,0.0,10476.69,4,25979.97,2023-10-29,N
L0002657,813,Broker,37499.24,0,0.0,2783.92,2,6508.91,2023-03-02,N
L0002658,715,Online,33621.22,0,0.0,7046.18,3,10013.24,2023-06-21,N
L0002659,687,Online,14789.58,0,0.0,1739.39,4,19255.86,2025-05-05,N
L0002660,666,Broker,47465.74,0,0.0,13060.1,1,28661.08,2022-11-20,N
L0002661,708,Online,24754.91,0,0.0,3895.81,1,1515.31,2024-06-19,N
L0002662,758,Broker,58408.14,0,0.0,3815.74,1,13125.03,2023-08-15,Y
L0002663,610,Online,14067.87,0,0.0,2322.64,3,27194.46,2025-02-10,Y
L0002664,754,Branch,50380.87,0,0.0,1398.99,2,12846.73,2025-08-02,Y
L0002665,624,Branch,16724.02,0,0.0,7869.77,2,10803.11,2021-11-06,Y
L0002666,732,Broker,26320.59,0,0.0,2207.08,2,15206.39,2024-06-26,Y
L0002667,547,Branch,44455.57,0,0.0,21209.08,3,30864.07,2023-04-16,Y
L0002668,782,Online,46034.41,0,0.0,2620.51,2,10375.5,2023-08-05,N
L0002669,692,Branch,43007.11,0,0.0,7886.56,1,7662.9,2023-06-11,N
L0002670,777,Online,24046.22,0,0.0,2237.87,1,8504.02,2022-05-09,Y
L0002671,667,Online,44865.43,0,0.0,11220.19,1,5123.37,2023-04-04,Y
L0002672,649,Branch,24678.6,0,0.0,7472.78,3,8426.13,2023-03-01,Y
L0002673,769,Branch,24376.89,0,0.0,2507.04,2,10310.0,2022-02-25,Y
L0002674,715,Online,59011.57,0,0.0,15549.71,1,5092.06,2022-07-21,N
L0002675,758,Branch,57282.13,0,0.0,5916.36,3,10341.28,2022-01-26,N
L0002676,689,Online,11905.31,0,0.0,5158.0,2,11217.41,2021-08-21,N
L0002677,743,Online,56728.53,0,0.0,7916.39,3,6755.91,2022-02-26,N
L0002678,777,Broker,6501.85,0,0.0,1020.56,4,9749.46,2022-06-25,Y
L0002679,666,Online,38624.09,0,0.0,5035.83,1,21075.95,2024-10-08,N
L0002680,754,Online,56790.72,0,0.0,3073.31,2,5725.18,2024-04-21,Y
L0002681,705,Online,54237.78,0,0.0,6625.45,1,8365.6,2024-11-17,N
L0002682,719,Broker,9004.92,0,0.0,1068.96,2,6273.59,2025-02-23,N
L0002683,803,Broker,12995.98,0,0.0,1186.33,4,5256.12,2023-08-14,Y
L0002684,554,Online,58903.31,1,46610.06,-40549.79,2,17671.14,2025-10-30,Y
L0002685,688,Online,7899.81,0,0.0,2583.05,4,5740.36,2023-01-31,N
L0002686,717,Online,54173.83,0,0.0,9404.48,1,10684.04,2023-11-30,Y
L0002687,731,Branch,49964.09,0,0.0,3887.06,1,9864.52,2024-06-23,N
L0002688,740,Broker,25409.38,0,0.0,1069.5,2,3071.94,2025-03-06,Y
L0002689,754,Broker,45937.06,0,0.0,1929.48,2,9079.9,2024-09-07,Y
L0002690,643,Online,56265.1,0,0.0,5907.82,1,6664.05,2025-05-23,N
L0002691,682,Online,12877.22,0,0.0,576.83,2,8803.73,2026-01-06,Y
L0002692,767,Broker,38899.57,0,0.0,2357.43,1,11667.73,2024-02-02,Y
L0002693,723,Branch,52207.07,0,0.0,3874.42,2,15419.47,2024-09-29,N
L0002694,688,Branch,38313.32,0,0.0,9859.44,2,14562.8,2022-07-14,N
L0002695,736,Branch,57661.14,0,0.0,4079.43,3,20147.9,2024-07-14,N
L0002696,638,Online,34813.29,0,0.0,3289.0,1,17915.4,2025-07-27,N
L0002697,722,Branch,10079.97,0,0.0,2395.42,3,22359.9,2021-09-01,Y
L0002698,649,Online,56683.43,0,0.0,1713.34,1,9888.51,2026-02-25,N
L0002699,679,Broker,57584.33,0,0.0,1352.66,3,24064.77,2026-03-18,N
L0002700,-9999,Branch,30288.67,0,0.0,5104.93,4,26928.24,2025-01-28,N
L0002701,732,Branch,32159.6,0,0.0,4775.03,2,3736.12,2022-08-17,N
L0002702,724,Broker,11441.17,1,3826.77,-2678.13,4,1856.42,2024-10-10,N
L0002703,720,Broker,41492.46,0,0.0,6767.48,1,10647.08,2022-12-28,N
L0002704,680,Branch,16810.8,0,0.0,3394.56,3,12893.73,2023-12-26,Y
L0002705,709,Broker,23442.62,0,0.0,2354.08,3,10521.98,2024-11-01,N
L0002706,722,Broker,13157.63,0,0.0,1283.65,4,11018.41,2024-09-16,Y
L0002707,770,Online,22795.7,0,0.0,1689.84,1,8928.79,2023-05-06,Y
L0002708,668,Online,40699.89,0,0.0,6716.62,1,7448.36,2024-05-24,N
L0002709,652,Broker,58221.82,0,0.0,13848.36,1,15352.53,2023-09-18,N
L0002710,690,Online,27982.35,0,0.0,2308.1,1,16552.58,2025-09-13,N
L0002711,678,Branch,34157.03,0,0.0,2446.18,3,9714.5,2025-08-10,Y
L0002712,694,Branch,6106.23,0,0.0,2132.04,1,15939.58,2022-01-27,N
L0002713,729,Broker,11825.7,0,0.0,718.27,1,6978.94,2025-04-10,Y
L0002714,589,Online,43473.81,0,0.0,25454.12,2,14731.33,2021-10-15,N
L0002715,657,Online,18647.37,0,0.0,7725.75,1,13574.53,2021-07-23,N
L0002716,681,Online,23431.26,0,0.0,10053.95,3,20405.38,2021-09-22,
L0002717,675,Online,7227.98,0,0.0,965.03,3,26264.22,2025-04-26,Y
L0002718,708,Broker,39479.9,0,0.0,8781.95,1,68.22,2022-03-03,Y
L0002719,645,Broker,32041.63,0,0.0,12189.43,1,13715.4,2022-03-08,Y
L0002720,681,Online,6852.05,0,0.0,2651.3,3,10054.41,2022-05-29,Y
L0002721,724,Online,31303.96,0,0.0,5228.9,4,8929.4,2023-10-02,Y
L0002722,690,Broker,29186.82,0,0.0,3831.88,2,13059.4,2024-07-25,N
L0002723,704,Broker,37511.34,0,0.0,1185.03,3,11801.23,2026-01-19,Y
L0002724,672,Broker,54930.62,0,0.0,19878.88,1,16580.88,2021-07-14,N
L0002725,714,Branch,38135.66,0,0.0,2210.16,4,25007.0,2025-04-16,N
L0002726,626,Broker,16357.93,0,0.0,1810.09,4,16416.12,2025-08-21,Y
L0002727,692,Branch,13594.03,0,0.0,1865.2,3,6359.96,2024-09-19,Y
L0002728,750,Branch,30712.29,0,0.0,1390.76,1,5230.7,2025-05-17,Y
L0002729,691,Broker,27391.32,0,0.0,3822.48,3,15715.08,2024-07-05,N
L0002730,687,Broker,29701.66,0,0.0,2708.18,2,11421.45,2025-04-15,Y
L0002731,671,Branch,47652.12,0,0.0,6752.72,1,10312.35,2024-07-12,N
L0002732,708,Branch,7069.63,0,0.0,1017.35,1,12214.94,2023-10-05,Y
L0002733,711,Online,52366.96,0,0.0,8895.96,3,6450.33,2024-01-27,Y
L0002734,675,Online,24539.09,0,0.0,5690.22,4,16346.16,2023-04-04,N
L0002735,673,Online,29328.07,1,21160.71,-16983.75,4,14172.24,2024-07-10,Y
L0002736,743,Online,47858.18,0,0.0,3977.91,2,10186.12,2023-11-24,N
L0002737,783,Online,6283.81,0,0.0,929.33,2,7302.09,2023-10-02,N
L0002738,664,Online,57933.96,0,0.0,17985.92,1,8215.06,2022-07-04,Y
L0002739,602,Branch,14942.29,0,0.0,6665.08,1,19793.96,2022-10-20,N
L0002740,627,Branch,16283.98,0,0.0,4317.06,4,12039.17,2023-11-24,Y
L0002741,644,Online,16902.76,0,0.0,3331.97,4,23926.39,2024-04-26,Y
L0002742,681,Broker,44682.91,0,0.0,7994.14,4,13018.57,2023-11-24,Y
L0002743,763,Online,58255.08,0,0.0,1564.02,1,11329.65,2025-05-21,Y
L0002744,780,Online,45657.44,0,0.0,1562.21,2,5444.51,2024-10-28,Y
L0002745,618,Branch,59311.53,0,0.0,2158.47,4,1051.03,2026-02-04,N
L0002746,602,Online,17130.17,0,0.0,6251.61,4,19839.56,2023-06-19,N
L0002747,648,Broker,56991.4,0,0.0,19490.69,1,10937.49,2022-07-27,N
L0002748,655,Broker,6368.41,0,0.0,847.82,4,11254.42,2025-08-01,N
L0002749,691,Online,11800.5,0,0.0,3556.95,1,6152.11,2023-02-07,N
L0002750,-9999,Online,42177.72,0,0.0,13527.67,2,11694.69,2021-12-30,Y
L0002751,689,Online,54827.9,0,0.0,7711.8,3,3606.55,2024-11-02,Y
L0002752,600,Online,11674.5,0,0.0,5989.19,3,26241.22,2022-02-12,Y
L0002753,687,Online,19173.7,0,0.0,3813.92,3,10635.39,2024-05-27,N
L0002754,665,Broker,8274.43,0,0.0,2713.52,1,12681.25,2022-09-12,N
L0002755,659,Broker,43092.1,0,0.0,12513.85,4,6054.54,2022-11-22,N
L0002756,779,Branch,22865.9,0,0.0,2206.6,4,6046.76,2022-05-13,N
L0002757,649,Online,41780.06,0,0.0,13274.4,2,20011.53,2022-11-23,Y
L0002758,705,Branch,56538.58,0,0.0,11347.2,1,3467.6,2022-09-12,N
L0002759,775,Branch,10359.55,0,0.0,549.89,4,0.0,2025-11-09,N
L0002760,740,Broker,10215.89,0,0.0,439.35,1,16274.68,2025-03-14,N
L0002761,721,Broker,37795.79,0,0.0,5079.37,2,15211.01,2023-06-07,N
L0002762,720,Branch,39703.64,0,0.0,3904.15,4,14592.43,2024-06-17,N
L0002763,684,Broker,42417.18,0,0.0,11876.1,1,14216.12,2022-03-10,Y
L0002764,780,Online,17548.96,0,0.0,1450.92,1,6807.67,2022-11-08,N
L0002765,643,Branch,15219.85,0,0.0,2223.17,3,28584.01,2024-12-14,N
L0002766,744,Branch,9821.87,0,0.0,1184.46,2,8368.99,2023-04-03,Y
L0002767,627,Broker,46887.97,0,0.0,9583.92,2,30785.98,2024-06-15,N
L0002768,646,Online,56968.82,0,0.0,14379.23,1,30317.73,2023-08-06,N
L0002769,763,Branch,48987.09,0,0.0,1206.32,4,17209.62,2025-04-13,Y
L0002770,782,Broker,19931.72,0,0.0,1680.86,1,5409.7,2023-05-09,Y
L0002771,695,Broker,37292.26,0,0.0,5045.22,3,13781.34,2024-05-13,N
L0002772,662,Online,25049.71,0,0.0,6850.03,4,15084.27,2023-01-01,Y
L0002773,663,Branch,36351.64,0,0.0,2581.24,2,11937.38,2025-09-17,N
L0002774,813,Broker,34977.38,0,0.0,2975.22,3,5296.72,2022-10-06,N
L0002775,609,Broker,11720.07,1,7970.94,-2683.31,3,24942.06,2022-10-18,N
L0002776,722,Broker,5714.59,0,0.0,1202.94,3,8646.95,2021-07-20,N
L0002777,706,Broker,55471.74,0,0.0,5560.02,4,17577.07,2024-08-29,Y
L0002778,735,Branch,5125.18,0,0.0,1408.27,2,8560.08,2021-11-10,N
L0002779,599,Branch,35624.51,0,0.0,13322.87,3,17894.97,2023-05-13,N
L0002780,709,Broker,22974.08,0,0.0,2462.61,2,3681.55,2024-10-10,N
L0002781,800,Online,12406.48,0,0.0,843.07,1,4360.47,2024-05-04,Y
L0002782,693,Broker,20564.25,0,0.0,3533.16,4,12767.45,2023-08-10,Y
L0002783,686,Branch,12375.52,0,0.0,2693.25,2,8742.13,2023-07-14,N
L0002784,774,Online,57282.22,0,0.0,2561.58,3,6069.21,2024-05-12,N
L0002785,735,Online,22162.54,0,0.0,1271.74,3,12416.11,2025-10-28,N
L0002786,649,Online,34512.34,0,0.0,2030.1,1,18598.05,2025-12-23,N
L0002787,716,Branch,12443.22,0,0.0,918.85,4,9163.8,2024-11-23,N
L0002788,752,Broker,25774.22,0,0.0,2945.41,4,15221.23,2022-03-02,Y
L0002789,688,Broker,58116.43,0,0.0,10476.98,3,14434.45,2023-08-13,N
L0002790,715,Broker,40393.3,0,0.0,2762.17,3,10992.37,2025-02-18,Y
L0002791,751,Branch,8645.16,0,0.0,893.11,2,10298.49,2024-03-12,N
L0002792,768,Online,17131.21,0,0.0,1480.21,1,6759.33,2023-01-30,N
L0002793,669,Broker,43847.82,0,0.0,4416.23,3,17098.46,2025-03-15,N
L0002794,728,Broker,37358.39,0,0.0,6078.77,2,7594.09,2022-07-01,N
L0002795,755,Branch,23218.18,0,0.0,2503.35,1,12053.64,2022-06-28,Y
L0002796,711,Branch,50461.96,0,0.0,1156.25,2,18047.34,2026-02-22,N
L0002797,698,Online,35193.47,0,0.0,11141.57,2,5267.42,2022-07-08,Y
L0002798,614,Online,40297.41,0,0.0,6440.51,3,14651.63,2025-01-23,Y
L0002799,732,Branch,46711.4,0,0.0,4456.52,2,16331.67,2023-11-01,N
L0002800,-9999,Online,58589.37,0,0.0,16180.86,1,2743.14,2022-03-09,N
L0002801,699,Online,20034.5,0,0.0,3668.5,1,11450.12,2024-05-15,N
L0002802,754,Broker,32405.27,0,0.0,1996.77,3,7265.91,2024-05-17,Y
L0002803,700,Online,29149.68,0,0.0,11049.93,2,8332.73,2021-09-19,N
L0002804,745,Broker,41356.25,0,0.0,5079.15,1,3343.94,2022-04-03,N
L0002805,676,Online,56262.31,0,0.0,1481.55,3,15186.91,2026-02-21,Y
L0002806,700,Online,11723.64,0,0.0,2006.16,2,11658.56,2024-04-28,Y
L0002807,642,Branch,10517.95,1,5489.59,-1977.55,4,21478.6,2023-03-09,Y
L0002808,708,Online,10329.95,0,0.0,2426.42,4,17627.89,2023-10-13,N
L0002809,644,Broker,6802.8,0,0.0,1672.61,4,7246.25,2023-11-19,Y
L0002810,662,Broker,28670.86,0,0.0,4278.28,4,15158.52,2024-08-08,N
L0002811,700,Branch,53590.08,0,0.0,7594.2,2,9084.61,2024-01-16,Y
L0002812,743,Online,31974.82,0,0.0,1165.73,2,20140.31,2025-04-13,Y
L0002813,818,Broker,55511.97,0,0.0,4216.44,3,2562.15,2023-01-28,
L0002814,697,Broker,17231.99,0,0.0,3486.61,1,11805.72,2023-06-14,Y
L0002815,722,Online,41818.7,0,0.0,13240.25,2,554.95,2021-08-13,N
L0002816,674,Broker,55190.25,0,0.0,1096.35,3,14876.15,2026-03-08,N
L0002817,777,Branch,37358.61,0,0.0,1846.46,4,148.2,2024-05-05,N
L0002818,804,Broker,22673.31,0,0.0,1901.9,4,6279.28,2023-05-15,Y
L0002819,741,Broker,10306.15,0,0.0,788.78,4,17128.57,2024-03-29,N
L0002820,663,Online,46687.51,0,0.0,17073.48,4,5094.62,2021-10-19,N
L0002821,737,Online,40790.69,1,25981.66,-23269.15,4,9399.36,2025-05-10,Y
L0002822,682,Online,33837.88,0,0.0,7615.39,4,14390.19,2023-12-05,Y
L0002823,706,Online,45928.92,0,0.0,10422.54,2,13022.13,2023-05-22,N
L0002824,621,Broker,15359.24,0,0.0,4655.26,1,4240.84,2023-09-06,N
L0002825,777,Branch,29008.24,1,14467.71,-13452.17,1,9698.73,2024-11-15,Y
L0002826,729,Online,8325.06,0,0.0,857.53,1,5601.95,2024-10-28,N
L0002827,699,Branch,28999.1,0,0.0,4389.21,3,12098.98,2023-12-21,Y
L0002828,692,Branch,39469.65,0,0.0,10372.02,3,10944.93,2022-05-30,N
L0002829,670,Online,43052.69,0,0.0,3094.45,2,16992.48,2025-07-08,N
L0002830,667,Broker,42432.44,0,0.0,1425.78,4,3514.19,2026-01-23,Y
L0002831,693,Online,52016.96,0,0.0,11218.15,3,20796.71,2023-11-14,Y
L0002832,723,Branch,11375.37,0,0.0,1458.95,1,14579.42,2024-06-07,N
L0002833,715,Branch,54639.52,0,0.0,774.84,3,9416.02,2026-03-30,Y
L0002834,677,Branch,54922.53,0,0.0,16836.41,1,9873.75,2022-03-09,N
L0002835,729,Online,7917.23,0,0.0,1926.69,4,16782.8,2023-05-21,Y
L0002836,701,Broker,27575.9,0,0.0,1406.24,2,18410.62,2025-07-28,N
L0002837,714,Broker,35264.21,0,0.0,5076.06,4,15465.9,2023-10-27,Y
L0002838,584,Broker,22771.36,1,10424.26,2986.48,1,20103.06,2021-12-26,N
L0002839,785,Branch,16706.7,0,0.0,1425.92,4,1603.33,2022-10-25,Y
L0002840,702,Online,13084.13,0,0.0,3074.56,3,20501.93,2023-06-09,N
L0002841,769,Online,23470.68,0,0.0,1823.9,2,6962.02,2023-02-14,Y
L0002842,847,Online,10121.18,0,0.0,406.44,3,2486.82,2024-07-24,Y
L0002843,695,Branch,38553.7,0,0.0,8388.98,2,12344.44,2022-11-26,Y
L0002844,670,Online,15645.98,0,0.0,3699.13,1,13551.22,2023-04-24,Y
L0002845,704,Broker,45881.98,0,0.0,9578.4,2,17679.74,2022-09-27,N
L0002846,737,Broker,48811.39,1,24011.36,-22716.23,4,15654.22,2025-10-30,N
L0002847,645,Branch,33958.35,0,0.0,2658.44,2,19844.72,2025-09-10,Y
L0002848,668,Branch,35898.29,0,0.0,11037.41,1,10336.61,2022-05-08,N
L0002849,734,Online,25069.64,1,10677.44,-4196.71,2,5328.99,2022-01-14,N
L0002850,-9999,Branch,57975.59,0,0.0,5480.19,3,4322.33,2021-12-13,N
L0002851,735,Broker,11041.94,0,0.0,1687.74,3,16578.2,2022-08-07,Y
L0002852,736,Online,58130.42,0,0.0,12982.7,2,10644.92,2022-05-12,N
L0002853,797,Branch,22273.8,0,0.0,1945.6,4,7798.78,2022-07-12,N
L0002854,664,Online,11088.88,0,0.0,761.81,1,3732.35,2025-08-24,N
L0002855,790,Online,49579.84,0,0.0,2519.13,4,8646.76,2024-02-01,Y
L0002856,689,Online,8308.81,0,0.0,652.15,4,5933.75,2026-01-06,N
L0002857,660,Broker,14277.47,0,0.0,4828.97,2,21378.16,2022-05-13,Y
L0002858,781,Branch,34208.6,0,0.0,3296.48,2,10005.19,2021-12-07,N
L0002859,684,Online,54754.19,0,0.0,17070.4,3,0.0,2022-11-30,N
L0002860,740,Branch,29379.93,0,0.0,4442.8,2,10165.95,2021-12-08,N
L0002861,738,Branch,38208.64,0,0.0,5477.03,2,15901.44,2022-03-17,N
L0002862,675,Online,20718.84,0,0.0,7569.73,2,20845.75,2021-08-02,Y
L0002863,657,Online,13561.34,1,7069.1,-5322.39,1,29361.0,2024-12-14,Y
L0002864,626,Online,13175.14,1,5580.99,-1662.38,1,12515.42,2023-07-15,Y
L0002865,605,Branch,22346.48,0,0.0,10397.18,3,19821.27,2022-05-17,Y
L0002866,685,Broker,49156.51,0,0.0,2139.76,1,9199.3,2025-11-18,N
L0002867,641,Broker,10547.85,0,0.0,3220.65,4,15148.5,2023-03-30,N
L0002868,753,Online,53234.47,0,0.0,1109.75,2,9172.57,2026-01-02,N
L0002869,755,Online,36151.47,0,0.0,3725.47,1,14177.1,2022-01-29,N
L0002870,624,Branch,8775.07,0,0.0,1651.15,4,16357.98,2025-01-04,N
L0002871,735,Broker,48457.84,0,0.0,8176.26,1,15333.81,2021-12-09,N
L0002872,735,Branch,47148.14,0,0.0,5141.4,2,4658.07,2023-05-21,N
L0002873,780,Online,55816.93,1,29647.98,-26093.17,2,10403.16,2023-04-22,Y
L0002874,721,Online,41880.45,0,0.0,11129.93,2,5895.1,2022-05-17,Y
L0002875,598,Broker,47976.29,0,0.0,5273.79,3,6098.09,2025-08-24,N
L0002876,692,Broker,16450.0,0,0.0,4920.33,3,0.0,2021-10-11,Y
L0002877,747,Online,32612.67,0,0.0,1541.54,4,5984.41,2024-12-17,N
L0002878,808,Online,8522.16,0,0.0,386.75,4,5467.56,2024-07-15,N
L0002879,651,Broker,46856.11,0,0.0,8210.32,2,22295.19,2024-07-28,Y
L0002880,706,Online,48893.79,0,0.0,14199.35,1,11272.86,2022-06-15,Y
L0002881,689,Online,6662.18,1,2089.6,276.55,1,13775.58,2022-10-03,N
L0002882,704,Broker,51073.24,0,0.0,6446.64,4,12337.93,2024-01-31,N
L0002883,686,Broker,7114.31,0,0.0,1183.02,1,22806.53,2024-08-12,N
L0002884,697,Broker,57162.36,0,0.0,1937.37,4,5632.73,2025-11-03,Y
L0002885,672,Broker,38774.64,0,0.0,2339.19,2,6810.36,2025-10-22,N
L0002886,659,Online,9678.29,0,0.0,2264.93,4,16930.99,2024-04-05,Y
L0002887,673,Online,48463.24,0,0.0,6740.25,2,8796.8,2024-08-10,Y
L0002888,634,Online,20395.5,0,0.0,6976.83,2,15826.05,2023-01-27,Y
L0002889,636,Broker,45425.82,0,0.0,12699.51,4,19987.31,2023-08-30,N
L0002890,564,Branch,24599.74,0,0.0,11696.28,1,20890.65,2023-01-16,N
L0002891,706,Online,52931.31,0,0.0,18343.34,1,12430.39,2021-10-07,N
L0002892,756,Broker,22796.9,0,0.0,2368.93,3,3936.88,2022-07-09,N
L0002893,567,Branch,42442.8,0,0.0,9833.56,3,16461.39,2024-10-15,Y
L0002894,714,Branch,7141.72,0,0.0,1516.99,3,7565.69,2022-03-11,N
L0002895,722,Broker,23471.53,0,0.0,3289.58,3,13578.01,2023-05-01,N
L0002896,794,Online,30767.26,0,0.0,856.73,1,1853.45,2025-07-03,N
L0002897,803,Branch,23048.01,1,14387.14,-11840.41,4,8518.1,2021-10-03,Y
L0002898,670,Branch,55238.35,0,0.0,9108.01,1,18261.62,2024-05-13,N
L0002899,778,Broker,36051.41,0,0.0,1004.02,4,3305.86,2025-10-20,N
L0002900,-9999,Branch,28753.68,0,0.0,4068.33,1,9840.79,2022-11-30,N
L0002901,801,Branch,16308.9,0,0.0,764.14,3,5844.3,2025-07-14,N
L0002902,698,Broker,41267.92,0,0.0,3375.43,4,17855.82,2025-03-09,N
L0002903,731,Branch,14623.25,0,0.0,2298.51,2,9095.27,2022-10-23,Y
L0002904,639,Branch,6160.98,1,1959.68,-748.27,4,16297.46,2024-06-15,N
L0002905,757,Online,41757.61,0,0.0,1254.91,4,13767.73,2025-06-10,Y
L0002906,693,Branch,38331.06,0,0.0,4240.31,1,17892.75,2024-10-16,Y
L0002907,755,Broker,16762.99,0,0.0,1814.64,4,9636.26,2022-10-07,N
L0002908,819,Broker,42668.98,0,0.0,2341.06,1,4434.38,2023-12-01,N
L0002909,790,Branch,36036.85,0,0.0,3899.53,1,8439.52,2021-08-24,Y
L0002910,737,Broker,28978.2,0,0.0,2505.83,2,16313.82,2023-12-19,
L0002911,678,Broker,35892.42,0,0.0,4382.25,4,13199.75,2024-11-03,Y
L0002912,675,Online,45043.51,0,0.0,11778.57,1,15586.35,2022-10-24,N
L0002913,671,Broker,21175.76,0,0.0,6767.91,1,20643.9,2022-05-15,N
L0002914,559,Branch,13042.43,0,0.0,5111.81,4,4763.46,2023-09-14,Y
L0002915,725,Online,6414.51,0,0.0,1493.45,3,13486.75,2023-01-19,Y
L0002916,686,Broker,29691.26,0,0.0,3869.1,3,18641.5,2024-08-23,Y
L0002917,628,Online,47185.07,0,0.0,10128.95,1,5304.64,2024-05-05,Y
L0002918,827,Branch,9809.32,0,0.0,1260.07,1,6780.11,2022-11-30,N
L0002919,686,Broker,32690.66,0,0.0,4508.07,1,4739.49,2024-06-19,N
L0002920,634,Branch,56473.79,0,0.0,27097.57,3,8512.05,2021-07-23,N
L0002921,683,Branch,20861.05,0,0.0,2472.4,1,15433.16,2024-10-01,Y
L0002922,628,Broker,38936.0,0,0.0,17088.25,2,15675.84,2022-02-16,N
L0002923,651,Broker,58986.43,0,0.0,20239.89,1,10598.01,2022-06-30,N
L0002924,794,Online,26941.96,0,0.0,1986.7,3,8759.66,2023-03-18,Y
L0002925,642,Branch,7548.8,0,0.0,1392.94,4,13533.21,2025-03-01,N
L0002926,521,Online,52678.04,0,0.0,26024.51,2,14492.91,2023-06-30,N
L0002927,717,Branch,7350.32,0,0.0,1218.26,2,10591.68,2023-08-14,Y
L0002928,728,Branch,35358.23,0,0.0,3284.21,4,8859.48,2024-05-06,Y
L0002929,691,Branch,7910.97,0,0.0,1930.29,4,14806.21,2023-05-02,N
L0002930,706,Online,45335.18,0,0.0,13874.95,4,16988.26,2022-05-27,N
L0002931,689,Online,50509.49,0,0.0,9094.65,2,12286.87,2024-04-03,Y
L0002932,743,Broker,37043.08,0,0.0,2747.04,2,4663.74,2024-02-03,Y
L0002933,778,Online,51211.28,0,0.0,1303.54,1,6891.85,2025-03-04,Y
L0002934,787,Online,22446.93,0,0.0,1203.06,2,3965.29,2024-11-07,N
L0002935,701,Broker,26287.8,1,11889.17,-6925.35,4,18394.78,2023-02-10,N
L0002936,660,Branch,49362.61,0,0.0,6408.4,3,12149.67,2024-11-13,Y
L0002937,719,Online,57890.98,0,0.0,2275.74,3,13839.23,2025-12-02,Y
L0002938,626,Branch,32094.51,0,0.0,3929.1,3,19118.85,2025-04-06,Y
L0002939,610,Broker,38755.47,0,0.0,4756.18,1,15005.26,2025-06-04,Y
L0002940,702,Online,25590.48,0,0.0,8206.47,4,12367.27,2022-04-08,N
L0002941,739,Online,31366.17,0,0.0,5468.82,1,9432.15,2023-05-18,N
L0002942,616,Online,5688.85,0,0.0,2559.49,4,23615.48,2022-11-16,Y
L0002943,669,Broker,50523.41,0,0.0,16509.99,4,12704.56,2022-02-13,N
L0002944,686,Broker,5791.03,0,0.0,1234.54,1,11454.47,2023-05-07,N
L0002945,684,Branch,33209.6,1,21938.46,-15437.15,1,11300.59,2023-08-18,Y
L0002946,672,Online,6415.8,0,0.0,573.05,3,10327.24,2025-09-30,N
L0002947,751,Broker,33097.87,0,0.0,3021.88,4,9448.81,2023-07-16,N
L0002948,794,Branch,23765.11,0,0.0,2599.87,4,9372.31,2021-11-14,Y
L0002949,599,Broker,47557.32,0,0.0,13881.15,1,12941.78,2023-12-02,N
L0002950,-9999,Broker,14528.69,1,6255.32,-3729.32,1,27634.72,2024-07-16,Y
L0002951,643,Broker,16483.62,0,0.0,7611.47,4,16688.62,2021-07-20,N
L0002952,766,Branch,35882.8,0,0.0,2982.27,1,9947.36,2022-06-28,N
L0002953,683,Online,35756.43,0,0.0,5588.37,4,18683.22,2024-09-01,Y
L0002954,669,Branch,6925.51,0,0.0,2527.26,1,25234.23,2022-05-08,N
L0002955,682,Broker,43651.33,0,0.0,13826.59,2,8045.59,2021-11-05,N
L0002956,671,Branch,18367.6,0,0.0,4004.42,3,22764.66,2023-09-27,N
L0002957,671,Broker,32264.99,1,24539.12,-17890.9,4,17593.09,2023-09-05,Y
L0002958,761,Online,10062.33,0,0.0,755.5,4,5284.96,2023-06-24,Y
L0002959,840,Broker,18625.52,0,0.0,391.26,4,2594.99,2025-11-13,Y
L0002960,711,Broker,44886.27,0,0.0,9530.26,4,8868.39,2022-03-18,Y
L0002961,709,Branch,27370.01,0,0.0,1040.48,3,8476.36,2026-02-19,N
L0002962,783,Online,35322.29,0,0.0,3225.58,1,11605.06,2021-12-29,Y
L0002963,714,Branch,14415.97,0,0.0,2131.76,4,8703.53,2024-02-04,Y
L0002964,748,Online,46131.21,0,0.0,4876.25,2,6494.96,2022-11-11,N
L0002965,609,Online,32046.9,0,0.0,7731.3,3,7529.69,2024-05-14,N
L0002966,729,Online,17276.9,0,0.0,4716.43,3,10382.33,2021-11-29,Y
L0002967,751,Broker,36007.63,0,0.0,3937.29,2,8529.34,2022-09-20,N
L0002968,741,Online,48986.75,0,0.0,1568.7,4,4615.32,2025-10-19,Y
L0002969,683,Branch,34065.16,0,0.0,1540.12,1,21207.85,2025-10-15,N
L0002970,674,Online,44281.6,0,0.0,8724.41,1,22305.92,2023-09-16,Y
L0002971,710,Online,15552.78,0,0.0,2859.88,1,13582.39,2023-11-16,N
L0002972,712,Branch,10510.18,0,0.0,777.11,1,2214.47,2025-05-13,N
L0002973,629,Online,38762.33,0,0.0,7397.74,2,18508.58,2024-07-06,Y
L0002974,643,Online,15477.29,0,0.0,5985.46,4,9491.91,2022-03-20,N
L0002975,684,Branch,5858.86,0,0.0,1256.43,3,22601.12,2024-03-15,Y
L0002976,702,Online,32114.73,0,0.0,9015.05,2,17980.21,2022-11-21,Y
L0002977,674,Branch,24730.32,0,0.0,7957.95,1,25899.87,2022-04-26,N
L0002978,769,Online,54350.23,0,0.0,319.69,1,6327.53,2026-03-02,Y
L0002979,646,Online,38537.55,0,0.0,15880.95,1,9360.98,2021-11-20,N
L0002980,661,Online,37276.75,0,0.0,9534.2,3,22143.59,2023-05-12,N
L0002981,632,Branch,30102.16,0,0.0,1981.9,2,12641.23,2025-10-17,Y
L0002982,674,Online,46938.12,0,0.0,1462.04,1,16722.19,2026-01-25,Y
L0002983,694,Online,32285.25,1,16875.28,-15830.35,2,6718.81,2026-02-23,Y
L0002984,790,Broker,46141.53,0,0.0,4078.86,4,6554.47,2022-01-13,N
L0002985,636,Broker,21848.36,0,0.0,7641.55,4,15616.3,2022-10-19,Y
L0002986,730,Online,40732.13,0,0.0,10534.85,1,11855.13,2022-01-31,Y
L0002987,706,Branch,59119.84,0,0.0,12930.57,2,13062.57,2022-04-04,N
L0002988,698,Branch,16985.0,0,0.0,4439.1,2,7754.52,2022-05-15,Y
L0002989,631,Branch,18481.67,0,0.0,7542.5,4,13639.02,2022-07-21,Y
L0002990,731,Broker,34268.22,1,13827.2,-13013.27,3,11611.91,2025-11-12,Y
L0002991,679,Online,28856.81,0,0.0,1660.37,1,15288.53,2025-08-13,N
L0002992,581,Broker,49399.3,0,0.0,18486.11,2,16512.5,2023-07-06,N
L0002993,757,Branch,19389.18,0,0.0,1429.52,3,12230.95,2023-09-03,Y
L0002994,652,Broker,18787.63,0,0.0,4174.73,1,7160.57,2024-02-09,Y
L0002995,684,Branch,18076.83,1,11537.8,-6416.18,4,13469.29,2022-06-02,N
L0002996,837,Broker,21636.86,0,0.0,833.65,4,5055.76,2025-06-06,Y
L0002997,777,Broker,50423.37,0,0.0,4586.9,3,5413.0,2021-12-14,Y
L0002998,786,Broker,30854.9,0,0.0,1257.4,1,0.0,2024-11-30,N
L0002999,641,Online,8105.54,0,0.0,2428.02,1,14897.73,2023-08-11,N
L0003000,-9999,Broker,43842.96,0,0.0,785.37,2,5847.74,2026-01-28,Y
L0003001,693,Online,6045.45,1,4475.92,-2276.83,4,16065.94,2022-02-27,Y
L0003002,772,Online,19235.24,0,0.0,774.05,1,9996.1,2025-01-12,Y
L0003003,594,Online,53816.06,0,0.0,21386.14,3,27275.16,2023-03-16,N
L0003004,606,Broker,24894.63,1,19557.55,-14090.86,3,19785.93,2024-08-29,Y
L0003005,700,Branch,24130.29,0,0.0,6088.39,2,8483.42,2021-12-20,Y
L0003006,610,Broker,8137.95,0,0.0,2373.96,2,23570.11,2024-01-09,N
L0003007,615,Broker,43097.2,1,27066.16,-20106.74,3,9883.94,2024-12-15,
L0003008,717,Online,46478.58,0,0.0,7224.87,4,10135.05,2024-04-24,N
L0003009,708,Online,41706.09,0,0.0,6256.36,3,9871.9,2024-05-02,N
L0003010,644,Branch,47030.95,0,0.0,15594.25,3,25779.26,2022-11-21,Y
L0003011,629,Online,51468.02,0,0.0,8205.06,4,11121.55,2024-12-07,Y
L0003012,759,Broker,38539.33,0,0.0,2565.05,3,4435.4,2023-05-27,Y
L0003013,711,Broker,32371.57,0,0.0,1409.77,4,8377.48,2025-09-12,N
L0003014,697,Online,28911.33,0,0.0,7806.9,3,17612.7,2023-01-29,N
L0003015,653,Online,9072.42,0,0.0,1592.26,1,24970.52,2025-02-16,N
L0003016,695,Online,40033.44,0,0.0,11137.86,3,5683.99,2023-01-23,N
L0003017,705,Broker,26384.68,0,0.0,6721.99,4,7989.56,2021-09-20,N
L0003018,740,Branch,9575.83,0,0.0,947.68,4,9649.28,2023-10-07,Y
L0003019,665,Branch,23828.92,0,0.0,3732.31,2,13304.79,2024-06-25,Y
L0003020,704,Online,40600.66,0,0.0,5443.18,1,15563.59,2024-09-14,N
L0003021,724,Broker,57131.91,0,0.0,7407.02,2,10902.88,2023-07-28,Y
L0003022,653,Broker,32270.57,0,0.0,11827.47,4,15508.31,2022-02-08,N
L0003023,746,Broker,8126.28,0,0.0,565.17,1,1459.45,2026-02-23,N
L0003024,801,Branch,12018.26,0,0.0,1428.19,1,5327.61,2022-03-24,N
L0003025,726,Online,37149.24,0,0.0,7088.56,4,11303.24,2023-06-21,Y
L0003026,595,Broker,30469.45,1,16326.15,-9689.73,2,21145.89,2024-10-26,N
L0003027,668,Branch,47466.63,0,0.0,1374.99,2,8130.8,2026-03-27,N
L0003028,650,Online,22654.43,0,0.0,1542.6,1,22507.75,2025-09-08,Y
L0003029,697,Online,31503.2,0,0.0,4627.3,1,13678.33,2024-10-25,N
L0003030,654,Broker,15795.98,0,0.0,1171.05,1,18700.45,2025-10-19,N
L0003031,720,Branch,44314.62,0,0.0,3894.78,4,8583.28,2024-09-18,N
L0003032,675,Branch,59898.42,0,0.0,16662.92,1,13126.54,2022-08-04,Y
L0003033,596,Broker,24561.27,1,17753.53,-6850.37,1,28817.08,2022-11-30,Y
L0003034,740,Online,22779.83,0,0.0,1999.76,1,7026.06,2024-06-06,Y
L0003035,724,Online,48721.2,0,0.0,7007.52,2,17252.35,2024-04-03,N
L0003036,651,Online,33017.36,0,0.0,4870.05,2,12579.27,2024-11-20,Y
L0003037,656,Online,33350.31,0,0.0,4606.83,3,4687.91,2024-12-08,N
L0003038,711,Broker,42392.22,0,0.0,1718.15,1,11192.61,2025-11-06,Y
L0003039,802,Branch,50729.37,0,0.0,5031.05,3,2678.39,2021-08-10,N
L0003040,573,Broker,13122.95,0,0.0,6273.63,3,17288.02,2022-11-11,N
L0003041,688,Broker,17604.55,0,0.0,2864.66,4,8589.99,2024-03-08,N
L0003042,685,Broker,57913.22,0,0.0,16426.35,3,20290.2,2022-02-26,Y
L0003043,666,Online,45554.03,0,0.0,4628.83,4,16428.4,2025-03-12,Y
L0003044,637,Online,44734.41,0,0.0,6136.23,3,20537.92,2025-01-20,Y
L0003045,594,Broker,14203.4,1,10143.64,-7780.51,3,19354.54,2025-03-12,Y
L0003046,627,Broker,56788.26,0,0.0,15469.69,3,14082.56,2023-10-27,Y
L0003047,688,Broker,33839.9,1,25931.61,-21349.66,1,15823.33,2024-05-20,N
L0003048,763,Broker,45415.53,0,0.0,2148.57,4,7294.16,2024-06-03,Y
L0003049,698,Branch,10247.71,0,0.0,2721.04,1,12483.21,2022-01-13,N
L0003050,-9999,Broker,59756.74,0,0.0,9309.34,2,5943.99,2022-08-20,N
L0003051,628,Broker,28055.98,0,0.0,6573.26,2,8443.76,2024-03-19,N
L0003052,726,Branch,19781.16,1,14253.12,-13361.31,3,8380.72,2025-08-12,Y
L0003053,638,Branch,53254.21,0,0.0,6215.82,2,14827.55,2025-03-03,N
L0003054,681,Branch,22502.63,0,0.0,6066.09,1,12270.78,2022-10-21,Y
L0003055,738,Online,27520.51,0,0.0,6045.61,1,19627.64,2022-06-20,Y
L0003056,731,Broker,43766.92,0,0.0,5063.61,1,6027.11,2023-08-26,N
L0003057,766,Branch,31887.05,0,0.0,3481.27,3,8450.55,2021-08-24,N
L0003058,710,Broker,7900.6,0,0.0,1483.15,3,9919.57,2023-03-12,Y
L0003059,679,Online,46401.27,0,0.0,13577.12,3,8667.75,2022-03-05,Y
L0003060,607,Branch,16263.92,0,0.0,7466.34,3,23519.37,2022-07-07,N
L0003061,622,Online,46155.77,0,0.0,9604.57,4,15893.56,2024-07-13,N
L0003062,721,Online,26131.92,0,0.0,5806.86,3,11561.31,2023-03-12,Y
L0003063,687,Online,52175.95,0,0.0,5218.9,2,17994.23,2025-05-23,Y
L0003064,584,Broker,9973.12,1,7537.83,-3125.73,1,30868.99,2023-04-17,Y
L0003065,687,Branch,23709.31,0,0.0,7517.31,2,11778.92,2021-07-31,N
L0003066,665,Branch,52706.12,0,0.0,5651.43,4,19416.63,2025-03-28,N
L0003067,761,Online,16264.02,0,0.0,1680.44,2,5649.64,2023-02-18,Y
L0003068,643,Online,16142.69,0,0.0,5771.13,4,10142.6,2022-09-27,Y
L0003069,685,Broker,53752.58,0,0.0,5568.48,3,16114.39,2024-12-29,N
L0003070,661,Broker,32706.16,0,0.0,1986.62,3,10561.14,2025-09-30,N
L0003071,666,Online,15699.57,0,0.0,4002.43,1,3711.69,2023-05-04,Y
L0003072,656,Branch,24310.65,1,14611.24,-8762.73,3,6223.88,2023-08-19,Y
L0003073,690,Broker,28004.11,0,0.0,1256.89,3,5660.69,2025-12-14,N
L0003074,668,Online,24450.19,0,0.0,685.03,4,9819.81,2026-03-14,N
L0003075,640,Broker,36519.91,0,0.0,16836.28,4,13992.69,2021-08-28,N
L0003076,756,Branch,23076.18,0,0.0,1097.61,4,9297.24,2024-08-13,N
L0003077,751,Online,10198.04,0,0.0,547.55,4,13202.1,2026-02-20,N
L0003078,670,Branch,47874.77,0,0.0,15168.15,2,10081.88,2022-03-27,N
L0003079,663,Broker,54760.63,0,0.0,18957.66,4,10514.71,2022-02-27,Y
L0003080,747,Branch,29842.24,1,20275.9,-18388.98,1,10753.9,2024-03-12,Y
L0003081,819,Branch,46791.91,1,33300.96,-30908.09,2,5366.25,2024-02-14,N
L0003082,753,Broker,58736.29,0,0.0,3371.24,3,2991.63,2024-02-12,N
L0003083,636,Branch,7333.93,0,0.0,1620.75,4,10391.99,2024-06-22,N
L0003084,666,Broker,44878.38,0,0.0,9738.91,1,10795.05,2023-10-23,Y
L0003085,646,Broker,13430.17,0,0.0,4401.03,4,16825.74,2022-10-14,Y
L0003086,580,Broker,37339.18,0,0.0,14408.56,4,24861.14,2023-06-04,Y
L0003087,747,Online,57236.7,0,0.0,2787.33,1,8030.38,2024-11-29,N
L0003088,660,Branch,37247.46,0,0.0,12272.11,4,7454.97,2022-05-06,Y
L0003089,622,Broker,55337.86,0,0.0,25388.45,3,19727.73,2022-01-12,N
L0003090,690,Online,7211.46,0,0.0,2826.53,1,9481.42,2022-05-29,Y
L0003091,760,Online,19724.84,0,0.0,1122.91,2,10975.63,2023-08-29,Y
L0003092,750,Broker,39149.84,0,0.0,2871.63,1,10268.52,2024-03-15,N
L0003093,648,Broker,31677.45,0,0.0,13748.01,4,7590.05,2021-07-15,N
L0003094,656,Online,55680.64,0,0.0,22173.2,4,17278.71,2021-09-29,N
L0003095,621,Broker,30953.49,0,0.0,1638.52,2,14236.15,2025-12-06,Y
L0003096,727,Branch,37827.28,0,0.0,7340.92,4,6365.89,2021-12-24,Y
L0003097,639,Online,53323.86,0,0.0,2392.97,1,23982.0,2026-01-19,Y
L0003098,762,Branch,21548.26,0,0.0,2091.1,2,6618.86,2022-12-04,N
L0003099,706,Broker,18738.21,0,0.0,1033.62,1,9704.92,2025-06-19,Y
L0003100,-9999,Branch,50006.58,0,0.0,5220.49,1,7866.47,2024-02-13,Y
L0003101,714,Broker,37349.28,0,0.0,8650.82,4,11358.35,2021-08-20,N
L0003102,686,Broker,34245.68,0,0.0,7131.64,4,8567.81,2023-05-26,N
L0003103,609,Online,38177.15,0,0.0,15618.07,1,19564.63,2022-10-17,Y
L0003104,677,Branch,31085.38,0,0.0,1655.85,4,17017.03,2025-11-05,
L0003105,602,Broker,52621.67,1,17573.98,-11686.44,2,22845.39,2025-07-30,Y
L0003106,716,Online,54431.83,0,0.0,12875.01,3,17031.89,2023-01-23,N
L0003107,714,Broker,52302.6,0,0.0,9359.18,1,11019.65,2022-11-30,Y
L0003108,742,Online,26306.55,0,0.0,1792.81,1,13269.01,2024-08-13,Y
L0003109,669,Branch,58212.85,0,0.0,1700.72,1,3629.44,2026-02-05,Y
L0003110,659,Broker,58325.74,0,0.0,12934.31,4,7978.26,2023-09-16,N
L0003111,693,Broker,18816.97,0,0.0,5068.25,4,4796.64,2022-02-20,N
L0003112,657,Online,20433.24,0,0.0,1699.93,4,15548.41,2025-06-12,N
L0003113,733,Broker,22746.94,0,0.0,4509.98,1,13983.53,2021-09-17,Y
L0003114,718,Branch,19461.66,0,0.0,1589.61,2,6291.74,2024-09-16,N
L0003115,737,Broker,11544.3,0,0.0,1765.94,2,10286.98,2023-04-06,Y
L0003116,687,Branch,11621.05,0,0.0,2534.84,4,5263.56,2023-04-01,Y
L0003117,745,Online,44777.35,0,0.0,854.13,3,11714.09,2025-11-15,N
L0003118,700,Broker,38672.19,0,0.0,10483.79,2,13322.81,2021-11-01,N
L0003119,675,Branch,19857.75,0,0.0,5403.17,1,11906.02,2022-09-27,N
L0003120,674,Branch,38290.47,0,0.0,7437.49,3,14155.06,2023-10-01,Y
L0003121,696,Online,40014.1,0,0.0,1642.69,4,7342.51,2026-01-23,N
L0003122,614,Online,59666.93,0,0.0,8252.37,2,21224.62,2025-03-07,N
L0003123,698,Broker,33229.8,0,0.0,2350.63,3,24344.25,2025-05-15,N
L0003124,752,Broker,57220.04,0,0.0,3787.03,2,7740.6,2024-01-23,N
L0003125,713,Online,13453.71,0,0.0,2663.96,1,17516.51,2023-09-11,N
L0003126,728,Online,42267.32,0,0.0,12832.47,2,17312.69,2021-07-04,N
L0003127,750,Broker,30843.21,0,0.0,3079.73,1,12513.32,2022-10-24,N
L0003128,712,Branch,10046.05,0,0.0,2030.82,1,8240.91,2023-03-20,N
L0003129,675,Online,20227.52,0,0.0,879.8,1,25952.78,2026-03-13,N
L0003130,827,Broker,57771.54,0,0.0,1745.11,4,4627.52,2024-12-02,N
L0003131,651,Branch,43455.19,0,0.0,16716.59,1,19434.76,2021-12-19,Y
L0003132,693,Broker,19328.0,0,0.0,1403.48,3,3026.12,2025-06-15,N
L0003133,627,Online,7299.32,0,0.0,1733.94,3,18387.92,2024-03-15,N
L0003134,701,Broker,35013.7,1,19782.79,-15898.61,4,16043.86,2024-07-12,N
L0003135,645,Branch,26415.06,0,0.0,6777.75,3,26843.3,2023-08-09,N
L0003136,739,Branch,31810.78,0,0.0,3068.32,3,11824.32,2023-10-26,N
L0003137,725,Broker,38881.65,0,0.0,1792.02,1,15685.25,2025-08-05,N
L0003138,772,Branch,40708.7,0,0.0,3501.12,1,11652.53,2022-05-28,N
L0003139,718,Online,10141.28,0,0.0,2211.95,2,4794.05,2023-06-11,N
L0003140,603,Branch,46966.18,0,0.0,23831.63,3,22355.29,2022-01-02,N
L0003141,877,Broker,48297.54,0,0.0,1892.5,2,1339.57,2024-08-02,Y
L0003142,762,Branch,9823.37,0,0.0,1110.97,3,9621.05,2022-06-13,N
L0003143,810,Branch,53624.23,0,0.0,3228.39,3,3155.83,2023-07-11,Y
L0003144,622,Branch,30744.48,0,0.0,6637.7,4,16682.76,2024-06-09,N
L0003145,695,Branch,45636.76,0,0.0,4604.64,4,15551.59,2024-12-03,Y
L0003146,692,Online,58279.16,0,0.0,16167.91,4,6566.1,2023-02-06,N
L0003147,571,Broker,50004.75,0,0.0,2082.86,2,18659.1,2026-03-28,N
L0003148,650,Broker,34182.56,1,19372.2,-8784.54,4,16339.59,2022-12-09,Y
L0003149,729,Online,51078.49,0,0.0,11344.55,1,7733.0,2022-09-20,N
L0003150,-9999,Branch,49824.52,0,0.0,7642.72,2,17490.32,2023-03-14,Y
L0003151,678,Online,42406.56,0,0.0,12738.66,4,10089.84,2022-02-08,N
L0003152,653,Online,56420.77,0,0.0,10095.42,2,2256.07,2024-06-14,N
L0003153,763,Online,26104.38,0,0.0,2745.47,2,9237.81,2021-11-16,N
L0003154,646,Broker,59446.45,1,37704.2,-16611.5,3,8033.57,2022-06-14,N
L0003155,634,Online,49713.06,0,0.0,15838.9,1,16285.8,2023-03-02,Y
L0003156,634,Online,36919.1,0,0.0,17415.32,4,11923.84,2021-08-30,Y
L0003157,701,Online,5074.89,0,0.0,758.64,3,15814.34,2026-01-21,Y
L0003158,692,Broker,8390.65,0,0.0,2094.96,3,12086.14,2023-04-28,N
L0003159,641,Branch,11279.38,0,0.0,3230.68,4,10704.34,2023-07-27,Y
L0003160,608,Online,55020.06,0,0.0,5673.94,4,25555.11,2025-08-13,N
L0003161,672,Branch,27434.88,0,0.0,2492.83,1,14048.52,2025-05-22,N
L0003162,635,Branch,54712.17,0,0.0,17034.08,3,15483.08,2023-03-20,Y
L0003163,722,Broker,58296.67,0,0.0,7662.58,2,17742.36,2023-07-31,N
L0003164,702,Branch,25451.47,0,0.0,4495.93,1,15454.23,2023-08-28,Y
L0003165,699,Branch,54220.22,0,0.0,9986.01,2,13716.94,2023-05-21,N
L0003166,657,Broker,39650.4,0,0.0,2120.41,4,20577.12,2025-12-18,Y
L0003167,745,Broker,54392.62,0,0.0,739.9,1,6568.26,2026-02-21,Y
L0003168,684,Branch,17581.73,0,0.0,3043.42,2,10523.46,2023-12-20,Y
L0003169,688,Online,51479.65,0,0.0,21235.3,3,5663.89,2021-07-28,Y
L0003170,715,Online,42529.58,0,0.0,8329.52,4,6917.21,2023-08-16,Y
L0003171,616,Online,54953.6,0,0.0,4024.36,3,11282.47,2025-10-27,N
L0003172,712,Online,35160.09,0,0.0,9610.41,2,0.0,2022-07-09,Y
L0003173,587,Branch,25816.84,0,0.0,3033.29,2,23855.91,2025-07-06,N
L0003174,599,Online,47230.36,0,0.0,22213.62,1,26726.78,2022-06-29,Y
L0003175,695,Branch,6363.96,0,0.0,772.89,1,15196.28,2024-09-16,N
L0003176,687,Broker,6628.04,0,0.0,2006.71,2,17057.98,2022-06-22,N
L0003177,793,Online,56715.61,0,0.0,3121.44,2,5635.46,2024-01-18,N
L0003178,682,Online,8459.0,0,0.0,727.58,4,13496.95,2025-09-06,N
L0003179,687,Branch,23096.19,0,0.0,1122.23,2,5212.93,2025-11-08,Y
L0003180,670,Branch,15668.28,0,0.0,863.25,1,12682.69,2026-01-18,Y
L0003181,750,Online,45578.61,0,0.0,5195.84,3,4929.71,2022-05-20,N
L0003182,753,Branch,22553.79,0,0.0,1839.31,4,10668.0,2023-04-14,N
L0003183,787,Online,14563.48,0,0.0,1325.2,1,2375.82,2023-09-13,N
L0003184,753,Online,53147.44,0,0.0,4963.14,3,8371.65,2023-01-11,Y
L0003185,559,Online,29210.08,0,0.0,6289.38,2,37759.06,2024-12-31,Y
L0003186,695,Online,40220.0,0,0.0,8376.51,2,19497.51,2023-11-28,Y
L0003187,751,Online,33107.03,0,0.0,4184.19,4,9836.93,2021-08-08,Y
L0003188,702,Online,5768.95,0,0.0,1933.01,4,9085.36,2022-03-14,N
L0003189,747,Branch,17774.35,0,0.0,682.09,1,16987.18,2025-07-23,N
L0003190,650,Branch,57046.95,0,0.0,23095.78,1,14344.1,2021-10-17,N
L0003191,794,Broker,13420.31,0,0.0,759.23,4,7639.41,2025-06-22,N
L0003192,663,Broker,45372.33,1,23805.37,-11827.53,4,18254.89,2023-01-31,N
L0003193,732,Online,40993.27,0,0.0,2924.14,1,7127.05,2025-03-23,N
L0003194,698,Online,14629.67,0,0.0,3784.81,2,11877.38,2023-08-06,Y
L0003195,691,Online,55387.54,0,0.0,11815.01,1,10939.56,2023-11-07,Y
L0003196,760,Broker,43788.15,0,0.0,3606.83,2,5710.73,2022-12-08,N
L0003197,675,Broker,18360.74,0,0.0,4314.78,2,10409.73,2023-04-22,Y
L0003198,878,Broker,14126.54,0,0.0,1334.52,1,1647.5,2022-02-04,N
L0003199,653,Online,51118.37,1,31932.83,-23461.96,4,16228.81,2024-07-28,Y
L0003200,-9999,Branch,38946.05,0,0.0,1097.18,3,2541.75,2025-07-03,Y
L0003201,728,Branch,37434.69,0,0.0,5262.89,1,9888.6,2022-11-03,
L0003202,680,Online,43954.25,0,0.0,3316.61,1,10668.7,2025-08-09,N
L0003203,682,Branch,22260.16,0,0.0,3913.67,2,23440.65,2023-11-04,N
L0003204,638,Broker,58287.6,0,0.0,1948.34,3,20923.63,2026-03-26,N
L0003205,738,Broker,41424.77,0,0.0,5290.91,3,4712.7,2023-01-29,Y
L0003206,774,Broker,46500.8,0,0.0,1157.78,2,6501.18,2025-10-23,N
L0003207,695,Branch,55610.05,0,0.0,12427.6,1,5088.42,2022-09-03,Y
L0003208,657,Online,5657.43,0,0.0,905.23,4,15198.36,2024-12-12,N
L0003209,671,Branch,44600.83,0,0.0,14333.44,3,13571.63,2022-03-14,Y
L0003210,649,Online,11521.34,0,0.0,1318.94,4,19812.11,2025-05-30,Y
L0003211,712,Online,10706.47,0,0.0,3546.57,3,10266.03,2022-03-05,Y
L0003212,757,Broker,19181.26,0,0.0,923.87,3,12730.86,2025-03-23,N
L0003213,665,Online,33857.64,0,0.0,1888.91,3,14931.29,2025-12-12,Y
L0003214,715,Online,44766.16,0,0.0,8876.21,3,7636.0,2023-07-14,Y
L0003215,692,Branch,8403.47,0,0.0,982.88,3,9157.17,2025-08-30,N
L0003216,659,Branch,38497.02,0,0.0,11516.84,4,17137.76,2022-10-07,N
L0003217,742,Online,44379.38,0,0.0,4218.7,4,9078.42,2023-09-19,N
L0003218,796,Online,8908.48,0,0.0,498.57,4,5923.58,2024-11-17,N
L0003219,679,Online,38974.02,0,0.0,2030.05,3,16278.14,2025-10-21,Y
L0003220,720,Online,58852.08,0,0.0,5675.61,2,7052.92,2025-01-30,Y
L0003221,577,Online,58474.39,0,0.0,36954.52,2,0.0,2021-08-15,N
L0003222,651,Broker,8674.16,0,0.0,3436.53,1,10064.49,2022-07-25,N
L0003223,775,Branch,19241.29,0,0.0,2231.44,1,5519.86,2022-02-26,N
L0003224,649,Branch,47272.66,0,0.0,13483.28,1,17777.67,2023-03-10,Y
L0003225,753,Online,12916.65,0,0.0,958.25,2,8777.91,2025-02-23,Y
L0003226,793,Broker,37927.0,0,0.0,3028.35,1,6922.3,2023-03-11,Y
L0003227,742,Online,51319.48,0,0.0,1850.32,1,12744.27,2025-08-25,N
L0003228,654,Broker,32380.91,0,0.0,13140.55,1,14775.64,2021-10-29,N
L0003229,710,Branch,12642.43,0,0.0,1011.33,4,17330.54,2025-05-05,Y
L0003230,739,Branch,7783.41,0,0.0,1381.04,1,5713.87,2022-07-31,N
L0003231,643,Broker,24761.97,0,0.0,10617.43,1,23445.57,2021-12-02,N
L0003232,667,Branch,9899.51,0,0.0,771.93,3,13510.57,2026-01-09,N
L0003233,675,Branch,9150.39,0,0.0,773.97,4,22123.23,2025-04-12,Y
L0003234,710,Broker,12209.84,0,0.0,801.2,4,15337.22,2025-12-23,N
L0003235,696,Broker,21447.02,0,0.0,5097.12,3,15608.8,2022-10-30,N
L0003236,669,Broker,37040.84,0,0.0,2710.84,2,1647.4,2025-07-02,Y
L0003237,717,Broker,18497.92,0,0.0,3496.92,2,22500.02,2022-05-15,N
L0003238,805,Branch,31464.41,0,0.0,1331.18,2,8086.69,2025-04-26,N
L0003239,699,Branch,34866.14,0,0.0,2342.07,3,4236.46,2025-06-28,N
L0003240,691,Broker,50352.3,0,0.0,2612.68,2,13004.53,2025-08-26,Y
L0003241,697,Online,56872.08,1,32439.25,-18725.41,1,13701.09,2023-05-22,Y
L0003242,774,Online,54736.98,0,0.0,2257.37,1,7761.94,2024-08-18,N
L0003243,711,Online,51182.16,0,0.0,15723.06,4,8599.58,2022-02-17,Y
L0003244,744,Online,38250.85,0,0.0,4359.46,3,13422.58,2022-10-11,N
L0003245,702,Online,21845.42,0,0.0,6358.13,4,10419.43,2022-08-17,Y
L0003246,659,Branch,54651.92,0,0.0,16300.23,2,14245.03,2022-11-03,N
L0003247,696,Broker,13657.46,0,0.0,2095.46,3,21737.26,2023-12-03,Y
L0003248,608,Broker,54415.06,1,23063.26,-8074.11,1,22635.08,2024-01-11,Y
L0003249,716,Branch,24500.82,0,0.0,3340.34,1,12628.66,2023-09-07,Y
L0003250,-9999,Online,42160.05,0,0.0,17801.76,3,13328.3,2021-08-10,N
L0003251,724,Branch,20150.86,0,0.0,2160.04,2,6564.51,2024-01-10,Y
L0003252,725,Online,10143.75,0,0.0,1424.45,2,17059.66,2024-03-16,N
L0003253,686,Online,55172.77,1,19473.22,-5473.21,3,16306.54,2023-06-25,N
L0003254,680,Online,23175.31,0,0.0,4241.44,4,12932.74,2024-07-24,Y
L0003255,783,Online,9532.12,0,0.0,628.66,3,13875.58,2024-03-26,Y
L0003256,602,Online,43590.2,0,0.0,20118.36,2,21937.22,2022-07-14,Y
L0003257,628,Broker,55337.94,1,39454.92,-14341.54,4,25871.15,2021-12-09,N
L0003258,670,Broker,35908.3,0,0.0,3042.36,1,8926.68,2025-05-07,N
L0003259,688,Broker,25816.62,0,0.0,5479.58,1,8494.34,2023-06-12,Y
L0003260,770,Broker,58229.15,0,0.0,4947.88,2,11077.81,2022-05-15,N
L0003261,605,Branch,30494.48,0,0.0,1823.1,1,15690.66,2026-01-28,N
L0003262,694,Broker,55237.74,0,0.0,11670.88,3,12555.47,2022-12-31,Y
L0003263,686,Online,31128.78,0,0.0,2294.0,2,19995.59,2025-10-28,Y
L0003264,691,Branch,35960.29,0,0.0,3359.43,2,9745.31,2025-03-17,N
L0003265,614,Branch,18116.21,0,0.0,4155.3,4,9352.31,2024-05-13,Y
L0003266,663,Broker,51176.12,0,0.0,3808.19,1,9168.59,2025-08-14,Y
L0003267,775,Broker,33006.52,0,0.0,1653.81,2,3122.3,2023-12-21,N
L0003268,764,Online,59942.69,0,0.0,1731.27,1,8852.94,2025-03-21,Y
L0003269,801,Online,47051.22,0,0.0,2132.3,2,2757.93,2024-05-22,N
L0003270,633,Online,20966.73,0,0.0,8803.62,1,25032.84,2022-04-28,N
L0003271,822,Online,26798.48,0,0.0,773.23,3,7240.72,2025-05-31,N
L0003272,776,Online,13814.57,0,0.0,1058.36,3,9749.48,2024-02-29,Y
L0003273,770,Branch,30663.27,0,0.0,1206.11,1,10653.53,2025-01-29,N
L0003274,705,Online,19137.68,0,0.0,5001.58,1,8653.97,2022-12-09,Y
L0003275,677,Branch,29086.18,1,22952.19,-13965.23,4,10700.98,2022-04-13,Y
L0003276,723,Branch,43308.6,0,0.0,6097.08,4,4346.94,2023-03-20,Y
L0003277,735,Broker,16307.42,0,0.0,997.12,1,16735.21,2025-02-21,Y
L0003278,590,Online,30550.99,0,0.0,14685.21,1,37208.06,2022-08-28,Y
L0003279,723,Online,23367.13,0,0.0,5365.24,3,6938.79,2023-02-08,N
L0003280,694,Branch,36592.38,0,0.0,8046.25,3,9204.51,2023-01-18,Y
L0003281,663,Branch,5881.59,0,0.0,626.07,4,16561.11,2025-02-27,Y
L0003282,694,Branch,15121.15,1,5289.17,-4624.31,4,22924.3,2025-10-27,N
L0003283,677,Branch,11195.66,0,0.0,800.67,4,13867.32,2025-12-20,Y
L0003284,751,Broker,29067.98,0,0.0,4270.3,2,2977.86,2021-06-30,N
L0003285,589,Online,41371.48,0,0.0,6438.83,2,6568.86,2025-03-16,Y
L0003286,599,Online,20074.73,0,0.0,9883.16,4,20547.36,2022-06-25,N
L0003287,738,Branch,8479.68,0,0.0,1196.71,4,7198.07,2023-01-01,N
L0003288,712,Online,8209.89,0,0.0,2817.87,4,7944.87,2022-05-27,N
L0003289,784,Online,58017.81,0,0.0,635.49,4,9632.04,2026-03-10,N
L0003290,653,Broker,59499.59,1,23337.56,-13607.96,4,26378.61,2024-07-14,Y
L0003291,726,Branch,15476.05,0,0.0,605.83,2,9134.19,2026-03-12,N
L0003292,715,Broker,41424.0,0,0.0,9038.2,4,9771.21,2021-11-27,N
L0003293,635,Branch,54379.04,0,0.0,23352.44,2,18181.3,2021-12-31,N
L0003294,703,Broker,48735.91,0,0.0,1533.01,2,12534.67,2026-01-09,N
L0003295,703,Branch,55657.53,0,0.0,5816.54,4,10627.51,2024-08-01,N
L0003296,673,Online,26141.06,0,0.0,9184.52,4,21988.42,2021-11-07,Y
L0003297,674,Online,44770.0,0,0.0,15791.11,1,9784.55,2021-08-23,N
L0003298,711,Online,44487.51,1,25286.05,-20405.57,1,17800.9,2024-12-13,
L0003299,713,Online,11722.62,0,0.0,4062.07,3,22386.23,2021-10-25,N
L0003300,-9999,Broker,46680.35,0,0.0,1176.99,4,10478.34,2026-02-27,N
L0003301,674,Branch,8328.48,0,0.0,1237.62,3,11715.62,2024-07-06,Y
L0003302,675,Branch,52599.42,0,0.0,16287.97,4,12217.89,2022-03-08,Y
L0003303,666,Branch,46644.8,0,0.0,7595.64,4,18909.94,2024-06-05,N
L0003304,678,Online,51799.08,0,0.0,12039.85,1,17525.15,2023-02-20,Y
L0003305,734,Branch,12510.98,0,0.0,1267.16,2,2331.74,2024-05-06,N
L0003306,792,Online,46343.65,0,0.0,1324.21,1,10416.45,2025-03-02,N
L0003307,665,Online,24042.13,0,0.0,6312.27,4,11490.83,2023-03-10,Y
L0003308,701,Online,26029.33,0,0.0,1443.92,3,6799.93,2025-11-10,N
L0003309,691,Online,21366.59,0,0.0,700.96,1,6497.19,2026-03-06,Y
L0003310,674,Branch,31660.5,0,0.0,9039.67,1,11376.75,2022-07-27,N
L0003311,642,Branch,25452.63,0,0.0,6164.8,1,15678.71,2023-11-13,Y
L0003312,654,Branch,46410.23,0,0.0,16989.24,1,9673.5,2022-02-08,N
L0003313,634,Broker,8123.18,1,4088.13,-2425.71,4,15951.84,2024-09-24,N
L0003314,709,Branch,23171.91,0,0.0,952.39,1,9729.86,2026-01-30,N
L0003315,796,Online,22887.72,1,14409.86,-12135.41,4,7155.13,2022-04-23,N
L0003316,696,Broker,14327.6,0,0.0,741.7,4,20086.12,2026-02-12,Y
L0003317,800,Broker,14914.35,0,0.0,1909.5,1,7775.13,2021-10-20,Y
L0003318,712,Online,51799.61,1,22963.53,-5509.61,4,9717.46,2021-08-05,Y
L0003319,612,Broker,29118.65,1,22212.9,-10132.96,3,19224.92,2022-10-18,N
L0003320,661,Broker,9595.6,0,0.0,635.01,2,11628.89,2025-10-09,Y
L0003321,736,Branch,29139.86,0,0.0,2962.3,3,1632.08,2024-01-03,N
L0003322,670,Broker,25201.86,0,0.0,2142.33,1,14344.98,2025-05-13,Y
L0003323,712,Broker,53336.9,0,0.0,3501.42,1,4008.13,2025-04-08,Y
L0003324,678,Broker,42064.73,0,0.0,10238.78,4,6862.1,2022-12-03,N
L0003325,668,Online,15157.18,0,0.0,857.19,1,19701.61,2025-12-08,Y
L0003326,631,Online,44970.09,0,0.0,21977.78,4,18026.63,2021-07-20,N
L0003327,654,Online,48868.55,0,0.0,5246.97,1,12762.14,2025-03-07,N
L0003328,710,Online,16058.17,0,0.0,1245.97,2,11030.55,2025-11-30,N
L0003329,665,Broker,13026.48,1,4424.73,317.65,4,10100.4,2022-04-15,N
L0003330,771,Broker,51183.34,0,0.0,1647.59,4,5897.0,2024-12-17,N
L0003331,692,Online,11989.66,0,0.0,4567.15,4,17424.54,2021-10-30,N
L0003332,695,Online,5353.31,0,0.0,1261.82,1,12345.58,2024-01-05,N
L0003333,673,Broker,44127.89,0,0.0,8375.46,4,17607.64,2023-11-22,Y
L0003334,753,Online,54694.54,0,0.0,2177.36,1,1512.21,2025-03-17,N
L0003335,742,Online,9249.3,0,0.0,247.46,2,12404.24,2025-09-21,Y
L0003336,608,Online,33359.07,0,0.0,15080.6,1,19560.31,2022-07-06,N
L0003337,795,Branch,11446.16,0,0.0,751.08,2,2468.4,2024-09-10,N
L0003338,710,Branch,13610.94,0,0.0,1244.5,3,18943.72,2024-10-22,Y
L0003339,764,Online,36670.22,0,0.0,2344.24,1,5926.12,2023-08-22,N
L0003340,717,Online,45704.56,0,0.0,7204.43,3,5361.97,2024-02-10,Y
L0003341,622,Branch,27383.67,0,0.0,7244.32,2,8406.43,2023-12-18,N
L0003342,822,Broker,18654.43,0,0.0,1382.04,1,3831.27,2024-04-28,N
L0003343,664,Branch,31124.35,0,0.0,5212.59,1,24859.13,2024-05-27,Y
L0003344,650,Online,21761.1,0,0.0,2593.44,4,26468.17,2025-02-04,N
L0003345,708,Broker,40220.52,0,0.0,8157.37,3,7676.36,2022-07-25,Y
L0003346,770,Branch,27474.15,0,0.0,2150.73,4,10634.98,2023-06-27,Y
L0003347,738,Branch,16026.24,0,0.0,160.25,4,5454.76,2026-03-14,Y
L0003348,672,Online,44392.25,0,0.0,10755.64,2,12537.5,2023-04-13,Y
L0003349,755,Broker,44766.72,1,19811.35,-15694.95,3,15289.97,2022-12-19,Y
L0003350,-9999,Broker,17167.9,0,0.0,3671.33,1,9498.96,2021-12-02,N
L0003351,762,Branch,55289.19,0,0.0,5809.27,1,5111.27,2021-07-02,N
L0003352,743,Broker,34349.65,0,0.0,1027.48,3,10621.67,2025-07-24,Y
L0003353,697,Branch,10712.18,1,3459.97,-2017.51,2,15568.05,2024-11-05,Y
L0003354,685,Branch,31239.48,0,0.0,933.83,2,17490.65,2026-02-06,Y
L0003355,698,Broker,18816.99,1,13111.46,-10316.25,4,11932.3,2023-11-08,N
L0003356,754,Branch,31157.84,0,0.0,2171.95,4,17801.56,2024-04-17,Y
L0003357,679,Online,28379.78,0,0.0,5879.9,3,10244.86,2023-09-30,N
L0003358,710,Broker,14136.74,0,0.0,2257.97,1,10850.22,2023-06-16,Y
L0003359,701,Online,54465.9,0,0.0,8185.45,2,22272.55,2024-07-25,Y
L0003360,689,Online,34480.26,0,0.0,10533.2,1,14336.2,2022-11-13,N
L0003361,702,Online,16712.64,0,0.0,6564.58,3,8630.0,2021-08-27,N
L0003362,693,Online,54537.97,0,0.0,17246.51,2,19495.62,2022-07-10,N
L0003363,711,Branch,10776.12,0,0.0,1823.4,2,18459.24,2023-11-10,N
L0003364,658,Broker,40923.36,0,0.0,8241.95,1,23808.27,2024-01-21,N
L0003365,704,Branch,51986.48,0,0.0,12912.7,4,10532.42,2021-11-22,Y
L0003366,719,Broker,15035.75,0,0.0,1495.57,2,9988.2,2024-09-20,N
L0003367,615,Online,10525.75,0,0.0,1318.81,2,18623.64,2025-08-11,N
L0003368,646,Online,20722.7,0,0.0,8490.75,1,0.0,2022-01-31,N
L0003369,663,Online,44037.07,0,0.0,13570.78,4,23137.8,2022-07-17,Y
L0003370,771,Broker,7566.87,0,0.0,540.75,2,7274.58,2024-08-19,N
L0003371,619,Broker,8336.86,0,0.0,1653.11,3,9727.65,2025-02-05,N
L0003372,707,Online,53676.5,0,0.0,10377.77,3,13477.18,2023-10-15,Y
L0003373,753,Branch,12325.86,0,0.0,1861.08,1,7612.33,2021-08-24,N
L0003374,715,Online,41021.89,0,0.0,11688.79,2,10069.72,2022-03-17,N
L0003375,781,Broker,28768.8,0,0.0,1379.36,3,5470.98,2024-07-08,Y
L0003376,652,Online,7635.18,0,0.0,2099.22,2,16906.23,2023-12-28,Y
L0003377,642,Broker,13488.54,0,0.0,1783.26,1,9177.08,2025-04-20,N
L0003378,704,Online,56482.63,0,0.0,10287.95,2,12384.14,2024-02-09,Y
L0003379,714,Branch,25841.38,0,0.0,2799.43,4,3170.8,2024-07-27,Y
L0003380,606,Online,58394.87,0,0.0,29595.57,3,22740.53,2021-12-07,N
L0003381,623,Broker,30099.71,0,0.0,2520.57,4,14668.92,2025-09-10,Y
L0003382,638,Broker,27868.94,1,10703.73,1506.33,1,21094.81,2021-12-18,Y
L0003383,728,Broker,46561.01,0,0.0,4706.35,4,7133.48,2023-12-04,Y
L0003384,767,Broker,50617.88,0,0.0,3456.13,2,9143.53,2023-04-22,Y
L0003385,537,Online,16242.15,0,0.0,3180.65,4,22824.17,2025-05-02,Y
L0003386,796,Online,42017.86,0,0.0,1974.86,4,5079.21,2024-05-01,Y
L0003387,789,Branch,50332.62,0,0.0,1612.24,3,12578.46,2025-04-15,Y
L0003388,652,Online,48943.99,0,0.0,20201.79,2,19577.17,2021-08-09,N
L0003389,671,Online,5413.86,0,0.0,1940.3,2,18741.93,2022-12-27,Y
L0003390,826,Broker,19449.04,1,9216.24,-7469.31,1,5186.1,2022-06-10,Y
L0003391,741,Broker,51457.3,0,0.0,6598.02,3,13648.07,2022-06-22,N
L0003392,662,Broker,49936.49,0,0.0,18342.81,2,12363.92,2021-11-16,N
L0003393,630,Branch,50448.71,1,22433.25,-11360.06,1,31511.11,2024-04-21,Y
L0003394,704,Online,17968.7,0,0.0,3059.88,3,4019.02,2024-07-29,Y
L0003395,715,Broker,9327.96,0,0.0,1640.75,1,6563.49,2023-08-31,
L0003396,655,Online,5634.99,0,0.0,1590.62,3,19594.26,2023-11-29,Y
L0003397,646,Broker,13522.97,0,0.0,523.75,1,19986.4,2026-02-06,N
L0003398,709,Branch,40716.71,0,0.0,4644.69,4,8630.99,2024-05-07,Y
L0003399,710,Online,51859.62,0,0.0,17271.91,2,9936.53,2021-10-14,N
L0003400,-9999,Broker,32575.46,0,0.0,3142.71,3,6279.95,2023-01-05,N
L0003401,718,Branch,34722.84,0,0.0,4747.05,2,13563.14,2023-09-23,Y
L0003402,657,Online,30881.45,0,0.0,3053.34,2,14249.25,2025-05-25,Y
L0003403,615,Online,42031.61,0,0.0,5264.77,1,22221.34,2025-05-11,N
L0003404,632,Broker,18284.84,0,0.0,7677.26,2,12611.76,2022-05-16,Y
L0003405,725,Branch,7266.98,0,0.0,684.09,1,6659.82,2025-03-10,Y
L0003406,602,Branch,11313.18,0,0.0,2801.43,2,22519.52,2024-08-14,N
L0003407,763,Branch,16219.42,0,0.0,1183.88,3,9871.39,2023-06-21,N
L0003408,723,Branch,53779.24,0,0.0,1572.23,1,12357.93,2025-11-22,N
L0003409,745,Online,28666.12,0,0.0,636.01,1,5453.09,2025-12-28,N
L0003410,654,Online,52347.65,0,0.0,17058.49,3,19733.33,2022-08-25,N
L0003411,713,Branch,5487.13,0,0.0,683.47,4,20384.12,2025-08-10,N
L0003412,694,Broker,19754.97,0,0.0,4756.88,1,20431.98,2022-10-27,Y
L0003413,705,Branch,28927.27,0,0.0,4627.46,3,10323.57,2023-09-23,N
L0003414,608,Broker,6525.04,1,3107.6,-2760.04,4,19072.73,2026-02-22,Y
L0003415,724,Online,5451.91,0,0.0,851.13,3,1805.33,2025-07-01,N
L0003416,664,Branch,36276.2,1,14888.1,-8943.52,4,22270.42,2024-05-03,Y
L0003417,657,Broker,43035.94,0,0.0,6099.07,4,8873.28,2024-11-24,Y
L0003418,697,Branch,28273.11,1,20846.69,-15516.96,1,8475.93,2023-04-15,N
L0003419,723,Branch,54815.93,0,0.0,9469.19,1,9946.66,2022-07-07,N
L0003420,598,Branch,14635.34,0,0.0,6047.09,3,14960.96,2023-01-05,Y
L0003421,715,Online,41119.76,1,21835.52,-14703.47,4,13830.09,2024-01-19,Y
L0003422,703,Branch,50523.12,0,0.0,11085.03,1,16127.02,2022-08-13,Y
L0003423,654,Broker,35720.43,0,0.0,3116.55,3,12616.34,2025-07-30,Y
L0003424,740,Broker,34445.62,0,0.0,887.31,2,11077.87,2025-12-31,N
L0003425,778,Broker,48884.86,0,0.0,5139.09,3,5722.94,2021-08-12,Y
L0003426,668,Broker,7955.6,0,0.0,3071.53,1,27866.77,2021-10-17,Y
L0003427,739,Broker,51956.71,0,0.0,3231.54,1,4701.68,2024-09-01,Y
L0003428,698,Online,42235.51,0,0.0,9769.9,4,15944.44,2023-08-08,Y
L0003429,657,Branch,56182.68,0,0.0,2474.03,4,20003.11,2025-12-07,N
L0003430,734,Online,57435.47,0,0.0,2931.15,1,8835.27,2025-07-24,N
L0003431,650,Broker,56970.87,0,0.0,17721.36,1,10159.45,2022-11-25,N
L0003432,769,Branch,41243.6,0,0.0,3982.12,3,10306.23,2021-10-15,N
L0003433,706,Online,17263.09,0,0.0,3134.88,1,11231.75,2024-01-02,N
L0003434,739,Broker,44354.37,0,0.0,2062.35,3,2942.92,2025-01-11,N
L0003435,667,Branch,29258.7,1,12758.09,-9786.44,4,5065.74,2025-04-15,N
L0003436,740,Broker,35227.78,0,0.0,2079.65,4,7927.02,2024-10-14,N
L0003437,652,Branch,8114.25,0,0.0,597.12,4,20306.76,2025-10-20,Y
L0003438,785,Broker,29019.24,0,0.0,342.09,4,7044.23,2025-12-02,N
L0003439,787,Branch,16975.42,0,0.0,131.44,2,8910.51,2026-02-15,N
L0003440,692,Branch,18387.24,0,0.0,5278.11,4,19012.32,2022-03-13,Y
L0003441,684,Broker,16165.24,0,0.0,4147.23,4,15610.26,2022-11-11,N
L0003442,777,Broker,30153.2,0,0.0,2564.71,4,5637.36,2022-09-04,N
L0003443,591,Online,48587.02,0,0.0,11589.64,2,22007.67,2024-07-15,Y
L0003444,778,Branch,48005.94,0,0.0,3797.7,1,10231.71,2023-01-11,N
L0003445,650,Branch,15905.2,0,0.0,2587.59,4,8576.24,2024-08-20,Y
L0003446,667,Branch,40525.79,0,0.0,8727.03,1,17428.56,2023-09-21,N
L0003447,679,Broker,34093.9,0,0.0,1759.4,2,23728.65,2025-09-17,Y
L0003448,694,Broker,32998.3,0,0.0,8638.82,3,13889.75,2022-03-10,N
L0003449,859,Broker,47466.22,0,0.0,2005.88,2,2686.36,2024-12-18,Y
L0003450,-9999,Broker,55379.94,0,0.0,4963.13,3,9434.98,2025-04-02,Y
L0003451,755,Broker,30720.0,1,18923.11,-16906.84,1,11212.32,2023-12-20,Y
L0003452,646,Branch,53736.99,1,29953.28,-6641.6,4,20358.24,2021-08-21,Y
L0003453,662,Broker,52030.96,0,0.0,14562.02,2,14402.02,2022-12-07,N
L0003454,596,Online,9890.4,0,0.0,666.6,3,20178.49,2026-03-02,N
L0003455,678,Branch,29657.03,0,0.0,9230.13,2,11929.49,2022-01-14,Y
L0003456,753,Online,48775.46,0,0.0,408.06,4,15186.84,2026-01-31,N
L0003457,782,Online,46015.02,0,0.0,1621.32,3,1404.12,2024-10-23,Y
L0003458,699,Online,47041.11,0,0.0,17706.94,1,17519.34,2021-09-17,Y
L0003459,666,Online,7077.93,0,0.0,2096.15,1,9779.95,2023-08-04,Y
L0003460,745,Branch,25303.26,1,16263.23,-13148.29,4,11104.15,2022-12-15,Y
L0003461,722,Branch,29128.78,0,0.0,3132.8,1,13518.13,2023-12-15,Y
L0003462,629,Broker,45072.09,0,0.0,18220.18,2,7337.47,2022-06-29,Y
L0003463,750,Broker,19620.48,1,13726.78,-11163.3,3,16580.16,2021-08-26,Y
L0003464,739,Broker,20325.26,0,0.0,1522.58,1,5892.69,2024-07-28,N
L0003465,640,Broker,58905.53,0,0.0,23530.02,4,23330.47,2022-03-30,Y
L0003466,741,Broker,38539.85,0,0.0,5740.24,3,12734.13,2022-02-19,N
L0003467,707,Branch,24962.33,1,18910.0,-12511.94,1,13773.16,2021-10-28,Y
L0003468,707,Online,12503.41,0,0.0,2175.17,4,16735.54,2024-07-07,N
L0003469,758,Branch,13972.53,0,0.0,1014.81,4,11828.8,2023-05-04,N
L0003470,727,Online,5674.61,1,3040.35,-1966.84,3,9175.05,2024-08-26,Y
L0003471,786,Broker,17821.59,0,0.0,1410.86,3,7513.66,2022-12-16,Y
L0003472,753,Broker,28861.9,0,0.0,947.31,1,2767.25,2025-04-30,N
L0003473,714,Branch,10662.76,0,0.0,1155.31,1,19225.52,2024-10-31,N
L0003474,654,Broker,6694.42,0,0.0,1602.9,2,6937.58,2023-12-26,N
L0003475,758,Online,47019.79,0,0.0,2127.18,3,7789.59,2024-07-03,N
L0003476,629,Broker,8348.29,0,0.0,1477.44,4,26837.11,2025-01-31,Y
L0003477,655,Broker,9287.26,1,3153.87,-1816.43,3,16266.65,2025-06-21,Y
L0003478,676,Online,26869.82,0,0.0,1097.6,3,12870.02,2026-02-24,N
L0003479,690,Online,25717.79,0,0.0,4226.71,4,15223.07,2024-08-30,N
L0003480,678,Online,23223.02,0,0.0,5345.4,4,3293.25,2023-06-02,N
L0003481,823,Broker,41912.58,0,0.0,924.07,3,0.0,2025-05-14,N
L0003482,687,Online,53358.28,0,0.0,14238.64,1,5307.09,2023-05-25,N
L0003483,680,Online,23310.64,0,0.0,3101.12,2,8246.98,2025-01-24,Y
L0003484,719,Broker,8149.86,1,4564.8,-4046.19,2,7387.86,2025-07-02,N
L0003485,616,Broker,44745.1,0,0.0,23583.39,1,15757.75,2021-08-19,N
L0003486,676,Online,14251.75,0,0.0,4305.59,3,5213.2,2022-07-25,Y
L0003487,677,Broker,51953.14,0,0.0,8834.35,1,17990.58,2024-01-01,N
L0003488,682,Branch,20781.99,0,0.0,5218.1,4,18340.13,2022-12-19,N
L0003489,783,Online,54282.87,0,0.0,3819.52,1,6175.1,2023-05-25,N
L0003490,694,Broker,19662.5,0,0.0,5010.0,1,15983.97,2022-04-24,N
L0003491,597,Branch,36012.81,0,0.0,18752.09,3,6937.05,2022-01-14,N
L0003492,630,Branch,13675.99,0,0.0,2783.29,2,10253.1,2024-10-20,
L0003493,669,Broker,39051.16,1,25145.8,-14424.44,4,34160.85,2022-10-23,Y
L0003494,763,Online,18642.21,0,0.0,2237.27,2,1861.58,2021-07-14,Y
L0003495,766,Online,12961.82,0,0.0,1384.38,3,2910.39,2021-07-17,Y
L0003496,713,Broker,17352.68,0,0.0,3094.75,1,6951.2,2022-12-15,Y
L0003497,690,Branch,24140.14,0,0.0,4919.18,1,7496.82,2023-06-26,N
L0003498,734,Branch,35577.26,0,0.0,4062.23,4,8505.19,2023-09-11,Y
L0003499,745,Online,10928.62,0,0.0,978.89,2,11511.62,2024-10-30,N
L0003500,-9999,Branch,42639.41,0,0.0,9929.58,1,19798.99,2023-11-18,N
L0003501,660,Branch,7291.89,0,0.0,541.8,1,21906.17,2026-02-25,N
L0003502,603,Broker,6388.14,0,0.0,1222.61,2,18440.38,2025-02-12,Y
L0003503,725,Online,30398.72,0,0.0,9414.56,4,12006.6,2021-08-15,N
L0003504,676,Branch,39935.77,1,29769.0,-21114.14,2,17149.69,2023-07-29,N
L0003505,788,Branch,26976.99,0,0.0,696.86,2,6558.08,2025-11-18,N
L0003506,704,Branch,10902.41,0,0.0,828.18,2,912.88,2025-02-02,N
L0003507,754,Online,16079.5,1,7649.09,-5867.31,1,13128.56,2021-12-20,Y
L0003508,663,Online,21865.53,0,0.0,7194.72,1,15268.03,2022-05-10,N
L0003509,707,Broker,19684.39,1,14268.65,-12579.56,4,11996.34,2025-04-13,N
L0003510,735,Branch,47480.17,0,0.0,1571.01,3,5404.54,2025-10-21,N
L0003511,773,Branch,44124.57,0,0.0,4214.81,2,8512.01,2022-04-23,N
L0003512,750,Branch,45458.81,0,0.0,2062.33,1,3530.32,2025-01-02,Y
L0003513,648,Broker,7934.17,0,0.0,1290.55,2,14534.99,2025-01-06,N
L0003514,729,Online,52398.81,0,0.0,10851.64,1,13833.2,2023-01-11,Y
L0003515,771,Online,18602.68,0,0.0,920.75,3,7958.79,2025-07-21,Y
L0003516,696,Online,24927.87,0,0.0,953.67,2,7089.6,2026-02-20,N
L0003517,669,Online,11955.31,0,0.0,3025.57,3,13705.07,2023-05-31,Y
L0003518,753,Broker,25558.56,0,0.0,1661.56,3,5294.31,2024-07-24,Y
L0003519,627,Broker,46087.19,0,0.0,3985.3,2,14704.12,2025-09-11,Y
L0003520,770,Online,12299.75,0,0.0,1383.63,1,7981.0,2022-08-11,N
L0003521,744,Branch,29525.9,0,0.0,1285.06,2,6689.32,2025-02-12,Y
L0003522,736,Online,51760.17,0,0.0,9864.34,2,11715.32,2022-12-20,Y
L0003523,826,Online,36328.21,0,0.0,1379.16,2,4179.18,2024-10-29,Y
L0003524,646,Branch,42533.88,0,0.0,10901.64,3,14709.01,2023-08-19,Y
L0003525,621,Branch,27938.39,0,0.0,12296.06,2,27630.1,2022-05-09,N
L0003526,755,Branch,32242.4,0,0.0,3031.72,4,9120.53,2022-07-15,N
L0003527,653,Online,18263.35,1,13455.59,-5448.62,4,25357.62,2021-08-25,Y
L0003528,781,Online,14092.21,0,0.0,1005.98,2,3915.73,2024-04-05,Y
L0003529,815,Broker,31703.54,0,0.0,810.11,3,353.2,2025-04-14,N
L0003530,634,Branch,36265.81,0,0.0,15072.0,4,20863.26,2022-01-31,Y
L0003531,752,Broker,13567.8,0,0.0,1827.14,4,8012.28,2022-04-06,N
L0003532,712,Online,27497.2,0,0.0,2560.2,1,14322.11,2025-04-21,Y
L0003533,756,Broker,39403.26,0,0.0,2167.58,4,2376.87,2024-04-12,N
L0003534,779,Branch,57659.53,0,0.0,4356.13,3,4383.18,2023-02-17,N
L0003535,721,Branch,18820.17,0,0.0,3732.26,2,15402.81,2022-03-27,Y
L0003536,679,Broker,34004.87,0,0.0,5630.83,1,24735.34,2024-02-02,N
L0003537,721,Broker,25275.67,0,0.0,626.54,4,1625.15,2026-01-21,N
L0003538,707,Online,16982.05,0,0.0,3010.34,1,18581.05,2024-02-18,Y
L0003539,681,Online,56068.17,0,0.0,6923.31,4,16859.66,2025-02-15,Y
L0003540,599,Online,10149.6,0,0.0,5747.13,1,8518.43,2021-12-24,Y
L0003541,663,Online,14364.53,0,0.0,5607.71,1,24485.23,2021-08-21,N
L0003542,700,Online,47026.22,0,0.0,6411.74,3,26996.0,2024-10-14,Y
L0003543,716,Branch,16569.14,0,0.0,550.54,3,19162.61,2026-03-04,Y
L0003544,708,Branch,49110.39,0,0.0,7503.11,4,9985.73,2023-09-30,N
L0003545,699,Branch,45510.83,0,0.0,1910.76,4,0.0,2025-10-15,N
L0003546,651,Online,12304.04,1,7629.86,-5195.05,3,28243.1,2024-03-25,N
L0003547,695,Online,52408.08,0,0.0,12338.99,3,6766.46,2023-07-25,N
L0003548,578,Online,37218.49,0,0.0,16917.78,3,11153.9,2023-01-22,Y
L0003549,633,Branch,11700.64,0,0.0,4858.81,1,20914.95,2022-03-25,Y
L0003550,-9999,Online,23626.35,0,0.0,2623.11,3,4629.9,2025-07-30,Y
L0003551,641,Broker,17427.41,0,0.0,2527.14,2,28151.12,2024-11-18,Y
L0003552,702,Branch,13332.02,0,0.0,530.58,2,3847.85,2026-01-28,Y
L0003553,661,Online,19520.21,0,0.0,5690.19,1,7778.29,2023-01-04,Y
L0003554,657,Broker,57747.15,0,0.0,20785.45,3,11406.57,2022-02-28,N
L0003555,757,Broker,37009.97,0,0.0,3071.96,1,12124.75,2023-01-23,Y
L0003556,716,Branch,36220.02,0,0.0,3688.56,1,10348.06,2024-04-30,N
L0003557,762,Online,30012.56,0,0.0,434.08,1,11109.89,2026-03-20,N
L0003558,717,Online,46127.16,0,0.0,14437.46,4,12947.08,2021-09-24,N
L0003559,777,Online,47434.18,0,0.0,4382.36,4,6145.16,2021-11-03,Y
L0003560,727,Online,25828.14,0,0.0,3652.13,4,9334.97,2024-06-08,N
L0003561,546,Online,17266.91,0,0.0,9223.66,4,10155.78,2023-01-14,N
L0003562,677,Branch,24669.91,0,0.0,7620.18,4,15686.42,2022-04-24,Y
L0003563,717,Branch,26366.37,0,0.0,411.14,1,15628.59,2026-02-12,Y
L0003564,754,Online,5748.2,0,0.0,947.71,1,5551.56,2022-01-26,N
L0003565,735,Broker,13683.12,0,0.0,1948.04,4,13801.91,2023-05-29,Y
L0003566,695,Broker,52915.01,0,0.0,4680.91,3,12685.81,2025-01-11,N
L0003567,817,Online,48131.72,0,0.0,2681.37,4,6176.9,2024-03-04,N
L0003568,793,Broker,22144.82,0,0.0,1434.16,2,13881.98,2024-02-20,N
L0003569,661,Online,13091.64,0,0.0,1082.14,1,1144.34,2025-10-05,Y
L0003570,762,Branch,6167.15,0,0.0,505.27,3,7328.02,2024-09-13,Y
L0003571,679,Broker,18214.5,0,0.0,3030.27,4,12420.57,2024-04-08,Y
L0003572,673,Branch,27441.9,1,9887.75,-157.65,1,14200.0,2021-10-24,N
L0003573,681,Branch,35007.28,0,0.0,4761.76,4,17962.22,2024-08-18,N
L0003574,708,Online,12074.33,0,0.0,2838.19,2,17506.06,2023-09-21,Y
L0003575,674,Branch,45905.23,0,0.0,5820.08,4,12682.14,2024-09-26,Y
L0003576,737,Broker,16984.33,0,0.0,2901.11,2,579.57,2022-03-09,N
L0003577,742,Branch,31182.18,0,0.0,1300.13,4,10855.25,2025-07-03,Y
L0003578,684,Branch,51854.2,0,0.0,15522.96,1,10474.11,2021-12-09,Y
L0003579,757,Branch,18760.9,0,0.0,1545.74,2,5509.46,2023-07-16,Y
L0003580,875,Broker,18709.27,0,0.0,1768.08,2,1946.0,2023-04-22,Y
L0003581,772,Broker,22433.92,0,0.0,1470.09,2,12574.63,2023-07-17,N
L0003582,636,Online,50592.8,0,0.0,2956.54,1,21114.17,2025-12-17,N
L0003583,703,Broker,41104.34,0,0.0,9475.01,4,11763.76,2022-05-26,N
L0003584,691,Broker,11975.04,0,0.0,2725.15,4,12791.38,2023-07-10,N
L0003585,706,Broker,15801.29,0,0.0,3521.11,4,18547.23,2022-07-27,N
L0003586,666,Broker,9362.01,0,0.0,3670.46,3,9103.57,2021-08-04,Y
L0003587,643,Broker,36359.43,0,0.0,11817.71,2,5286.65,2022-10-31,Y
L0003588,660,Broker,17195.47,0,0.0,2113.78,3,10386.34,2025-01-06,N
L0003589,734,Branch,18193.83,0,0.0,2174.76,1,8702.28,2023-04-04,
L0003590,738,Online,33015.9,0,0.0,4317.64,2,0.0,2024-01-09,N
L0003591,617,Online,44093.92,1,19267.93,-5978.22,2,11612.93,2023-08-01,Y
L0003592,682,Broker,48386.76,0,0.0,9088.95,3,22486.94,2023-10-27,N
L0003593,588,Broker,9045.4,0,0.0,4165.18,3,17749.66,2022-11-16,Y
L0003594,727,Broker,43833.08,0,0.0,4053.53,4,7031.8,2024-03-15,N
L0003595,716,Branch,55729.4,0,0.0,2525.68,3,8258.83,2025-07-27,Y
L0003596,632,Broker,42794.17,0,0.0,3578.97,4,24909.21,2025-09-13,Y
L0003597,630,Online,38358.94,0,0.0,14185.33,3,10195.41,2022-09-30,N
L0003598,671,Broker,9411.77,0,0.0,1377.46,4,15704.6,2025-01-18,Y
L0003599,587,Broker,42345.05,1,31914.04,-21722.81,3,18205.74,2024-08-04,N
L0003600,-9999,Online,36714.18,0,0.0,6053.21,2,16255.83,2024-02-25,Y
L0003601,684,Online,17162.12,0,0.0,7199.56,2,14699.64,2021-12-28,N
L0003602,694,Online,5522.42,0,0.0,930.08,3,20584.97,2025-06-19,N
L0003603,685,Branch,17161.48,0,0.0,4487.89,3,13795.05,2022-10-16,N
L0003604,788,Online,5643.31,0,0.0,520.45,1,5234.5,2025-05-05,N
L0003605,721,Branch,13400.72,0,0.0,2676.35,3,9584.83,2022-06-08,Y
L0003606,693,Branch,35949.91,0,0.0,6610.94,1,2646.04,2023-08-09,N
L0003607,705,Online,24878.72,0,0.0,2000.16,3,13794.55,2025-06-13,N
L0003608,649,Branch,8618.03,0,0.0,3459.66,4,20374.75,2022-05-28,N
L0003609,684,Broker,45041.77,0,0.0,14217.64,4,15177.78,2021-09-14,Y
L0003610,687,Broker,39941.27,0,0.0,7087.38,4,15457.57,2023-10-01,Y
L0003611,773,Branch,17801.74,0,0.0,1707.95,2,10546.57,2022-10-10,Y
L0003612,733,Broker,5671.53,0,0.0,609.17,2,2245.12,2025-12-06,Y
L0003613,656,Online,47552.19,0,0.0,17440.14,1,6961.23,2022-02-17,Y
L0003614,733,Online,32355.2,0,0.0,2123.14,2,2133.48,2025-06-08,N
L0003615,716,Online,35416.91,1,17215.21,-7428.94,1,15296.02,2022-07-08,Y
L0003616,767,Broker,34052.54,0,0.0,1695.16,4,6623.38,2024-07-21,N
L0003617,573,Branch,39368.71,0,0.0,5241.95,1,25837.11,2025-07-01,Y
L0003618,682,Branch,16939.76,0,0.0,3690.41,1,16614.46,2023-08-18,Y
L0003619,754,Branch,40768.68,0,0.0,1697.34,2,8134.81,2025-04-29,N
L0003620,812,Online,11132.07,0,0.0,597.43,2,3470.99,2024-11-12,N
L0003621,688,Broker,7211.0,0,0.0,1676.31,4,10975.19,2022-11-06,Y
L0003622,700,Broker,22539.48,0,0.0,1923.96,3,5895.25,2025-03-23,N
L0003623,650,Online,32764.75,0,0.0,5736.34,2,17603.12,2024-06-08,Y
L0003624,712,Branch,44165.73,0,0.0,733.42,3,11148.77,2026-03-25,N
L0003625,632,Broker,42327.75,0,0.0,5537.17,2,15510.16,2025-03-10,Y
L0003626,763,Broker,32408.09,0,0.0,2374.66,1,819.09,2023-05-21,N
L0003627,594,Branch,26463.3,0,0.0,15363.88,4,23970.67,2021-08-14,Y
L0003628,660,Branch,52901.65,0,0.0,3022.61,1,19609.46,2025-10-27,N
L0003629,686,Online,55358.21,0,0.0,6014.6,4,15515.85,2025-03-15,Y
L0003630,737,Branch,24173.1,0,0.0,4448.05,2,8962.24,2021-08-26,Y
L0003631,666,Online,34492.64,0,0.0,5447.5,3,9704.71,2024-07-21,N
L0003632,688,Online,26650.36,0,0.0,4332.77,2,18201.65,2024-08-16,Y
L0003633,626,Branch,33963.98,0,0.0,5219.86,4,7696.16,2025-01-16,Y
L0003634,714,Branch,48995.18,0,0.0,1340.19,1,14461.6,2026-02-05,N
L0003635,733,Online,32986.34,0,0.0,3639.93,2,15607.52,2024-07-04,Y
L0003636,698,Broker,39007.23,0,0.0,10092.52,1,20104.8,2022-01-30,N
L0003637,738,Broker,31541.11,0,0.0,1494.25,3,4034.74,2025-05-25,Y
L0003638,716,Branch,30268.99,0,0.0,1878.4,4,12612.31,2025-07-02,N
L0003639,706,Broker,56062.86,1,29037.8,-15233.43,4,15839.77,2021-11-24,Y
L0003640,692,Online,19595.21,0,0.0,2207.18,1,9279.51,2025-05-03,N
L0003641,686,Branch,46119.77,0,0.0,2507.86,2,4343.49,2025-09-17,Y
L0003642,652,Broker,6773.13,0,0.0,466.83,1,3147.02,2026-02-25,N
L0003643,692,Online,46410.8,0,0.0,9576.9,3,13745.86,2023-12-10,Y
L0003644,718,Online,34126.49,0,0.0,5017.38,4,9805.61,2024-06-20,Y
L0003645,641,Branch,30413.7,0,0.0,4879.81,1,14328.93,2024-09-12,Y
L0003646,644,Broker,43144.27,0,0.0,8359.22,3,7056.3,2024-05-27,Y
L0003647,701,Branch,49466.35,0,0.0,2205.39,1,18904.27,2025-09-06,N
L0003648,644,Branch,51901.05,0,0.0,11089.29,4,13902.11,2024-02-23,Y
L0003649,672,Broker,15017.6,0,0.0,1885.69,1,22061.79,2024-11-02,Y
L0003650,-9999,Branch,13636.22,0,0.0,748.21,4,6564.68,2024-05-16,N
L0003651,763,Broker,50785.19,0,0.0,4626.25,3,6988.11,2022-03-03,N
L0003652,759,Online,53346.25,0,0.0,1415.32,1,6411.48,2025-06-16,Y
L0003653,705,Branch,40072.54,0,0.0,2937.69,4,13516.55,2025-02-26,N
L0003654,607,Branch,39966.19,0,0.0,20521.65,1,17183.16,2021-12-29,N
L0003655,754,Broker,31892.25,0,0.0,907.47,3,8325.18,2025-08-05,Y
L0003656,649,Broker,51231.57,0,0.0,9569.32,2,17868.97,2024-05-22,Y
L0003657,641,Branch,32394.94,0,0.0,5570.75,2,19649.69,2024-08-28,Y
L0003658,724,Branch,22915.93,0,0.0,2023.3,3,8228.16,2024-08-29,Y
L0003659,747,Branch,46931.65,0,0.0,658.44,2,5997.26,2026-01-07,N
L0003660,671,Online,50305.95,0,0.0,2814.11,4,6152.0,2025-10-01,Y
L0003661,636,Branch,36123.93,0,0.0,8860.14,2,32701.3,2023-12-26,N
L0003662,768,Online,16271.33,0,0.0,973.23,1,8846.08,2025-02-16,N
L0003663,708,Online,8388.96,0,0.0,1095.91,3,7963.81,2025-01-06,Y
L0003664,726,Branch,29918.71,0,0.0,4925.45,3,8388.16,2022-10-15,N
L0003665,710,Branch,22089.73,0,0.0,3769.55,3,2008.16,2023-02-03,Y
L0003666,803,Branch,45089.28,0,0.0,1945.02,1,6361.02,2024-09-13,N
L0003667,695,Branch,16869.89,0,0.0,1613.72,1,11165.51,2025-03-24,N
L0003668,762,Broker,9586.93,0,0.0,914.32,3,5616.6,2023-09-08,N
L0003669,685,Online,11928.07,0,0.0,4012.63,4,21989.55,2022-10-06,Y
L0003670,742,Branch,49334.39,0,0.0,6802.14,1,14013.43,2022-04-03,N
L0003671,664,Branch,55901.49,0,0.0,6981.49,1,19723.38,2024-11-07,N
L0003672,678,Broker,45386.4,0,0.0,6599.52,1,3854.87,2024-07-27,Y
L0003673,733,Online,9153.25,0,0.0,2156.76,4,12938.99,2022-10-21,N
L0003674,704,Branch,24746.68,0,0.0,2822.66,3,8379.99,2024-07-10,N
L0003675,715,Online,42405.6,0,0.0,2646.07,2,10749.91,2025-07-28,N
L0003676,675,Online,18416.85,0,0.0,1117.3,4,18677.74,2025-12-25,Y
L0003677,695,Branch,34752.8,0,0.0,1807.16,4,15787.66,2025-08-16,N
L0003678,628,Branch,6530.97,0,0.0,2205.74,2,17032.05,2023-11-25,N
L0003679,691,Online,9519.11,0,0.0,775.08,1,5034.73,2025-07-08,N
L0003680,808,Branch,19123.38,0,0.0,807.78,4,1895.77,2025-05-20,Y
L0003681,670,Branch,23334.35,0,0.0,4292.83,1,16341.16,2024-04-23,Y
L0003682,746,Online,59833.73,0,0.0,3385.52,1,11908.24,2024-08-06,N
L0003683,752,Branch,26832.25,0,0.0,1946.69,2,10538.28,2023-08-13,N
L0003684,664,Broker,13648.29,0,0.0,3063.56,4,11701.85,2023-08-13,N
L0003685,632,Online,57649.15,1,24943.02,-8765.41,4,18630.12,2023-08-02,N
L0003686,693,Online,46853.25,0,0.0,18775.11,2,4595.43,2021-07-15,
L0003687,623,Branch,52727.09,0,0.0,3442.19,1,19898.82,2025-11-22,N
L0003688,748,Branch,44727.5,0,0.0,3650.22,4,2440.42,2023-08-21,Y
L0003689,558,Broker,17347.95,1,8892.62,-3271.81,4,20204.54,2024-03-21,Y
L0003690,727,Broker,25599.46,0,0.0,1379.71,4,12227.15,2025-03-27,Y
L0003691,777,Branch,59197.08,0,0.0,6070.88,4,5184.01,2021-09-27,N
L0003692,680,Broker,8643.92,0,0.0,550.44,2,7155.46,2026-03-23,N
L0003693,768,Online,27559.18,0,0.0,1331.64,3,10180.72,2024-06-29,N
L0003694,782,Online,20990.74,0,0.0,2486.45,2,0.0,2021-07-31,Y
L0003695,713,Branch,5696.67,0,0.0,597.08,2,13677.53,2024-12-17,N
L0003696,697,Branch,18874.2,0,0.0,3332.95,4,29809.91,2023-06-03,N
L0003697,698,Broker,7814.82,0,0.0,2159.48,4,7272.0,2021-11-29,Y
L0003698,634,Online,32706.75,0,0.0,15844.06,2,20706.57,2021-07-24,Y
L0003699,716,Online,53344.79,0,0.0,8624.35,3,13024.82,2024-01-12,Y
L0003700,-9999,Broker,36753.26,0,0.0,10026.68,4,6327.38,2023-01-19,Y
L0003701,661,Broker,57329.54,0,0.0,7306.14,2,7901.55,2024-11-10,N
L0003702,681,Online,53243.07,0,0.0,18422.85,2,19568.98,2022-08-18,Y
L0003703,760,Branch,58484.67,1,21239.99,-18531.69,1,4046.8,2024-05-27,Y
L0003704,689,Online,30818.55,0,0.0,7106.37,4,16937.44,2023-09-26,N
L0003705,705,Online,50773.31,0,0.0,8350.82,2,13770.82,2024-03-27,N
L0003706,719,Branch,58129.77,0,0.0,7022.15,1,12936.85,2023-12-08,N
L0003707,644,Broker,35846.72,0,0.0,1724.07,3,10126.74,2026-01-22,N
L0003708,703,Branch,51489.67,0,0.0,11808.34,4,7263.08,2022-04-13,Y
L0003709,699,Branch,24821.68,0,0.0,5427.8,1,13663.59,2022-09-14,Y
L0003710,708,Broker,19474.7,0,0.0,3648.8,1,5969.75,2022-11-18,N
L0003711,642,Broker,40496.5,0,0.0,5389.74,3,14925.42,2025-01-11,N
L0003712,730,Broker,12120.6,0,0.0,1176.28,4,15180.72,2024-11-01,Y
L0003713,772,Branch,12691.77,0,0.0,536.14,3,8104.52,2024-10-22,N
L0003714,739,Broker,24073.14,0,0.0,3427.93,3,3524.22,2022-09-30,N
L0003715,730,Branch,14026.01,0,0.0,1701.93,4,8348.56,2023-06-15,N
L0003716,701,Branch,20894.53,0,0.0,2403.33,4,10180.26,2024-06-08,Y
L0003717,663,Broker,48013.68,0,0.0,15990.88,4,6527.41,2022-04-27,Y
L0003718,683,Online,12104.58,0,0.0,811.2,4,16730.53,2025-09-10,N
L0003719,660,Branch,8533.74,0,0.0,909.09,2,14365.72,2025-03-14,Y
L0003720,744,Broker,21968.29,0,0.0,1090.46,2,9489.65,2025-02-03,N
L0003721,673,Online,18102.68,0,0.0,2412.86,1,14104.88,2024-10-04,N
L0003722,711,Broker,12799.46,0,0.0,2155.03,2,17479.43,2023-09-24,N
L0003723,689,Online,6028.33,0,0.0,1295.56,1,9776.66,2024-09-20,N
L0003724,739,Online,39745.25,0,0.0,4962.87,1,5726.38,2024-04-09,N
L0003725,724,Branch,6462.01,0,0.0,1567.45,2,18907.34,2021-08-03,Y
L0003726,663,Broker,37165.91,0,0.0,11979.26,3,24984.55,2022-07-08,Y
L0003727,678,Broker,43507.27,0,0.0,9307.37,4,20207.57,2023-07-11,N
L0003728,699,Branch,8149.75,0,0.0,1201.97,2,15655.06,2025-02-12,N
L0003729,718,Branch,29518.1,0,0.0,1646.34,4,3794.92,2025-06-08,Y
L0003730,723,Broker,37214.98,0,0.0,6804.19,3,16688.9,2022-03-02,N
L0003731,721,Branch,12629.01,0,0.0,1659.59,1,8467.54,2023-12-15,N
L0003732,711,Branch,53170.22,0,0.0,8005.23,4,3502.1,2023-05-31,Y
L0003733,756,Online,42747.9,0,0.0,1332.67,4,9683.93,2025-05-04,Y
L0003734,754,Broker,18197.93,1,9282.49,-7529.18,2,7439.64,2023-03-03,N
L0003735,687,Broker,48705.48,0,0.0,4112.47,4,0.0,2025-03-13,Y
L0003736,888,Broker,24565.29,0,0.0,2058.43,2,2039.53,2023-01-22,N
L0003737,723,Online,36289.94,0,0.0,5663.46,2,7914.77,2024-02-13,N
L0003738,694,Broker,33015.4,0,0.0,7166.95,3,4435.63,2022-12-31,Y
L0003739,702,Broker,31501.41,0,0.0,5564.64,2,0.0,2023-07-16,Y
L0003740,689,Online,42063.12,0,0.0,17159.56,1,16267.85,2021-08-17,N
L0003741,667,Broker,51801.26,0,0.0,5153.53,2,6990.68,2025-03-20,Y
L0003742,721,Online,58265.96,1,19029.06,-8787.69,3,11021.03,2023-09-09,N
L0003743,775,Broker,27858.96,0,0.0,1823.17,2,7216.21,2023-04-01,Y
L0003744,713,Online,19133.8,0,0.0,3086.14,4,6792.37,2024-06-11,N
L0003745,652,Online,45524.62,0,0.0,16143.65,3,14993.77,2022-04-01,Y
L0003746,754,Branch,51644.05,0,0.0,6033.87,1,8400.3,2021-12-30,N
L0003747,666,Broker,17985.49,1,9200.98,-3685.05,4,5911.92,2022-11-25,Y
L0003748,660,Online,57208.96,0,0.0,16888.37,3,26126.52,2022-11-24,Y
L0003749,704,Broker,52515.4,0,0.0,10480.91,3,19698.84,2022-10-09,N
L0003750,-9999,Branch,28343.7,1,13774.6,-6150.24,2,14975.03,2021-12-16,Y
L0003751,674,Online,19799.12,0,0.0,4963.56,3,9929.93,2023-02-10,N
L0003752,762,Branch,26737.11,0,0.0,1405.29,2,13123.08,2023-11-29,N
L0003753,656,Online,13257.88,0,0.0,1601.41,2,12425.37,2025-07-15,N
L0003754,591,Broker,47473.04,0,0.0,26459.28,3,17362.15,2021-11-02,N
L0003755,638,Branch,33719.66,0,0.0,5264.24,3,16085.58,2024-12-22,N
L0003756,810,Branch,29903.24,0,0.0,835.8,3,8110.2,2025-08-21,N
L0003757,751,Online,17371.08,0,0.0,995.98,3,6743.49,2024-06-14,Y
L0003758,752,Broker,8757.52,0,0.0,759.89,4,6891.54,2023-09-02,Y
L0003759,702,Branch,43214.85,0,0.0,1711.73,1,16389.67,2025-11-09,Y
L0003760,746,Online,57910.37,0,0.0,7039.53,1,9617.81,2022-03-25,N
L0003761,682,Branch,42787.51,0,0.0,11739.02,3,12929.01,2022-05-09,Y
L0003762,670,Online,41417.54,0,0.0,13861.78,2,4112.85,2022-02-12,Y
L0003763,750,Broker,11466.8,0,0.0,1325.43,3,11022.66,2022-08-04,Y
L0003764,732,Branch,8099.47,0,0.0,429.64,3,15273.52,2025-09-20,Y
L0003765,629,Online,43157.08,0,0.0,8733.93,4,14104.2,2024-06-06,Y
L0003766,710,Branch,39267.22,0,0.0,8681.18,2,18895.05,2022-02-02,Y
L0003767,657,Broker,24604.56,0,0.0,2358.62,3,14722.31,2025-05-01,N
L0003768,640,Broker,10755.03,0,0.0,980.3,3,13310.26,2025-08-10,Y
L0003769,776,Broker,51907.54,0,0.0,769.51,1,9835.99,2025-10-17,N
L0003770,666,Online,16113.17,0,0.0,582.78,4,11642.08,2026-02-19,Y
L0003771,740,Broker,11047.62,0,0.0,942.45,1,15746.04,2024-01-29,Y
L0003772,601,Branch,59679.92,0,0.0,31588.46,1,3195.62,2021-11-26,Y
L0003773,718,Broker,47136.01,0,0.0,2132.86,4,18755.4,2025-07-24,N
L0003774,703,Branch,32472.89,0,0.0,871.11,4,7864.36,2026-02-28,Y
L0003775,687,Broker,18292.79,0,0.0,1191.26,3,6418.56,2025-08-17,N
L0003776,651,Online,33864.69,0,0.0,7471.28,3,23421.72,2023-11-12,N
L0003777,690,Broker,40817.54,0,0.0,11109.85,1,8269.36,2022-03-30,Y
L0003778,692,Branch,16521.19,0,0.0,3241.08,1,2710.96,2023-06-22,N
L0003779,783,Branch,18241.21,0,0.0,1260.12,2,1547.1,2023-12-28,N
L0003780,715,Branch,34494.09,0,0.0,5586.22,2,15801.86,2023-01-04,N
L0003781,736,Branch,49611.01,0,0.0,6756.52,3,8005.2,2022-09-24,N
L0003782,689,Online,45647.07,0,0.0,8844.86,4,20105.86,2024-03-26,N
L0003783,654,Branch,12038.61,0,0.0,3361.73,2,12449.28,2023-03-07,
L0003784,792,Branch,5071.07,0,0.0,383.48,4,7226.19,2023-02-06,Y
L0003785,706,Branch,5707.34,0,0.0,603.75,1,14049.57,2024-12-17,Y
L0003786,778,Broker,27123.25,0,0.0,210.83,2,4870.48,2026-03-25,Y
L0003787,736,Online,18873.47,1,8831.98,-5806.79,3,16009.34,2023-09-15,N
L0003788,784,Broker,35140.44,0,0.0,870.41,1,6490.44,2026-01-24,N
L0003789,726,Online,23085.04,0,0.0,1009.32,1,9597.25,2025-10-26,N
L0003790,656,Broker,35453.41,0,0.0,9832.02,4,19862.95,2023-02-11,N
L0003791,706,Online,54558.42,0,0.0,16951.98,1,16644.94,2022-04-29,Y
L0003792,674,Online,5221.84,0,0.0,1520.63,3,21123.88,2023-08-19,Y
L0003793,732,Online,26653.95,0,0.0,7352.53,3,9935.46,2021-08-28,N
L0003794,610,Online,25293.49,0,0.0,10852.13,1,24944.02,2022-08-28,N
L0003795,626,Branch,33655.76,0,0.0,13072.66,3,15838.3,2022-07-31,Y
L0003796,649,Online,25576.15,0,0.0,4006.69,2,3583.72,2024-10-04,N
L0003797,678,Branch,12790.47,0,0.0,2477.69,2,34151.72,2023-12-28,Y
L0003798,729,Branch,44117.29,0,0.0,1156.39,2,7108.45,2025-12-12,N
L0003799,641,Branch,55207.97,0,0.0,18634.48,2,23372.24,2022-11-20,N
L0003800,-9999,Broker,29168.96,1,10612.18,-6725.59,4,8184.6,2022-03-28,N
L0003801,742,Branch,44983.93,0,0.0,2139.17,4,15250.2,2025-01-24,N
L0003802,688,Online,7994.86,0,0.0,1821.58,3,9353.89,2023-10-30,Y
L0003803,676,Online,47590.28,0,0.0,15747.07,1,12118.16,2021-11-07,N
L0003804,638,Broker,10726.05,0,0.0,4460.18,4,10441.88,2022-06-26,Y
L0003805,729,Broker,9531.75,0,0.0,1450.47,1,12197.6,2023-09-16,Y
L0003806,696,Branch,14332.38,0,0.0,1213.39,2,18984.56,2025-05-02,N
L0003807,648,Branch,54309.21,0,0.0,14602.48,3,10235.03,2023-06-15,N
L0003808,699,Branch,50224.38,0,0.0,6161.93,2,6489.27,2024-04-27,Y
L0003809,776,Branch,40618.61,0,0.0,3821.37,3,7984.87,2022-01-29,Y
L0003810,701,Broker,22241.23,0,0.0,6087.6,4,3809.9,2021-10-27,Y
L0003811,635,Broker,43485.1,0,0.0,13600.54,3,13635.61,2023-04-08,N
L0003812,704,Broker,58805.23,0,0.0,1780.83,3,11256.64,2025-12-24,Y
L0003813,744,Broker,38615.32,0,0.0,5282.99,1,10553.21,2022-01-27,Y
L0003814,665,Broker,37412.95,0,0.0,3619.0,1,23551.88,2025-03-18,N
L0003815,719,Branch,35003.33,0,0.0,4010.27,2,13886.48,2024-03-12,N
L0003816,625,Online,38789.39,0,0.0,17736.83,2,18333.12,2022-01-03,Y
L0003817,733,Online,16335.11,0,0.0,1530.36,3,13973.79,2024-12-08,Y
L0003818,630,Branch,41041.22,1,15528.21,-14057.55,1,17907.7,2026-03-22,Y
L0003819,650,Broker,43481.07,0,0.0,13653.61,4,6200.21,2022-12-14,Y
L0003820,686,Online,18542.99,0,0.0,736.65,3,7431.76,2026-01-17,Y
L0003821,763,Broker,24580.47,0,0.0,2792.23,2,4056.69,2021-11-30,Y
L0003822,721,Online,39734.45,0,0.0,5228.48,2,11225.82,2024-06-24,Y
L0003823,622,Broker,27077.82,0,0.0,6775.4,3,0.0,2024-02-14,Y
L0003824,596,Broker,14986.43,0,0.0,8546.76,1,16602.52,2021-12-05,N
L0003825,678,Branch,51568.7,0,0.0,15127.34,1,16222.88,2022-04-13,Y
L0003826,678,Broker,47420.14,0,0.0,2749.72,1,6986.79,2025-08-23,N
L0003827,634,Broker,25853.39,0,0.0,6042.32,4,14883.25,2024-03-28,Y
L0003828,567,Online,44832.56,0,0.0,11217.53,2,16838.55,2024-08-09,N
L0003829,750,Online,23600.73,0,0.0,3316.43,1,10146.73,2021-12-14,N
L0003830,681,Broker,23503.09,0,0.0,7391.92,1,24482.42,2022-01-13,Y
L0003831,736,Online,34643.67,1,22427.39,-13264.46,3,9767.63,2021-09-26,Y
L0003832,656,Branch,21684.86,0,0.0,4086.71,1,18461.04,2024-04-29,Y
L0003833,841,Branch,16721.55,0,0.0,1539.97,3,4263.23,2023-08-07,N
L0003834,705,Broker,41483.5,0,0.0,1378.9,2,9612.87,2025-12-12,Y
L0003835,600,Online,44027.46,0,0.0,7408.22,1,27449.19,2025-02-06,Y
L0003836,705,Branch,42251.15,0,0.0,5485.32,4,13591.57,2024-03-14,Y
L0003837,763,Branch,50595.79,0,0.0,1555.83,3,6672.36,2025-01-03,N
L0003838,687,Broker,9109.88,0,0.0,920.79,1,15788.99,2025-08-06,Y
L0003839,641,Broker,26336.92,0,0.0,9910.85,1,31120.44,2022-05-03,N
L0003840,774,Broker,29719.58,0,0.0,3116.78,4,7569.19,2021-09-10,N
L0003841,647,Online,5331.73,0,0.0,1022.38,3,14414.65,2024-08-13,N
L0003842,743,Branch,53217.08,0,0.0,3420.99,3,10367.48,2024-08-27,Y
L0003843,792,Online,43816.45,0,0.0,1287.84,2,9777.57,2025-03-12,N
L0003844,808,Broker,18279.79,1,8480.54,-7580.07,4,8322.08,2024-02-26,N
L0003845,566,Online,7340.5,0,0.0,4390.25,1,12947.14,2022-04-05,N
L0003846,668,Broker,12781.12,0,0.0,2177.96,1,538.68,2024-09-23,Y
L0003847,691,Branch,43011.54,0,0.0,8277.77,1,15883.82,2023-06-14,Y
L0003848,652,Online,22331.8,0,0.0,5000.43,2,15111.23,2023-12-14,Y
L0003849,704,Branch,7265.36,0,0.0,1451.96,2,6488.54,2022-12-08,Y
L0003850,-9999,Broker,57953.82,0,0.0,1156.43,3,8860.43,2025-11-14,Y
L0003851,622,Branch,30256.27,0,0.0,3140.58,4,16340.37,2025-08-11,N
L0003852,615,Branch,45913.05,1,19016.67,-14742.69,3,20722.02,2025-09-18,N
L0003853,635,Broker,33608.08,0,0.0,8834.14,4,26071.27,2023-11-12,Y
L0003854,727,Online,54946.28,0,0.0,14798.1,4,17805.64,2022-01-23,Y
L0003855,651,Broker,25206.11,0,0.0,5652.66,1,16199.81,2023-12-06,N
L0003856,666,Broker,8619.03,1,3755.6,-2130.61,2,18335.58,2024-04-24,Y
L0003857,764,Online,35117.97,0,0.0,2466.92,1,3695.63,2023-05-26,Y
L0003858,688,Branch,14052.8,0,0.0,3844.41,1,7736.08,2022-08-13,Y
L0003859,741,Branch,30833.86,0,0.0,3826.07,2,10714.13,2023-01-02,Y
L0003860,675,Branch,37495.59,0,0.0,12237.67,4,17877.96,2021-11-28,N
L0003861,706,Online,19100.73,0,0.0,2351.68,2,12200.13,2024-10-08,Y
L0003862,709,Online,40106.81,0,0.0,14398.13,4,14571.13,2021-07-22,N
L0003863,710,Broker,21970.26,0,0.0,2118.39,3,5854.84,2024-10-06,Y
L0003864,707,Branch,40460.35,0,0.0,6853.03,3,4060.09,2023-06-05,Y
L0003865,685,Branch,19361.32,0,0.0,2746.22,4,14328.17,2024-08-15,Y
L0003866,686,Branch,9152.51,0,0.0,1010.51,3,8271.82,2025-06-19,Y
L0003867,739,Branch,19571.13,0,0.0,791.67,1,10140.83,2025-08-06,N
L0003868,722,Branch,6658.21,0,0.0,1034.01,1,7129.2,2023-11-15,Y
L0003869,807,Broker,29805.47,0,0.0,2511.46,1,7114.43,2023-03-10,N
L0003870,742,Broker,8351.67,0,0.0,759.82,2,15010.55,2025-07-25,Y
L0003871,693,Online,31861.01,1,18746.54,-7720.34,3,8960.26,2022-04-15,N
L0003872,715,Broker,32329.46,0,0.0,1781.29,3,9723.49,2025-06-23,Y
L0003873,654,Broker,7694.22,0,0.0,2864.76,1,9298.69,2022-03-26,N
L0003874,740,Online,47002.69,0,0.0,5223.11,2,8959.29,2023-04-05,Y
L0003875,726,Broker,14711.41,0,0.0,3466.6,2,12990.73,2021-08-16,Y
L0003876,728,Branch,32225.4,0,0.0,4336.81,1,4396.49,2023-01-24,Y
L0003877,557,Broker,16963.3,1,11698.03,-2343.79,1,35786.75,2022-09-26,Y
L0003878,779,Branch,57254.27,0,0.0,4109.23,1,1792.98,2023-03-14,N
L0003879,778,Online,37190.3,0,0.0,1620.23,1,14463.58,2024-12-23,N
L0003880,741,Branch,21121.32,0,0.0,1092.73,4,10683.04,2024-12-17,
L0003881,721,Online,55336.02,0,0.0,1441.38,1,13019.1,2026-03-07,N
L0003882,686,Broker,56762.59,0,0.0,18126.48,4,11346.55,2021-08-22,N
L0003883,740,Broker,49598.89,0,0.0,3918.87,1,13782.5,2024-01-06,Y
L0003884,690,Branch,21715.57,0,0.0,1423.07,3,16435.85,2025-10-18,Y
L0003885,743,Online,14253.72,0,0.0,2560.89,3,13515.03,2021-10-02,Y
L0003886,810,Online,5931.7,0,0.0,267.02,4,3528.83,2026-03-12,N
L0003887,629,Online,12487.26,0,0.0,4931.25,3,29708.82,2022-06-28,N
L0003888,664,Branch,24544.07,0,0.0,8791.21,1,8412.9,2022-02-09,N
L0003889,623,Broker,23764.71,0,0.0,728.05,4,10011.96,2026-03-22,N
L0003890,656,Broker,35466.24,0,0.0,9064.42,2,6957.3,2023-05-15,N
L0003891,763,Branch,38710.28,0,0.0,1653.67,4,10449.9,2025-01-23,N
L0003892,697,Online,58016.48,0,0.0,21040.79,1,18634.09,2021-11-06,N
L0003893,741,Branch,13326.16,0,0.0,1689.74,3,12134.01,2022-12-03,N
L0003894,745,Online,27177.86,0,0.0,3193.36,2,11174.06,2022-11-28,Y
L0003895,639,Broker,31426.19,0,0.0,7767.35,4,21925.62,2023-10-23,Y
L0003896,701,Online,13985.21,0,0.0,4801.54,3,15103.23,2022-02-10,Y
L0003897,743,Branch,46106.7,0,0.0,6952.35,3,0.0,2021-11-16,Y
L0003898,673,Broker,45448.52,0,0.0,15325.38,2,14407.58,2021-11-23,Y
L0003899,734,Broker,38364.51,0,0.0,6509.81,2,11718.51,2021-10-27,N
L0003900,-9999,Online,50918.61,0,0.0,17922.76,3,10647.25,2022-06-15,N
L0003901,727,Branch,33798.36,0,0.0,5244.89,4,14806.21,2022-10-24,N
L0003902,748,Branch,47246.22,0,0.0,2247.47,3,4333.13,2024-12-04,Y
L0003903,708,Branch,57411.85,0,0.0,5709.96,1,9984.96,2024-07-26,Y
L0003904,721,Online,10366.55,0,0.0,813.23,3,6307.42,2026-01-03,N
L0003905,817,Online,24228.08,1,9743.15,-8466.34,4,8451.8,2024-02-14,Y
L0003906,693,Branch,24430.56,0,0.0,2507.36,4,13104.99,2025-02-21,N
L0003907,706,Online,9346.41,0,0.0,1025.24,2,13337.6,2025-09-16,N
L0003908,723,Branch,12820.45,0,0.0,1999.96,1,4364.32,2023-02-14,Y
L0003909,728,Online,34344.06,0,0.0,8428.17,4,6909.74,2022-07-30,Y
L0003910,720,Online,8059.67,0,0.0,2173.53,4,8591.8,2022-06-22,N
L0003911,660,Branch,45627.7,0,0.0,4453.14,3,10006.21,2025-05-24,Y
L0003912,680,Online,33544.75,0,0.0,14524.7,1,11226.37,2021-09-20,Y
L0003913,786,Branch,53692.88,0,0.0,2475.06,4,10706.14,2024-06-26,N
L0003914,673,Broker,49090.49,0,0.0,6043.4,2,15104.78,2024-11-19,N
L0003915,701,Broker,40730.25,0,0.0,1624.8,3,3721.04,2025-10-21,N
L0003916,819,Broker,53228.07,0,0.0,2267.02,1,2481.33,2024-06-26,Y
L0003917,685,Online,45605.77,0,0.0,18286.19,2,14716.16,2021-11-26,N
L0003918,631,Broker,57434.33,1,33363.74,-17103.39,1,11407.99,2023-08-06,Y
L0003919,721,Branch,7367.55,0,0.0,1064.92,2,14145.21,2023-06-23,N
L0003920,723,Broker,44350.33,0,0.0,5861.26,4,9738.28,2023-06-14,N
L0003921,615,Branch,37907.69,0,0.0,8364.16,4,27116.51,2024-07-08,Y
L0003922,655,Broker,22780.48,0,0.0,9198.63,1,18566.11,2021-10-27,N
L0003923,738,Branch,45656.71,0,0.0,5699.56,4,18569.96,2023-01-05,Y
L0003924,621,Broker,43106.35,0,0.0,6730.02,2,13720.49,2024-12-22,N
L0003925,793,Broker,58552.86,0,0.0,2338.41,1,5331.59,2024-08-31,N
L0003926,626,Broker,18114.29,0,0.0,3411.49,1,12838.8,2024-08-15,Y
L0003927,626,Online,19738.58,0,0.0,5677.35,2,21465.14,2023-10-23,N
L0003928,665,Broker,25923.06,0,0.0,1729.79,2,15510.5,2025-08-19,Y
L0003929,727,Broker,10708.17,0,0.0,1304.8,3,11234.21,2024-09-07,Y
L0003930,647,Broker,17485.14,0,0.0,3596.56,4,6978.13,2024-06-19,N
L0003931,727,Online,36701.55,0,0.0,7426.84,3,731.27,2023-03-20,N
L0003932,788,Broker,42466.7,0,0.0,1825.76,3,8768.7,2024-09-11,Y
L0003933,698,Branch,10869.22,0,0.0,1609.71,1,24813.36,2023-11-30,Y
L0003934,683,Branch,35700.53,0,0.0,1486.61,3,0.0,2025-11-20,Y
L0003935,778,Broker,17863.7,0,0.0,1491.27,1,6389.21,2022-10-18,Y
L0003936,628,Online,14755.89,0,0.0,4079.85,2,19920.24,2023-12-06,Y
L0003937,711,Online,55241.65,0,0.0,9247.02,2,16395.15,2024-02-04,Y
L0003938,677,Branch,20485.98,0,0.0,2028.51,1,20059.54,2025-04-27,N
L0003939,704,Branch,46083.35,1,30229.08,-21161.21,3,12427.65,2022-11-13,N
L0003940,607,Broker,38193.16,1,23591.81,-6151.87,3,15932.28,2022-06-29,Y
L0003941,713,Branch,41188.13,0,0.0,5608.66,4,5839.31,2023-10-25,Y
L0003942,726,Broker,8220.57,0,0.0,781.28,4,8771.05,2025-02-14,N
L0003943,663,Branch,15438.54,0,0.0,3171.2,2,20063.16,2024-01-19,N
L0003944,632,Branch,19606.4,0,0.0,4657.18,4,11389.22,2024-04-02,N
L0003945,749,Broker,20930.37,0,0.0,1890.35,4,3677.1,2024-01-10,N
L0003946,714,Online,8825.42,0,0.0,1618.44,3,14021.32,2024-02-20,Y
L0003947,674,Broker,23530.19,0,0.0,1670.49,3,14351.28,2025-08-31,Y
L0003948,711,Broker,50327.12,0,0.0,7614.07,3,17353.01,2023-06-13,N
L0003949,711,Online,8665.87,1,3130.57,-1959.12,3,13624.81,2024-08-03,N
L0003950,-9999,Broker,33140.85,0,0.0,7935.88,2,16462.0,2024-03-23,N
L0003951,628,Branch,29243.9,0,0.0,12311.99,3,18893.17,2022-03-31,Y
L0003952,703,Online,34021.21,0,0.0,1268.26,3,12916.06,2026-01-21,N
L0003953,725,Broker,39460.44,0,0.0,1998.14,2,5071.2,2025-04-07,Y
L0003954,644,Broker,57339.47,0,0.0,24179.61,2,16684.22,2021-10-26,Y
L0003955,690,Broker,24756.65,0,0.0,2160.71,3,11080.4,2025-05-02,N
L0003956,722,Branch,9369.33,0,0.0,1990.11,2,6753.7,2021-08-06,N
L0003957,743,Broker,10492.21,0,0.0,203.21,2,5664.03,2025-12-01,N
L0003958,719,Online,5565.93,1,3463.1,-1819.49,2,14662.15,2022-09-05,Y
L0003959,709,Branch,46813.67,1,17931.8,-12484.0,2,14869.75,2024-03-26,N
L0003960,673,Branch,53129.78,0,0.0,15173.81,3,10768.62,2022-08-20,N
L0003961,727,Online,22096.07,0,0.0,5866.63,3,10500.61,2022-06-26,N
L0003962,761,Branch,54910.66,0,0.0,3142.8,2,8939.33,2023-10-10,Y
L0003963,681,Online,24220.38,1,12727.78,-10679.32,1,19778.37,2025-07-12,Y
L0003964,671,Online,24654.4,0,0.0,3519.54,3,16417.34,2024-08-29,Y
L0003965,697,Branch,30604.8,0,0.0,2544.66,1,12624.21,2025-01-02,N
L0003966,699,Branch,44445.89,0,0.0,7864.19,1,20454.19,2023-05-02,N
L0003967,734,Online,28383.64,0,0.0,3794.25,3,15854.38,2024-02-28,Y
L0003968,687,Broker,14147.3,0,0.0,3276.36,3,10366.77,2023-04-17,N
L0003969,750,Broker,52878.52,0,0.0,6311.63,3,9260.41,2022-02-02,N
L0003970,841,Broker,33009.27,0,0.0,689.13,2,2917.04,2026-03-29,N
L0003971,672,Branch,43490.61,1,32473.01,-25020.99,2,21002.13,2024-03-15,Y
L0003972,736,Branch,24323.51,0,0.0,1321.82,3,3146.47,2025-01-18,Y
L0003973,769,Online,16852.69,0,0.0,1539.64,2,7974.0,2023-05-21,Y
L0003974,673,Online,25280.95,0,0.0,3164.78,4,7446.0,2024-12-06,N
L0003975,704,Branch,59044.03,0,0.0,11132.23,3,6965.22,2022-12-26,N
L0003976,709,Online,33719.16,0,0.0,6058.05,3,2107.65,2024-02-29,N
L0003977,636,Broker,35430.44,0,0.0,10559.15,3,14754.32,2023-06-09,
L0003978,726,Online,49131.02,0,0.0,2125.47,1,5295.89,2025-10-15,Y
L0003979,694,Branch,36477.27,0,0.0,1429.25,2,11371.51,2026-01-04,Y
L0003980,716,Online,57961.55,0,0.0,13989.73,4,9423.46,2022-11-02,N
L0003981,665,Branch,48706.22,0,0.0,3305.55,4,17023.6,2025-09-09,Y
L0003982,689,Branch,18053.38,0,0.0,3097.52,2,15149.63,2024-02-24,N
L0003983,793,Online,47347.74,1,30412.92,-27136.2,3,7233.76,2023-01-04,Y
L0003984,686,Online,12497.5,1,9899.72,-5586.81,2,12810.22,2022-05-24,Y
L0003985,798,Broker,31308.8,0,0.0,2581.75,1,4682.76,2023-02-05,Y
L0003986,695,Broker,29774.74,0,0.0,7746.02,4,14569.1,2022-02-21,Y
L0003987,733,Branch,14014.82,0,0.0,1830.63,4,10495.32,2023-11-09,N
L0003988,658,Broker,57474.74,0,0.0,22674.69,2,9987.37,2021-08-21,Y
L0003989,701,Online,28487.9,0,0.0,10599.05,1,15780.84,2021-10-24,N
L0003990,739,Broker,41364.21,0,0.0,4981.03,1,10900.38,2022-12-03,Y
L0003991,768,Online,36233.27,0,0.0,1206.64,1,9369.12,2024-12-08,Y
L0003992,710,Broker,19212.38,1,10023.15,-8621.56,4,13567.95,2025-05-14,N
L0003993,721,Online,12393.56,0,0.0,3236.18,4,11993.18,2022-08-19,Y
L0003994,771,Online,33682.02,0,0.0,1537.93,1,9310.38,2024-09-07,N
L0003995,688,Branch,29699.31,0,0.0,3705.38,2,12452.05,2024-09-23,N
L0003996,763,Online,14328.95,0,0.0,1527.36,2,11174.0,2022-05-25,Y
L0003997,719,Online,30250.82,0,0.0,8759.9,2,18148.68,2022-01-08,N
L0003998,754,Broker,44458.35,0,0.0,1932.29,1,13098.1,2024-09-10,N
L0003999,682,Online,20659.66,0,0.0,4349.77,2,10900.18,2024-03-31,N
L0004000,-9999,Branch,15283.48,0,0.0,6710.18,3,20856.47,2021-12-12,Y
L0004001,658,Branch,26045.82,0,0.0,10323.53,2,19608.64,2021-08-24,Y
L0004002,728,Online,41990.66,1,33167.76,-22979.82,4,7468.51,2022-07-22,Y
L0004003,709,Online,49798.74,0,0.0,15732.84,1,8270.2,2022-02-26,N
L0004004,739,Broker,9841.3,0,0.0,636.57,4,7841.36,2024-07-12,N
L0004005,766,Branch,56882.29,0,0.0,1280.41,1,5411.75,2025-07-03,Y
L0004006,610,Broker,11455.98,0,0.0,6239.99,3,10141.71,2021-08-20,Y
L0004007,703,Online,23157.84,0,0.0,7825.17,3,9917.6,2021-12-10,Y
L0004008,689,Online,11056.63,0,0.0,2870.79,1,7814.55,2023-10-05,Y
L0004009,678,Branch,24283.94,0,0.0,6012.88,4,13538.9,2023-03-13,Y
L0004010,689,Online,34415.44,0,0.0,11121.73,1,15957.56,2022-08-09,Y
L0004011,789,Broker,49117.36,0,0.0,2077.0,4,9382.96,2024-05-27,N
L0004012,654,Branch,11484.3,0,0.0,2543.49,3,17135.06,2023-12-13,Y
L0004013,771,Broker,33877.15,0,0.0,869.85,2,926.23,2025-10-27,N
L0004014,667,Branch,24315.83,0,0.0,4422.61,1,16316.79,2024-03-13,Y
L0004015,596,Branch,54656.64,0,0.0,22345.5,1,21903.08,2023-01-16,N
L0004016,715,Broker,23205.15,0,0.0,5679.82,4,4999.74,2021-08-12,N
L0004017,700,Broker,27979.27,0,0.0,1652.05,3,16609.54,2025-07-25,Y
L0004018,698,Branch,25067.8,0,0.0,4450.53,1,14231.99,2023-07-06,N
L0004019,610,Online,55243.59,0,0.0,7021.32,4,8135.35,2025-05-10,Y
L0004020,739,Broker,49120.26,0,0.0,3491.93,1,7498.49,2024-06-11,N
L0004021,718,Broker,22931.98,0,0.0,404.74,4,12723.26,2026-03-30,N
L0004022,660,Broker,35702.37,0,0.0,3768.52,1,13984.19,2025-04-25,N
L0004023,675,Online,19673.7,0,0.0,2386.06,4,20084.97,2024-12-20,Y
L0004024,695,Broker,52137.92,0,0.0,2831.75,2,9962.5,2025-09-28,N
L0004025,712,Broker,21425.42,0,0.0,1410.71,4,7681.2,2025-02-15,Y
L0004026,633,Broker,28668.32,0,0.0,12378.56,2,0.0,2022-01-30,N
L0004027,683,Broker,44916.26,0,0.0,4503.32,1,16263.06,2025-02-09,N
L0004028,669,Branch,10907.77,0,0.0,1781.51,3,20765.55,2024-06-20,Y
L0004029,691,Broker,27921.7,0,0.0,8941.93,2,1583.35,2021-07-24,N
L0004030,723,Broker,21844.81,0,0.0,1941.74,1,16240.83,2024-10-12,Y
L0004031,625,Branch,54875.14,0,0.0,23858.55,3,23193.27,2022-03-11,N
L0004032,703,Online,39586.59,0,0.0,4384.7,1,14866.01,2025-02-14,Y
L0004033,707,Online,53544.91,0,0.0,12376.09,4,9026.09,2023-04-19,Y
L0004034,787,Broker,43093.4,0,0.0,3235.15,1,6102.82,2022-10-26,N
L0004035,669,Online,38839.08,0,0.0,10756.61,3,26400.18,2022-11-21,Y
L0004036,790,Online,44495.91,0,0.0,4320.95,1,9067.87,2021-10-05,N
L0004037,832,Branch,22523.48,0,0.0,956.94,2,4311.5,2024-09-23,N
L0004038,669,Broker,21164.23,0,0.0,6381.98,1,1815.45,2022-06-19,Y
L0004039,613,Broker,50063.94,0,0.0,23735.46,1,21163.54,2022-02-08,Y
L0004040,718,Branch,52915.25,0,0.0,2399.99,2,3198.98,2025-08-16,Y
L0004041,608,Branch,5602.79,0,0.0,1989.59,3,15245.53,2023-11-11,Y
L0004042,728,Branch,52873.82,0,0.0,5071.61,3,10508.87,2024-01-11,N
L0004043,686,Broker,26018.94,0,0.0,5110.53,4,21030.26,2023-09-17,Y
L0004044,774,Online,49182.37,0,0.0,2799.82,4,7782.66,2024-01-27,N
L0004045,653,Branch,31828.65,0,0.0,1235.13,2,17684.83,2026-02-22,Y
L0004046,749,Online,37827.45,0,0.0,3645.76,2,10260.62,2023-04-07,N
L0004047,734,Online,59078.4,0,0.0,2669.13,2,0.0,2025-09-23,N
L0004048,718,Branch,7564.59,0,0.0,1752.78,2,8281.51,2022-11-05,Y
L0004049,643,Online,14545.42,0,0.0,1709.33,1,18954.69,2025-06-03,N
L0004050,-9999,Broker,6913.59,0,0.0,618.61,4,7702.55,2024-01-03,N
L0004051,580,Online,8788.61,0,0.0,3978.65,1,4147.78,2023-04-06,N
L0004052,742,Branch,47216.61,0,0.0,7270.81,2,11850.3,2021-07-02,N
L0004053,777,Broker,27484.76,0,0.0,1893.68,2,12820.7,2023-08-27,N
L0004054,632,Online,24754.02,0,0.0,6039.11,4,31965.82,2024-01-29,Y
L0004055,715,Branch,30637.07,1,17645.58,-14664.91,1,12429.77,2024-08-03,Y
L0004056,629,Branch,34264.28,0,0.0,5535.98,1,16470.62,2024-11-01,N
L0004057,628,Broker,44401.57,0,0.0,14411.18,3,17683.13,2023-03-25,N
L0004058,639,Online,16758.58,0,0.0,4940.2,4,10903.72,2023-06-20,Y
L0004059,708,Broker,8593.79,0,0.0,1809.63,3,15909.89,2023-01-26,N
L0004060,637,Broker,42326.29,0,0.0,11231.3,2,21218.16,2023-09-26,Y
L0004061,635,Online,21306.27,1,11554.45,-7096.98,4,17937.6,2024-06-08,N
L0004062,801,Branch,49328.21,0,0.0,2136.55,3,6398.69,2024-05-10,N
L0004063,631,Branch,41757.15,0,0.0,2427.25,4,31689.78,2025-10-31,N
L0004064,673,Broker,36826.42,0,0.0,5341.44,4,13547.33,2024-08-18,N
L0004065,729,Online,49365.11,0,0.0,7247.93,3,8636.98,2023-12-08,N
L0004066,784,Broker,8934.83,0,0.0,1246.27,3,4144.47,2022-09-03,N
L0004067,667,Broker,32343.46,0,0.0,5161.33,1,5115.55,2024-06-06,Y
L0004068,666,Branch,13637.47,0,0.0,2271.74,4,22413.48,2024-06-30,N
L0004069,645,Branch,10764.78,0,0.0,1607.16,2,26612.95,2024-12-30,Y
L0004070,650,Broker,11371.28,0,0.0,4326.39,1,8549.24,2022-03-27,Y
L0004071,712,Branch,43715.32,0,0.0,7385.25,3,14220.54,2023-03-06,Y
L0004072,772,Branch,11834.49,0,0.0,1460.36,4,7995.65,2022-05-22,N
L0004073,760,Broker,13293.43,0,0.0,1053.71,4,2858.45,2023-03-05,Y
L0004074,705,Branch,15559.87,0,0.0,1900.56,4,7756.6,2024-11-09,
L0004075,779,Branch,9431.11,0,0.0,1071.78,1,10429.73,2023-04-14,Y
L0004076,729,Broker,53878.23,0,0.0,1055.86,2,8497.52,2026-01-18,Y
L0004077,789,Online,22345.7,0,0.0,1090.04,4,6306.17,2025-02-26,N
L0004078,644,Broker,16998.73,0,0.0,1115.02,4,15797.76,2025-12-16,N
L0004079,707,Broker,39038.37,0,0.0,8239.1,2,6969.89,2022-06-25,N
L0004080,625,Branch,23036.03,0,0.0,6282.41,1,24634.54,2023-11-14,N
L0004081,727,Branch,5315.18,0,0.0,343.02,3,15567.96,2026-03-21,N
L0004082,785,Broker,52604.08,0,0.0,1619.45,1,9946.35,2025-02-12,N
L0004083,569,Online,24342.34,0,0.0,11957.56,4,16784.99,2022-11-13,Y
L0004084,717,Branch,21058.33,0,0.0,2134.12,2,12295.04,2024-08-13,N
L0004085,705,Online,33668.73,0,0.0,7088.54,1,10869.42,2023-09-20,N
L0004086,774,Branch,19660.67,0,0.0,755.38,1,13048.23,2026-01-07,Y
L0004087,668,Online,18679.99,0,0.0,5071.12,2,19331.18,2022-12-14,Y
L0004088,760,Branch,8069.77,0,0.0,937.94,1,11665.35,2023-07-19,N
L0004089,814,Branch,21378.06,0,0.0,1767.27,3,124.07,2023-04-29,Y
L0004090,610,Branch,15901.99,0,0.0,4940.08,2,21576.96,2023-12-07,N
L0004091,690,Branch,9050.9,0,0.0,1604.19,3,7676.53,2024-06-16,Y
L0004092,692,Online,27298.49,0,0.0,10555.5,3,8768.29,2021-11-26,N
L0004093,750,Broker,55945.33,0,0.0,4383.11,2,8184.58,2023-10-15,Y
L0004094,695,Branch,13769.68,0,0.0,1738.01,1,15823.64,2024-11-24,N
L0004095,697,Branch,8974.93,0,0.0,439.68,1,16613.91,2025-09-03,Y
L0004096,745,Broker,10111.07,0,0.0,1166.29,4,16725.51,2023-05-13,N
L0004097,633,Broker,42185.71,0,0.0,9832.19,2,7987.03,2024-02-24,Y
L0004098,744,Branch,14007.75,0,0.0,2355.88,1,10647.13,2021-09-04,N
L0004099,603,Broker,20630.21,0,0.0,7032.78,2,23371.09,2023-08-11,N
L0004100,-9999,Online,15847.73,0,0.0,3618.53,3,10096.27,2023-05-22,Y
L0004101,698,Online,45184.85,0,0.0,14145.59,1,5887.22,2022-06-08,Y
L0004102,730,Broker,30925.17,0,0.0,3488.79,2,0.0,2023-12-15,N
L0004103,747,Branch,9166.25,0,0.0,1415.03,3,8126.7,2022-11-11,Y
L0004104,587,Branch,11613.48,0,0.0,3391.9,1,23539.65,2024-02-16,N
L0004105,643,Online,20938.03,1,7186.23,-2603.59,3,8271.2,2024-04-16,N
L0004106,803,Branch,18613.13,0,0.0,641.0,2,6717.77,2025-09-10,Y
L0004107,736,Online,32263.98,0,0.0,1171.21,2,8363.61,2025-11-01,N
L0004108,697,Online,29858.88,0,0.0,5147.56,2,13152.85,2024-05-01,N
L0004109,708,Broker,32610.0,0,0.0,4952.94,2,11608.38,2023-08-21,N
L0004110,754,Online,32794.41,0,0.0,933.77,4,13435.94,2025-06-22,Y
L0004111,647,Branch,35963.32,0,0.0,7054.96,1,20583.49,2024-04-26,Y
L0004112,643,Online,5776.45,0,0.0,1958.66,2,25206.6,2023-03-21,N
L0004113,742,Online,56612.55,0,0.0,8453.66,3,8129.6,2021-10-07,Y
L0004114,650,Online,42422.08,0,0.0,7938.99,2,19077.99,2024-05-07,Y
L0004115,698,Broker,31775.0,0,0.0,2725.99,1,11892.32,2025-02-03,N
L0004116,624,Branch,7149.6,0,0.0,2525.02,4,19322.6,2023-04-22,N
L0004117,617,Broker,35132.28,0,0.0,11394.7,1,22242.54,2023-07-20,Y
L0004118,741,Branch,55283.54,0,0.0,2661.12,2,17061.91,2025-01-26,N
L0004119,621,Online,7387.82,0,0.0,3072.18,3,15674.6,2022-07-29,N
L0004120,779,Broker,20466.24,0,0.0,1775.71,2,8685.32,2022-06-14,Y
L0004121,661,Broker,25561.77,0,0.0,6903.92,3,7546.47,2023-04-21,Y
L0004122,694,Online,11309.26,0,0.0,2029.93,4,15003.88,2024-06-30,N
L0004123,651,Online,55792.42,0,0.0,4851.83,3,6214.1,2025-06-15,Y
L0004124,691,Broker,51329.48,0,0.0,10249.09,3,8874.67,2023-04-29,Y
L0004125,728,Broker,50437.76,0,0.0,4518.13,2,7383.42,2024-03-30,N
L0004126,751,Branch,16186.26,0,0.0,552.2,3,9111.6,2026-01-01,N
L0004127,600,Broker,43746.55,1,24465.59,-9942.11,3,27058.3,2023-09-07,Y
L0004128,653,Broker,44982.3,0,0.0,2427.27,4,20247.98,2025-12-08,Y
L0004129,748,Online,55206.95,0,0.0,4974.44,2,12943.37,2023-06-27,Y
L0004130,658,Online,30368.18,0,0.0,11003.87,1,10976.48,2022-03-22,Y
L0004131,618,Broker,5173.9,1,1913.6,-809.5,3,12239.35,2024-06-24,N
L0004132,748,Branch,15334.79,0,0.0,2455.59,1,16983.31,2021-09-06,Y
L0004133,725,Online,52612.63,0,0.0,7339.73,1,1616.23,2024-03-19,Y
L0004134,593,Online,55453.26,1,23029.18,-11613.56,2,20409.33,2024-10-09,Y
L0004135,761,Broker,10452.28,0,0.0,1022.06,4,2260.9,2022-03-06,Y
L0004136,611,Broker,44593.92,1,21325.41,-10087.17,2,22522.02,2024-03-04,Y
L0004137,681,Online,20306.96,0,0.0,3820.25,4,20098.43,2024-08-02,Y
L0004138,620,Online,28188.0,0,0.0,13973.33,4,6196.53,2021-11-10,N
L0004139,615,Online,36750.15,0,0.0,3157.5,2,20273.34,2025-10-09,Y
L0004140,663,Broker,29296.21,0,0.0,1864.19,2,12435.71,2025-09-01,N
L0004141,677,Broker,8542.17,0,0.0,1251.76,3,9180.09,2025-02-17,Y
L0004142,662,Broker,43331.61,0,0.0,14762.48,2,13193.82,2022-04-12,N
L0004143,653,Online,42423.14,1,32331.71,-26398.89,2,20244.96,2024-11-15,N
L0004144,758,Online,26579.75,0,0.0,2368.04,1,9201.9,2023-04-26,N
L0004145,708,Branch,44414.72,0,0.0,6934.68,3,5280.73,2023-07-09,Y
L0004146,718,Online,41255.09,0,0.0,11568.76,4,17870.18,2022-05-30,N
L0004147,649,Broker,50523.78,0,0.0,14669.28,1,17792.6,2023-03-04,N
L0004148,703,Broker,5644.0,0,0.0,1508.53,1,6161.18,2023-04-02,Y
L0004149,618,Broker,48443.59,0,0.0,21283.6,2,19731.08,2022-04-30,N
L0004150,-9999,Branch,56157.13,0,0.0,10876.43,1,17027.03,2022-12-01,N
L0004151,691,Branch,21707.27,0,0.0,2682.29,1,16345.0,2024-07-24,N
L0004152,739,Branch,45057.9,0,0.0,4471.02,1,8789.82,2023-09-14,N
L0004153,600,Online,57174.35,0,0.0,12773.89,3,22723.74,2024-07-09,Y
L0004154,714,Online,59855.76,0,0.0,5950.88,2,18471.44,2025-01-13,Y
L0004155,661,Online,28284.31,0,0.0,4107.83,2,20368.94,2024-09-20,N
L0004156,798,Online,15526.44,0,0.0,1186.47,4,2377.38,2023-09-12,Y
L0004157,673,Broker,51903.45,1,16547.27,-8592.77,1,15370.35,2024-05-20,Y
L0004158,723,Branch,15247.04,0,0.0,3162.96,2,5806.1,2021-12-17,N
L0004159,659,Broker,25372.82,0,0.0,2738.85,1,9190.86,2025-02-14,N
L0004160,782,Branch,55517.09,0,0.0,3689.25,2,12428.8,2023-06-16,N
L0004161,688,Broker,52301.06,0,0.0,12006.11,4,3125.61,2022-12-17,Y
L0004162,686,Broker,58921.22,0,0.0,6044.6,1,11811.41,2024-11-21,N
L0004163,684,Broker,11412.18,1,6360.95,-4429.63,1,13871.3,2024-07-19,Y
L0004164,677,Branch,35524.7,0,0.0,9194.95,1,23210.65,2022-12-11,Y
L0004165,748,Online,41868.3,0,0.0,3068.79,3,4704.04,2023-11-25,N
L0004166,570,Branch,9796.94,0,0.0,2237.13,1,13046.11,2024-12-10,Y
L0004167,760,Online,9506.61,0,0.0,546.45,3,17106.42,2025-06-01,N
L0004168,668,Online,46840.96,0,0.0,5259.35,4,11337.62,2025-01-12,Y
L0004169,722,Branch,29875.77,0,0.0,2382.34,4,9028.85,2024-08-31,Y
L0004170,653,Online,11120.22,0,0.0,3639.81,4,11297.19,2023-01-02,N
L0004171,623,Branch,8188.16,0,0.0,3786.25,2,4769.36,2022-05-22,
L0004172,675,Broker,40377.04,0,0.0,10162.77,3,21616.92,2022-12-19,Y
L0004173,692,Branch,40881.24,0,0.0,4570.12,4,9415.77,2024-09-16,N
L0004174,682,Branch,47112.0,0,0.0,15684.57,4,16395.0,2021-08-15,Y
L0004175,722,Branch,40498.83,1,14618.2,-10256.26,4,9916.63,2023-12-17,Y
L0004176,690,Branch,14502.46,0,0.0,989.54,1,21620.95,2025-10-17,N
L0004177,680,Branch,54195.65,0,0.0,11326.84,2,2976.33,2023-06-04,Y
L0004178,676,Broker,15890.95,0,0.0,2730.51,4,12782.07,2024-07-18,N
L0004179,700,Branch,52589.43,0,0.0,1243.76,1,24438.17,2026-01-12,N
L0004180,611,Broker,59916.81,1,40469.96,-23465.61,3,7036.42,2023-11-02,Y
L0004181,687,Online,22667.21,1,8209.98,-3046.87,4,17828.59,2023-10-13,N
L0004182,740,Broker,53646.33,0,0.0,4011.72,1,10653.98,2024-03-01,N
L0004183,626,Branch,32722.3,0,0.0,11712.77,2,21902.33,2022-12-18,Y
L0004184,680,Online,25264.33,0,0.0,10115.8,1,11841.43,2022-01-04,N
L0004185,657,Online,8995.82,0,0.0,629.37,4,22423.31,2026-01-31,Y
L0004186,695,Branch,19534.79,0,0.0,5873.73,1,13174.42,2021-09-14,Y
L0004187,734,Broker,51212.62,0,0.0,4425.78,4,3168.61,2024-03-05,N
L0004188,766,Branch,43467.36,0,0.0,2890.89,1,6829.49,2023-10-25,Y
L0004189,688,Branch,6978.84,0,0.0,464.58,3,15538.92,2025-09-02,N
L0004190,614,Branch,7238.5,0,0.0,3049.76,4,29814.81,2023-02-14,N
L0004191,656,Broker,11983.11,0,0.0,2115.04,3,20169.42,2024-05-13,Y
L0004192,692,Online,52296.51,0,0.0,9287.57,1,23363.5,2024-04-02,Y
L0004193,733,Broker,8741.91,0,0.0,1645.42,3,7067.16,2022-03-17,N
L0004194,734,Broker,52614.31,0,0.0,4069.07,4,7405.87,2024-06-08,Y
L0004195,690,Broker,36168.79,0,0.0,11261.23,2,13980.02,2021-08-06,Y
L0004196,762,Online,41538.42,0,0.0,3206.17,4,4497.22,2023-04-08,Y
L0004197,718,Broker,43108.62,0,0.0,2607.53,3,9191.06,2025-04-20,Y
L0004198,655,Online,31329.47,0,0.0,10017.85,1,25044.55,2022-09-02,Y
L0004199,728,Online,51323.54,0,0.0,6560.51,3,13640.07,2024-06-02,Y
L0004200,-9999,Branch,13320.01,0,0.0,313.08,3,5476.43,2025-07-07,N
L0004201,768,Branch,40485.47,0,0.0,2613.18,1,7929.53,2023-07-24,Y
L0004202,630,Branch,46554.92,0,0.0,12635.74,1,12829.39,2023-09-25,N
L0004203,745,Branch,53448.21,1,30394.55,-29341.88,1,9357.71,2025-11-27,Y
L0004204,698,Online,24336.13,0,0.0,3457.62,2,17396.84,2024-09-02,N
L0004205,659,Online,5144.5,0,0.0,870.7,3,11999.47,2024-05-13,Y
L0004206,653,Online,14052.31,0,0.0,2695.19,3,18620.74,2024-07-05,N
L0004207,711,Online,52439.02,0,0.0,10878.8,4,14452.95,2023-08-15,N
L0004208,669,Broker,7779.39,0,0.0,685.91,2,9049.96,2025-08-12,N
L0004209,628,Broker,18625.6,0,0.0,2749.81,1,13367.38,2025-02-07,Y
L0004210,603,Broker,51859.99,1,28874.59,-3180.12,1,15460.11,2022-03-17,N
L0004211,642,Branch,42710.02,0,0.0,14383.74,4,11515.84,2022-10-10,Y
L0004212,723,Branch,39393.28,0,0.0,1559.53,3,3990.43,2025-07-09,Y
L0004213,740,Broker,44602.88,0,0.0,4366.31,1,11821.44,2023-10-16,Y
L0004214,689,Broker,18699.24,0,0.0,725.59,4,9516.63,2026-02-05,N
L0004215,633,Branch,53210.03,0,0.0,20015.06,2,12405.34,2022-08-01,Y
L0004216,709,Broker,40686.59,0,0.0,5355.28,3,11689.67,2024-02-12,N
L0004217,755,Online,11844.95,0,0.0,933.59,2,7443.77,2024-04-16,N
L0004218,761,Branch,57263.16,1,30730.13,-27657.75,2,13841.35,2023-12-14,Y
L0004219,683,Branch,6080.26,0,0.0,1070.4,4,9814.77,2024-06-10,N
L0004220,704,Branch,23814.09,1,15224.44,-11760.02,4,13600.85,2023-11-10,N
L0004221,672,Broker,29109.17,0,0.0,2696.49,4,11178.68,2025-03-22,N
L0004222,604,Branch,28678.34,0,0.0,9852.57,3,27280.44,2023-06-17,Y
L0004223,763,Broker,56986.51,0,0.0,4464.36,1,11877.58,2022-12-19,N
L0004224,706,Online,34496.27,0,0.0,9615.67,2,9653.12,2022-10-04,Y
L0004225,760,Broker,37426.38,0,0.0,299.79,4,8152.16,2026-02-22,N
L0004226,723,Branch,13225.19,1,6003.26,-4167.65,4,5993.69,2024-01-28,N
L0004227,696,Broker,39295.25,0,0.0,6110.16,2,7626.89,2023-11-17,Y
L0004228,688,Broker,51696.0,0,0.0,4442.53,4,13866.21,2025-03-01,Y
L0004229,752,Branch,19158.75,0,0.0,1518.41,4,8462.03,2024-04-27,N
L0004230,671,Broker,49127.64,0,0.0,6530.65,4,17301.71,2024-09-11,N
L0004231,685,Broker,10495.55,0,0.0,3804.97,1,15878.89,2021-07-20,N
L0004232,781,Online,12547.26,0,0.0,1224.49,4,6305.53,2022-09-29,Y
L0004233,683,Online,11178.16,0,0.0,3471.24,2,21797.32,2022-12-07,Y
L0004234,727,Branch,24343.51,0,0.0,4497.55,3,13593.81,2022-04-28,Y
L0004235,645,Broker,8687.75,0,0.0,1119.57,4,14056.15,2025-01-07,Y
L0004236,627,Broker,41033.49,1,12356.75,-2369.23,4,28242.76,2024-02-04,Y
L0004237,706,Broker,28386.51,0,0.0,1736.82,3,14522.68,2025-08-27,Y
L0004238,610,Online,19612.27,1,9413.28,-6321.29,2,19975.12,2025-04-28,N
L0004239,790,Branch,18389.15,0,0.0,1390.32,4,8734.43,2023-08-15,Y
L0004240,730,Branch,12164.94,0,0.0,2034.95,1,18373.76,2022-02-09,Y
L0004241,652,Branch,14711.73,0,0.0,2851.25,4,11926.52,2024-07-07,N
L0004242,714,Branch,58281.92,0,0.0,13842.47,2,9244.04,2021-08-26,Y
L0004243,722,Branch,35971.21,0,0.0,6574.07,3,6429.3,2022-07-16,Y
L0004244,737,Broker,12001.33,0,0.0,2148.92,1,7612.85,2022-03-24,Y
L0004245,646,Branch,23335.1,0,0.0,7337.28,3,13625.66,2023-02-23,Y
L0004246,674,Broker,50627.66,0,0.0,2183.33,2,10918.38,2025-11-06,N
L0004247,715,Broker,15592.1,0,0.0,3777.19,3,2394.81,2021-12-21,N
L0004248,725,Online,11235.72,0,0.0,3174.94,3,9415.75,2022-05-21,Y
L0004249,706,Online,56238.74,0,0.0,7846.84,4,10741.97,2024-07-17,N
L0004250,-9999,Branch,59188.13,0,0.0,8594.06,4,9296.7,2024-08-01,N
L0004251,759,Branch,14133.86,0,0.0,1843.13,3,12637.54,2021-10-26,Y
L0004252,610,Broker,31406.19,1,21651.51,-7764.91,2,28143.7,2022-07-26,N
L0004253,715,Broker,42134.17,0,0.0,9999.54,1,6498.49,2021-09-30,Y
L0004254,670,Online,34643.77,0,0.0,7196.91,4,19920.39,2023-10-22,Y
L0004255,688,Branch,14055.6,0,0.0,3838.44,4,16631.79,2022-09-28,N
L0004256,670,Broker,54319.41,0,0.0,14040.63,1,23431.64,2023-01-13,Y
L0004257,733,Branch,31262.03,0,0.0,2500.99,4,17830.39,2024-05-23,N
L0004258,787,Broker,25543.62,0,0.0,1015.73,2,8207.58,2024-08-05,Y
L0004259,753,Branch,24673.78,0,0.0,476.12,4,8593.86,2025-11-24,Y
L0004260,678,Branch,31889.43,0,0.0,10874.34,4,11505.74,2021-09-11,Y
L0004261,746,Online,17953.78,0,0.0,428.87,2,12576.28,2025-09-05,Y
L0004262,617,Online,38308.43,0,0.0,1034.86,1,17082.69,2026-03-27,N
L0004263,728,Branch,55143.58,0,0.0,8239.06,2,3025.04,2022-10-01,Y
L0004264,690,Branch,25343.8,0,0.0,7657.86,3,16981.0,2021-09-09,N
L0004265,668,Branch,30706.67,0,0.0,5757.82,4,1394.48,2024-01-03,N
L0004266,708,Branch,59287.95,0,0.0,13929.54,4,13920.75,2021-12-10,Y
L0004267,688,Broker,14272.37,0,0.0,3552.91,3,9211.56,2022-11-12,Y
L0004268,548,Online,45180.57,0,0.0,19119.91,4,47477.47,2023-08-08,
L0004269,682,Broker,10589.21,0,0.0,3377.56,2,19463.14,2022-05-23,N
L0004270,747,Broker,42069.47,0,0.0,4098.69,1,6931.99,2023-04-12,N
L0004271,683,Online,9894.42,0,0.0,1241.83,4,3041.95,2025-05-02,N
L0004272,623,Branch,11847.43,0,0.0,2259.57,2,12125.38,2024-12-11,N
L0004273,723,Online,56946.54,0,0.0,14481.21,4,5753.5,2022-05-20,Y
L0004274,736,Broker,50535.76,0,0.0,7394.25,3,5149.75,2022-05-19,N
L0004275,691,Branch,17132.83,0,0.0,3343.78,4,11577.08,2023-07-20,Y
L0004276,718,Branch,36461.62,1,23290.53,-18547.64,3,15221.33,2023-08-03,N
L0004277,738,Branch,13361.93,0,0.0,443.15,2,6199.31,2025-08-30,N
L0004278,739,Online,36227.1,0,0.0,784.09,1,4833.6,2026-02-08,Y
L0004279,687,Branch,18359.08,0,0.0,5557.49,4,12292.05,2021-11-15,N
L0004280,669,Branch,52248.7,0,0.0,4926.37,3,10919.09,2025-03-08,Y
L0004281,698,Broker,17727.19,0,0.0,2704.26,1,6975.34,2024-04-16,N
L0004282,669,Broker,46819.39,0,0.0,16888.85,3,27371.08,2021-10-09,Y
L0004283,714,Broker,53747.92,0,0.0,10538.95,1,18754.68,2022-06-25,N
L0004284,679,Branch,38978.8,0,0.0,6144.04,2,617.5,2024-05-29,Y
L0004285,705,Branch,24304.31,0,0.0,5641.22,3,7158.8,2022-04-21,N
L0004286,664,Online,41944.05,0,0.0,14708.95,3,5493.3,2021-12-02,N
L0004287,638,Broker,31561.19,0,0.0,11582.08,2,12410.86,2022-09-11,N
L0004288,657,Broker,41155.2,0,0.0,7642.06,4,4125.05,2024-04-01,N
L0004289,715,Branch,27133.62,0,0.0,3168.51,2,13830.44,2024-04-14,N
L0004290,710,Broker,17342.7,0,0.0,1097.39,1,13622.32,2025-10-18,N
L0004291,659,Branch,38088.66,0,0.0,4344.55,2,4940.95,2025-02-27,N
L0004292,606,Online,39544.54,0,0.0,10271.56,4,8645.56,2024-03-01,Y
L0004293,679,Broker,33203.5,0,0.0,6688.91,4,10655.44,2023-07-30,Y
L0004294,722,Branch,5493.21,0,0.0,1163.05,1,0.0,2021-09-13,Y
L0004295,740,Online,17148.77,0,0.0,2117.31,4,6134.26,2023-07-11,N
L0004296,741,Broker,27455.24,0,0.0,2220.13,4,5266.72,2024-01-23,N
L0004297,722,Branch,32066.69,0,0.0,5516.64,1,13061.04,2022-07-22,Y
L0004298,682,Online,18999.95,0,0.0,5935.09,1,14224.45,2022-12-24,N
L0004299,744,Branch,19359.39,0,0.0,2175.05,2,8609.92,2023-01-22,N
L0004300,-9999,Broker,30338.52,0,0.0,11108.09,3,10384.49,2022-07-07,Y
L0004301,613,Broker,14743.77,0,0.0,5605.06,1,20570.71,2023-02-12,N
L0004302,709,Broker,40259.73,0,0.0,9467.88,3,11258.73,2021-12-18,Y
L0004303,655,Broker,19587.59,0,0.0,5221.7,3,19073.68,2023-07-27,N
L0004304,695,Branch,42086.31,1,17954.36,-7809.72,4,22353.82,2022-07-18,Y
L0004305,661,Branch,6965.7,0,0.0,2375.13,1,10060.95,2022-04-12,N
L0004306,740,Broker,41158.1,0,0.0,3261.02,4,6664.02,2024-01-06,Y
L0004307,701,Online,40272.77,0,0.0,11117.28,1,20662.63,2022-12-23,Y
L0004308,795,Online,23860.87,0,0.0,2000.14,4,2960.77,2023-04-15,Y
L0004309,599,Online,9491.08,0,0.0,1320.05,4,37944.23,2025-09-14,Y
L0004310,711,Online,58325.22,1,30221.81,-11249.6,2,8187.32,2021-11-14,Y
L0004311,619,Online,53471.94,0,0.0,18874.67,2,16896.5,2023-01-31,Y
L0004312,724,Online,33615.6,0,0.0,8361.86,1,12953.44,2022-08-23,Y
L0004313,605,Branch,52151.43,0,0.0,15832.13,3,18957.0,2023-10-28,Y
L0004314,692,Online,39820.23,0,0.0,7417.31,2,14653.75,2024-03-30,Y
L0004315,754,Online,58213.12,0,0.0,2541.3,2,8247.0,2024-12-13,Y
L0004316,767,Branch,33936.98,0,0.0,3513.23,3,10654.16,2021-07-21,N
L0004317,758,Online,45633.68,0,0.0,4686.2,3,9615.38,2022-01-29,N
L0004318,755,Branch,32294.1,0,0.0,1910.78,3,6973.72,2024-08-28,N
L0004319,671,Branch,40849.66,0,0.0,14310.25,2,6984.84,2021-11-06,Y
L0004320,684,Branch,44997.69,0,0.0,1331.6,4,11974.24,2026-02-10,N
L0004321,723,Broker,54650.38,0,0.0,9827.82,3,10849.7,2022-03-20,N
L0004322,706,Online,51205.75,0,0.0,16223.75,3,6358.27,2022-03-21,Y
L0004323,643,Broker,44349.96,0,0.0,7707.28,2,17625.82,2024-08-14,Y
L0004324,749,Branch,34972.24,0,0.0,4638.65,1,17777.85,2021-10-10,N
L0004325,754,Branch,54060.64,0,0.0,4992.11,3,9779.24,2022-10-24,N
L0004326,698,Broker,55261.32,0,0.0,1806.19,1,15326.46,2026-01-23,Y
L0004327,763,Online,51554.81,0,0.0,4641.32,3,8163.12,2022-01-07,Y
L0004328,720,Branch,50964.85,0,0.0,2218.83,4,10383.8,2025-07-25,N
L0004329,612,Broker,40711.99,0,0.0,4267.07,1,10559.64,2025-08-13,Y
L0004330,637,Branch,5527.0,0,0.0,2118.98,4,1132.9,2023-03-12,Y
L0004331,604,Broker,54977.49,0,0.0,13908.03,2,31271.97,2024-04-09,Y
L0004332,706,Broker,30453.44,0,0.0,8139.37,3,11482.91,2021-07-30,Y
L0004333,658,Online,42356.12,0,0.0,7410.18,3,23214.95,2024-06-10,Y
L0004334,618,Branch,39313.82,0,0.0,5438.96,3,18562.02,2025-03-28,Y
L0004335,744,Online,26068.34,0,0.0,709.99,2,8911.74,2026-02-10,N
L0004336,724,Branch,56561.5,0,0.0,2732.52,3,12690.45,2025-05-18,Y
L0004337,716,Branch,9692.38,0,0.0,986.65,1,9161.13,2025-06-07,N
L0004338,778,Broker,34750.0,0,0.0,527.71,1,5928.74,2025-10-19,N
L0004339,669,Branch,32702.65,0,0.0,3804.6,3,11184.58,2025-01-28,N
L0004340,726,Online,9739.15,0,0.0,846.09,2,9266.32,2025-06-07,N
L0004341,756,Branch,13215.96,0,0.0,1535.49,3,7384.73,2021-12-01,N
L0004342,748,Online,46614.48,0,0.0,2763.65,3,11349.17,2024-05-18,Y
L0004343,726,Broker,28700.95,0,0.0,4918.52,1,13545.66,2022-06-10,N
L0004344,667,Branch,14700.5,0,0.0,4698.71,4,13097.07,2022-08-28,Y
L0004345,798,Branch,32112.83,0,0.0,3256.46,4,4134.64,2021-10-28,Y
L0004346,716,Online,42141.33,0,0.0,9798.8,3,20312.53,2023-01-09,N
L0004347,638,Broker,30990.21,0,0.0,11660.28,4,21320.65,2022-07-20,N
L0004348,684,Online,47703.71,0,0.0,17404.14,1,1427.24,2022-03-14,N
L0004349,699,Online,53398.68,1,37379.69,-34252.7,3,13443.17,2025-09-13,Y
L0004350,-9999,Broker,28969.77,0,0.0,857.39,4,1787.35,2025-04-12,Y
L0004351,692,Online,6536.04,0,0.0,2607.32,1,15946.58,2021-12-10,Y
L0004352,708,Branch,44753.92,0,0.0,3611.67,3,3211.39,2024-12-30,Y
L0004353,751,Online,53468.54,1,24830.02,-24370.37,1,3967.15,2026-03-20,Y
L0004354,791,Branch,16480.93,0,0.0,848.78,3,10320.77,2024-11-01,N
L0004355,735,Online,52724.27,0,0.0,11436.4,1,8145.09,2022-08-03,Y
L0004356,763,Broker,35780.99,0,0.0,3091.38,1,12078.21,2022-10-12,Y
L0004357,694,Broker,17402.23,0,0.0,2929.31,4,0.0,2024-03-17,Y
L0004358,752,Branch,59266.17,0,0.0,997.77,1,7861.35,2025-11-19,N
L0004359,667,Online,20254.31,0,0.0,7044.41,3,7588.6,2021-12-29,N
L0004360,649,Branch,10803.51,0,0.0,3748.52,1,29339.99,2022-08-04,N
L0004361,685,Broker,6375.11,0,0.0,450.06,1,4452.62,2025-09-27,N
L0004362,799,Broker,25934.08,0,0.0,2643.64,4,2153.76,2021-09-01,Y
L0004363,646,Online,21697.74,0,0.0,1400.76,2,18487.38,2025-10-25,Y
L0004364,739,Branch,39621.4,0,0.0,2456.5,1,5624.22,2024-09-06,N
L0004365,636,Broker,16428.63,0,0.0,3744.35,3,11836.61,2024-03-10,
L0004366,738,Branch,5382.75,0,0.0,647.12,3,6389.26,2023-05-31,N
L0004367,706,Online,36872.36,0,0.0,9004.55,2,5401.95,2023-04-22,N
L0004368,598,Online,26144.81,0,0.0,14747.99,1,8632.47,2021-10-27,Y
L0004369,706,Online,57050.22,0,0.0,10235.49,2,16635.31,2024-02-24,N
L0004370,675,Broker,12825.65,0,0.0,699.31,2,23296.3,2025-10-03,N
L0004371,774,Broker,8449.82,0,0.0,1108.48,4,10803.55,2022-03-15,Y
L0004372,620,Online,23605.32,1,17315.64,-13605.84,3,18449.05,2024-12-18,Y
L0004373,612,Online,13927.57,0,0.0,1075.22,4,11233.06,2026-02-04,Y
L0004374,732,Broker,32237.03,0,0.0,6228.2,3,3647.44,2021-09-18,Y
L0004375,684,Online,31861.86,0,0.0,13282.2,4,0.0,2021-08-25,Y
L0004376,759,Branch,54784.76,0,0.0,2121.72,1,7598.86,2024-08-09,N
L0004377,646,Online,56671.72,0,0.0,3209.97,4,6986.5,2025-11-07,N
L0004378,639,Online,40375.92,0,0.0,4154.95,2,10691.01,2025-06-21,N
L0004379,760,Branch,35922.94,0,0.0,2628.14,3,9389.76,2023-08-20,Y
L0004380,719,Branch,37917.27,0,0.0,4107.85,2,5924.0,2024-03-29,N
L0004381,768,Online,19896.29,0,0.0,781.62,3,10436.83,2025-01-24,Y
L0004382,827,Online,25198.31,1,11674.04,-10899.41,1,4172.08,2025-06-05,Y
L0004383,731,Broker,44270.92,0,0.0,7457.12,2,18315.16,2022-03-30,Y
L0004384,630,Online,31043.09,0,0.0,7192.14,3,20754.27,2024-03-19,Y
L0004385,671,Online,53049.34,0,0.0,7586.2,2,15037.51,2024-08-14,Y
L0004386,754,Online,8723.93,0,0.0,1316.2,1,4670.21,2022-07-14,Y
L0004387,782,Online,39376.51,0,0.0,3715.61,2,6735.53,2022-01-01,Y
L0004388,740,Branch,54297.34,0,0.0,6525.69,1,6205.54,2022-11-22,N
L0004389,689,Online,54713.34,0,0.0,13284.88,3,10818.78,2023-07-27,Y
L0004390,710,Online,27589.16,0,0.0,3611.93,2,3616.86,2024-09-16,N
L0004391,710,Branch,30071.4,0,0.0,4470.43,4,10392.36,2023-11-02,Y
L0004392,773,Branch,28854.98,0,0.0,1164.11,4,4693.38,2025-01-01,Y
L0004393,705,Branch,51001.68,0,0.0,3295.69,3,14194.87,2025-06-05,Y
L0004394,698,Online,37629.17,0,0.0,11619.62,1,17949.69,2022-07-24,Y
L0004395,715,Broker,47964.6,0,0.0,10724.19,2,11719.63,2021-12-01,Y
L0004396,631,Broker,33645.0,0,0.0,8694.98,2,20248.78,2023-12-28,N
L0004397,839,Online,52770.71,0,0.0,2525.31,1,520.84,2024-05-27,Y
L0004398,675,Broker,30321.76,0,0.0,9201.42,1,13171.87,2022-04-16,N
L0004399,679,Broker,8222.66,0,0.0,1498.94,1,14194.87,2024-09-14,Y
L0004400,-9999,Branch,58760.89,0,0.0,19294.66,3,20795.07,2022-05-18,N
L0004401,684,Branch,36196.17,0,0.0,11049.49,2,15492.8,2021-12-22,N
L0004402,656,Branch,44212.75,0,0.0,4318.86,4,5800.55,2025-04-22,N
L0004403,688,Branch,18606.54,0,0.0,582.98,1,10925.36,2026-01-18,Y
L0004404,790,Broker,17362.15,0,0.0,681.78,4,6530.86,2024-11-27,Y
L0004405,741,Broker,20527.86,1,14108.8,-11554.9,3,10248.83,2022-08-21,N
L0004406,715,Online,18848.74,0,0.0,4466.99,4,9121.25,2023-02-20,Y
L0004407,681,Broker,37985.0,0,0.0,11714.06,3,11393.55,2021-12-14,N
L0004408,591,Branch,50760.84,0,0.0,21494.32,1,13650.84,2023-01-20,Y
L0004409,725,Branch,13291.95,1,9511.1,-6677.91,2,4255.51,2022-01-25,Y
L0004410,703,Online,47766.17,0,0.0,9218.21,2,8585.04,2023-11-30,N
L0004411,733,Broker,58986.74,0,0.0,4443.03,2,8810.28,2024-06-27,N
L0004412,598,Online,53963.74,0,0.0,5241.82,1,18926.02,2025-09-01,N
L0004413,661,Branch,12184.57,0,0.0,4304.38,4,13342.62,2022-01-12,Y
L0004414,695,Broker,55297.11,0,0.0,1837.37,4,15604.11,2026-01-29,Y
L0004415,727,Online,5959.29,0,0.0,1118.37,1,12398.28,2024-03-28,N
L0004416,738,Broker,15956.7,0,0.0,2511.86,4,5666.89,2022-07-03,Y
L0004417,656,Branch,23653.39,0,0.0,3252.46,1,19721.62,2024-12-27,N
L0004418,670,Online,35994.97,0,0.0,11129.5,1,11816.13,2022-04-25,N
L0004419,667,Broker,10107.8,0,0.0,3184.18,4,7918.77,2022-08-21,Y
L0004420,586,Branch,37371.12,0,0.0,20244.89,1,17095.26,2022-02-24,N
L0004421,654,Branch,10868.25,0,0.0,4368.32,2,10082.82,2021-10-13,N
L0004422,677,Broker,10745.06,1,6287.95,-5211.84,3,13775.39,2025-02-04,N
L0004423,771,Broker,45457.43,1,15900.56,-14190.52,2,7681.55,2024-10-06,N
L0004424,832,Broker,19034.14,0,0.0,2148.66,2,5538.58,2021-12-06,N
L0004425,626,Branch,40917.92,0,0.0,5767.57,3,23320.3,2025-02-26,Y
L0004426,691,Online,20781.78,0,0.0,3898.51,2,16481.9,2024-04-27,Y
L0004427,726,Online,26559.76,0,0.0,1376.22,4,10800.44,2025-11-05,N
L0004428,816,Online,50518.72,0,0.0,2509.8,4,5712.12,2024-07-29,N
L0004429,718,Branch,34176.9,0,0.0,4334.37,1,13484.63,2023-10-03,Y
L0004430,696,Branch,40922.08,0,0.0,7285.02,4,12756.08,2023-07-23,N
L0004431,693,Branch,9845.02,0,0.0,2997.36,1,10833.77,2021-07-18,N
L0004432,722,Branch,52597.47,0,0.0,3199.66,4,17981.62,2025-02-25,N
L0004433,753,Branch,15223.89,1,8478.15,-7542.03,4,8093.06,2025-04-13,Y
L0004434,647,Broker,25455.11,0,0.0,6234.07,2,17217.59,2023-10-22,N
L0004435,756,Online,21171.71,0,0.0,2454.15,4,8228.07,2022-07-29,Y
L0004436,615,Online,40370.29,0,0.0,5492.5,2,20496.79,2025-03-05,N
L0004437,693,Branch,37939.97,0,0.0,4059.47,2,23337.56,2024-09-23,N
L0004438,753,Online,14450.68,0,0.0,1516.16,1,10540.8,2023-08-29,N
L0004439,640,Branch,19603.86,0,0.0,1525.11,4,8979.3,2025-11-30,N
L0004440,633,Online,25733.4,0,0.0,11384.33,1,24634.26,2022-01-06,N
L0004441,790,Broker,12915.01,0,0.0,966.45,1,3942.94,2022-12-08,N
L0004442,712,Online,43380.41,0,0.0,8287.07,4,9016.49,2023-10-30,N
L0004443,720,Online,50838.36,0,0.0,4306.53,3,10832.14,2025-04-07,N
L0004444,687,Broker,40259.45,0,0.0,7730.42,2,13580.66,2023-07-18,Y
L0004445,600,Branch,19183.17,0,0.0,5149.09,1,18809.79,2024-03-17,N
L0004446,616,Broker,46999.56,0,0.0,11471.64,4,9555.41,2024-03-24,Y
L0004447,705,Online,54018.11,0,0.0,8968.58,1,19579.71,2024-03-23,N
L0004448,702,Online,54798.73,0,0.0,8597.88,2,12589.57,2024-06-06,N
L0004449,719,Online,25163.61,0,0.0,5607.4,3,8241.18,2023-02-04,N
L0004450,-9999,Online,20027.83,0,0.0,1449.33,1,4383.82,2023-06-22,Y
L0004451,764,Online,43623.8,0,0.0,1393.37,4,12322.88,2025-02-05,N
L0004452,692,Broker,55139.49,0,0.0,7247.81,2,22684.6,2024-06-20,N
L0004453,633,Branch,51387.01,0,0.0,19115.85,1,14608.05,2022-09-29,N
L0004454,721,Broker,6781.25,0,0.0,456.11,1,13765.5,2025-06-05,N
L0004455,642,Online,53358.54,0,0.0,17712.91,1,23845.26,2022-11-02,Y
L0004456,739,Broker,38658.73,0,0.0,5822.06,3,12143.36,2022-02-02,Y
L0004457,598,Broker,11671.09,1,8056.37,-2369.06,2,17984.77,2022-06-19,N
L0004458,637,Branch,27446.35,0,0.0,11188.42,1,7878.61,2022-04-26,N
L0004459,706,Online,10112.33,0,0.0,3653.43,4,16099.15,2021-10-02,N
L0004460,822,Branch,11244.8,0,0.0,960.18,1,4922.73,2022-07-04,Y
L0004461,675,Online,16182.46,0,0.0,5497.35,4,19349.71,2021-10-16,Y
L0004462,688,Branch,58570.76,0,0.0,6904.42,3,3338.69,2024-08-04,
L0004463,669,Broker,42677.96,0,0.0,6955.89,4,8104.53,2024-06-18,N
L0004464,711,Online,35238.55,0,0.0,4769.79,1,17941.51,2024-09-22,N
L0004465,690,Broker,38592.21,0,0.0,8028.36,4,7639.79,2023-04-11,N
L0004466,720,Broker,10859.08,0,0.0,2231.84,2,9363.54,2021-10-19,N
L0004467,676,Broker,44768.07,0,0.0,2287.73,4,12408.19,2025-10-05,N
L0004468,643,Broker,27128.38,0,0.0,10689.64,1,15133.11,2022-04-22,N
L0004469,658,Online,45423.66,0,0.0,6743.45,1,21009.2,2024-10-28,N
L0004470,691,Broker,38376.41,0,0.0,8033.16,3,13371.27,2023-04-21,N
L0004471,721,Branch,16187.64,0,0.0,3453.74,3,12277.41,2022-04-20,N
L0004472,713,Branch,5789.46,0,0.0,920.35,3,11839.79,2025-04-21,N
L0004473,711,Online,29861.8,0,0.0,4728.13,4,8367.57,2024-05-12,N
L0004474,743,Branch,45178.7,0,0.0,6067.71,2,5760.11,2022-01-15,Y
L0004475,727,Broker,34988.44,0,0.0,1009.18,4,20224.29,2025-11-14,Y
L0004476,785,Broker,29484.19,0,0.0,1952.6,2,4023.22,2023-09-30,N
L0004477,769,Branch,24981.3,0,0.0,1945.21,3,9389.16,2022-11-27,Y
L0004478,755,Broker,16581.23,0,0.0,1696.61,4,8345.44,2023-04-13,Y
L0004479,691,Online,7102.05,0,0.0,2420.77,2,11318.14,2023-04-10,N
L0004480,696,Online,49577.38,0,0.0,6805.1,1,13020.82,2024-10-09,Y
L0004481,639,Branch,29553.95,1,16974.23,-8232.3,4,23646.61,2023-05-18,Y
L0004482,727,Online,40276.18,1,17725.42,-14285.61,2,6376.58,2025-03-03,Y
L0004483,773,Branch,5438.31,0,0.0,570.14,1,16158.4,2025-11-07,N
L0004484,563,Online,10340.62,0,0.0,1761.19,2,38140.5,2025-05-24,N
L0004485,677,Online,58806.14,0,0.0,15851.29,4,14630.5,2022-09-03,N
L0004486,653,Online,47942.25,1,33944.67,-14772.51,3,14427.76,2021-10-05,Y
L0004487,755,Branch,49723.2,0,0.0,1290.87,1,14145.7,2025-09-26,Y
L0004488,673,Branch,46642.34,0,0.0,3167.37,2,17096.9,2025-07-17,N
L0004489,674,Broker,50916.67,0,0.0,1843.89,4,4966.18,2026-01-10,Y
L0004490,651,Broker,57381.56,0,0.0,14397.64,1,3723.68,2023-07-30,N
L0004491,674,Online,14040.05,0,0.0,1687.6,3,13622.25,2024-10-11,N
L0004492,654,Branch,11245.06,0,0.0,4599.62,1,22433.38,2021-08-04,Y
L0004493,787,Branch,32263.33,0,0.0,544.07,2,5689.05,2025-09-09,Y
L0004494,760,Online,8207.95,0,0.0,827.67,1,18511.09,2021-11-10,N
L0004495,685,Online,19986.94,0,0.0,2645.09,2,9437.71,2025-02-26,Y
L0004496,655,Online,11229.58,0,0.0,4303.65,1,3464.83,2022-01-05,Y
L0004497,635,Online,58895.59,1,45284.55,-40765.93,1,16786.79,2025-09-24,N
L0004498,800,Branch,27905.53,0,0.0,596.4,4,9022.64,2025-12-02,Y
L0004499,691,Broker,58574.16,1,33888.21,-24637.91,2,15765.32,2023-12-09,Y
L0004500,-9999,Broker,12310.76,0,0.0,664.36,3,3372.28,2023-11-19,Y
L0004501,753,Branch,6222.51,1,4085.47,-3567.23,3,10507.6,2024-10-31,N
L0004502,696,Branch,40697.33,0,0.0,2332.28,4,14540.21,2025-07-23,N
L0004503,738,Online,8974.29,1,6330.64,-3974.78,1,5296.82,2022-02-21,Y
L0004504,650,Online,35793.85,0,0.0,4775.22,2,11723.64,2024-12-04,Y
L0004505,654,Broker,14060.84,0,0.0,5890.44,4,12640.37,2021-07-29,N
L0004506,674,Branch,37856.47,0,0.0,5514.02,3,8757.77,2024-07-09,Y
L0004507,635,Online,11799.59,0,0.0,1978.56,4,26033.41,2025-02-21,N
L0004508,644,Online,14252.51,0,0.0,1399.56,1,12084.87,2025-05-31,N
L0004509,773,Broker,54267.78,0,0.0,2879.65,2,4454.83,2024-03-12,N
L0004510,722,Branch,27885.13,0,0.0,3643.82,1,14938.86,2023-07-07,N
L0004511,763,Online,17539.79,0,0.0,815.2,4,7383.74,2024-12-16,N
L0004512,780,Broker,34042.76,0,0.0,1665.8,1,4320.74,2024-08-13,N
L0004513,651,Online,6104.38,0,0.0,2404.05,4,11126.61,2022-03-28,Y
L0004514,614,Branch,8363.06,0,0.0,2985.23,3,16629.22,2023-06-06,N
L0004515,722,Online,5625.13,0,0.0,1118.8,2,7167.53,2023-08-08,Y
L0004516,656,Online,16546.15,0,0.0,5597.41,3,16213.22,2022-08-03,Y
L0004517,662,Broker,5228.29,0,0.0,2168.88,1,11323.76,2022-01-12,N
L0004518,695,Online,15114.97,0,0.0,5384.79,2,21686.25,2022-01-21,N
L0004519,572,Online,54128.64,0,0.0,22342.52,3,17847.56,2023-05-28,Y
L0004520,769,Branch,28143.88,0,0.0,1343.3,1,7470.91,2024-03-01,N
L0004521,752,Branch,42884.9,0,0.0,1937.91,4,13907.95,2024-11-27,Y
L0004522,590,Online,35077.57,1,17531.85,-13572.89,4,21389.05,2025-07-03,Y
L0004523,729,Online,21341.39,0,0.0,1684.22,3,12795.58,2025-03-04,Y
L0004524,665,Online,10652.83,0,0.0,681.2,2,8166.8,2025-12-24,N
L0004525,666,Online,8372.15,0,0.0,3264.81,1,14682.7,2021-09-30,Y
L0004526,642,Online,28360.37,0,0.0,1839.67,4,14011.52,2025-12-13,Y
L0004527,711,Broker,58752.58,0,0.0,10907.44,3,14670.31,2022-10-05,Y
L0004528,761,Online,26218.66,0,0.0,1054.19,3,0.0,2025-07-16,N
L0004529,675,Online,43018.62,0,0.0,14773.18,1,11319.37,2021-09-24,N
L0004530,797,Online,6337.29,0,0.0,695.79,3,228.93,2021-07-19,N
L0004531,639,Broker,16598.56,0,0.0,6214.25,3,16929.91,2022-10-09,Y
L0004532,677,Branch,15027.14,0,0.0,4228.16,2,15751.2,2022-08-16,N
L0004533,617,Broker,35399.99,0,0.0,15216.23,4,4832.97,2022-06-03,N
L0004534,733,Branch,56850.5,0,0.0,5166.79,4,11459.14,2023-12-02,N
L0004535,746,Broker,17481.91,0,0.0,1253.15,4,11027.06,2024-04-14,N
L0004536,680,Branch,58799.29,0,0.0,11182.98,1,25049.55,2023-09-03,N
L0004537,728,Online,29214.48,0,0.0,6313.95,3,12439.66,2023-01-19,Y
L0004538,744,Online,19297.12,0,0.0,3029.09,1,9863.52,2022-01-28,N
L0004539,745,Online,33094.06,0,0.0,4188.89,3,6331.02,2022-05-09,N
L0004540,696,Broker,19049.21,1,6223.28,-5028.88,1,17850.63,2025-07-01,Y
L0004541,719,Branch,23309.19,0,0.0,1978.3,1,10837.57,2024-12-25,N
L0004542,600,Online,15023.76,0,0.0,6515.09,1,12591.06,2022-11-29,N
L0004543,748,Online,30830.23,1,13782.81,-12756.51,2,12623.29,2025-10-31,Y
L0004544,817,Broker,35600.0,0,0.0,937.28,4,971.48,2025-03-09,Y
L0004545,627,Branch,59551.36,0,0.0,29355.14,1,10281.9,2021-07-05,N
L0004546,801,Broker,14578.59,0,0.0,741.55,4,4658.46,2024-11-17,N
L0004547,692,Online,23203.21,0,0.0,2649.57,4,20093.69,2025-03-17,N
L0004548,668,Online,31920.87,0,0.0,5537.85,1,20793.15,2024-03-22,Y
L0004549,578,Online,50051.25,0,0.0,11875.48,3,27380.73,2024-08-05,Y
L0004550,-9999,Online,32964.31,0,0.0,1325.26,3,10074.65,2024-07-29,Y
L0004551,693,Broker,30460.31,0,0.0,3197.15,2,12736.58,2024-12-17,Y
L0004552,714,Online,24304.56,0,0.0,7455.25,4,8282.65,2022-03-14,N
L0004553,694,Online,13177.68,0,0.0,1796.69,3,8680.47,2024-11-26,Y
L0004554,753,Branch,11380.57,0,0.0,1286.42,1,1858.46,2022-06-30,Y
L0004555,664,Broker,15938.47,0,0.0,1448.02,1,8347.06,2025-04-23,Y
L0004556,767,Online,56615.73,0,0.0,2524.77,3,8070.76,2024-04-07,Y
L0004557,606,Broker,41602.87,1,32804.24,-18816.81,4,7863.57,2023-07-29,Y
L0004558,712,Online,54296.87,0,0.0,5091.58,3,16070.32,2025-03-13,Y
L0004559,725,Online,53191.68,0,0.0,12758.63,1,11586.46,2022-09-25,
L0004560,810,Broker,30900.52,0,0.0,670.15,2,8276.8,2025-06-18,N
L0004561,586,Branch,43684.61,1,15128.93,4734.76,2,16926.72,2022-11-18,Y
L0004562,662,Broker,32048.79,0,0.0,1781.52,2,12258.33,2025-11-18,Y
L0004563,786,Branch,37315.36,0,0.0,1387.91,1,11583.89,2025-05-11,N
L0004564,667,Branch,52864.76,0,0.0,13158.77,1,21893.56,2023-03-30,N
L0004565,759,Online,22736.43,0,0.0,1457.25,4,6182.96,2024-06-26,N
L0004566,640,Online,16207.46,0,0.0,5736.32,2,17280.36,2022-10-03,N
L0004567,704,Broker,40937.29,0,0.0,6727.6,1,9977.61,2023-07-09,N
L0004568,750,Broker,11492.09,0,0.0,550.25,1,4739.08,2025-12-08,N
L0004569,634,Online,25549.36,0,0.0,7589.87,2,8439.83,2023-06-19,Y
L0004570,589,Broker,26161.34,1,14784.21,-2370.11,4,6154.22,2022-08-18,N
L0004571,874,Branch,36257.42,0,0.0,1817.35,3,1769.56,2024-09-24,Y
L0004572,852,Branch,44931.39,0,0.0,3753.92,2,3139.23,2022-05-05,Y
L0004573,698,Broker,36756.67,0,0.0,3836.46,1,7185.48,2024-09-17,Y
L0004574,728,Online,58158.19,0,0.0,7991.14,2,16694.16,2024-03-12,Y
L0004575,717,Broker,44593.83,0,0.0,9207.12,2,16892.21,2022-01-29,N
L0004576,719,Branch,56442.9,0,0.0,5857.85,2,15417.51,2024-03-08,Y
L0004577,789,Branch,53135.78,0,0.0,1538.21,2,5238.92,2025-02-21,Y
L0004578,767,Online,26926.23,0,0.0,826.84,3,3875.14,2025-10-01,N
L0004579,696,Broker,43475.2,0,0.0,6909.04,4,8839.52,2023-12-04,N
L0004580,629,Online,34438.58,0,0.0,11181.72,1,30732.19,2023-03-04,Y
L0004581,774,Branch,12511.56,0,0.0,1576.34,4,1959.46,2022-06-26,Y
L0004582,640,Broker,20417.11,1,15334.84,-7041.68,3,22502.46,2022-04-17,N
L0004583,644,Broker,31335.56,0,0.0,12413.56,1,25986.58,2022-02-05,Y
L0004584,767,Online,57396.06,0,0.0,1054.07,3,3275.53,2025-12-01,N
L0004585,722,Online,16359.92,0,0.0,3390.17,1,19220.67,2023-07-06,N
L0004586,680,Branch,41140.89,1,15766.41,-12456.16,4,22629.27,2025-05-22,N
L0004587,751,Broker,33602.98,0,0.0,1073.57,4,5808.08,2025-05-09,Y
L0004588,517,Online,48321.93,0,0.0,13714.07,3,7570.3,2024-10-12,N
L0004589,746,Branch,31134.01,0,0.0,1828.52,4,6439.26,2024-11-14,N
L0004590,672,Branch,27774.59,0,0.0,8553.8,2,21435.68,2022-05-28,N
L0004591,661,Broker,19263.3,0,0.0,6936.77,3,7696.07,2022-01-31,N
L0004592,696,Online,53457.18,0,0.0,19864.49,2,13095.84,2021-10-08,N
L0004593,612,Online,13486.87,0,0.0,4524.84,4,6992.08,2023-07-08,Y
L0004594,720,Broker,24175.07,0,0.0,1091.15,1,5538.5,2025-08-09,N
L0004595,684,Broker,52146.43,0,0.0,16842.99,1,14803.54,2021-07-13,N
L0004596,719,Branch,22299.97,0,0.0,2602.84,3,14140.64,2023-10-31,N
L0004597,810,Online,7781.08,0,0.0,619.1,1,6100.15,2023-06-15,N
L0004598,655,Broker,41959.86,0,0.0,15146.77,3,13367.53,2022-03-12,N
L0004599,670,Online,59832.25,0,0.0,6938.79,1,6242.78,2024-12-10,N
L0004600,-9999,Broker,21796.29,0,0.0,5997.17,4,7187.56,2022-04-02,Y
L0004601,685,Broker,58717.06,0,0.0,15620.81,4,20150.28,2022-05-05,Y
L0004602,632,Online,49332.94,0,0.0,3045.8,3,26518.45,2025-11-13,Y
L0004603,680,Online,37272.75,0,0.0,14300.83,3,9424.75,2022-02-25,N
L0004604,637,Broker,45410.43,0,0.0,15674.06,3,18008.94,2022-10-25,Y
L0004605,674,Online,46023.19,0,0.0,1811.74,2,4395.47,2025-12-18,N
L0004606,675,Branch,55975.46,0,0.0,2573.31,2,675.76,2025-12-13,Y
L0004607,781,Online,43585.5,0,0.0,2216.55,2,4744.78,2024-06-03,Y
L0004608,590,Branch,5022.15,0,0.0,924.36,4,24792.43,2025-01-13,N
L0004609,826,Online,25145.27,0,0.0,1920.3,2,1705.47,2023-02-14,N
L0004610,670,Broker,47976.86,1,30167.91,-22616.78,1,16800.29,2024-05-24,N
L0004611,626,Broker,22109.28,0,0.0,2517.86,1,11096.34,2025-06-07,Y
L0004612,622,Branch,37948.78,0,0.0,9686.98,2,26423.04,2023-12-31,N
L0004613,723,Broker,34384.89,0,0.0,2252.6,4,15428.33,2024-12-31,Y
L0004614,704,Online,50096.51,0,0.0,11352.68,2,2697.94,2023-07-15,Y
L0004615,686,Branch,30097.32,0,0.0,8166.73,2,17726.83,2022-04-04,Y
L0004616,764,Online,6398.91,0,0.0,351.65,1,6891.31,2025-01-29,Y
L0004617,713,Online,41968.01,0,0.0,4312.76,3,13797.18,2025-02-15,Y
L0004618,784,Online,15209.34,0,0.0,1542.23,4,10964.68,2022-08-04,Y
L0004619,757,Branch,13538.31,0,0.0,561.82,4,10312.1,2025-10-16,N
L0004620,754,Branch,56227.51,0,0.0,6257.76,2,9442.65,2022-02-19,N
L0004621,650,Broker,11001.96,0,0.0,4580.41,2,11803.85,2021-08-30,N
L0004622,797,Online,27238.86,0,0.0,1680.73,4,6565.25,2023-06-27,N
L0004623,685,Online,15065.13,1,7732.95,-5215.32,4,9311.49,2024-09-01,Y
L0004624,721,Online,51871.42,1,20494.58,-14619.98,2,13039.32,2024-10-22,Y
L0004625,744,Branch,16260.01,0,0.0,1491.63,1,12551.57,2023-06-09,Y
L0004626,638,Branch,41665.28,0,0.0,6569.32,2,26069.56,2024-11-30,Y
L0004627,701,Online,57909.38,0,0.0,11006.36,4,17761.6,2024-01-06,Y
L0004628,668,Branch,32814.5,0,0.0,9146.51,2,18443.91,2022-10-29,Y
L0004629,719,Online,21932.72,0,0.0,4889.03,4,10041.98,2023-02-07,Y
L0004630,723,Broker,32837.6,0,0.0,1508.23,4,8688.61,2025-07-14,N
L0004631,612,Branch,19212.14,0,0.0,6027.68,2,51.02,2023-10-08,N
L0004632,794,Online,36717.99,0,0.0,2741.12,2,7012.73,2023-06-06,N
L0004633,692,Broker,38522.09,0,0.0,10855.59,4,12493.17,2021-12-03,N
L0004634,768,Branch,43038.47,0,0.0,1110.12,1,6137.27,2025-10-24,Y
L0004635,705,Branch,16223.61,0,0.0,4324.94,1,0.0,2022-01-24,N
L0004636,621,Branch,37824.48,0,0.0,17078.57,2,11380.04,2022-02-12,N
L0004637,718,Broker,7458.04,0,0.0,136.6,4,13364.74,2026-03-02,Y
L0004638,662,Online,27933.36,1,20459.44,-19255.17,2,15325.65,2025-12-11,N
L0004639,711,Online,27299.75,0,0.0,2277.14,1,12544.35,2025-07-29,N
L0004640,678,Online,57956.18,0,0.0,17908.3,1,15115.25,2022-01-14,N
L0004641,631,Branch,56948.04,0,0.0,4818.4,2,15282.85,2025-08-11,Y
L0004642,734,Branch,15235.89,0,0.0,1807.44,4,12289.06,2023-08-02,Y
L0004643,767,Branch,29521.51,0,0.0,2231.74,2,3713.91,2023-06-22,Y
L0004644,678,Online,39951.17,1,27749.29,-14126.38,3,16107.11,2021-09-16,Y
L0004645,741,Online,30467.52,0,0.0,3730.89,1,16052.18,2022-12-15,N
L0004646,751,Online,22942.39,0,0.0,577.69,3,10922.83,2025-10-18,N
L0004647,748,Broker,40414.94,0,0.0,3907.67,3,6640.91,2022-12-09,Y
L0004648,669,Broker,18953.54,0,0.0,5363.59,2,4627.85,2022-09-16,N
L0004649,747,Online,55589.78,0,0.0,6399.01,1,7078.8,2022-08-09,N
L0004650,-9999,Online,8708.11,0,0.0,1727.28,3,9037.56,2024-01-21,N
L0004651,714,Broker,12700.66,0,0.0,1127.56,2,11674.26,2024-10-24,Y
L0004652,762,Broker,32609.4,0,0.0,866.29,1,5594.78,2025-03-27,Y
L0004653,678,Broker,55096.0,0,0.0,13689.07,2,3539.03,2022-11-26,N
L0004654,722,Branch,10396.75,0,0.0,1627.76,3,15912.31,2023-05-14,N
L0004655,769,Branch,34401.19,0,0.0,1229.0,2,9022.36,2024-10-20,Y
L0004656,671,Broker,54096.85,0,0.0,16606.58,2,13459.83,2022-04-22,
L0004657,746,Branch,29369.03,0,0.0,3330.59,1,5877.78,2022-11-09,N
L0004658,665,Branch,31830.65,0,0.0,9087.28,1,13938.17,2022-12-18,Y
L0004659,741,Branch,41617.32,0,0.0,6569.71,4,12622.4,2021-10-25,Y
L0004660,702,Online,41365.38,0,0.0,11831.47,2,12126.03,2022-10-30,N
L0004661,682,Branch,41412.67,0,0.0,8648.61,3,12648.68,2023-05-14,Y
L0004662,641,Broker,44170.34,0,0.0,17298.95,2,11999.42,2022-03-16,Y
L0004663,647,Branch,9779.91,1,7297.38,-3688.36,2,15267.7,2022-07-11,Y
L0004664,770,Branch,50207.01,0,0.0,2008.62,3,9759.32,2024-07-19,Y
L0004665,691,Branch,51232.84,0,0.0,14218.4,4,10752.25,2022-01-31,N
L0004666,849,Broker,58368.74,0,0.0,3337.02,1,1361.42,2023-09-10,Y
L0004667,712,Online,31719.68,0,0.0,8580.73,1,17906.92,2022-09-16,N
L0004668,670,Broker,43966.62,0,0.0,15859.02,2,5655.56,2021-08-29,N
L0004669,637,Branch,31366.59,0,0.0,7310.22,3,15950.98,2024-02-17,Y
L0004670,657,Online,58733.98,0,0.0,21758.6,4,33216.58,2022-01-13,N
L0004671,698,Branch,57594.16,0,0.0,15101.21,1,17371.98,2021-11-17,N
L0004672,718,Broker,33220.72,0,0.0,3810.42,4,10966.82,2024-02-18,N
L0004673,611,Online,50166.9,0,0.0,8582.97,4,14508.21,2024-12-15,N
L0004674,662,Online,52539.06,0,0.0,17458.93,3,6181.52,2022-05-06,Y
L0004675,630,Broker,5426.25,0,0.0,2201.12,3,21665.81,2022-09-12,Y
L0004676,680,Broker,26272.35,0,0.0,2582.91,4,13149.61,2025-03-12,N
L0004677,736,Broker,6467.29,0,0.0,551.61,2,16116.58,2025-05-16,N
L0004678,688,Broker,55270.48,0,0.0,15341.57,3,5528.23,2022-02-03,Y
L0004679,728,Branch,31958.32,0,0.0,5432.2,4,8463.4,2022-02-06,N
L0004680,721,Broker,12166.99,0,0.0,1601.28,2,1974.13,2023-10-23,Y
L0004681,706,Branch,29989.37,0,0.0,5955.25,2,10166.53,2023-01-02,Y
L0004682,707,Branch,48619.02,0,0.0,1048.19,3,8102.16,2026-03-19,N
L0004683,670,Branch,36327.03,0,0.0,9872.76,2,9602.39,2022-11-25,N
L0004684,701,Branch,8667.88,0,0.0,790.79,4,10700.98,2025-10-18,N
L0004685,744,Broker,18561.23,0,0.0,782.76,3,6925.63,2025-09-28,N
L0004686,649,Broker,25501.4,0,0.0,9109.72,3,12415.22,2022-05-30,Y
L0004687,721,Broker,20891.92,0,0.0,4536.78,2,22511.86,2021-08-09,N
L0004688,732,Online,55017.26,0,0.0,10974.72,3,4004.32,2023-01-06,N
L0004689,659,Online,36571.05,0,0.0,5730.34,1,12345.67,2024-09-28,Y
L0004690,738,Online,34305.24,0,0.0,1711.17,1,11940.19,2025-09-12,N
L0004691,677,Broker,33150.96,0,0.0,2300.07,4,14197.54,2025-09-22,N
L0004692,620,Branch,10625.53,0,0.0,2912.46,3,11991.44,2024-02-14,Y
L0004693,690,Online,9457.72,0,0.0,4001.0,2,14095.18,2021-08-20,Y
L0004694,693,Branch,53680.44,0,0.0,15405.86,1,13149.54,2021-11-20,N
L0004695,647,Online,33021.63,0,0.0,800.03,2,11059.19,2026-03-25,N
L0004696,738,Broker,32937.26,0,0.0,752.19,4,11550.0,2025-11-01,N
L0004697,756,Branch,37651.95,0,0.0,4046.95,2,12003.51,2021-10-08,N
L0004698,772,Online,30398.02,0,0.0,485.69,1,4487.78,2025-09-26,Y
L0004699,682,Online,18450.76,0,0.0,973.85,4,23405.65,2025-12-24,N
L0004700,-9999,Online,21597.37,0,0.0,7837.76,2,13916.27,2021-10-21,Y
L0004701,692,Branch,28300.16,0,0.0,3802.46,2,17919.16,2024-06-14,N
L0004702,702,Branch,37866.25,0,0.0,7050.61,1,7747.51,2023-02-08,N
L0004703,829,Branch,28456.08,0,0.0,541.53,4,3873.29,2025-12-30,N
L0004704,626,Branch,15750.22,0,0.0,4727.8,3,24256.71,2023-07-15,Y
L0004705,696,Online,25766.73,0,0.0,10182.32,2,16172.05,2021-09-19,Y
L0004706,634,Online,33429.64,0,0.0,10309.21,1,20639.79,2023-04-28,Y
L0004707,685,Branch,21858.79,0,0.0,3431.35,4,16347.25,2024-04-12,N
L0004708,782,Online,17789.16,0,0.0,721.01,2,3246.5,2025-11-30,Y
L0004709,673,Online,22935.45,0,0.0,4580.49,1,7605.43,2023-11-08,N
L0004710,750,Broker,7917.93,0,0.0,750.31,2,16139.56,2022-11-18,Y
L0004711,731,Branch,49196.12,0,0.0,6859.55,3,17726.26,2022-10-17,Y
L0004712,603,Broker,34274.14,0,0.0,1384.99,2,15785.06,2026-03-02,N
L0004713,688,Online,35220.56,0,0.0,2093.68,4,7404.93,2025-11-01,N
L0004714,787,Online,24324.12,0,0.0,635.34,1,6314.5,2025-04-12,Y
L0004715,632,Broker,31094.96,0,0.0,12033.23,4,25798.41,2022-08-22,Y
L0004716,625,Broker,19916.84,0,0.0,6085.27,3,23579.95,2023-08-24,Y
L0004717,758,Online,47245.31,0,0.0,3683.87,2,7331.58,2022-11-18,Y
L0004718,770,Online,44784.01,0,0.0,2418.6,2,9836.61,2023-10-03,N
L0004719,746,Broker,18871.59,0,0.0,1239.31,1,8923.1,2024-10-13,N
L0004720,715,Online,28651.65,0,0.0,2517.58,2,14827.43,2025-06-03,N
L0004721,676,Online,23633.38,1,17777.23,-14370.69,3,22384.13,2024-08-20,N
L0004722,793,Broker,19239.76,0,0.0,790.79,2,8318.86,2025-01-08,N
L0004723,674,Online,57663.27,0,0.0,11065.56,2,8835.99,2023-10-03,Y
L0004724,757,Branch,41257.18,0,0.0,4791.55,2,12531.37,2021-09-22,Y
L0004725,724,Online,39584.96,0,0.0,8897.58,4,1018.6,2023-01-05,N
L0004726,595,Branch,48548.95,0,0.0,8248.55,3,10591.56,2025-02-28,Y
L0004727,706,Branch,53282.68,0,0.0,13023.79,3,8600.23,2021-12-22,Y
L0004728,777,Branch,18513.61,0,0.0,1800.3,4,12996.18,2021-11-22,Y
L0004729,840,Broker,57301.26,0,0.0,4744.64,1,4381.32,2022-09-23,Y
L0004730,765,Online,10002.58,0,0.0,856.29,4,12831.31,2023-05-28,N
L0004731,766,Online,35336.21,0,0.0,1151.9,3,11013.65,2025-05-02,N
L0004732,757,Branch,22450.59,0,0.0,1693.97,2,6096.4,2023-06-30,N
L0004733,709,Broker,56329.83,0,0.0,2412.82,2,11857.52,2025-10-01,N
L0004734,697,Branch,35905.39,0,0.0,10533.41,2,0.0,2021-08-28,Y
L0004735,599,Branch,17448.84,0,0.0,4666.13,2,23506.44,2024-03-22,N
L0004736,597,Online,39718.96,0,0.0,4388.35,2,20185.74,2025-07-02,N
L0004737,609,Broker,7576.81,0,0.0,2254.25,2,24686.78,2023-11-30,N
L0004738,749,Broker,16631.79,0,0.0,607.64,3,3516.14,2025-05-11,Y
L0004739,691,Broker,14086.61,0,0.0,3236.6,2,12442.55,2022-10-17,N
L0004740,694,Broker,45662.19,0,0.0,1980.14,1,16985.19,2025-10-11,N
L0004741,752,Online,11421.67,0,0.0,877.19,2,11390.26,2025-06-11,N
L0004742,641,Broker,32207.74,0,0.0,13532.43,2,13759.57,2021-11-08,Y
L0004743,707,Broker,9887.34,0,0.0,1357.31,3,11215.22,2024-08-07,Y
L0004744,729,Branch,18635.46,0,0.0,1158.52,4,10249.68,2025-08-08,Y
L0004745,777,Broker,6154.97,0,0.0,393.65,2,4995.16,2025-01-26,N
L0004746,810,Broker,39695.67,0,0.0,1416.87,1,1561.67,2025-05-28,N
L0004747,641,Broker,22555.03,0,0.0,4586.24,4,18371.51,2024-05-03,N
L0004748,690,Branch,48043.17,0,0.0,12368.7,4,15461.06,2022-05-30,N
L0004749,696,Broker,52364.87,0,0.0,6094.12,2,12550.45,2024-07-12,Y
L0004750,-9999,Online,39678.59,0,0.0,6131.34,1,11330.42,2024-07-29,N
L0004751,664,Online,57538.28,0,0.0,17618.92,1,1261.02,2022-08-05,N
L0004752,686,Online,16696.91,0,0.0,1351.8,1,5227.4,2025-07-12,N
L0004753,714,Online,35662.97,1,16579.5,-14189.01,4,9594.7,2025-09-09,
L0004754,694,Online,18508.13,0,0.0,5923.53,1,7787.39,2022-09-05,N
L0004755,738,Broker,9993.24,0,0.0,1174.65,2,9414.77,2024-04-16,N
L0004756,647,Branch,37391.4,0,0.0,2050.8,2,28037.44,2025-11-03,N
L0004757,690,Branch,30923.89,0,0.0,3922.79,4,7704.71,2024-09-27,N
L0004758,804,Online,22129.54,0,0.0,714.11,4,7148.14,2025-11-14,N
L0004759,692,Branch,41583.21,0,0.0,4716.29,1,11319.02,2024-09-30,N
L0004760,709,Broker,59246.9,0,0.0,5381.31,4,10763.48,2024-09-09,N
L0004761,701,Broker,6972.96,0,0.0,1069.45,4,18955.76,2024-09-11,N
L0004762,703,Broker,26441.7,0,0.0,2950.91,2,5927.85,2024-06-19,N
L0004763,739,Branch,14874.08,0,0.0,1154.51,1,9417.43,2025-02-26,N
L0004764,674,Broker,8155.68,0,0.0,837.84,1,17835.83,2025-06-23,Y
L0004765,707,Online,15709.78,0,0.0,5776.27,1,21821.83,2021-06-30,Y
L0004766,635,Branch,40875.41,0,0.0,8391.37,1,18324.19,2024-05-23,Y
L0004767,622,Broker,18000.46,0,0.0,9003.94,2,8103.98,2021-11-04,Y
L0004768,708,Branch,33544.5,0,0.0,2942.07,2,17683.33,2025-01-29,Y
L0004769,728,Branch,42601.16,0,0.0,5557.38,3,11308.66,2023-03-09,N
L0004770,632,Online,36460.99,0,0.0,4133.62,3,12720.61,2025-04-07,N
L0004771,734,Branch,15901.67,0,0.0,341.65,2,15585.93,2026-02-23,N
L0004772,689,Broker,19993.75,1,15623.45,-12547.44,4,8462.04,2024-02-24,Y
L0004773,675,Branch,11814.52,0,0.0,3659.28,1,11989.43,2022-03-28,Y
L0004774,786,Online,36703.91,0,0.0,3518.31,4,9520.44,2022-02-27,Y
L0004775,733,Online,28349.21,1,19561.39,-17980.13,4,15546.44,2025-07-27,Y
L0004776,621,Broker,46341.17,0,0.0,23793.45,1,20330.68,2021-07-10,N
L0004777,749,Broker,45229.4,0,0.0,4920.61,3,12191.32,2022-06-28,Y
L0004778,705,Online,11253.48,0,0.0,1803.91,4,13184.04,2024-06-06,N
L0004779,768,Online,7544.61,0,0.0,382.48,4,6350.09,2024-10-13,Y
L0004780,705,Online,45309.18,1,34971.42,-26111.53,4,16154.44,2023-10-21,Y
L0004781,744,Branch,28529.13,0,0.0,4235.42,4,6919.58,2021-08-11,Y
L0004782,776,Branch,40327.98,0,0.0,3352.34,1,8081.94,2022-06-15,Y
L0004783,761,Broker,58966.59,0,0.0,1407.07,3,8865.47,2025-05-21,N
L0004784,621,Online,27765.21,0,0.0,9111.47,4,9156.94,2023-04-25,N
L0004785,757,Online,36493.32,0,0.0,2226.84,3,14263.06,2023-11-24,Y
L0004786,739,Broker,56089.65,0,0.0,3293.97,2,23828.38,2024-09-12,N
L0004787,673,Broker,39959.08,1,29988.29,-24831.6,4,16143.58,2024-10-18,Y
L0004788,756,Online,14501.44,0,0.0,941.73,3,8511.3,2025-03-02,N
L0004789,876,Online,25471.69,0,0.0,709.15,2,1897.34,2025-07-20,N
L0004790,619,Branch,57290.25,0,0.0,3006.53,1,17193.02,2026-01-05,N
L0004791,776,Online,25812.88,0,0.0,1133.78,2,10390.82,2025-03-30,N
L0004792,703,Branch,25054.04,0,0.0,2770.88,2,15680.68,2024-08-26,Y
L0004793,675,Online,54252.56,0,0.0,8932.39,4,22866.12,2024-04-15,Y
L0004794,729,Online,23862.5,1,15773.3,-13144.11,3,4856.26,2024-12-16,Y
L0004795,600,Branch,35094.62,0,0.0,5990.79,2,23832.21,2025-02-28,N
L0004796,632,Online,27151.08,0,0.0,10463.95,2,1541.28,2022-07-17,N
L0004797,643,Online,43796.63,0,0.0,18625.3,1,9871.87,2021-11-30,N
L0004798,649,Branch,42914.7,0,0.0,14544.59,1,14947.57,2022-08-12,N
L0004799,700,Online,22790.35,0,0.0,810.34,4,16236.57,2026-02-05,N
L0004800,-9999,Branch,56666.27,0,0.0,5144.23,4,7914.76,2025-03-08,Y
L0004801,652,Branch,59024.78,0,0.0,8643.9,3,1334.83,2024-10-18,Y
L0004802,712,Branch,41292.34,0,0.0,3264.95,1,11018.22,2025-02-28,Y
L0004803,657,Broker,5235.49,1,1620.72,-87.03,1,15884.77,2024-01-21,Y
L0004804,691,Broker,27297.58,0,0.0,907.49,3,13993.72,2026-02-06,N
L0004805,680,Online,37188.9,0,0.0,3528.17,4,15807.39,2025-07-15,Y
L0004806,652,Broker,33065.97,0,0.0,9009.56,4,10755.68,2023-06-22,Y
L0004807,700,Online,16278.55,1,12669.84,-6431.7,2,5431.27,2021-10-01,N
L0004808,708,Online,55173.01,0,0.0,10913.72,4,8777.29,2023-10-13,N
L0004809,848,Branch,6482.89,0,0.0,1013.44,3,664.9,2023-03-02,Y
L0004810,770,Branch,49905.58,0,0.0,3494.82,2,12210.9,2023-05-19,Y
L0004811,729,Online,23997.7,0,0.0,5903.95,1,12185.36,2022-06-12,N
L0004812,713,Online,14369.87,0,0.0,3295.42,4,19442.77,2023-08-03,N
L0004813,730,Branch,23442.56,0,0.0,1426.49,4,9840.19,2025-04-20,N
L0004814,702,Branch,31963.56,0,0.0,6669.34,2,10718.27,2022-09-23,Y
L0004815,740,Online,45257.65,0,0.0,2045.07,2,6314.77,2025-04-26,Y
L0004816,728,Online,53998.92,0,0.0,3838.3,2,19673.32,2025-05-20,N
L0004817,775,Branch,18921.13,0,0.0,823.61,4,6199.27,2025-08-14,N
L0004818,741,Broker,9401.26,0,0.0,889.25,4,11942.43,2023-12-05,N
L0004819,715,Branch,11615.51,0,0.0,3151.5,1,5995.04,2021-08-07,N
L0004820,677,Branch,6539.58,0,0.0,1286.19,2,0.0,2024-10-10,N
L0004821,704,Online,59134.3,0,0.0,9848.44,1,9045.68,2024-03-27,N
L0004822,717,Broker,36857.19,0,0.0,8021.24,1,7613.23,2021-09-27,Y
L0004823,720,Online,56155.29,1,25278.33,-10212.3,4,13184.05,2022-04-15,Y
L0004824,719,Branch,26968.22,0,0.0,5947.26,4,9695.45,2021-08-29,N
L0004825,669,Branch,33060.93,0,0.0,11242.33,1,13527.77,2021-12-18,N
L0004826,686,Branch,44031.77,0,0.0,7904.04,2,13942.38,2023-10-05,N
L0004827,640,Online,47865.19,0,0.0,8509.26,3,7840.24,2024-07-11,N
L0004828,609,Branch,11003.66,0,0.0,4724.09,1,20595.59,2022-11-04,Y
L0004829,666,Broker,37442.23,0,0.0,8663.16,2,3197.93,2023-08-18,N
L0004830,732,Online,20851.85,0,0.0,4719.17,2,7350.62,2022-08-05,N
L0004831,695,Broker,8040.18,0,0.0,2510.3,4,15191.01,2022-05-24,N
L0004832,618,Broker,36302.32,1,25430.45,-10589.09,4,15315.33,2022-09-11,Y
L0004833,687,Online,14078.07,0,0.0,3044.08,3,22249.34,2024-01-05,N
L0004834,693,Branch,26612.34,1,15247.34,-8567.7,4,23519.31,2022-07-09,Y
L0004835,650,Broker,14139.51,0,0.0,2660.41,1,12066.68,2024-08-09,Y
L0004836,696,Online,51642.06,0,0.0,5888.47,1,9497.52,2025-02-17,Y
L0004837,686,Online,58849.98,0,0.0,2616.53,3,10394.72,2026-01-09,Y
L0004838,644,Broker,54154.43,0,0.0,19482.99,2,24917.71,2022-07-08,N
L0004839,700,Branch,39701.79,0,0.0,8292.95,3,13152.9,2022-10-04,Y
L0004840,753,Broker,7797.64,0,0.0,550.12,4,11818.37,2024-02-09,Y
L0004841,696,Branch,34636.33,0,0.0,1594.54,1,22814.18,2025-12-16,Y
L0004842,730,Online,36400.79,0,0.0,2875.28,2,7057.02,2025-03-10,Y
L0004843,642,Online,36773.17,0,0.0,2808.6,4,12193.23,2025-10-24,N
L0004844,770,Online,41642.05,0,0.0,3541.45,2,4641.84,2022-08-02,Y
L0004845,767,Online,29106.88,0,0.0,2104.14,1,14011.74,2023-08-24,Y
L0004846,663,Branch,19103.88,1,15117.66,-11428.11,4,15854.33,2024-03-09,N
L0004847,713,Online,43030.94,0,0.0,13476.72,4,4260.31,2022-01-01,Y
L0004848,782,Broker,41383.33,0,0.0,2238.61,3,9242.3,2024-01-28,Y
L0004849,696,Online,32100.44,0,0.0,7686.99,4,8520.43,2023-06-09,N
L0004850,-9999,Online,50190.27,0,0.0,8856.49,1,10267.36,2024-04-09,
L0004851,761,Branch,44073.33,0,0.0,1592.3,1,10948.7,2025-01-25,Y
L0004852,642,Online,14180.04,0,0.0,4803.31,4,15699.19,2022-11-01,N
L0004853,722,Branch,26188.1,0,0.0,4839.72,1,5277.9,2022-03-27,Y
L0004854,606,Broker,29792.36,0,0.0,5920.05,1,14098.23,2024-10-29,N
L0004855,614,Broker,43109.15,1,14437.95,-4657.3,4,24362.51,2024-05-02,Y
L0004856,649,Broker,7649.17,0,0.0,1105.65,4,22737.45,2025-02-17,Y
L0004857,808,Branch,48797.83,0,0.0,1786.55,2,5856.07,2024-10-11,Y
L0004858,763,Branch,24261.34,0,0.0,461.93,3,11416.61,2026-02-25,Y
L0004859,751,Branch,37918.18,0,0.0,484.97,4,11602.15,2026-02-09,Y
L0004860,789,Branch,51002.44,0,0.0,4180.82,3,3181.89,2022-07-16,Y
L0004861,675,Branch,21061.37,0,0.0,3010.02,4,12339.98,2024-06-04,Y
L0004862,670,Broker,52158.4,1,31824.33,-15081.25,3,21226.16,2022-03-11,N
L0004863,622,Branch,59137.91,0,0.0,12735.66,2,13628.7,2024-06-26,N
L0004864,773,Online,13318.05,0,0.0,1078.15,2,8386.15,2023-04-15,Y
L0004865,724,Branch,21007.41,0,0.0,1065.04,1,13495.43,2025-04-16,N
L0004866,698,Online,37160.12,0,0.0,6155.28,2,17084.72,2024-05-17,Y
L0004867,722,Branch,43482.13,0,0.0,7905.12,1,11664.73,2022-06-01,Y
L0004868,669,Online,28990.06,0,0.0,7864.34,2,12998.55,2022-12-09,Y
L0004869,625,Branch,7117.38,0,0.0,2681.88,1,22721.26,2023-01-15,Y
L0004870,700,Branch,11275.15,0,0.0,1694.61,2,4835.04,2024-04-20,Y
L0004871,727,Branch,55799.59,0,0.0,3683.94,3,10240.56,2025-01-13,Y
L0004872,754,Branch,36940.93,0,0.0,1952.99,4,14770.37,2024-10-24,Y
L0004873,697,Branch,58461.97,0,0.0,15240.42,1,17204.58,2021-12-29,Y
L0004874,568,Branch,59762.49,0,0.0,18472.79,1,8391.81,2024-03-09,N
L0004875,695,Branch,45793.35,0,0.0,13492.1,4,7843.99,2021-08-06,Y
L0004876,639,Online,5218.65,1,1799.27,690.04,3,15278.22,2021-10-09,N
L0004877,756,Online,6400.48,0,0.0,903.69,4,7142.08,2021-10-23,N
L0004878,683,Branch,13748.9,0,0.0,1882.46,1,17120.65,2024-09-30,N
L0004879,699,Broker,25958.74,0,0.0,770.89,3,12540.64,2026-03-27,Y
L0004880,592,Branch,48525.14,0,0.0,28785.86,2,25222.21,2021-08-28,N
L0004881,717,Broker,23799.72,0,0.0,1251.12,1,14442.18,2025-06-01,Y
L0004882,781,Online,46533.5,0,0.0,888.7,1,3272.34,2026-01-12,N
L0004883,747,Online,46006.52,0,0.0,2266.99,2,9414.24,2024-12-05,Y
L0004884,704,Broker,59594.03,0,0.0,2885.76,2,0.0,2025-07-31,Y
L0004885,685,Online,23749.26,0,0.0,3489.56,2,15368.83,2024-11-21,Y
L0004886,614,Branch,29203.11,0,0.0,14126.64,3,18800.56,2022-02-12,N
L0004887,666,Broker,49835.94,0,0.0,1628.36,3,5687.82,2026-01-26,Y
L0004888,693,Broker,7653.72,0,0.0,1186.56,1,10035.38,2024-05-16,N
L0004889,622,Broker,14412.29,0,0.0,7239.67,3,17737.1,2021-09-16,N
L0004890,700,Branch,33248.03,0,0.0,5707.32,4,22674.78,2023-06-13,Y
L0004891,760,Branch,46381.85,0,0.0,4372.89,4,6309.86,2021-10-18,N
L0004892,756,Branch,32305.33,0,0.0,701.48,3,3617.69,2026-02-17,Y
L0004893,660,Broker,16560.75,0,0.0,1559.94,3,14744.59,2025-07-26,N
L0004894,749,Broker,40294.81,0,0.0,4303.95,2,14235.49,2022-08-01,N
L0004895,755,Branch,36270.81,0,0.0,3071.72,3,9020.2,2022-12-09,Y
L0004896,781,Online,13722.87,0,0.0,1043.08,3,0.0,2024-06-27,Y
L0004897,711,Branch,7514.69,0,0.0,1044.23,1,14784.01,2023-10-31,Y
L0004898,732,Online,30777.16,0,0.0,5751.87,2,13608.9,2023-04-23,Y
L0004899,730,Branch,58058.3,0,0.0,1109.46,1,9076.75,2026-02-12,Y
L0004900,-9999,Branch,12313.97,0,0.0,2428.14,2,20751.43,2024-03-24,Y
L0004901,611,Broker,57054.8,1,21362.25,3460.51,4,21860.04,2022-07-15,Y
L0004902,632,Broker,55629.24,0,0.0,15959.54,2,14680.62,2023-07-01,Y
L0004903,730,Online,57332.3,0,0.0,11572.53,4,13348.98,2023-02-19,N
L0004904,610,Online,24676.89,0,0.0,13707.92,2,16842.85,2021-07-24,Y
L0004905,692,Branch,35306.49,0,0.0,8689.73,3,21625.89,2022-06-30,N
L0004906,676,Broker,14738.85,0,0.0,3946.07,3,17396.45,2022-11-16,N
L0004907,670,Broker,47721.99,1,29011.27,-17203.18,3,18924.12,2023-03-09,N
L0004908,667,Online,36786.03,0,0.0,14197.32,2,19652.41,2021-07-26,Y
L0004909,745,Online,29913.32,0,0.0,1960.77,1,11096.73,2024-04-26,Y
L0004910,676,Branch,36635.58,0,0.0,3245.63,4,11767.18,2025-03-16,N
L0004911,570,Branch,46033.73,0,0.0,13235.66,3,26846.61,2024-05-28,Y
L0004912,728,Online,50001.95,1,33884.79,-22194.5,1,10767.79,2022-09-12,N
L0004913,647,Online,45536.86,0,0.0,15257.22,4,16781.37,2022-09-29,Y
L0004914,638,Online,38754.96,0,0.0,8458.63,1,18089.09,2024-03-29,Y
L0004915,733,Broker,28975.2,0,0.0,2635.62,4,13465.38,2024-05-12,Y
L0004916,697,Broker,19224.51,0,0.0,5863.86,1,12948.84,2021-07-22,N
L0004917,680,Branch,37866.16,0,0.0,4311.82,4,16114.36,2024-10-30,N
L0004918,722,Online,24494.78,0,0.0,1585.25,2,15525.81,2025-06-07,N
L0004919,703,Branch,40193.91,0,0.0,4400.8,4,11666.87,2024-07-27,N
L0004920,773,Online,15729.25,0,0.0,1438.71,1,2041.43,2023-08-15,N
L0004921,698,Broker,13613.56,0,0.0,2533.3,1,9551.24,2023-08-03,Y
L0004922,719,Broker,6392.43,0,0.0,618.42,1,14575.75,2025-03-30,Y
L0004923,684,Branch,42894.7,0,0.0,11052.88,4,7427.83,2022-09-10,N
L0004924,738,Broker,10006.62,0,0.0,646.92,3,6645.05,2026-03-18,N
L0004925,756,Online,15814.72,0,0.0,1163.5,4,7010.29,2023-11-01,N
L0004926,741,Branch,12962.16,0,0.0,1621.78,1,14558.08,2022-12-18,N
L0004927,772,Broker,44982.3,0,0.0,1299.82,1,504.73,2025-07-06,Y
L0004928,697,Online,46269.83,0,0.0,11785.92,4,10378.15,2023-04-10,N
L0004929,726,Broker,22515.38,0,0.0,2248.62,4,15080.87,2024-06-14,Y
L0004930,647,Branch,7709.38,0,0.0,3093.89,1,11424.14,2022-08-23,N
L0004931,678,Online,59211.11,0,0.0,20685.56,1,7774.46,2021-07-18,Y
L0004932,697,Branch,22821.1,0,0.0,2536.08,4,7634.96,2024-07-05,Y
L0004933,710,Branch,23498.17,0,0.0,1409.12,3,19918.13,2025-08-22,Y
L0004934,601,Branch,30893.48,0,0.0,11266.29,2,21095.45,2023-06-18,N
L0004935,604,Online,42627.69,0,0.0,9273.0,4,23142.54,2024-08-20,N
L0004936,731,Broker,13111.28,0,0.0,2285.12,1,14841.3,2022-02-15,Y
L0004937,747,Branch,32316.3,0,0.0,1893.74,2,6735.38,2024-11-23,N
L0004938,703,Branch,15927.74,0,0.0,4145.84,3,11331.77,2021-12-14,Y
L0004939,720,Online,55248.04,0,0.0,3992.39,3,20939.7,2025-06-03,N
L0004940,673,Online,12314.29,0,0.0,643.26,2,13290.8,2026-02-11,N
L0004941,853,Branch,51829.8,0,0.0,4234.09,4,2573.49,2022-07-31,N
L0004942,668,Branch,48437.72,0,0.0,7372.39,4,11268.48,2024-07-20,Y
L0004943,702,Online,19378.46,0,0.0,1972.63,3,14549.11,2025-04-06,Y
L0004944,700,Online,21639.17,0,0.0,3313.6,1,12502.34,2024-09-15,N
L0004945,602,Online,20246.14,0,0.0,6973.54,1,19475.62,2023-07-18,N
L0004946,669,Broker,46910.29,1,25671.97,-12970.23,3,13945.34,2022-12-24,Y
L0004947,808,Branch,27667.93,1,13387.22,-10863.14,4,6451.91,2022-06-30,
L0004948,669,Branch,46027.29,0,0.0,3393.27,1,17025.81,2025-07-27,Y
L0004949,622,Broker,29395.99,0,0.0,12881.85,3,23824.69,2022-04-21,N
L0004950,-9999,Online,46537.44,1,30983.79,-28575.93,3,5592.71,2024-12-16,Y
L0004951,619,Broker,29407.16,1,15895.62,-11714.28,3,15902.0,2025-02-23,Y
L0004952,705,Broker,58682.47,0,0.0,8505.58,4,17506.31,2023-11-18,Y
L0004953,803,Online,37888.06,0,0.0,3418.44,2,3538.02,2022-07-15,N
L0004954,676,Broker,23455.35,1,7135.49,-3861.41,4,13771.31,2024-10-15,Y
L0004955,752,Online,47872.69,0,0.0,5736.9,3,3314.15,2022-01-19,N
L0004956,671,Broker,44433.26,0,0.0,2928.67,1,17918.62,2025-08-09,N
L0004957,713,Online,37484.64,0,0.0,11630.61,2,12641.28,2022-01-05,Y
L0004958,695,Branch,23857.9,0,0.0,5634.94,1,16679.72,2022-10-25,N
L0004959,637,Broker,55290.82,0,0.0,1952.15,2,18507.95,2026-02-14,Y
L0004960,631,Broker,12621.71,0,0.0,1435.51,3,13115.87,2025-07-22,N
L0004961,736,Online,8043.03,0,0.0,1343.65,3,6718.27,2023-12-27,N
L0004962,673,Broker,22206.61,0,0.0,1561.42,2,22034.63,2025-07-17,Y
L0004963,724,Online,14670.98,1,10671.69,-6168.04,4,359.66,2021-12-19,Y
L0004964,760,Broker,5540.65,0,0.0,922.29,3,19618.28,2022-11-16,N
L0004965,661,Broker,58662.96,1,31205.41,-22430.08,4,16953.19,2024-08-23,N
L0004966,566,Branch,39715.07,0,0.0,25797.34,2,16203.37,2021-09-23,N
L0004967,791,Online,26783.36,0,0.0,2798.66,1,7930.16,2022-02-05,N
L0004968,747,Online,27365.05,0,0.0,4163.65,1,7614.23,2021-08-13,N
L0004969,703,Online,18029.59,0,0.0,3680.53,1,18160.66,2023-12-09,N
L0004970,827,Online,41935.44,0,0.0,3990.36,1,6682.75,2021-12-19,N
L0004971,717,Broker,32472.1,0,0.0,3450.0,3,1251.21,2024-07-26,Y
L0004972,609,Online,29861.93,1,15862.9,-6714.01,3,7131.11,2023-09-22,Y
L0004973,690,Online,53088.26,0,0.0,4175.33,4,13834.61,2025-08-16,Y
L0004974,771,Broker,57055.71,0,0.0,1539.44,3,12796.21,2025-04-20,Y
L0004975,679,Online,12117.03,0,0.0,2919.67,3,8346.52,2023-07-06,Y
L0004976,718,Branch,45431.42,0,0.0,4212.85,3,13586.77,2024-06-07,Y
L0004977,647,Broker,52726.62,1,36388.88,-16205.58,4,15732.47,2022-03-26,Y
L0004978,672,Online,5629.17,0,0.0,690.97,1,20712.5,2026-01-03,N
L0004979,617,Branch,39179.34,0,0.0,9144.78,4,11012.57,2024-04-12,N
L0004980,726,Online,22506.38,0,0.0,1907.83,1,8998.66,2025-05-05,N
L0004981,710,Broker,23959.19,0,0.0,2438.31,1,9623.55,2024-10-30,N
L0004982,771,Broker,41105.4,0,0.0,2887.29,2,7318.81,2023-06-08,Y
L0004983,688,Online,37059.25,0,0.0,6687.08,2,4016.53,2024-04-10,Y
L0004984,748,Online,15608.09,0,0.0,1765.12,2,7123.8,2022-07-13,Y
L0004985,743,Branch,47190.09,0,0.0,1012.97,4,10143.25,2025-11-23,N
L0004986,703,Broker,54068.1,0,0.0,1602.21,4,8718.89,2026-01-02,Y
L0004987,699,Online,28310.94,0,0.0,7821.22,4,20161.36,2022-11-30,N
L0004988,729,Broker,30226.84,0,0.0,3979.46,4,13807.34,2023-06-23,N
L0004989,660,Branch,22312.55,0,0.0,2829.83,3,11678.26,2025-01-04,Y
L0004990,640,Online,12248.01,0,0.0,4292.49,2,15297.01,2022-10-04,Y
L0004991,671,Broker,18018.44,0,0.0,6768.14,2,11416.82,2021-09-10,N
L0004992,649,Online,49660.14,0,0.0,17703.54,4,4205.33,2022-06-15,N
L0004993,683,Branch,22659.36,0,0.0,7382.93,4,20846.8,2021-08-25,Y
L0004994,742,Online,39950.87,0,0.0,3691.67,4,12659.26,2023-11-14,Y
L0004995,631,Broker,26714.97,0,0.0,1889.32,2,32214.96,2025-11-25,Y
L0004996,629,Online,55521.71,0,0.0,10250.56,3,25413.01,2024-08-01,N
L0004997,649,Broker,43077.36,0,0.0,5947.07,2,25548.5,2024-12-18,Y
L0004998,606,Broker,53086.29,1,41348.12,-18162.45,4,18358.51,2022-08-07,N
L0004999,629,Branch,29124.4,0,0.0,13465.06,2,14784.12,2021-12-11,N
L0005000,-9999,Broker,30017.95,0,0.0,14242.63,4,8712.24,2021-08-06,Y
L0005001,758,Broker,11339.72,0,0.0,860.4,4,9008.22,2024-01-31,N
L0005002,773,Broker,31471.19,0,0.0,2241.08,2,8964.42,2023-02-25,Y
L0005003,644,Branch,54103.65,0,0.0,15415.81,1,16916.65,2023-04-20,N
L0005004,660,Broker,34209.96,0,0.0,6406.55,3,13873.44,2024-03-07,Y
L0005005,657,Branch,37587.56,0,0.0,13859.28,3,11427.83,2021-12-01,Y
L0005006,722,Broker,30332.2,0,0.0,1953.91,3,17460.19,2025-02-11,N
L0005007,631,Broker,59515.19,0,0.0,19856.19,2,7992.36,2023-02-11,N
L0005008,716,Branch,51441.83,0,0.0,10786.73,2,20606.77,2022-02-01,N
L0005009,647,Broker,56981.72,0,0.0,9536.27,2,7463.72,2024-08-27,Y
L0005010,704,Branch,59921.48,0,0.0,8085.06,1,10174.45,2023-12-16,N
L0005011,799,Broker,13243.85,0,0.0,369.86,1,7137.59,2025-06-24,Y
L0005012,709,Online,12303.97,0,0.0,4236.5,4,12602.74,2021-12-06,N
L0005013,724,Branch,47125.56,0,0.0,9206.85,4,2506.18,2022-01-08,Y
L0005014,816,Broker,25490.06,0,0.0,1264.79,4,2515.01,2024-04-10,N
L0005015,669,Branch,45738.38,0,0.0,9556.23,1,9989.14,2023-10-02,N
L0005016,711,Broker,11787.19,0,0.0,1270.66,3,4346.14,2024-06-02,Y
L0005017,793,Online,38712.17,0,0.0,3548.93,3,10926.53,2022-03-08,N
L0005018,591,Broker,25536.07,1,17051.97,-12166.22,4,28814.41,2024-12-18,N
L0005019,655,Broker,34423.9,0,0.0,816.63,3,10889.32,2026-03-12,N
L0005020,711,Branch,20223.37,0,0.0,1606.91,1,3764.83,2025-05-15,N
L0005021,576,Online,10979.22,0,0.0,485.72,3,23474.54,2026-03-28,Y
L0005022,723,Broker,23165.85,0,0.0,4499.1,3,14762.25,2022-06-01,Y
L0005023,728,Branch,25637.43,0,0.0,1952.77,4,15951.6,2024-12-11,Y
L0005024,554,Broker,39386.98,0,0.0,14218.85,1,28085.93,2024-01-30,N
L0005025,636,Broker,30087.09,1,22195.92,-8402.51,4,17950.55,2021-09-02,N
L0005026,641,Broker,8270.71,0,0.0,1625.86,1,13905.34,2024-12-01,Y
L0005027,662,Branch,42290.66,0,0.0,3817.95,3,0.0,2025-06-01,Y
L0005028,646,Broker,18703.51,0,0.0,2999.59,4,17385.25,2024-09-23,N
L0005029,757,Branch,36687.9,0,0.0,3334.31,3,4226.12,2022-04-08,N
L0005030,725,Branch,34260.28,1,17750.69,-14606.02,4,14199.87,2024-06-18,N
L0005031,717,Branch,26661.78,0,0.0,5808.94,2,8603.19,2021-12-19,Y
L0005032,660,Branch,55575.1,0,0.0,17618.43,2,25979.34,2022-07-04,N
L0005033,668,Branch,40385.36,1,12379.85,-3601.11,2,20803.05,2023-08-29,Y
L0005034,638,Online,54278.39,0,0.0,8042.19,2,9134.64,2024-12-04,N
L0005035,694,Broker,10615.18,1,3992.84,-3485.35,3,12401.63,2025-11-26,Y
L0005036,654,Online,32667.73,0,0.0,8276.83,4,7842.04,2023-06-26,Y
L0005037,723,Broker,23099.12,0,0.0,2951.68,2,13509.49,2023-10-21,N
L0005038,684,Branch,10091.84,0,0.0,2815.92,2,8042.32,2022-03-16,N
L0005039,743,Branch,5720.03,0,0.0,500.87,3,9680.74,2025-02-09,Y
L0005040,684,Broker,58636.0,0,0.0,5215.13,4,10062.52,2025-02-25,Y
L0005041,767,Branch,37197.46,0,0.0,2174.82,3,15366.8,2023-07-21,N
L0005042,643,Branch,25406.02,0,0.0,7198.33,1,9474.72,2023-07-17,Y
L0005043,672,Broker,51288.08,0,0.0,5656.89,1,12090.27,2024-12-17,N
L0005044,726,Online,57451.66,0,0.0,8439.0,3,18575.29,2024-01-21,
L0005045,738,Online,39548.59,0,0.0,6783.55,3,6326.33,2023-05-25,N
L0005046,709,Broker,54732.66,0,0.0,7011.48,3,14821.75,2024-02-20,Y
L0005047,709,Broker,7788.26,0,0.0,1705.92,3,18036.64,2023-05-13,N
L0005048,699,Branch,8487.71,0,0.0,991.51,1,11452.01,2025-03-28,Y
L0005049,657,Branch,49807.28,0,0.0,18220.13,2,10336.65,2022-01-05,Y
L0005050,-9999,Online,39057.21,0,0.0,5659.26,1,6239.21,2022-02-23,Y
L0005051,777,Broker,43534.85,0,0.0,2460.28,1,10182.32,2024-03-24,N
L0005052,669,Online,5627.53,0,0.0,1873.44,2,10084.11,2022-09-18,N
L0005053,751,Broker,48481.05,0,0.0,5525.2,3,6855.52,2022-04-10,Y
L0005054,622,Branch,42386.28,1,33445.57,-25924.25,1,19734.2,2024-10-24,Y
L0005055,632,Broker,31792.12,0,0.0,2985.3,1,14104.19,2025-08-15,Y
L0005056,724,Branch,21102.79,0,0.0,4070.66,1,13583.25,2022-06-29,Y
L0005057,710,Online,18278.9,0,0.0,1107.86,1,5763.22,2025-11-24,Y
L0005058,674,Broker,12311.89,0,0.0,3298.63,3,15062.31,2023-02-09,Y
L0005059,609,Branch,49330.47,0,0.0,20867.77,1,25101.15,2022-09-24,N
L0005060,689,Broker,58853.79,0,0.0,3191.69,2,14810.93,2025-09-10,Y
L0005061,584,Broker,38118.39,1,23567.88,-9569.02,3,19733.94,2023-08-20,Y
L0005062,719,Branch,11539.22,0,0.0,872.27,4,12608.84,2025-04-29,Y
L0005063,632,Online,55140.53,0,0.0,4037.78,3,12355.03,2025-09-02,N
L0005064,712,Broker,50341.8,0,0.0,11305.27,3,7814.78,2021-12-21,N
L0005065,715,Branch,59071.22,0,0.0,8929.33,2,12839.86,2023-04-14,N
L0005066,793,Online,47356.33,0,0.0,2698.62,4,7319.86,2024-02-18,Y
L0005067,609,Online,55241.28,0,0.0,12016.56,2,28731.37,2024-07-04,N
L0005068,714,Broker,47283.65,0,0.0,8257.36,1,12565.92,2022-10-06,Y
L0005069,661,Branch,11358.1,0,0.0,3785.01,1,3419.74,2022-05-17,N
L0005070,656,Broker,53856.37,0,0.0,1185.98,3,16121.19,2026-03-12,Y
L0005071,654,Branch,21288.41,0,0.0,4867.71,1,6223.75,2024-01-23,Y
L0005072,777,Branch,38130.9,0,0.0,1176.28,1,5294.16,2025-07-09,Y
L0005073,705,Branch,34707.1,0,0.0,8430.86,1,15725.54,2022-02-06,Y
L0005074,692,Broker,50009.02,0,0.0,8911.93,3,8577.38,2023-07-21,N
L0005075,686,Branch,35879.74,0,0.0,5851.42,4,24985.51,2023-12-30,N
L0005076,649,Broker,47822.17,0,0.0,3948.31,3,5844.15,2025-07-24,N
L0005077,770,Broker,12472.67,0,0.0,1327.56,3,10722.57,2022-04-23,Y
L0005078,733,Broker,41013.22,1,17149.58,-9649.89,1,10347.24,2021-10-04,Y
L0005079,739,Online,30487.57,0,0.0,4275.36,1,16538.37,2023-11-23,Y
L0005080,737,Online,28906.08,0,0.0,973.87,4,4971.16,2025-12-11,N
L0005081,726,Online,12917.23,0,0.0,950.0,2,9673.91,2025-04-02,N
L0005082,655,Online,30566.71,0,0.0,8746.55,2,5685.36,2023-02-19,N
L0005083,672,Broker,39430.23,0,0.0,2740.41,1,5882.9,2025-09-30,N
L0005084,757,Branch,30851.99,0,0.0,1839.79,1,8388.63,2024-04-07,Y
L0005085,684,Broker,25767.93,0,0.0,1140.66,2,4218.24,2025-12-11,N
L0005086,596,Branch,19082.78,0,0.0,5347.97,4,18584.98,2024-02-19,Y
L0005087,682,Broker,42513.87,0,0.0,8567.01,4,12123.86,2023-07-19,Y
L0005088,699,Branch,23607.57,0,0.0,1112.78,3,12755.93,2025-09-07,Y
L0005089,686,Branch,34282.03,0,0.0,6191.58,3,14433.04,2023-09-25,Y
L0005090,840,Online,12831.0,0,0.0,713.95,1,3828.61,2025-09-18,Y
L0005091,765,Broker,32433.5,0,0.0,3271.63,4,13486.66,2022-03-27,N
L0005092,739,Broker,45195.24,0,0.0,672.26,2,11318.19,2026-02-13,N
L0005093,588,Broker,31592.05,1,13321.12,366.05,1,25913.22,2022-12-26,Y
L0005094,677,Broker,44137.19,0,0.0,3063.75,2,9078.88,2025-08-19,Y
L0005095,677,Branch,58932.6,0,0.0,19478.23,2,20641.04,2021-10-24,N
L0005096,688,Broker,44276.97,0,0.0,3850.81,3,3870.49,2025-03-05,Y
L0005097,647,Online,33158.86,0,0.0,4566.62,2,13674.09,2024-12-12,N
L0005098,838,Online,18851.71,0,0.0,392.44,4,3909.97,2025-06-18,Y
L0005099,615,Branch,44427.48,1,30258.96,-18643.82,4,20557.18,2024-01-14,N
L0005100,-9999,Online,27125.74,0,0.0,3986.32,4,6470.64,2024-10-13,Y
L0005101,630,Branch,39545.35,0,0.0,2785.84,2,13263.31,2025-11-21,N
L0005102,764,Branch,16818.44,0,0.0,1622.63,3,10417.94,2023-01-02,Y
L0005103,810,Branch,16673.39,0,0.0,1190.87,3,5743.78,2024-06-07,Y
L0005104,614,Broker,46584.1,0,0.0,6638.45,3,5368.85,2025-03-30,Y
L0005105,664,Branch,44213.65,0,0.0,12705.84,2,21434.48,2022-11-29,Y
L0005106,722,Broker,5694.81,0,0.0,674.12,1,5579.44,2024-09-18,Y
L0005107,668,Online,39852.55,0,0.0,4560.48,2,14427.54,2025-02-03,Y
L0005108,706,Online,10764.2,0,0.0,1417.72,4,5894.2,2025-04-25,N
L0005109,701,Online,57683.06,0,0.0,17082.59,4,26754.89,2022-08-03,Y
L0005110,630,Broker,50877.19,0,0.0,17184.56,2,9568.22,2023-02-28,Y
L0005111,704,Online,42187.4,0,0.0,8451.16,3,16639.72,2023-11-27,N
L0005112,669,Broker,44325.08,0,0.0,11422.88,4,12794.09,2023-02-21,N
L0005113,719,Online,7903.57,0,0.0,610.17,3,7161.36,2025-09-14,N
L0005114,674,Branch,14792.82,0,0.0,3939.38,1,8706.25,2023-03-02,Y
L0005115,615,Online,29526.02,0,0.0,3122.16,3,23797.6,2025-08-27,N
L0005116,647,Branch,43043.96,1,33270.88,-26754.16,2,22535.43,2024-11-14,N
L0005117,734,Branch,10496.88,0,0.0,876.94,3,10184.77,2025-09-30,N
L0005118,740,Broker,30328.19,0,0.0,2148.77,3,5840.87,2024-07-21,N
L0005119,720,Online,59441.8,0,0.0,13247.39,4,12308.92,2023-01-12,Y
L0005120,735,Branch,36595.81,0,0.0,1187.67,3,16486.11,2025-10-03,N
L0005121,677,Broker,58187.63,0,0.0,10485.21,1,13056.21,2023-12-09,Y
L0005122,672,Online,46189.78,1,20683.36,-17760.78,4,19276.65,2025-09-26,Y
L0005123,740,Online,40908.0,0,0.0,2434.17,4,11168.81,2024-09-29,N
L0005124,665,Online,31817.31,0,0.0,9948.31,3,21820.31,2022-07-15,Y
L0005125,625,Online,43523.89,0,0.0,17904.81,4,13184.82,2022-06-14,N
L0005126,715,Branch,35639.48,0,0.0,1378.9,1,11516.91,2025-09-10,Y
L0005127,704,Branch,51538.94,0,0.0,9022.42,2,4436.02,2023-05-12,N
L0005128,739,Online,27079.13,0,0.0,1610.31,4,10678.37,2025-07-02,N
L0005129,724,Broker,45924.83,0,0.0,5261.24,3,5369.93,2023-12-24,N
L0005130,767,Online,55222.87,0,0.0,4830.0,4,5610.19,2022-06-11,Y
L0005131,707,Broker,41447.65,0,0.0,2192.67,4,8906.9,2025-07-14,Y
L0005132,601,Broker,47211.85,0,0.0,22365.74,3,15739.68,2022-06-09,Y
L0005133,718,Online,29456.92,0,0.0,3902.86,1,7865.8,2024-08-19,Y
L0005134,685,Broker,27525.13,0,0.0,8425.39,4,11217.63,2021-11-02,N
L0005135,772,Broker,39549.54,0,0.0,3888.21,4,9863.01,2021-09-24,N
L0005136,679,Branch,43667.58,0,0.0,5955.65,3,23099.49,2024-07-25,Y
L0005137,756,Online,50570.72,0,0.0,2963.29,3,11638.64,2023-12-07,Y
L0005138,772,Broker,36400.01,0,0.0,1587.72,3,7456.46,2024-08-22,N
L0005139,679,Branch,6117.12,0,0.0,635.31,3,6267.46,2025-07-15,Y
L0005140,757,Branch,16411.24,1,7241.19,-5574.38,1,2570.64,2023-06-20,Y
L0005141,587,Branch,28216.57,0,0.0,6474.42,2,21617.39,2024-08-06,
L0005142,638,Branch,28644.54,0,0.0,10859.07,2,18261.07,2022-07-09,N
L0005143,786,Broker,37959.33,0,0.0,3074.52,4,6046.39,2023-01-27,N
L0005144,728,Online,48409.32,0,0.0,3676.61,4,10536.0,2025-03-10,Y
L0005145,665,Online,29813.42,0,0.0,10223.05,1,25694.49,2022-03-26,N
L0005146,685,Online,42457.2,0,0.0,6648.87,2,15991.43,2024-09-02,N
L0005147,657,Online,53054.25,0,0.0,9048.82,1,11850.28,2024-05-06,Y
L0005148,692,Broker,42742.11,0,0.0,1516.7,3,18230.3,2026-01-11,Y
L0005149,758,Broker,46145.9,0,0.0,4675.49,2,9081.75,2022-02-03,N
L0005150,-9999,Broker,30599.75,1,15400.66,275.47,4,39494.19,2022-01-09,Y
L0005151,750,Online,44551.61,0,0.0,4086.77,1,17256.84,2023-05-03,N
L0005152,765,Broker,6203.11,0,0.0,603.35,3,7327.42,2025-03-09,Y
L0005153,695,Branch,47352.52,0,0.0,8174.32,4,3687.25,2023-07-20,N
L0005154,731,Broker,26338.74,0,0.0,2608.88,4,10872.36,2024-01-21,N
L0005155,645,Branch,37572.71,0,0.0,937.82,4,15817.05,2026-03-29,Y
L0005156,747,Online,13168.7,0,0.0,587.24,2,13408.0,2025-05-09,N
L0005157,673,Broker,43177.63,0,0.0,2340.91,2,20333.49,2025-10-14,N
L0005158,626,Branch,51225.54,0,0.0,4094.68,2,3322.35,2025-09-10,Y
L0005159,662,Branch,30521.48,0,0.0,9976.86,3,28639.31,2022-06-10,Y
L0005160,712,Online,51083.67,0,0.0,3967.33,1,23400.5,2025-06-05,Y
L0005161,753,Online,57608.08,0,0.0,1575.66,1,8123.47,2025-08-11,Y
L0005162,698,Branch,34337.5,0,0.0,9718.95,3,17477.26,2021-07-05,Y
L0005163,727,Branch,55532.46,0,0.0,10750.53,2,7283.84,2021-08-01,Y
L0005164,717,Branch,43745.87,0,0.0,9352.96,3,15100.04,2021-10-10,N
L0005165,766,Online,34658.83,0,0.0,1467.88,2,8828.65,2024-09-27,N
L0005166,714,Broker,36665.37,0,0.0,6169.41,3,15782.92,2023-02-25,Y
L0005167,647,Branch,46024.14,0,0.0,13069.23,1,15379.02,2023-04-28,Y
L0005168,578,Broker,56764.94,0,0.0,3418.55,1,13216.98,2026-01-19,Y
L0005169,667,Branch,21526.16,0,0.0,6942.09,3,13925.31,2022-07-04,Y
L0005170,827,Broker,23708.0,0,0.0,1888.48,1,5129.08,2022-10-26,Y
L0005171,758,Branch,56276.36,0,0.0,5749.69,1,11333.44,2022-01-26,N
L0005172,717,Branch,13289.67,0,0.0,635.12,3,8692.61,2025-12-22,Y
L0005173,745,Branch,21751.16,0,0.0,3081.76,2,3013.86,2021-11-18,N
L0005174,643,Broker,15781.88,1,7762.12,-7374.99,4,17691.88,2026-03-26,Y
L0005175,629,Online,51944.34,0,0.0,13136.57,3,20602.34,2023-12-07,Y
L0005176,710,Branch,29677.02,0,0.0,7215.69,2,19341.82,2021-12-15,N
L0005177,823,Broker,57351.58,0,0.0,4795.06,3,5608.31,2022-06-25,N
L0005178,699,Branch,17915.58,1,7723.74,-7090.07,1,20373.99,2025-11-20,N
L0005179,737,Online,17585.61,1,10325.75,-5898.04,3,12585.96,2022-02-19,Y
L0005180,781,Branch,46428.09,0,0.0,728.67,2,4814.26,2026-01-15,Y
L0005181,658,Broker,59670.25,0,0.0,15154.2,4,17104.25,2023-05-11,Y
L0005182,745,Online,13387.9,0,0.0,649.14,3,4741.26,2025-02-27,N
L0005183,724,Branch,49659.1,0,0.0,8694.41,4,9331.45,2022-06-09,Y
L0005184,760,Broker,58391.75,0,0.0,1227.97,4,6392.84,2025-09-22,Y
L0005185,696,Broker,25018.22,0,0.0,2961.78,4,16453.34,2024-06-14,N
L0005186,742,Branch,41694.75,0,0.0,5604.8,3,3754.32,2022-01-31,Y
L0005187,657,Online,38175.89,0,0.0,14699.32,4,19520.8,2021-11-09,N
L0005188,778,Online,37831.95,0,0.0,2278.04,2,5998.11,2023-09-14,N
L0005189,730,Online,58243.76,0,0.0,7481.48,3,10115.08,2024-05-07,Y
L0005190,752,Online,41756.76,1,25273.77,-21370.18,2,3110.57,2022-10-31,N
L0005191,657,Branch,42608.61,0,0.0,16422.0,2,9073.93,2021-11-01,N
L0005192,753,Broker,38612.03,0,0.0,3447.57,2,4671.73,2023-05-29,N
L0005193,655,Broker,33170.6,0,0.0,4289.24,1,23778.83,2024-12-22,N
L0005194,742,Broker,11196.5,0,0.0,1679.41,2,14718.0,2023-01-01,N
L0005195,720,Broker,12467.39,0,0.0,1402.29,1,18381.33,2024-10-22,N
L0005196,689,Branch,25841.38,0,0.0,4839.04,2,2123.24,2023-07-15,Y
L0005197,647,Branch,36779.88,0,0.0,16410.03,3,11655.06,2021-07-11,N
L0005198,670,Branch,36659.8,0,0.0,7039.22,3,10892.77,2023-11-14,Y
L0005199,674,Online,42527.74,0,0.0,8385.63,4,12313.11,2023-10-10,N
L0005200,-9999,Online,6658.42,0,0.0,767.58,4,11958.88,2025-08-25,N
L0005201,709,Branch,35200.71,0,0.0,3625.13,1,852.42,2024-09-12,Y
L0005202,734,Online,31524.22,0,0.0,2080.07,2,16167.46,2025-07-14,Y
L0005203,702,Online,10169.5,0,0.0,4024.49,3,9957.8,2021-10-18,Y
L0005204,635,Online,10929.44,0,0.0,3711.85,3,8340.21,2023-03-15,N
L0005205,785,Branch,47585.73,0,0.0,3381.15,1,5570.66,2023-04-01,Y
L0005206,638,Online,17900.88,0,0.0,8246.0,2,22448.07,2021-11-06,N
L0005207,636,Online,51123.36,0,0.0,12671.76,3,12198.93,2023-11-08,N
L0005208,732,Online,57231.78,0,0.0,6399.5,2,6326.97,2024-07-03,Y
L0005209,629,Online,57583.51,0,0.0,24152.48,2,35973.56,2022-03-16,Y
L0005210,749,Online,46888.14,0,0.0,4652.7,2,9164.08,2023-03-02,N
L0005211,655,Broker,16025.36,0,0.0,1553.22,2,21099.58,2025-05-30,Y
L0005212,727,Branch,7094.57,0,0.0,849.41,1,6191.57,2025-05-05,N
L0005213,793,Broker,30893.92,0,0.0,2327.05,3,9973.25,2023-05-25,N
L0005214,699,Online,15784.41,0,0.0,6264.02,1,9226.66,2021-09-09,N
L0005215,655,Branch,28225.59,0,0.0,5831.88,1,10048.62,2024-02-25,Y
L0005216,712,Branch,11611.92,0,0.0,2551.19,2,5135.49,2022-09-23,N
L0005217,701,Broker,53975.2,0,0.0,8138.48,4,9745.9,2023-10-19,N
L0005218,695,Broker,18443.5,0,0.0,2893.81,1,13182.42,2024-02-09,N
L0005219,710,Broker,18180.12,0,0.0,3432.82,2,19191.27,2022-11-30,Y
L0005220,656,Branch,17956.59,0,0.0,5873.35,1,14906.37,2022-09-23,N
L0005221,711,Broker,34772.23,0,0.0,5108.63,2,14538.81,2023-09-30,Y
L0005222,708,Online,21894.88,0,0.0,4237.51,3,10475.64,2023-11-15,N
L0005223,611,Online,16732.56,0,0.0,8466.31,4,15847.21,2022-01-03,N
L0005224,710,Branch,15302.32,0,0.0,3375.61,1,16613.92,2022-06-29,Y
L0005225,662,Online,38376.13,0,0.0,12875.77,3,15503.56,2022-05-14,Y
L0005226,622,Branch,25891.2,0,0.0,6954.52,1,11764.9,2023-12-15,N
L0005227,701,Broker,51283.25,0,0.0,2736.29,1,3107.16,2025-07-30,N
L0005228,626,Online,22976.51,0,0.0,1897.81,1,8089.95,2025-09-12,N
L0005229,728,Online,51733.27,0,0.0,5272.76,3,12513.68,2024-11-28,N
L0005230,659,Online,38145.76,0,0.0,6837.53,1,17571.42,2024-05-04,Y
L0005231,636,Broker,57364.37,0,0.0,20639.29,2,13715.89,2022-09-21,N
L0005232,658,Online,48182.13,1,15857.72,872.68,2,19671.24,2022-04-11,Y
L0005233,750,Broker,48517.56,0,0.0,3325.44,3,10154.44,2024-04-13,N
L0005234,606,Branch,28170.96,0,0.0,6714.25,3,12038.21,2024-05-20,Y
L0005235,676,Online,35824.91,0,0.0,1807.96,2,6113.29,2025-11-19,N
L0005236,675,Branch,32884.58,0,0.0,2589.12,1,6284.6,2025-07-30,N
L0005237,682,Broker,14358.84,0,0.0,2402.2,1,5169.57,2024-05-25,Y
L0005238,754,Broker,13729.61,0,0.0,1825.48,4,10743.48,2022-01-12,
L0005239,673,Broker,11761.5,0,0.0,1121.83,4,11316.78,2025-05-27,Y
L0005240,797,Online,56358.05,0,0.0,1763.8,2,8961.78,2024-12-21,N
L0005241,597,Online,6956.12,0,0.0,1446.12,4,28600.94,2025-01-07,N
L0005242,670,Online,30555.44,0,0.0,7424.55,3,15393.86,2023-04-13,N
L0005243,612,Online,7313.24,0,0.0,3668.39,4,21076.94,2022-04-28,N
L0005244,603,Branch,38146.47,0,0.0,3797.52,3,21250.59,2025-07-31,Y
L0005245,691,Broker,28683.55,0,0.0,2131.11,3,14586.32,2025-07-10,Y
L0005246,664,Branch,54617.18,0,0.0,4919.38,4,7602.75,2025-05-14,N
L0005247,770,Branch,38663.77,0,0.0,3545.86,4,8971.31,2022-07-11,N
L0005248,654,Online,31668.2,0,0.0,11983.71,1,22728.22,2022-02-18,Y
L0005249,705,Branch,38482.69,1,12174.74,-3953.77,3,16230.99,2022-07-30,Y
L0005250,-9999,Online,5807.28,0,0.0,2676.77,2,6526.68,2022-03-15,N
L0005251,619,Broker,33530.47,0,0.0,4937.96,2,10852.37,2025-03-29,N
L0005252,725,Online,53102.82,0,0.0,8145.82,3,11697.12,2024-02-17,N
L0005253,818,Online,31503.49,0,0.0,1982.42,1,5308.62,2023-12-03,N
L0005254,658,Online,33897.11,0,0.0,9164.52,1,29766.63,2023-03-28,N
L0005255,636,Broker,33801.41,0,0.0,4176.83,1,12252.05,2025-03-11,N
L0005256,734,Broker,57683.21,0,0.0,8867.53,4,11160.69,2022-05-26,N
L0005257,740,Branch,36107.89,0,0.0,417.04,2,12880.17,2026-03-04,N
L0005258,734,Branch,55088.51,0,0.0,1848.15,2,7807.83,2025-08-26,N
L0005259,773,Branch,16560.48,0,0.0,1240.92,2,4999.65,2022-12-21,Y
L0005260,712,Online,10053.82,0,0.0,2615.52,4,16863.36,2022-12-10,N
L0005261,690,Online,29678.55,0,0.0,4550.44,4,6138.34,2024-09-15,Y
L0005262,783,Broker,26316.52,0,0.0,1541.37,1,2830.46,2023-08-27,Y
L0005263,609,Broker,14613.22,0,0.0,1770.13,1,21433.39,2025-06-07,Y
L0005264,708,Branch,23694.87,0,0.0,5517.0,4,4021.66,2022-05-16,Y
L0005265,703,Broker,52442.62,0,0.0,2839.27,2,6474.45,2025-08-20,Y
L0005266,660,Branch,24155.52,0,0.0,6651.93,2,4962.0,2023-04-08,Y
L0005267,646,Online,31075.29,0,0.0,13822.43,3,20159.07,2021-08-24,N
L0005268,677,Branch,45913.93,1,19710.48,-8963.54,4,15024.51,2023-02-02,N
L0005269,690,Branch,26266.26,0,0.0,7222.16,3,13434.31,2022-02-19,N
L0005270,773,Online,59524.39,0,0.0,5888.19,1,7851.04,2021-11-13,N
L0005271,651,Broker,50925.6,0,0.0,2799.83,2,12381.9,2025-11-11,N
L0005272,632,Online,38820.74,0,0.0,12413.68,2,13884.43,2023-04-26,Y
L0005273,683,Branch,39304.08,0,0.0,11967.02,1,14464.53,2021-11-10,Y
L0005274,761,Online,51786.4,0,0.0,1152.01,1,9693.61,2025-08-18,Y
L0005275,710,Online,59097.03,0,0.0,12065.57,4,4789.62,2023-08-18,Y
L0005276,812,Online,19435.14,0,0.0,1344.65,3,2568.4,2023-07-08,N
L0005277,660,Branch,50188.75,0,0.0,8077.13,1,15322.0,2024-06-12,Y
L0005278,700,Broker,39198.12,0,0.0,3699.68,2,0.0,2025-01-21,Y
L0005279,646,Online,24558.43,0,0.0,6262.96,4,9752.51,2023-10-27,Y
L0005280,744,Online,50995.07,0,0.0,4159.36,4,9880.54,2023-09-14,N
L0005281,643,Online,6301.42,0,0.0,466.12,4,10802.48,2025-12-27,N
L0005282,609,Broker,37720.06,0,0.0,16721.33,3,7179.49,2022-07-07,N
L0005283,695,Branch,14187.09,0,0.0,1075.41,4,14390.22,2025-05-09,Y
L0005284,693,Online,44577.56,0,0.0,4524.47,3,8875.65,2025-04-19,N
L0005285,736,Branch,51508.59,0,0.0,7318.62,4,10206.78,2022-05-21,N
L0005286,708,Broker,47339.81,0,0.0,1105.49,3,8867.0,2026-03-23,Y
L0005287,730,Online,17883.94,0,0.0,3160.99,3,9727.32,2023-12-03,N
L0005288,677,Online,20686.33,0,0.0,3826.13,2,4737.16,2024-03-07,Y
L0005289,691,Branch,46878.46,0,0.0,6113.25,2,4579.99,2024-05-03,N
L0005290,720,Branch,9727.83,0,0.0,602.33,1,6791.19,2025-08-14,Y
L0005291,805,Branch,10226.52,0,0.0,859.3,1,7518.91,2024-10-20,N
L0005292,690,Online,8736.19,0,0.0,1328.78,2,10687.97,2025-04-10,N
L0005293,801,Branch,28520.74,0,0.0,1187.55,1,3812.9,2025-01-27,N
L0005294,638,Online,59041.15,0,0.0,9096.73,2,10751.57,2024-11-15,N
L0005295,669,Branch,34740.09,0,0.0,10521.32,4,18989.09,2022-07-05,N
L0005296,659,Branch,32424.21,0,0.0,4141.45,4,18294.32,2024-11-01,Y
L0005297,582,Branch,54496.88,0,0.0,24183.89,1,12044.98,2023-01-13,Y
L0005298,701,Broker,59939.26,0,0.0,13283.27,3,9538.19,2022-07-14,N
L0005299,642,Branch,58714.03,0,0.0,6439.05,4,19384.59,2025-04-08,N
L0005300,-9999,Online,56017.12,0,0.0,27209.69,1,15973.51,2022-08-07,Y
L0005301,719,Broker,58552.67,0,0.0,6823.71,4,7437.93,2023-11-24,N
L0005302,576,Branch,6337.72,0,0.0,1756.62,1,11559.48,2024-07-14,N
L0005303,718,Online,20475.07,1,11155.18,-9407.85,4,8385.32,2025-06-06,Y
L0005304,671,Branch,38948.18,0,0.0,3340.09,4,16316.3,2025-04-25,N
L0005305,636,Online,14649.09,0,0.0,4197.4,1,27195.57,2023-10-30,N
L0005306,637,Broker,53192.81,0,0.0,3867.41,1,13389.7,2025-09-04,Y
L0005307,827,Online,9321.03,0,0.0,408.88,1,6734.42,2025-07-07,Y
L0005308,791,Online,45972.8,0,0.0,1784.49,2,3015.09,2024-09-16,Y
L0005309,672,Branch,29477.34,0,0.0,7342.26,4,13172.03,2023-04-07,N
L0005310,625,Branch,52878.23,0,0.0,8749.05,2,13674.33,2024-11-13,N
L0005311,717,Broker,5572.2,0,0.0,1031.2,4,10621.38,2023-09-19,N
L0005312,717,Broker,55142.52,0,0.0,7516.3,3,625.77,2023-09-20,N
L0005313,697,Branch,53633.99,0,0.0,11682.11,4,12812.12,2022-10-03,N
L0005314,636,Online,29735.04,0,0.0,2114.7,2,11752.65,2025-11-29,Y
L0005315,726,Broker,31618.28,0,0.0,3237.94,2,307.19,2024-04-11,N
L0005316,743,Branch,7436.25,0,0.0,439.94,2,9957.61,2024-11-07,N
L0005317,672,Online,15029.8,0,0.0,503.45,4,22461.07,2026-02-19,N
L0005318,655,Broker,7384.33,0,0.0,2601.73,2,17744.98,2023-02-09,N
L0005319,744,Online,30464.82,0,0.0,4193.08,1,9752.3,2022-02-20,N
L0005320,672,Broker,43487.25,0,0.0,2411.03,2,13200.99,2025-09-12,N
L0005321,623,Broker,28479.5,0,0.0,5231.1,3,13941.6,2024-09-13,Y
L0005322,690,Online,59701.35,0,0.0,20551.99,1,16055.47,2022-04-26,Y
L0005323,682,Online,52131.55,1,33990.89,-20805.21,4,12748.74,2023-08-27,Y
L0005324,689,Branch,39827.78,0,0.0,6474.66,2,16380.07,2023-12-11,N
L0005325,734,Branch,39047.34,0,0.0,6424.79,4,5868.92,2021-11-01,N
L0005326,647,Branch,7174.62,0,0.0,682.24,1,9794.15,2025-11-18,N
L0005327,791,Online,20445.77,0,0.0,1191.65,3,6503.16,2024-01-10,N
L0005328,532,Branch,51382.04,0,0.0,6433.54,1,11019.67,2025-09-16,Y
L0005329,712,Online,52163.42,0,0.0,5030.06,2,8638.83,2025-02-25,Y
L0005330,768,Online,45649.26,0,0.0,3467.62,1,6670.93,2022-10-28,Y
L0005331,602,Branch,50250.49,0,0.0,15526.98,2,18973.04,2023-10-16,Y
L0005332,654,Branch,19794.08,0,0.0,2700.48,4,13500.59,2024-11-12,N
L0005333,836,Online,37594.86,0,0.0,2293.84,4,4450.86,2023-10-28,N
L0005334,685,Broker,21757.71,0,0.0,2764.81,2,12119.26,2024-10-15,Y
L0005335,672,Branch,32377.24,0,0.0,2278.26,3,21065.0,2025-07-14,
L0005336,719,Branch,53795.05,0,0.0,4448.06,1,6759.09,2024-08-29,Y
L0005337,684,Broker,18184.62,0,0.0,5773.86,3,8761.75,2022-01-23,N
L0005338,661,Online,18651.86,0,0.0,1625.03,3,1478.23,2025-06-10,Y
L0005339,784,Broker,54102.06,0,0.0,5770.7,3,1539.27,2021-08-15,N
L0005340,693,Broker,31030.25,0,0.0,6812.6,3,12663.12,2022-12-10,Y
L0005341,756,Branch,6682.82,0,0.0,711.6,4,13321.46,2025-08-21,N
L0005342,786,Broker,20016.59,0,0.0,1796.87,3,5630.09,2023-04-29,Y
L0005343,772,Online,46158.08,0,0.0,4697.89,4,9566.22,2021-07-10,Y
L0005344,682,Branch,32030.17,0,0.0,7991.68,3,10271.01,2022-11-07,Y
L0005345,710,Branch,9643.43,0,0.0,1148.6,2,10757.26,2024-11-10,N
L0005346,691,Branch,54950.15,0,0.0,15495.7,2,12025.05,2022-01-20,Y
L0005347,733,Broker,30778.99,0,0.0,2071.42,1,8683.31,2024-12-05,Y
L0005348,780,Branch,10241.99,0,0.0,925.94,4,9666.78,2022-09-15,Y
L0005349,740,Broker,11652.8,0,0.0,2143.35,4,8359.82,2021-09-15,Y
L0005350,-9999,Broker,9767.52,0,0.0,2091.77,4,7604.84,2022-05-31,Y
L0005351,720,Online,9418.43,0,0.0,2537.56,2,3612.6,2022-06-12,Y
L0005352,692,Online,37169.53,0,0.0,5323.53,2,15174.33,2024-11-04,N
L0005353,719,Online,46390.68,0,0.0,1188.38,1,8626.03,2026-03-28,Y
L0005354,637,Online,44272.52,0,0.0,15131.42,1,12329.33,2022-11-28,N
L0005355,735,Online,30564.78,0,0.0,1085.21,2,7007.59,2025-11-03,N
L0005356,729,Broker,16683.98,0,0.0,2469.01,3,16926.12,2022-12-19,Y
L0005357,691,Broker,49764.75,0,0.0,10099.21,3,0.0,2023-04-09,N
L0005358,715,Online,55890.67,0,0.0,14170.45,1,19857.48,2022-10-28,Y
L0005359,758,Broker,27121.63,0,0.0,2414.81,3,13467.47,2022-08-15,N
L0005360,738,Branch,20660.2,0,0.0,3385.2,3,9359.57,2021-07-21,Y
L0005361,623,Branch,24727.21,0,0.0,5212.56,2,26759.13,2024-08-10,Y
L0005362,679,Broker,35436.0,0,0.0,2033.39,1,15024.12,2025-09-25,Y
L0005363,767,Online,25172.88,0,0.0,2036.54,4,10992.35,2023-02-13,N
L0005364,686,Broker,34950.0,0,0.0,7893.56,3,10576.67,2023-01-12,N
L0005365,754,Broker,38287.9,1,21564.29,-17909.72,2,7496.87,2023-01-03,Y
L0005366,719,Broker,53191.16,0,0.0,5787.61,2,10762.92,2024-03-05,Y
L0005367,744,Online,40014.7,0,0.0,2346.61,1,9628.71,2024-10-16,Y
L0005368,670,Online,11340.21,0,0.0,3684.54,4,10703.67,2022-02-18,Y
L0005369,757,Branch,49679.35,0,0.0,2548.32,3,9943.95,2024-07-06,N
L0005370,678,Branch,31687.93,0,0.0,6017.77,4,14797.18,2023-10-31,N
L0005371,622,Branch,17629.54,0,0.0,1985.44,2,19204.61,2025-08-10,N
L0005372,736,Online,31284.93,0,0.0,3593.23,3,13253.17,2024-05-07,Y
L0005373,711,Online,30968.47,0,0.0,2742.13,2,11497.17,2025-05-19,N
L0005374,763,Online,36280.44,0,0.0,2771.19,1,9884.79,2023-04-26,Y
L0005375,631,Branch,32872.04,0,0.0,1965.61,2,8871.33,2025-11-04,N
L0005376,728,Broker,18434.5,0,0.0,2821.78,3,5742.04,2023-01-08,N
L0005377,728,Broker,56528.21,0,0.0,2409.77,2,7192.09,2025-08-04,N
L0005378,722,Broker,24602.83,0,0.0,4396.13,4,14942.04,2022-03-31,Y
L0005379,663,Broker,9826.64,0,0.0,3429.1,1,13227.99,2022-02-05,N
L0005380,729,Branch,43071.31,0,0.0,7136.3,1,5652.05,2022-05-10,Y
L0005381,637,Branch,16399.34,1,12239.78,-10208.28,1,16922.26,2025-03-07,N
L0005382,666,Online,10466.25,0,0.0,1690.11,2,7853.65,2024-09-07,N
L0005383,658,Branch,50883.46,1,30834.89,-19774.66,2,15333.62,2023-11-04,Y
L0005384,692,Broker,25738.45,0,0.0,1769.77,2,10626.71,2025-06-19,Y
L0005385,617,Online,33127.26,0,0.0,1982.12,2,18899.86,2025-12-08,Y
L0005386,654,Broker,15915.04,0,0.0,1001.37,2,17412.49,2025-09-06,Y
L0005387,723,Online,16046.83,0,0.0,1709.29,1,14920.65,2025-04-03,Y
L0005388,665,Broker,54157.12,0,0.0,1639.97,1,14313.58,2026-02-27,N
L0005389,668,Branch,23887.66,0,0.0,7500.4,4,16625.12,2022-04-30,N
L0005390,717,Online,9187.28,0,0.0,2742.14,4,13694.14,2022-02-01,Y
L0005391,746,Broker,22405.91,0,0.0,468.43,4,13422.78,2026-02-07,N
L0005392,764,Online,23307.45,0,0.0,1317.73,4,11201.9,2024-09-25,N
L0005393,768,Branch,7164.5,0,0.0,761.94,1,8270.84,2023-09-16,Y
L0005394,796,Branch,19577.45,0,0.0,1855.92,4,2770.7,2022-08-07,N
L0005395,617,Broker,56300.42,1,37121.11,-12312.81,2,15829.68,2022-05-13,N
L0005396,682,Branch,49907.16,0,0.0,8888.26,3,11041.51,2023-12-15,Y
L0005397,766,Branch,46734.69,0,0.0,2909.85,2,4351.08,2023-12-02,Y
L0005398,776,Broker,32831.68,0,0.0,3227.37,4,1200.1,2022-03-15,N
L0005399,684,Branch,59677.48,0,0.0,11550.44,2,13527.39,2023-08-23,Y
L0005400,-9999,Broker,57724.85,0,0.0,12173.75,1,11886.07,2022-12-19,N
L0005401,737,Broker,34075.31,0,0.0,1156.82,4,12108.95,2025-08-13,Y
L0005402,715,Broker,23921.69,0,0.0,2416.19,3,6653.54,2024-07-03,Y
L0005403,671,Branch,45552.26,0,0.0,14438.14,2,21776.85,2022-04-11,N
L0005404,660,Broker,50035.23,0,0.0,13031.29,2,9101.77,2023-03-28,Y
L0005405,764,Online,27145.01,0,0.0,1012.1,2,7956.22,2024-12-26,N
L0005406,749,Online,5219.56,0,0.0,1146.88,2,3920.91,2021-10-07,N
L0005407,651,Branch,52361.86,0,0.0,5142.4,3,30706.49,2025-05-10,N
L0005408,744,Online,21556.18,0,0.0,1264.9,2,6962.25,2024-09-30,N
L0005409,624,Broker,56418.84,0,0.0,11249.73,2,5364.62,2024-07-30,N
L0005410,678,Branch,9497.57,0,0.0,1643.49,3,17293.94,2024-10-14,Y
L0005411,721,Branch,22833.42,0,0.0,1909.95,4,4859.72,2024-10-08,N
L0005412,676,Online,50562.14,0,0.0,8819.24,4,12492.47,2024-02-01,Y
L0005413,683,Branch,58303.42,1,46454.82,-32067.51,4,9056.64,2022-11-27,Y
L0005414,735,Online,10852.36,0,0.0,2016.88,3,15029.76,2023-06-16,Y
L0005415,700,Online,49288.37,0,0.0,8466.84,2,7512.26,2024-04-23,N
L0005416,645,Broker,46345.91,0,0.0,19969.42,4,9020.31,2021-09-24,N
L0005417,711,Online,52635.99,0,0.0,14569.91,3,13570.78,2022-07-04,N
L0005418,751,Branch,29186.17,0,0.0,2801.64,3,7942.01,2023-03-11,N
L0005419,690,Online,18844.51,0,0.0,5333.32,2,10484.71,2023-02-27,N
L0005420,658,Broker,35171.79,0,0.0,7769.63,4,15021.95,2023-11-01,N
L0005421,725,Online,29055.45,0,0.0,7626.84,1,10922.98,2022-03-23,N
L0005422,782,Broker,52073.11,0,0.0,837.19,2,5405.7,2025-09-08,N
L0005423,686,Online,27675.05,0,0.0,8513.98,4,4856.04,2022-11-10,Y
L0005424,750,Branch,12030.96,0,0.0,1439.33,4,9860.2,2022-08-24,N
L0005425,671,Branch,8016.62,0,0.0,2910.99,4,2241.65,2022-03-20,Y
L0005426,658,Online,40688.61,0,0.0,4156.97,4,14649.05,2025-04-07,N
L0005427,713,Online,17997.68,0,0.0,833.04,3,3953.29,2026-02-03,N
L0005428,721,Online,18699.13,0,0.0,3844.82,4,14853.84,2023-06-18,N
L0005429,667,Branch,22884.01,0,0.0,4361.1,3,8965.56,2024-01-14,N
L0005430,636,Branch,59844.3,0,0.0,4529.13,4,14136.81,2025-09-29,Y
L0005431,636,Branch,5858.54,0,0.0,2131.09,3,22291.78,2023-01-13,N
L0005432,671,Online,33418.59,0,0.0,10098.76,3,13449.73,2022-07-06,
L0005433,659,Broker,41442.77,0,0.0,12789.34,3,18639.25,2022-09-19,Y
L0005434,758,Branch,22695.37,0,0.0,1047.42,4,13152.32,2025-04-08,N
L0005435,692,Broker,19767.12,0,0.0,1571.42,1,7529.94,2025-07-16,N
L0005436,778,Branch,26178.48,0,0.0,2816.93,2,8003.21,2021-12-27,Y
L0005437,679,Online,51530.25,0,0.0,14154.02,1,10774.56,2022-06-02,Y
L0005438,760,Broker,16716.18,0,0.0,1553.02,3,5864.31,2023-04-13,N
L0005439,647,Branch,22321.59,0,0.0,5682.98,3,11131.44,2023-09-14,N
L0005440,644,Broker,38118.13,0,0.0,2631.62,1,18113.89,2025-09-29,Y
L0005441,671,Online,53390.39,0,0.0,5968.72,1,11019.17,2024-12-07,Y
L0005442,732,Online,12897.92,0,0.0,1817.51,3,3203.68,2024-10-28,N
L0005443,630,Online,38767.27,0,0.0,11793.43,3,16394.07,2023-06-15,Y
L0005444,773,Branch,21794.77,0,0.0,1661.64,4,8522.86,2023-01-30,N
L0005445,707,Branch,20952.57,0,0.0,1045.47,1,12685.25,2025-11-09,Y
L0005446,727,Broker,11252.72,0,0.0,2099.06,1,8064.77,2022-07-06,N
L0005447,709,Branch,36985.42,0,0.0,5935.73,2,5672.31,2023-06-20,Y
L0005448,689,Broker,58787.95,0,0.0,7482.18,3,8707.95,2024-06-03,Y
L0005449,614,Branch,43060.59,0,0.0,5977.75,4,23012.66,2025-04-06,N
L0005450,-9999,Broker,14266.8,0,0.0,748.25,3,8741.27,2025-11-12,N
L0005451,767,Online,13127.79,0,0.0,1304.83,3,11287.86,2022-08-24,Y
L0005452,734,Branch,48638.35,0,0.0,1438.58,2,15708.46,2025-11-08,Y
L0005453,661,Online,33967.22,0,0.0,5673.74,4,22414.48,2024-07-26,N
L0005454,675,Broker,41454.3,0,0.0,12524.61,3,7991.02,2022-05-29,N
L0005455,648,Broker,53308.54,0,0.0,5806.54,2,13714.91,2025-04-10,N
L0005456,633,Branch,23459.13,0,0.0,10198.88,3,25673.27,2022-01-21,Y
L0005457,645,Broker,30671.7,0,0.0,13740.89,3,15922.07,2021-08-13,N
L0005458,673,Broker,58880.35,1,29396.32,-12585.4,1,24981.04,2022-08-17,Y
L0005459,647,Online,31813.9,0,0.0,5708.2,2,11574.68,2024-08-29,N
L0005460,658,Broker,46604.94,0,0.0,8706.06,3,13413.73,2024-04-05,Y
L0005461,693,Online,19870.13,0,0.0,3268.94,3,17699.07,2024-07-04,Y
L0005462,649,Broker,20688.68,0,0.0,6822.13,4,13295.66,2022-09-14,Y
L0005463,756,Online,17650.3,0,0.0,1556.74,1,11594.91,2023-01-20,Y
L0005464,752,Branch,39752.78,0,0.0,1135.8,1,11917.59,2025-09-17,N
L0005465,683,Online,31293.1,0,0.0,10854.94,2,20915.1,2022-07-02,Y
L0005466,765,Branch,9214.8,0,0.0,783.8,4,11061.12,2024-04-22,Y
L0005467,751,Online,42157.22,0,0.0,2355.36,4,12710.12,2024-10-25,Y
L0005468,602,Broker,53517.38,1,41519.02,-23947.02,4,5028.28,2023-08-10,N
L0005469,841,Branch,46164.2,0,0.0,2192.89,4,4223.07,2024-02-16,N
L0005470,671,Online,49004.34,0,0.0,9020.24,1,13640.4,2024-01-24,Y
L0005471,689,Broker,33142.91,0,0.0,5943.37,1,7801.18,2023-09-18,N
L0005472,749,Branch,29337.29,0,0.0,3988.57,1,11468.7,2021-07-05,N
L0005473,729,Online,5081.33,0,0.0,1684.34,4,13123.55,2021-09-03,N
L0005474,826,Online,49433.86,0,0.0,3588.54,2,7164.78,2023-03-09,Y
L0005475,758,Online,38165.13,0,0.0,3050.77,1,5917.16,2023-03-31,Y
L0005476,746,Branch,44745.68,0,0.0,1455.89,2,7400.96,2025-05-16,Y
L0005477,603,Branch,36108.49,0,0.0,10144.88,2,13505.54,2024-02-29,N
L0005478,657,Broker,9693.92,0,0.0,4117.39,2,13957.76,2021-12-08,N
L0005479,597,Online,22565.34,0,0.0,2025.72,1,25989.88,2025-09-18,Y
L0005480,735,Online,30075.87,0,0.0,2076.25,4,14897.82,2025-05-25,Y
L0005481,762,Online,52673.86,0,0.0,5142.62,4,11873.75,2021-12-21,N
L0005482,704,Broker,53642.33,0,0.0,3067.67,3,12198.48,2025-07-26,Y
L0005483,669,Online,49464.77,0,0.0,18730.04,4,9376.93,2021-07-27,N
L0005484,778,Online,9601.75,0,0.0,941.46,1,6583.64,2021-09-11,N
L0005485,645,Broker,39411.34,0,0.0,3223.0,1,6136.49,2025-09-02,N
L0005486,775,Online,31058.36,0,0.0,778.67,2,2667.53,2026-02-19,N
L0005487,704,Branch,45777.23,0,0.0,4141.34,3,22989.12,2024-12-29,N
L0005488,680,Broker,36071.61,0,0.0,10677.21,4,12710.34,2022-02-18,N
L0005489,800,Branch,25361.02,0,0.0,1564.11,2,5956.67,2023-09-07,Y
L0005490,697,Broker,5172.17,1,1819.36,-442.67,3,11992.26,2023-06-09,Y
L0005491,852,Online,9903.9,0,0.0,1149.31,1,4931.42,2023-08-28,N
L0005492,791,Broker,14087.54,0,0.0,1005.38,3,8752.36,2023-09-08,Y
L0005493,709,Branch,20289.46,0,0.0,3149.59,4,26559.77,2023-09-17,N
L0005494,795,Online,6693.01,0,0.0,202.07,2,10660.13,2025-01-13,Y
L0005495,676,Broker,8265.77,0,0.0,3102.85,3,8787.88,2021-06-30,N
L0005496,728,Branch,26764.07,0,0.0,4371.76,3,11871.68,2022-09-22,N
L0005497,698,Broker,30483.91,0,0.0,4878.14,4,16813.11,2023-09-12,N
L0005498,695,Broker,16102.15,0,0.0,3670.2,1,16033.25,2022-12-31,N
L0005499,685,Branch,34119.28,0,0.0,3697.99,3,15921.86,2024-12-31,Y
L0005500,-9999,Online,20960.43,0,0.0,2804.59,3,10687.77,2022-08-21,N
L0005501,752,Online,50933.46,0,0.0,6308.04,2,7680.87,2021-09-10,Y
L0005502,745,Broker,56317.35,0,0.0,1068.77,4,4651.71,2026-02-01,Y
L0005503,709,Online,12756.61,0,0.0,3285.39,1,8958.33,2023-06-24,N
L0005504,729,Broker,53686.75,0,0.0,4892.04,3,8285.4,2024-02-04,Y
L0005505,678,Online,16801.39,0,0.0,4098.93,3,7432.7,2023-03-24,N
L0005506,639,Broker,50226.38,0,0.0,11140.78,2,18542.84,2024-02-07,Y
L0005507,739,Online,12826.34,0,0.0,1608.7,1,6385.27,2024-12-06,Y
L0005508,751,Branch,5894.47,0,0.0,938.85,1,6814.13,2023-10-24,Y
L0005509,775,Broker,21508.23,0,0.0,842.01,2,9061.92,2025-09-08,N
L0005510,840,Online,16415.03,0,0.0,1490.74,2,6188.13,2023-04-27,N
L0005511,815,Branch,59217.22,0,0.0,1993.51,4,7602.58,2024-10-15,Y
L0005512,643,Branch,5364.25,0,0.0,1157.4,4,18226.6,2024-11-13,N
L0005513,750,Branch,19288.76,0,0.0,961.58,3,9686.04,2024-09-26,N
L0005514,733,Branch,59186.66,0,0.0,7420.4,4,3916.06,2023-02-14,N
L0005515,734,Online,34655.68,0,0.0,6684.95,4,9100.81,2023-04-17,Y
L0005516,693,Branch,9363.09,0,0.0,1035.51,3,18382.0,2025-07-12,Y
L0005517,707,Online,46570.04,0,0.0,7350.17,3,13173.64,2024-04-29,Y
L0005518,648,Online,27924.04,0,0.0,10484.77,1,10802.94,2022-03-25,Y
L0005519,681,Branch,53979.79,0,0.0,13121.11,4,14647.31,2022-12-28,Y
L0005520,706,Online,47189.57,0,0.0,6853.89,2,14483.6,2024-07-02,N
L0005521,733,Broker,42234.23,0,0.0,6727.89,2,5498.53,2022-02-10,Y
L0005522,814,Broker,56929.2,0,0.0,1552.24,4,4508.58,2025-06-02,Y
L0005523,671,Broker,41390.92,0,0.0,13307.86,4,6433.85,2022-02-01,N
L0005524,659,Branch,34653.94,1,22997.63,-18555.89,2,15190.39,2024-12-15,Y
L0005525,716,Branch,24013.33,0,0.0,1615.83,3,9294.55,2025-05-24,Y
L0005526,653,Branch,15177.29,0,0.0,3024.34,2,6881.25,2024-07-09,N
L0005527,683,Online,51123.53,0,0.0,5739.11,4,6597.01,2025-03-02,N
L0005528,642,Online,34883.6,0,0.0,15251.55,4,8691.04,2021-10-13,N
L0005529,704,Broker,23548.68,0,0.0,2999.84,4,6138.04,2024-04-08,
L0005530,751,Broker,59276.85,0,0.0,2055.83,2,12174.89,2025-06-13,Y
L0005531,715,Online,48469.75,1,31145.22,-20044.5,4,12293.22,2023-01-31,N
L0005532,659,Broker,52714.79,0,0.0,16006.13,4,13923.24,2022-10-11,N
L0005533,672,Branch,22593.59,0,0.0,3366.13,3,0.0,2024-08-06,Y
L0005534,647,Broker,23630.05,0,0.0,4595.36,2,24352.27,2024-05-13,Y
L0005535,668,Branch,48792.75,0,0.0,10641.98,3,9392.55,2023-09-25,N
L0005536,668,Broker,50153.93,0,0.0,12504.9,4,16610.43,2023-04-06,Y
L0005537,741,Branch,6918.68,0,0.0,273.51,1,4517.81,2025-10-16,N
L0005538,674,Branch,11143.02,1,6306.44,-4349.33,3,12027.36,2024-03-30,N
L0005539,773,Branch,5889.95,0,0.0,531.32,4,7706.18,2025-04-18,N
L0005540,690,Online,19152.66,0,0.0,1596.49,2,6049.77,2025-10-24,N
L0005541,825,Online,5062.27,0,0.0,547.97,1,2043.02,2023-03-30,Y
L0005542,655,Branch,37772.09,1,20352.64,-6687.56,2,26052.54,2022-02-02,Y
L0005543,735,Broker,46341.25,0,0.0,3326.18,3,10587.28,2024-08-07,N
L0005544,678,Online,20135.69,0,0.0,1039.92,2,7629.51,2026-01-11,N
L0005545,706,Branch,7256.42,0,0.0,1943.43,4,12089.51,2021-07-01,N
L0005546,688,Broker,31438.95,0,0.0,6477.66,1,10168.99,2023-06-21,Y
L0005547,688,Broker,29029.0,0,0.0,4456.63,2,11175.84,2024-04-04,N
L0005548,727,Branch,45919.85,0,0.0,8501.94,3,6588.43,2022-02-03,Y
L0005549,654,Broker,22801.69,0,0.0,1016.25,1,984.67,2025-12-13,Y
L0005550,-9999,Online,42620.98,0,0.0,7778.63,4,12544.32,2023-10-17,N
L0005551,624,Broker,14424.47,0,0.0,4259.89,2,23091.79,2023-10-08,N
L0005552,779,Branch,16862.22,0,0.0,950.13,4,7413.06,2024-06-21,N
L0005553,717,Branch,42246.79,0,0.0,1655.53,3,7667.89,2025-11-30,N
L0005554,850,Broker,9718.86,0,0.0,1333.28,1,1953.06,2021-12-07,N
L0005555,681,Branch,14845.13,0,0.0,1052.46,4,16246.89,2025-09-16,N
L0005556,745,Broker,6411.83,0,0.0,635.82,4,6921.54,2025-01-24,N
L0005557,682,Online,12408.87,0,0.0,5385.72,1,12266.24,2021-08-11,N
L0005558,715,Branch,6217.6,0,0.0,1260.09,3,4771.86,2023-10-18,N
L0005559,698,Branch,52668.4,0,0.0,15095.33,4,15841.04,2021-08-27,N
L0005560,793,Broker,27750.48,0,0.0,718.13,4,8332.96,2025-04-17,N
L0005561,682,Online,7985.25,0,0.0,3036.87,2,19428.64,2022-07-13,Y
L0005562,731,Broker,14083.86,0,0.0,2469.58,1,14092.36,2022-08-05,N
L0005563,629,Broker,24177.48,0,0.0,1555.23,1,19998.97,2026-01-11,Y
L0005564,700,Branch,48028.92,0,0.0,8537.37,4,13460.75,2023-04-30,N
L0005565,678,Broker,47011.99,0,0.0,11171.2,2,10550.93,2023-01-30,Y
L0005566,641,Broker,57395.88,0,0.0,5911.96,3,15399.94,2025-05-30,N
L0005567,613,Online,38321.7,1,26419.97,-23856.72,4,14999.07,2025-11-01,Y
L0005568,706,Online,53157.16,0,0.0,4871.6,4,16426.04,2025-04-07,N
L0005569,808,Broker,5618.43,0,0.0,437.65,1,3512.69,2024-08-18,N
L0005570,668,Branch,38856.44,1,24095.6,-22460.96,3,11844.55,2025-12-26,N
L0005571,681,Online,45017.33,0,0.0,12035.4,2,8552.13,2023-06-26,N
L0005572,659,Broker,19679.29,0,0.0,1974.0,3,8922.17,2025-05-21,Y
L0005573,623,Broker,21384.68,0,0.0,8018.44,1,24718.69,2023-01-27,Y
L0005574,757,Branch,52613.85,0,0.0,4998.15,1,6113.45,2022-02-05,Y
L0005575,727,Branch,54807.13,1,23418.55,-14533.4,2,21653.76,2022-08-30,Y
L0005576,668,Broker,44382.27,0,0.0,1032.86,2,21339.78,2026-03-06,Y
L0005577,627,Broker,50433.71,0,0.0,1662.84,2,4255.97,2026-03-11,N
L0005578,726,Branch,23638.84,0,0.0,1097.49,4,2269.42,2025-07-16,Y
L0005579,516,Online,12183.33,0,0.0,4606.96,2,17799.32,2024-06-22,Y
L0005580,736,Branch,9905.38,0,0.0,620.0,4,9669.65,2025-07-11,Y
L0005581,691,Broker,43191.85,0,0.0,9414.67,4,24562.62,2022-12-29,N
L0005582,785,Online,46150.3,0,0.0,2235.69,4,1435.79,2024-03-24,Y
L0005583,666,Broker,27436.82,0,0.0,6521.64,1,13257.85,2023-08-01,N
L0005584,683,Online,11295.39,0,0.0,1477.14,2,16610.02,2025-03-21,N
L0005585,753,Broker,15905.58,0,0.0,1569.68,3,8583.8,2022-08-02,N
L0005586,756,Branch,55611.53,0,0.0,4246.5,3,13277.09,2023-02-24,N
L0005587,692,Branch,26552.14,0,0.0,5377.0,4,14564.67,2023-03-20,Y
L0005588,722,Branch,12191.7,0,0.0,2256.61,3,8583.82,2022-09-07,N
L0005589,627,Branch,10808.59,0,0.0,758.42,1,13626.65,2026-02-26,N
L0005590,711,Broker,11129.59,0,0.0,1684.91,3,8434.95,2024-05-29,N
L0005591,710,Broker,20874.8,0,0.0,1256.23,4,15145.97,2025-05-21,Y
L0005592,681,Broker,59407.8,0,0.0,13520.31,3,20334.36,2023-02-01,N
L0005593,734,Branch,38220.66,0,0.0,3467.26,2,8517.12,2024-03-01,N
L0005594,751,Broker,31031.24,0,0.0,970.82,3,7982.6,2025-07-26,Y
L0005595,724,Branch,54452.74,0,0.0,1367.0,4,14975.47,2025-12-25,N
L0005596,655,Branch,45224.31,0,0.0,7639.04,1,14628.02,2024-07-07,Y
L0005597,789,Online,10721.68,0,0.0,1041.11,2,7293.04,2023-04-17,Y
L0005598,626,Broker,34723.48,1,21571.16,-20245.59,4,18190.62,2026-03-06,N
L0005599,797,Online,31761.13,0,0.0,2212.37,1,5761.41,2023-09-09,Y
L0005600,-9999,Online,27819.26,0,0.0,11999.46,1,4164.47,2021-06-30,N
L0005601,693,Broker,17566.39,0,0.0,5559.09,3,16893.38,2021-07-15,N
L0005602,726,Branch,14260.42,0,0.0,286.71,1,18551.91,2026-01-01,Y
L0005603,678,Online,35714.19,0,0.0,5424.26,2,17974.4,2024-05-23,N
L0005604,650,Branch,42029.16,0,0.0,3245.27,1,8942.47,2025-09-03,N
L0005605,652,Branch,58147.87,0,0.0,5995.88,3,20056.99,2025-04-03,Y
L0005606,624,Online,27787.72,0,0.0,6322.4,4,15392.56,2024-04-19,N
L0005607,730,Branch,37697.4,0,0.0,6459.57,3,15106.56,2022-02-12,Y
L0005608,730,Broker,35793.89,0,0.0,2698.15,2,4100.83,2024-11-07,N
L0005609,743,Broker,5829.62,0,0.0,591.59,1,6504.4,2026-03-04,Y
L0005610,696,Online,41185.54,0,0.0,5063.96,3,8997.01,2025-01-24,N
L0005611,634,Broker,23536.12,0,0.0,6756.85,4,17433.95,2023-07-13,Y
L0005612,808,Branch,15710.56,0,0.0,608.25,2,3520.38,2025-07-21,Y
L0005613,773,Online,36420.67,0,0.0,3020.39,1,9057.0,2022-07-12,N
L0005614,716,Broker,11723.68,0,0.0,2540.11,3,15062.68,2022-01-28,N
L0005615,696,Branch,5691.4,0,0.0,1398.28,4,11640.44,2022-06-04,Y
L0005616,762,Branch,8773.27,0,0.0,695.07,2,3261.3,2022-08-05,Y
L0005617,699,Broker,17519.57,0,0.0,3506.35,3,14670.67,2022-12-29,Y
L0005618,652,Online,21145.44,0,0.0,3345.69,1,22556.11,2024-10-23,N
L0005619,799,Broker,57309.65,0,0.0,1832.23,1,9239.61,2025-02-08,Y
L0005620,723,Online,53883.18,0,0.0,9108.81,3,14932.05,2023-10-24,N
L0005621,641,Online,22758.18,0,0.0,2091.55,2,9323.2,2025-08-13,Y
L0005622,713,Branch,33360.67,0,0.0,4967.09,3,18621.18,2023-07-15,N
L0005623,744,Online,22118.42,0,0.0,665.5,2,4931.84,2025-07-02,Y
L0005624,709,Branch,50119.64,0,0.0,11343.76,2,8172.64,2022-01-22,N
L0005625,683,Branch,41654.27,0,0.0,12580.49,4,18781.98,2021-12-16,Y
L0005626,679,Broker,34971.46,0,0.0,2512.63,3,9483.88,2025-08-26,
L0005627,755,Broker,56060.41,0,0.0,807.74,4,2995.83,2025-11-13,N
L0005628,734,Broker,14528.36,0,0.0,2909.89,1,12718.2,2021-11-19,N
L0005629,684,Broker,22809.14,0,0.0,6187.15,2,12663.01,2022-09-06,N
L0005630,612,Online,41258.34,0,0.0,13523.27,4,7412.21,2023-07-13,N
L0005631,812,Broker,7873.14,0,0.0,284.76,2,8760.21,2026-02-10,N
L0005632,748,Online,18865.09,0,0.0,820.56,4,7426.34,2025-06-23,Y
L0005633,638,Branch,6531.2,0,0.0,3044.03,4,18892.64,2022-05-10,Y
L0005634,778,Online,15500.69,0,0.0,1108.45,3,6579.82,2024-06-14,N
L0005635,775,Online,56774.51,0,0.0,3250.39,1,1962.11,2023-12-02,N
L0005636,772,Branch,19481.26,0,0.0,2040.89,4,6420.49,2021-11-26,Y
L0005637,693,Branch,59593.61,0,0.0,13160.24,3,13653.58,2022-11-09,N
L0005638,763,Branch,57967.86,0,0.0,3030.82,4,9620.01,2024-01-25,Y
L0005639,751,Broker,29852.61,0,0.0,2175.53,2,13603.42,2023-08-16,Y
L0005640,723,Branch,20806.42,0,0.0,2490.15,3,17462.21,2024-03-12,Y
L0005641,691,Broker,49250.41,0,0.0,9061.96,3,17099.98,2023-08-04,Y
L0005642,761,Broker,41804.26,0,0.0,1922.43,2,8515.02,2024-03-05,N
L0005643,698,Online,38323.6,0,0.0,7188.3,2,12248.24,2024-02-08,N
L0005644,683,Broker,42147.23,0,0.0,11522.42,3,19421.17,2022-06-10,N
L0005645,605,Broker,11773.12,1,6795.44,-677.06,2,23140.88,2021-11-08,Y
L0005646,575,Branch,19885.09,0,0.0,3504.96,2,22058.99,2025-04-16,Y
L0005647,734,Broker,59724.39,1,31521.21,-21272.85,2,10735.52,2021-10-31,Y
L0005648,617,Branch,16901.92,1,9816.61,-4249.7,1,18882.03,2023-06-14,Y
L0005649,637,Broker,56567.09,0,0.0,4353.66,1,21271.82,2025-09-29,N
L0005650,-9999,Broker,35860.92,0,0.0,4479.71,3,12822.69,2023-07-13,Y
L0005651,717,Online,10662.63,0,0.0,908.55,1,14035.41,2025-05-17,N
L0005652,826,Branch,59197.87,0,0.0,6325.31,2,1913.07,2021-07-21,Y
L0005653,663,Online,46831.93,0,0.0,7243.71,4,9135.61,2024-08-17,Y
L0005654,745,Broker,33463.12,0,0.0,2491.98,3,13545.49,2024-05-21,N
L0005655,673,Branch,48756.46,0,0.0,6275.6,3,10799.14,2024-10-25,Y
L0005656,632,Branch,43685.36,0,0.0,3426.18,4,2039.09,2025-09-04,Y
L0005657,730,Online,25479.78,0,0.0,6861.25,4,8165.4,2021-12-14,Y
L0005658,697,Online,8750.01,0,0.0,1210.29,2,7950.47,2025-05-08,N
L0005659,728,Online,43993.07,0,0.0,3923.12,2,14873.48,2024-12-21,N
L0005660,819,Broker,50714.32,0,0.0,4347.97,4,5350.51,2022-06-24,N
L0005661,571,Broker,53341.59,1,35956.99,-32168.89,1,10714.42,2025-12-06,Y
L0005662,709,Broker,9581.99,0,0.0,1241.81,2,16791.64,2024-12-01,Y
L0005663,664,Branch,55890.43,0,0.0,10237.5,2,20656.62,2024-03-19,N
L0005664,720,Online,52577.94,0,0.0,4035.83,2,11192.78,2025-04-07,Y
L0005665,707,Broker,41127.58,0,0.0,7604.36,2,9326.6,2023-02-12,Y
L0005666,709,Branch,50531.39,0,0.0,9583.69,4,18822.41,2022-10-08,Y
L0005667,677,Broker,38412.56,0,0.0,4775.76,4,25203.41,2024-11-05,N
L0005668,742,Branch,47254.51,0,0.0,2574.67,3,9112.64,2024-10-05,Y
L0005669,637,Online,33390.28,0,0.0,5584.28,1,4623.5,2024-09-08,Y
L0005670,710,Broker,35464.39,0,0.0,7300.83,2,12392.71,2022-08-26,N
L0005671,670,Broker,7516.96,0,0.0,2550.29,3,9863.09,2022-10-25,Y
L0005672,674,Broker,58008.21,0,0.0,8325.57,3,10521.52,2024-06-22,N
L0005673,653,Online,15683.27,0,0.0,4574.41,4,17362.26,2023-01-08,Y
L0005674,651,Broker,19957.4,0,0.0,8510.36,4,17580.39,2021-08-11,N
L0005675,727,Online,52261.46,0,0.0,14540.38,2,3998.75,2021-12-15,Y
L0005676,704,Online,15455.2,0,0.0,2753.71,1,4155.66,2024-06-02,Y
L0005677,622,Online,52394.09,0,0.0,15334.47,3,3712.11,2023-09-18,N
L0005678,721,Broker,31750.93,0,0.0,2744.29,2,9093.37,2024-08-05,N
L0005679,693,Broker,57589.74,0,0.0,9492.42,2,6435.54,2023-10-01,N
L0005680,720,Broker,11604.55,0,0.0,2321.75,3,3804.77,2021-12-22,Y
L0005681,820,Branch,49043.87,0,0.0,1938.95,2,8322.05,2024-10-27,Y
L0005682,620,Online,34364.61,0,0.0,15499.83,4,20867.83,2022-03-15,Y
L0005683,696,Broker,12763.38,0,0.0,1541.98,3,6242.02,2024-08-08,N
L0005684,682,Online,25847.54,0,0.0,9645.71,3,10617.01,2022-04-15,N
L0005685,763,Online,33814.31,0,0.0,1589.51,3,11167.46,2024-08-23,N
L0005686,752,Branch,30779.32,0,0.0,3646.05,3,9654.84,2022-06-07,Y
L0005687,735,Broker,12777.99,0,0.0,280.3,4,7100.85,2026-03-06,N
L0005688,684,Branch,22355.01,0,0.0,3552.34,1,9112.87,2024-01-31,N
L0005689,744,Broker,18660.45,0,0.0,2985.74,4,12909.54,2021-12-29,N
L0005690,765,Online,42553.7,0,0.0,3202.11,4,12797.03,2023-05-20,Y
L0005691,644,Online,21075.26,0,0.0,5091.45,1,7374.2,2023-10-02,N
L0005692,617,Broker,17154.96,1,13185.43,-9824.06,2,18358.17,2024-10-07,Y
L0005693,649,Branch,40764.19,0,0.0,14548.19,3,16549.87,2022-05-22,Y
L0005694,694,Branch,13711.05,0,0.0,3747.91,2,12387.27,2022-07-03,N
L0005695,632,Online,24290.98,0,0.0,1881.98,3,18853.41,2025-09-08,N
L0005696,670,Online,45900.95,0,0.0,7281.14,2,12432.29,2024-05-12,N
L0005697,714,Broker,21611.29,0,0.0,1405.64,2,3246.84,2025-06-07,Y
L0005698,704,Broker,19277.62,0,0.0,3726.36,1,8921.95,2023-01-09,Y
L0005699,717,Broker,55769.54,0,0.0,965.35,2,20116.76,2026-02-28,N
L0005700,-9999,Branch,24585.6,0,0.0,1208.53,4,9964.06,2025-02-25,N
L0005701,672,Broker,13750.95,0,0.0,3554.91,1,18879.1,2023-03-24,Y
L0005702,722,Broker,59134.85,0,0.0,1425.26,2,12351.87,2026-01-29,N
L0005703,716,Broker,35654.94,0,0.0,1346.69,4,11617.96,2025-12-04,N
L0005704,636,Branch,49420.42,0,0.0,19659.89,2,35838.85,2022-04-11,Y
L0005705,585,Broker,22779.99,1,16904.93,-14020.55,1,48521.79,2025-06-29,N
L0005706,807,Branch,14973.86,0,0.0,1558.49,4,6595.88,2022-07-12,N
L0005707,720,Online,19716.0,0,0.0,6367.97,1,13379.79,2021-10-02,N
L0005708,812,Broker,49350.59,0,0.0,4931.25,4,6652.28,2021-10-31,N
L0005709,742,Online,34466.85,0,0.0,5050.94,4,7447.64,2021-12-21,Y
L0005710,737,Branch,28767.54,0,0.0,2302.7,4,15373.61,2024-04-13,Y
L0005711,921,Branch,37033.66,0,0.0,2661.87,3,1491.62,2022-11-25,N
L0005712,707,Broker,58369.62,0,0.0,13603.01,3,13194.53,2022-01-05,N
L0005713,661,Branch,27059.89,0,0.0,10920.95,3,15444.67,2021-08-06,N
L0005714,735,Online,8642.87,0,0.0,2156.11,4,4875.44,2022-04-07,N
L0005715,706,Online,52937.41,0,0.0,7027.52,2,13341.54,2024-08-03,Y
L0005716,758,Branch,29839.15,0,0.0,3158.64,2,4868.34,2021-07-24,N
L0005717,709,Branch,6165.44,1,4361.94,-3751.87,2,4797.89,2025-06-08,Y
L0005718,687,Branch,42761.92,0,0.0,3199.81,3,11003.97,2025-04-12,Y
L0005719,685,Broker,43868.38,0,0.0,1477.18,4,11178.01,2026-01-10,N
L0005720,612,Branch,55372.76,0,0.0,17897.26,2,38085.07,2023-07-08,Y
L0005721,745,Online,47660.57,0,0.0,1584.72,3,12762.91,2025-09-12,Y
L0005722,709,Broker,21477.28,0,0.0,4787.16,1,13126.78,2022-04-09,N
L0005723,704,Broker,10585.04,0,0.0,2344.05,1,13648.76,2023-04-09,
L0005724,670,Online,43226.69,1,22428.46,-14505.28,4,17548.26,2024-01-12,Y
L0005725,685,Broker,44708.03,1,32271.94,-21822.57,4,15853.92,2022-12-14,N
L0005726,753,Broker,6178.0,1,4641.16,-3794.85,2,16491.58,2023-08-08,Y
L0005727,719,Broker,21531.4,0,0.0,3992.41,4,5504.11,2022-09-10,Y
L0005728,656,Broker,50813.72,0,0.0,8210.17,4,11628.03,2024-08-22,Y
L0005729,658,Broker,31274.39,0,0.0,12193.35,1,24253.96,2021-11-04,Y
L0005730,632,Broker,27764.24,0,0.0,3242.09,1,15411.29,2025-06-25,N
L0005731,673,Broker,33496.6,0,0.0,6643.05,1,9550.47,2023-10-23,Y
L0005732,645,Online,39524.86,0,0.0,5841.8,2,6846.06,2024-11-17,N
L0005733,687,Broker,46686.19,0,0.0,9444.52,3,12198.95,2023-06-10,N
L0005734,655,Broker,41224.88,0,0.0,8783.5,3,25024.04,2023-12-25,Y
L0005735,765,Broker,19265.17,0,0.0,808.56,3,12696.49,2025-07-28,N
L0005736,719,Branch,8327.85,0,0.0,996.01,2,8728.35,2024-08-13,N
L0005737,669,Broker,43049.77,0,0.0,13483.76,4,10110.7,2022-04-09,N
L0005738,644,Broker,18487.59,0,0.0,2541.28,2,9429.64,2025-03-23,N
L0005739,698,Online,52490.53,0,0.0,7532.36,1,12560.26,2024-08-20,N
L0005740,702,Broker,12440.81,0,0.0,2963.58,1,15823.36,2022-12-28,N
L0005741,672,Online,35629.87,0,0.0,10587.89,1,11245.3,2022-06-01,N
L0005742,600,Branch,47008.96,0,0.0,4119.0,2,13754.58,2025-10-02,N
L0005743,721,Branch,55410.6,0,0.0,6253.89,4,6474.7,2023-11-25,N
L0005744,661,Branch,16158.84,0,0.0,3853.45,4,11565.98,2023-09-10,N
L0005745,640,Broker,32859.73,0,0.0,3443.77,4,12041.24,2025-06-20,N
L0005746,742,Online,8104.23,0,0.0,847.9,1,11352.68,2024-12-20,N
L0005747,702,Online,10203.39,0,0.0,952.86,2,25852.76,2025-06-11,N
L0005748,785,Broker,15648.5,0,0.0,534.48,2,9751.65,2024-11-10,Y
L0005749,711,Online,48440.88,0,0.0,15154.79,1,12689.93,2022-02-20,N
L0005750,-9999,Broker,7884.74,1,5240.4,-3070.53,3,17574.43,2021-07-06,Y
L0005751,751,Broker,40789.38,0,0.0,2170.89,2,3914.22,2024-11-16,N
L0005752,803,Online,59695.17,0,0.0,2995.17,3,7339.95,2024-04-28,N
L0005753,668,Branch,41961.17,0,0.0,9497.12,4,9850.63,2023-06-18,N
L0005754,762,Branch,19180.33,0,0.0,1265.95,3,1965.29,2023-04-29,Y
L0005755,672,Broker,6984.79,1,2836.13,-1291.46,1,16689.8,2023-12-15,Y
L0005756,803,Branch,49714.06,0,0.0,4475.94,4,8870.92,2022-06-20,N
L0005757,724,Broker,39097.34,0,0.0,1139.01,2,13920.1,2026-02-09,N
L0005758,823,Online,11324.49,0,0.0,468.15,2,3026.05,2024-08-21,Y
L0005759,697,Broker,39687.9,0,0.0,1003.8,1,13080.44,2026-02-12,Y
L0005760,694,Broker,31879.54,0,0.0,4692.09,4,12383.48,2024-04-14,Y
L0005761,764,Online,16819.74,0,0.0,1769.75,4,11342.27,2022-11-10,Y
L0005762,672,Broker,22914.95,0,0.0,3049.03,2,23883.46,2024-10-13,N
L0005763,742,Branch,25103.88,0,0.0,917.8,4,10382.66,2025-10-24,N
L0005764,684,Branch,59308.94,0,0.0,8670.33,4,20637.9,2024-04-10,N
L0005765,664,Broker,48859.12,0,0.0,8610.73,2,13099.11,2024-03-22,Y
L0005766,672,Online,49004.64,0,0.0,16908.77,1,12027.11,2021-11-23,Y
L0005767,711,Broker,34638.53,0,0.0,8815.1,4,10443.84,2021-08-12,N
L0005768,704,Branch,41470.68,0,0.0,3651.27,3,9967.46,2025-01-19,N
L0005769,680,Broker,46647.88,0,0.0,3563.01,1,13848.03,2025-06-23,Y
L0005770,708,Online,27968.03,0,0.0,1541.23,3,11639.89,2025-09-07,Y
L0005771,635,Branch,38885.21,0,0.0,16944.56,3,0.0,2021-12-12,Y
L0005772,693,Branch,43584.79,0,0.0,12142.77,1,11485.89,2021-11-12,N
L0005773,751,Branch,36287.4,0,0.0,4711.19,4,11745.89,2021-09-15,Y
L0005774,715,Branch,46692.29,0,0.0,6251.37,3,12899.17,2023-08-19,Y
L0005775,630,Branch,49303.4,0,0.0,5317.52,4,0.0,2025-05-23,N
L0005776,672,Broker,35369.7,0,0.0,5459.2,2,13701.16,2024-07-13,Y
L0005777,665,Broker,57142.85,1,21636.15,-278.47,4,15540.46,2021-09-18,N
L0005778,777,Branch,27592.69,0,0.0,644.8,2,5373.19,2026-02-09,N
L0005779,750,Branch,26345.94,0,0.0,966.85,2,7265.0,2025-10-08,Y
L0005780,680,Online,41184.68,0,0.0,8770.2,2,2233.39,2024-01-04,N
L0005781,740,Branch,16362.16,0,0.0,2481.93,1,5325.75,2022-04-16,N
L0005782,650,Online,42517.75,0,0.0,12734.77,2,24691.6,2023-02-23,Y
L0005783,783,Online,44207.82,0,0.0,3324.88,1,7137.16,2022-10-06,Y
L0005784,739,Broker,56674.56,0,0.0,8874.36,1,7650.97,2021-09-22,Y
L0005785,642,Branch,29676.69,0,0.0,11706.78,4,22131.52,2022-02-26,N
L0005786,618,Online,13045.78,0,0.0,6876.32,1,21347.05,2021-11-02,Y
L0005787,774,Branch,36824.14,0,0.0,1579.44,2,6540.46,2024-06-28,N
L0005788,722,Online,36258.28,0,0.0,7028.14,3,6700.54,2023-08-11,N
L0005789,645,Branch,33609.19,1,18736.58,-5505.05,1,21510.25,2022-03-26,Y
L0005790,689,Broker,38144.51,0,0.0,8635.66,2,12652.13,2022-12-15,N
L0005791,757,Online,52635.33,0,0.0,5703.85,1,7040.81,2021-07-10,Y
L0005792,791,Online,50046.45,0,0.0,1945.39,1,7650.46,2024-09-05,N
L0005793,598,Broker,24472.57,1,15979.29,-14239.01,1,29562.46,2026-01-11,Y
L0005794,593,Branch,25521.59,0,0.0,8597.15,4,25912.76,2023-09-09,N
L0005795,737,Online,50961.34,1,27560.64,-24269.58,4,6295.63,2025-06-06,Y
L0005796,791,Online,29602.14,0,0.0,1589.19,2,3884.03,2024-09-14,N
L0005797,692,Online,14943.89,1,5751.61,-1450.02,4,10494.06,2023-01-24,Y
L0005798,717,Broker,36570.25,0,0.0,537.09,2,19805.88,2026-03-06,N
L0005799,799,Online,54270.54,0,0.0,5636.36,2,9065.84,2021-09-22,Y
L0005800,-9999,Broker,52470.86,0,0.0,2725.15,2,22144.95,2025-11-04,N
L0005801,659,Online,28259.69,0,0.0,4618.21,2,13864.87,2024-08-25,N
L0005802,645,Broker,40201.57,0,0.0,16538.01,2,21778.76,2021-12-03,N
L0005803,785,Broker,42844.31,0,0.0,3156.0,4,10640.31,2023-06-23,Y
L0005804,768,Branch,51483.36,0,0.0,3443.91,3,5846.0,2023-03-17,Y
L0005805,644,Online,46951.29,0,0.0,7851.3,2,26663.75,2024-09-10,N
L0005806,721,Branch,16974.38,0,0.0,2557.83,1,13012.06,2023-08-24,N
L0005807,773,Branch,46708.12,0,0.0,565.31,2,17058.5,2025-12-01,Y
L0005808,786,Branch,54599.76,0,0.0,5598.76,2,6214.25,2021-11-07,Y
L0005809,725,Online,10069.5,0,0.0,2299.86,1,14709.38,2023-04-16,N
L0005810,698,Broker,31032.35,0,0.0,4699.7,1,11185.38,2024-01-01,N
L0005811,694,Branch,32976.28,0,0.0,1709.73,2,14807.79,2025-11-05,Y
L0005812,732,Broker,5519.11,0,0.0,961.64,4,12659.67,2023-05-10,N
L0005813,756,Broker,52794.3,0,0.0,5613.66,3,11586.15,2021-11-29,Y
L0005814,605,Online,45358.08,0,0.0,24713.52,3,3733.8,2021-09-25,N
L0005815,702,Branch,17836.16,0,0.0,1148.79,1,12563.28,2025-09-03,N
L0005816,733,Branch,43875.13,0,0.0,1191.35,4,8993.61,2025-12-02,N
L0005817,748,Broker,29905.33,0,0.0,747.24,3,6737.68,2025-12-06,Y
L0005818,638,Broker,12492.92,0,0.0,3074.22,1,15841.53,2023-11-08,N
L0005819,697,Broker,15872.21,0,0.0,2091.13,3,13151.81,2024-04-30,N
L0005820,753,Online,35631.44,0,0.0,265.21,2,9185.81,2026-03-12,
L0005821,621,Broker,50931.48,1,36218.09,-16713.73,3,17133.57,2022-10-09,Y
L0005822,608,Broker,45008.73,0,0.0,11824.47,1,24225.63,2024-03-20,N
L0005823,713,Branch,49961.27,0,0.0,2981.34,2,15029.33,2025-04-19,N
L0005824,651,Online,53107.35,0,0.0,3659.85,3,15170.18,2025-09-25,Y
L0005825,795,Broker,43291.87,0,0.0,1672.43,4,5646.53,2024-12-28,Y
L0005826,634,Online,12225.38,0,0.0,4295.37,3,20744.67,2023-04-07,Y
L0005827,766,Broker,59199.5,0,0.0,3991.6,2,6110.99,2023-03-22,Y
L0005828,708,Branch,13908.63,0,0.0,1637.07,2,12202.78,2024-11-24,N
L0005829,665,Broker,34474.26,0,0.0,11379.87,2,6558.9,2022-03-16,N
L0005830,682,Branch,44302.07,0,0.0,1249.08,2,14262.89,2026-03-22,N
L0005831,670,Branch,28613.84,0,0.0,2045.31,2,27079.39,2025-09-25,Y
L0005832,591,Branch,57904.38,0,0.0,22557.9,1,24351.23,2023-04-02,N
L0005833,718,Online,48450.98,0,0.0,2913.99,4,8678.31,2025-07-27,N
L0005834,693,Branch,17318.93,0,0.0,4206.15,3,13608.24,2022-07-15,Y
L0005835,592,Broker,22229.78,0,0.0,5861.22,2,20560.57,2024-05-26,N
L0005836,710,Online,54801.84,0,0.0,18243.59,4,9353.72,2021-10-06,N
L0005837,616,Online,39376.32,0,0.0,5003.31,2,7203.25,2025-04-14,Y
L0005838,693,Online,27521.36,0,0.0,9715.07,3,8506.24,2022-02-20,Y
L0005839,618,Branch,17178.13,1,11012.66,-5716.78,4,18678.9,2023-07-16,N
L0005840,671,Broker,50676.27,0,0.0,8067.82,1,13281.78,2024-04-01,N
L0005841,781,Online,30942.36,0,0.0,1887.54,3,6740.79,2024-02-26,N
L0005842,784,Branch,17114.69,0,0.0,1652.38,3,6947.85,2022-01-13,Y
L0005843,687,Online,9699.99,0,0.0,702.63,2,12943.14,2025-09-22,Y
L0005844,804,Broker,44640.74,1,21505.11,-16857.97,4,5735.96,2021-08-20,Y
L0005845,688,Branch,42902.82,0,0.0,7977.88,3,7740.84,2023-08-04,Y
L0005846,770,Broker,8778.78,0,0.0,990.49,1,1849.63,2023-07-02,N
L0005847,721,Online,11766.98,0,0.0,2221.93,3,13338.93,2024-03-13,Y
L0005848,739,Online,10131.24,0,0.0,982.04,1,1964.37,2024-11-10,Y
L0005849,716,Branch,53328.32,0,0.0,8911.61,4,8309.32,2023-01-12,N
L0005850,-9999,Broker,14538.61,0,0.0,7565.98,3,22715.28,2021-12-13,N
L0005851,677,Online,58281.92,0,0.0,15343.38,1,5611.24,2022-09-20,N
L0005852,663,Online,26418.65,0,0.0,8826.18,1,5914.97,2022-06-04,N
L0005853,640,Online,27470.62,0,0.0,5197.89,2,9338.26,2024-08-16,N
L0005854,673,Broker,16568.64,0,0.0,4910.34,1,14147.27,2022-10-03,N
L0005855,690,Online,10514.43,0,0.0,1499.07,4,12825.38,2025-01-31,N
L0005856,707,Branch,25242.77,0,0.0,6096.73,1,4627.02,2021-12-13,Y
L0005857,731,Broker,25370.22,0,0.0,2568.85,1,9517.52,2024-01-21,N
L0005858,749,Broker,35644.53,0,0.0,5239.43,1,11882.31,2021-07-09,N
L0005859,763,Branch,51715.42,0,0.0,2656.29,1,8200.49,2024-05-13,N
L0005860,652,Online,12417.25,0,0.0,554.62,4,5956.57,2025-12-22,N
L0005861,638,Broker,8235.24,0,0.0,472.81,4,10265.95,2026-03-16,Y
L0005862,710,Branch,35499.32,0,0.0,7954.6,4,17583.88,2022-01-03,N
L0005863,732,Branch,26888.37,0,0.0,1184.52,4,6567.97,2025-09-30,N
L0005864,771,Broker,57036.36,0,0.0,5874.8,3,9890.01,2021-07-05,N
L0005865,702,Branch,50183.45,0,0.0,8065.5,3,17196.85,2023-08-13,Y
L0005866,697,Branch,55460.7,0,0.0,8282.68,4,17931.4,2023-11-03,Y
L0005867,850,Broker,53064.29,0,0.0,683.77,4,5089.48,2026-02-28,N
L0005868,722,Online,56209.74,0,0.0,14581.81,4,17240.85,2022-05-02,N
L0005869,558,Broker,12592.82,1,7417.87,-6689.32,2,32864.79,2026-03-05,Y
L0005870,684,Online,50121.68,0,0.0,3097.89,4,5137.16,2025-10-25,Y
L0005871,664,Online,16067.38,0,0.0,6329.26,1,4537.33,2021-10-06,N
L0005872,686,Broker,13337.79,0,0.0,3654.01,3,8251.41,2022-10-21,Y
L0005873,807,Online,41968.56,0,0.0,2990.99,3,7892.18,2023-03-14,N
L0005874,716,Broker,43208.25,0,0.0,8882.7,3,7373.36,2022-02-02,N
L0005875,684,Online,10905.01,1,5847.25,-4329.46,4,8292.43,2025-05-20,Y
L0005876,698,Broker,30886.95,0,0.0,1322.93,3,17957.64,2025-12-14,N
L0005877,773,Branch,59400.4,0,0.0,4669.94,2,3973.0,2022-11-28,N
L0005878,728,Broker,58899.66,0,0.0,2119.0,2,14144.42,2025-09-01,N
L0005879,682,Online,17701.03,0,0.0,6529.64,4,10717.11,2022-07-30,Y
L0005880,711,Branch,50601.22,0,0.0,3054.94,3,14825.2,2025-03-31,N
L0005881,812,Online,10554.18,0,0.0,760.35,4,1148.08,2023-09-05,Y
L0005882,718,Branch,23805.14,0,0.0,2385.7,4,25176.67,2024-06-27,Y
L0005883,709,Branch,53974.55,0,0.0,2424.02,2,3645.58,2025-09-11,N
L0005884,617,Branch,42235.95,0,0.0,1803.46,1,21603.41,2026-02-14,Y
L0005885,740,Broker,11417.91,0,0.0,1585.0,3,7278.96,2022-12-19,N
L0005886,640,Broker,55474.06,0,0.0,10802.54,4,10399.82,2024-06-04,Y
L0005887,708,Online,26051.33,0,0.0,1503.01,3,8566.44,2025-10-26,Y
L0005888,704,Broker,19323.46,0,0.0,910.02,2,6494.03,2025-11-30,Y
L0005889,700,Branch,12678.34,0,0.0,1040.49,1,5948.99,2025-10-17,N
L0005890,775,Online,57188.7,0,0.0,5176.02,1,10367.59,2022-02-07,N
L0005891,685,Branch,16642.9,0,0.0,4124.28,3,22168.37,2022-09-28,Y
L0005892,659,Branch,47720.86,0,0.0,19295.74,1,13013.11,2021-07-13,Y
L0005893,726,Broker,50623.61,0,0.0,5011.1,2,4411.56,2024-01-07,Y
L0005894,777,Broker,30260.59,0,0.0,2189.6,4,10319.67,2023-09-04,Y
L0005895,724,Broker,7812.91,0,0.0,332.94,2,6662.97,2025-05-31,N
L0005896,767,Broker,15655.89,0,0.0,1466.28,3,11186.85,2022-07-07,N
L0005897,587,Online,42043.53,0,0.0,19960.32,2,17477.24,2022-08-03,N
L0005898,695,Online,16711.21,0,0.0,5902.44,1,13943.0,2022-02-03,Y
L0005899,689,Branch,28684.51,0,0.0,1289.17,2,10774.14,2025-10-27,Y
L0005900,-9999,Online,59544.36,0,0.0,8235.97,4,9880.98,2021-11-27,N
L0005901,738,Branch,19883.23,0,0.0,2233.82,1,13808.27,2023-06-04,Y
L0005902,809,Branch,13419.14,0,0.0,1425.99,4,6579.21,2022-04-01,N
L0005903,730,Broker,46897.03,0,0.0,8109.09,3,12643.88,2022-02-23,N
L0005904,679,Broker,43641.01,1,17147.23,-4586.8,1,14359.06,2022-05-31,Y
L0005905,688,Branch,59534.88,0,0.0,3876.77,4,14900.99,2025-07-25,Y
L0005906,641,Branch,40024.09,0,0.0,3519.64,3,10686.05,2025-08-12,Y
L0005907,749,Broker,26973.33,0,0.0,1777.14,4,11050.83,2024-02-16,N
L0005908,659,Branch,41782.75,1,28056.7,-26737.13,3,7600.89,2026-03-06,Y
L0005909,611,Branch,39459.41,0,0.0,12732.49,4,19668.64,2023-07-22,N
L0005910,701,Branch,34123.64,0,0.0,9329.54,3,11514.22,2021-09-10,N
L0005911,666,Branch,8670.59,0,0.0,3434.84,4,9388.98,2021-07-27,N
L0005912,680,Online,5342.31,1,3739.98,-3553.31,4,15901.52,2026-03-08,N
L0005913,713,Online,21787.82,0,0.0,5877.14,1,13614.89,2022-07-09,Y
L0005914,717,Online,50748.75,0,0.0,1330.01,3,12944.39,2026-02-28,N
L0005915,679,Broker,39852.05,0,0.0,13103.39,4,20526.9,2021-11-22,Y
L0005916,764,Broker,5145.63,0,0.0,556.21,2,7941.73,2024-07-25,N
L0005917,668,Branch,7065.63,0,0.0,598.05,2,18351.18,2026-02-21,
L0005918,685,Online,53413.79,0,0.0,2222.59,1,11671.31,2026-01-21,N
L0005919,683,Broker,39018.15,0,0.0,1584.5,1,9642.32,2026-01-02,Y
L0005920,698,Branch,45252.1,0,0.0,7071.0,4,12320.97,2023-11-02,N
L0005921,750,Broker,59023.29,0,0.0,6270.61,1,9620.36,2022-05-15,N
L0005922,720,Online,5566.72,0,0.0,958.94,4,15590.49,2024-04-19,Y
L0005923,739,Online,5169.63,0,0.0,1155.41,4,9191.97,2022-12-09,Y
L0005924,668,Online,45961.07,0,0.0,4264.5,2,0.0,2025-04-15,N
L0005925,714,Broker,42942.58,0,0.0,7151.82,3,15162.74,2023-03-13,N
L0005926,620,Broker,42197.9,1,29355.44,-12871.77,4,16016.35,2022-09-06,Y
L0005927,665,Branch,34171.73,0,0.0,10821.63,3,12889.72,2022-07-16,Y
L0005928,787,Online,46004.15,0,0.0,2444.71,4,7828.05,2023-12-22,N
L0005929,654,Branch,53016.76,0,0.0,3453.05,1,17226.58,2025-10-25,N
L0005930,705,Online,19407.11,0,0.0,6048.83,2,17140.17,2022-06-01,Y
L0005931,633,Branch,41556.8,0,0.0,6017.02,2,8596.69,2025-01-16,Y
L0005932,666,Broker,50412.37,0,0.0,6205.68,1,8547.58,2024-11-28,Y
L0005933,738,Branch,26286.79,0,0.0,3034.1,4,6747.88,2023-08-25,N
L0005934,749,Online,57259.15,0,0.0,3497.03,4,13529.41,2024-07-29,Y
L0005935,730,Broker,34719.78,0,0.0,5847.91,3,2079.81,2022-01-28,Y
L0005936,717,Broker,10482.53,0,0.0,887.82,2,10493.0,2024-12-01,N
L0005937,686,Branch,51317.22,0,0.0,5365.43,4,12549.8,2024-11-09,Y
L0005938,748,Broker,8538.83,0,0.0,1368.12,2,7307.83,2021-09-22,Y
L0005939,666,Online,27635.59,1,11262.82,-1609.83,4,19857.21,2021-12-24,Y
L0005940,658,Online,35401.4,1,21233.84,-17121.92,1,15578.87,2025-01-22,N
L0005941,680,Online,12474.9,0,0.0,1136.52,2,4594.81,2025-10-16,Y
L0005942,721,Branch,50238.62,0,0.0,10872.82,2,8762.41,2021-09-05,Y
L0005943,699,Branch,26198.23,0,0.0,5780.7,3,9086.13,2022-12-23,N
L0005944,837,Broker,12679.85,0,0.0,1508.55,4,3512.84,2021-09-04,Y
L0005945,790,Online,50986.2,0,0.0,4350.47,2,7361.54,2022-06-25,Y
L0005946,772,Online,28098.75,1,11348.57,-9676.28,1,13065.25,2024-06-23,Y
L0005947,670,Broker,27796.81,0,0.0,10003.16,2,1596.92,2021-08-21,N
L0005948,762,Broker,16689.9,0,0.0,1081.93,4,1420.31,2024-12-27,N
L0005949,721,Branch,28185.14,0,0.0,1214.63,3,7054.36,2025-07-13,N
L0005950,-9999,Branch,52462.62,0,0.0,4246.59,1,25207.89,2025-04-18,N
L0005951,644,Branch,44474.82,1,21734.89,-17672.01,4,21148.38,2025-06-19,N
L0005952,701,Broker,35197.25,0,0.0,8807.34,1,6877.61,2021-12-30,Y
L0005953,649,Online,46097.45,1,23910.33,-8093.89,4,18753.57,2022-07-28,Y
L0005954,704,Online,47789.25,0,0.0,9841.44,3,9697.97,2023-10-29,N
L0005955,715,Online,29838.79,0,0.0,7321.25,1,7547.27,2023-01-26,N
L0005956,791,Online,55568.0,0,0.0,1626.5,4,6209.45,2025-04-02,N
L0005957,649,Broker,16037.25,0,0.0,4675.64,2,12048.14,2023-06-15,Y
L0005958,684,Broker,35617.91,0,0.0,7405.53,2,11378.47,2023-04-30,Y
L0005959,739,Online,52350.75,0,0.0,9056.0,1,10773.62,2023-05-13,Y
L0005960,763,Branch,48482.24,0,0.0,4713.14,4,5155.14,2021-12-22,Y
L0005961,873,Online,50305.51,0,0.0,870.76,1,1409.28,2025-09-29,N
L0005962,796,Online,55918.55,0,0.0,953.21,2,8026.07,2026-02-22,N
L0005963,704,Branch,47447.62,0,0.0,7788.18,1,7323.45,2023-08-20,Y
L0005964,727,Broker,7616.19,0,0.0,519.03,2,10541.53,2025-08-22,N
L0005965,671,Broker,39149.44,0,0.0,5388.91,2,7689.79,2024-10-02,N
L0005966,657,Branch,53399.49,0,0.0,14160.13,2,10097.24,2023-04-29,N
L0005967,701,Broker,5366.46,0,0.0,553.99,2,9515.22,2026-03-19,N
L0005968,768,Broker,59729.59,0,0.0,1982.48,4,0.0,2024-12-24,N
L0005969,656,Online,50231.79,0,0.0,13910.97,3,22089.84,2023-02-06,N
L0005970,726,Branch,20620.54,0,0.0,3266.02,1,4834.52,2023-01-28,N
L0005971,770,Broker,27814.78,0,0.0,1204.81,2,14377.95,2025-04-19,N
L0005972,795,Broker,21942.82,0,0.0,1806.93,1,6529.14,2022-07-28,N
L0005973,735,Online,27408.84,0,0.0,2846.91,1,7671.05,2024-12-03,N
L0005974,708,Branch,45417.52,0,0.0,5818.59,3,21829.92,2024-02-09,N
L0005975,711,Online,35586.25,0,0.0,1065.06,3,20630.77,2026-02-18,Y
L0005976,644,Online,58430.22,0,0.0,17095.76,2,13675.68,2023-04-14,N
L0005977,589,Branch,11944.99,0,0.0,2073.53,1,31083.81,2025-04-27,N
L0005978,627,Broker,16569.57,0,0.0,2081.26,3,9805.69,2025-05-01,N
L0005979,618,Online,27338.19,0,0.0,9826.58,2,20125.93,2023-02-15,Y
L0005980,782,Branch,24414.64,0,0.0,1060.17,3,5579.84,2024-07-31,N
L0005981,659,Branch,27488.92,0,0.0,3317.57,4,10093.9,2025-01-19,Y
L0005982,694,Online,48224.56,0,0.0,1411.23,2,4162.96,2026-02-01,Y
L0005983,621,Online,50867.46,0,0.0,19582.24,1,7318.2,2022-10-06,Y
L0005984,695,Broker,35765.55,0,0.0,8661.84,4,4096.87,2022-06-29,Y
L0005985,665,Broker,35910.3,0,0.0,13439.21,1,14418.63,2021-08-03,Y
L0005986,787,Online,45085.55,0,0.0,3304.28,2,8708.73,2023-04-25,N
L0005987,678,Branch,35775.02,0,0.0,9923.91,2,20695.06,2022-06-21,Y
L0005988,692,Branch,18016.54,0,0.0,5262.44,4,16344.59,2021-10-08,Y
L0005989,686,Branch,52450.08,0,0.0,8815.46,4,14160.42,2023-11-10,Y
L0005990,612,Broker,9447.64,1,5192.49,-4208.34,2,25641.17,2026-01-14,Y
L0005991,697,Broker,26344.03,0,0.0,7695.17,3,6336.15,2021-07-04,N
L0005992,634,Online,49453.97,0,0.0,4977.22,1,10273.31,2025-06-30,Y
L0005993,725,Online,59195.45,0,0.0,10717.61,4,13585.15,2023-08-15,N
L0005994,708,Branch,54779.1,0,0.0,5823.47,1,13968.16,2024-06-25,N
L0005995,657,Online,37934.06,0,0.0,5013.39,1,25348.33,2024-10-31,N
L0005996,691,Online,9684.96,1,3438.79,-243.3,4,21641.44,2022-10-06,Y
L0005997,645,Broker,13884.69,0,0.0,5347.59,2,17526.38,2022-05-30,N
L0005998,621,Online,10333.62,0,0.0,4342.77,2,11412.52,2022-10-18,Y
L0005999,735,Broker,8417.84,0,0.0,949.5,1,14107.12,2025-03-06,N
L0006000,-9999,Online,44414.54,0,0.0,16904.42,3,20380.96,2022-03-04,Y
L0006001,806,Branch,9231.16,0,0.0,982.66,2,5430.79,2021-07-24,N
L0006002,683,Online,25531.03,0,0.0,5031.6,1,14566.88,2024-04-06,N
L0006003,743,Online,11586.58,0,0.0,1143.52,3,11633.88,2023-08-07,N
L0006004,694,Branch,22429.58,0,0.0,1665.53,4,9357.83,2025-05-30,N
L0006005,760,Branch,6038.3,0,0.0,1191.81,4,13674.54,2021-07-09,N
L0006006,596,Branch,7874.14,0,0.0,2910.71,1,33056.9,2023-05-09,N
L0006007,628,Broker,48555.21,1,33597.87,-17994.79,3,16544.49,2023-04-02,N
L0006008,748,Broker,20112.98,0,0.0,892.23,4,9061.99,2025-09-28,N
L0006009,686,Broker,19047.14,0,0.0,3494.8,3,9372.98,2023-08-11,N
L0006010,669,Online,28142.73,0,0.0,3562.6,2,16454.58,2024-12-07,Y
L0006011,721,Online,21108.79,0,0.0,2233.95,3,16851.54,2025-02-12,N
L0006012,710,Online,21801.95,0,0.0,6355.56,1,11558.26,2022-06-04,N
L0006013,615,Branch,39064.12,1,27379.08,-6916.93,4,18898.27,2021-08-07,Y
L0006014,835,Online,18667.74,0,0.0,1304.28,1,6937.25,2023-06-09,
L0006015,735,Branch,25786.88,0,0.0,2500.83,1,11194.39,2023-10-19,Y
L0006016,761,Broker,39508.91,0,0.0,867.63,3,5939.09,2025-08-07,Y
L0006017,789,Branch,52820.99,0,0.0,5131.71,3,0.0,2022-01-23,Y
L0006018,688,Online,5765.98,0,0.0,293.53,4,1047.51,2026-02-21,Y
L0006019,679,Broker,57547.56,0,0.0,11887.19,3,15618.09,2023-07-10,N
L0006020,703,Online,53093.72,1,35769.52,-27024.06,4,18320.06,2024-04-16,Y
L0006021,632,Broker,12878.65,0,0.0,5620.46,3,8492.75,2022-05-14,Y
L0006022,702,Broker,39417.35,0,0.0,8535.83,2,10116.21,2022-07-06,N
L0006023,701,Broker,44170.96,0,0.0,5980.08,2,12842.63,2024-01-06,N
L0006024,696,Branch,34683.44,0,0.0,4593.42,2,0.0,2024-03-08,N
L0006025,700,Branch,50538.1,0,0.0,5477.84,4,15072.56,2024-07-10,N
L0006026,749,Broker,26150.95,0,0.0,3254.86,1,7521.47,2022-01-22,N
L0006027,795,Broker,40040.24,0,0.0,2996.37,4,9947.26,2023-04-04,N
L0006028,813,Branch,18109.92,0,0.0,2116.54,3,3763.24,2022-01-30,N
L0006029,750,Online,40660.16,0,0.0,2954.6,4,6391.49,2023-11-25,N
L0006030,634,Branch,31637.35,1,19450.13,-13453.19,4,20583.43,2024-08-14,Y
L0006031,660,Broker,34476.62,0,0.0,10825.38,3,10631.85,2022-09-24,Y
L0006032,676,Branch,55472.08,0,0.0,3404.77,3,14357.08,2025-08-09,N
L0006033,741,Branch,39370.61,0,0.0,5124.91,2,7889.85,2022-08-15,Y
L0006034,661,Branch,39094.58,0,0.0,1393.09,2,17528.62,2026-01-30,N
L0006035,674,Online,33019.09,0,0.0,10136.33,3,15812.66,2022-04-27,N
L0006036,660,Broker,48126.95,0,0.0,3232.24,4,19674.48,2025-08-05,Y
L0006037,738,Branch,46752.52,0,0.0,6144.35,3,11248.3,2022-07-03,N
L0006038,700,Broker,15065.62,0,0.0,3207.26,1,6411.86,2022-10-12,N
L0006039,723,Online,48272.51,0,0.0,2976.01,3,13318.31,2025-08-24,N
L0006040,677,Broker,28058.29,0,0.0,3300.67,3,14955.13,2024-11-01,N
L0006041,733,Broker,30379.71,0,0.0,4826.63,2,6391.34,2022-03-05,Y
L0006042,607,Broker,6269.97,0,0.0,3503.84,4,23362.91,2021-09-03,N
L0006043,763,Branch,5364.3,0,0.0,852.29,1,3184.56,2023-12-01,N
L0006044,701,Broker,26158.17,0,0.0,4428.42,4,14899.08,2023-07-19,N
L0006045,707,Broker,35889.19,0,0.0,5236.09,2,11434.3,2023-11-03,N
L0006046,733,Online,51349.9,0,0.0,3732.69,2,13521.92,2025-04-13,N
L0006047,698,Online,28546.19,0,0.0,3418.19,4,17368.94,2024-12-27,N
L0006048,661,Online,57627.92,0,0.0,12291.07,4,18430.69,2023-11-06,Y
L0006049,736,Broker,21140.76,0,0.0,3332.49,2,5777.55,2022-03-20,N
L0006050,-9999,Broker,13020.44,0,0.0,930.26,3,8986.69,2025-11-19,N
L0006051,737,Broker,21808.6,0,0.0,3339.2,2,6288.45,2022-07-26,N
L0006052,669,Branch,43732.04,0,0.0,11622.73,4,6583.59,2022-12-29,N
L0006053,678,Branch,46624.02,0,0.0,14542.3,4,17606.44,2022-01-31,Y
L0006054,610,Online,58188.4,0,0.0,18801.44,2,11101.91,2023-07-06,N
L0006055,735,Branch,20409.73,1,12915.94,-12622.9,3,10087.48,2026-03-29,Y
L0006056,647,Online,50855.64,0,0.0,2921.48,1,9030.6,2025-11-15,Y
L0006057,754,Online,20594.71,0,0.0,837.6,4,4717.97,2025-10-23,N
L0006058,712,Broker,42398.1,0,0.0,2776.13,1,17321.09,2025-03-13,N
L0006059,558,Broker,50306.12,1,27929.36,-16491.5,2,14066.26,2024-11-01,N
L0006060,607,Broker,47246.07,0,0.0,16477.4,4,14533.64,2023-05-23,Y
L0006061,661,Branch,57884.35,0,0.0,21599.76,2,6214.14,2021-11-24,Y
L0006062,660,Branch,10304.57,0,0.0,3232.14,4,18472.23,2022-09-09,Y
L0006063,745,Branch,26528.0,0,0.0,1283.62,4,8922.21,2025-02-20,Y
L0006064,686,Online,54682.68,0,0.0,16319.59,4,12600.04,2022-12-25,N
L0006065,704,Broker,49394.44,0,0.0,4288.61,3,9356.9,2024-12-06,N
L0006066,776,Broker,34189.46,0,0.0,3289.05,2,1346.19,2022-01-17,Y
L0006067,754,Online,53375.58,0,0.0,6385.77,1,3982.78,2021-07-27,N
L0006068,699,Branch,6076.08,0,0.0,1065.96,2,13903.38,2023-10-28,N
L0006069,668,Broker,39633.73,0,0.0,9355.82,1,20407.58,2023-05-07,N
L0006070,710,Online,48065.71,0,0.0,5199.29,3,14090.19,2025-01-27,Y
L0006071,651,Broker,15833.37,0,0.0,1405.38,1,4347.05,2025-10-10,N
L0006072,600,Broker,34201.25,0,0.0,14798.67,1,9074.55,2022-10-16,N
L0006073,721,Broker,39761.11,0,0.0,915.72,1,14649.87,2026-01-25,N
L0006074,675,Online,42751.66,0,0.0,12463.5,3,20744.6,2022-07-04,N
L0006075,523,Branch,8878.8,0,0.0,2915.55,1,32840.42,2024-07-04,Y
L0006076,717,Online,38496.09,0,0.0,4736.96,4,11752.55,2024-08-29,N
L0006077,614,Online,43203.81,0,0.0,12461.28,2,19549.56,2023-11-12,N
L0006078,659,Broker,26739.63,0,0.0,8836.08,4,18585.09,2022-06-11,Y
L0006079,712,Branch,44687.63,0,0.0,5421.88,2,16417.25,2024-01-29,Y
L0006080,634,Broker,53996.75,0,0.0,18600.47,3,22230.05,2022-12-08,Y
L0006081,744,Branch,45395.82,0,0.0,3284.92,4,1119.33,2024-02-23,Y
L0006082,715,Online,17685.05,0,0.0,2535.08,3,6424.76,2024-05-05,N
L0006083,629,Online,54198.6,0,0.0,12064.09,3,15163.78,2024-04-13,Y
L0006084,713,Branch,23089.22,0,0.0,852.57,1,2851.93,2026-02-09,N
L0006085,688,Branch,16875.46,0,0.0,3690.09,2,20801.35,2023-05-19,N
L0006086,609,Branch,50178.16,0,0.0,2812.83,4,572.24,2026-01-25,Y
L0006087,609,Online,53386.13,0,0.0,13221.76,3,15172.47,2024-04-03,N
L0006088,665,Branch,11368.1,0,0.0,3488.73,4,12674.17,2022-12-13,Y
L0006089,669,Online,18972.34,0,0.0,4884.05,3,4952.97,2023-02-25,Y
L0006090,750,Broker,12998.82,0,0.0,946.84,1,16484.3,2025-02-04,Y
L0006091,738,Broker,19972.56,0,0.0,2488.73,1,15318.74,2022-12-06,Y
L0006092,724,Broker,9536.76,0,0.0,1016.71,3,16567.13,2024-05-02,N
L0006093,789,Branch,44302.92,0,0.0,3409.43,2,4244.77,2022-10-07,N
L0006094,718,Broker,27351.64,0,0.0,3243.57,4,21234.89,2024-01-28,N
L0006095,656,Broker,6776.11,0,0.0,953.0,1,8376.2,2025-01-25,Y
L0006096,660,Online,10684.11,0,0.0,835.34,1,16955.8,2026-01-31,Y
L0006097,665,Online,31536.52,0,0.0,12075.27,4,5122.66,2021-07-19,Y
L0006098,608,Online,52805.3,0,0.0,10487.6,4,13340.4,2024-09-21,N
L0006099,752,Online,44639.51,0,0.0,2546.81,3,10981.03,2024-07-12,N
L0006100,-9999,Broker,53720.13,0,0.0,8934.96,4,5436.3,2024-04-03,Y
L0006101,661,Online,6600.77,0,0.0,2799.16,1,9805.47,2021-08-06,N
L0006102,584,Broker,38082.9,1,27412.42,-17440.57,3,26388.28,2024-06-24,Y
L0006103,732,Branch,22959.17,0,0.0,3291.8,3,11643.44,2023-02-09,Y
L0006104,698,Online,31419.1,1,10678.99,-5588.39,1,16198.04,2024-06-28,N
L0006105,690,Online,26693.51,0,0.0,1450.85,2,18003.08,2025-12-23,N
L0006106,648,Online,51053.84,0,0.0,21614.83,1,8645.86,2021-09-13,N
L0006107,762,Online,34188.24,0,0.0,1597.21,2,9191.9,2024-02-02,N
L0006108,725,Broker,25411.16,0,0.0,3565.54,1,4587.79,2023-06-04,N
L0006109,713,Online,40794.22,0,0.0,2092.65,3,11043.06,2025-11-26,N
L0006110,669,Broker,37647.64,0,0.0,8944.37,1,12652.72,2023-06-03,N
L0006111,712,Branch,21104.97,0,0.0,3838.87,4,9485.63,2022-11-06,
L0006112,748,Branch,16029.91,0,0.0,1160.92,1,7321.54,2025-02-10,Y
L0006113,652,Online,12850.45,0,0.0,4777.74,1,8271.79,2022-06-27,Y
L0006114,700,Online,7633.5,0,0.0,1895.21,4,21226.76,2024-02-03,Y
L0006115,726,Broker,19514.74,0,0.0,1171.82,4,17913.63,2025-06-05,N
L0006116,740,Online,24526.39,0,0.0,749.77,2,9682.37,2026-01-12,Y
L0006117,734,Online,5048.78,0,0.0,700.11,2,8147.21,2025-05-20,N
L0006118,579,Online,25540.64,0,0.0,1410.63,1,9948.7,2026-02-11,Y
L0006119,693,Broker,40331.93,0,0.0,1592.51,4,13979.13,2025-12-31,Y
L0006120,779,Broker,13801.34,0,0.0,1125.88,2,8627.9,2024-06-19,N
L0006121,742,Online,19419.0,0,0.0,1603.23,3,6138.68,2024-03-03,N
L0006122,689,Branch,47299.5,0,0.0,13825.66,3,12982.79,2021-11-02,Y
L0006123,746,Branch,48349.99,0,0.0,3085.92,4,11810.82,2024-05-27,N
L0006124,789,Online,24319.88,0,0.0,1254.48,3,6130.92,2024-04-12,N
L0006125,644,Broker,16665.24,1,8441.59,-3006.96,3,17346.02,2022-10-31,Y
L0006126,665,Branch,32843.59,0,0.0,9362.13,1,10828.1,2022-10-21,Y
L0006127,803,Broker,5221.56,0,0.0,612.32,2,5622.34,2023-09-22,N
L0006128,793,Online,25230.34,0,0.0,2985.25,2,3424.74,2021-08-24,N
L0006129,654,Broker,16939.64,0,0.0,3652.12,2,18810.41,2023-12-30,N
L0006130,740,Online,59036.49,0,0.0,2627.73,2,11071.1,2025-05-02,Y
L0006131,619,Online,35332.87,0,0.0,14873.19,1,14180.34,2022-07-18,Y
L0006132,708,Online,7995.75,0,0.0,1622.03,1,11793.17,2024-01-16,N
L0006133,706,Broker,8448.56,0,0.0,1576.07,2,14815.4,2024-01-20,N
L0006134,679,Branch,32486.61,1,16637.74,-8246.43,1,15422.33,2022-09-01,Y
L0006135,854,Broker,32947.14,0,0.0,3509.97,1,1758.14,2021-12-12,Y
L0006136,748,Online,53236.19,0,0.0,4888.71,3,13061.95,2023-02-02,N
L0006137,762,Online,50189.09,0,0.0,3041.1,2,4017.11,2023-11-21,Y
L0006138,770,Online,43951.17,0,0.0,3149.82,4,5217.27,2023-06-25,Y
L0006139,668,Online,50819.77,0,0.0,18152.39,2,8757.7,2021-10-15,N
L0006140,684,Broker,16244.44,0,0.0,3669.38,3,9335.87,2023-01-19,N
L0006141,742,Branch,29473.67,0,0.0,4649.59,1,7311.31,2021-07-04,Y
L0006142,653,Branch,46177.39,0,0.0,17941.66,3,9588.8,2021-12-11,Y
L0006143,724,Broker,11289.34,0,0.0,1776.78,2,8685.8,2023-02-15,N
L0006144,621,Online,16833.03,0,0.0,6647.51,3,16621.25,2022-10-23,N
L0006145,821,Online,48602.19,0,0.0,4890.42,4,7143.03,2021-07-25,Y
L0006146,728,Broker,30047.31,0,0.0,3749.4,2,17810.74,2023-07-30,N
L0006147,712,Online,59760.56,0,0.0,6959.19,3,6949.47,2024-11-25,N
L0006148,735,Online,27931.46,0,0.0,6742.94,1,3728.97,2022-05-30,Y
L0006149,673,Broker,22383.49,0,0.0,8384.74,2,12267.17,2021-08-27,N
L0006150,-9999,Branch,41492.88,0,0.0,8414.35,4,13083.45,2023-03-08,Y
L0006151,684,Online,14596.87,0,0.0,2648.09,2,18831.66,2024-06-24,Y
L0006152,635,Broker,37203.48,1,18129.94,-15531.05,3,20056.73,2025-11-09,Y
L0006153,706,Broker,35387.62,0,0.0,4046.84,1,15661.51,2024-05-30,Y
L0006154,638,Broker,56149.63,0,0.0,10943.14,4,8305.87,2024-05-17,Y
L0006155,747,Online,17164.51,0,0.0,1130.24,1,10796.9,2024-10-31,Y
L0006156,762,Branch,14175.31,0,0.0,767.64,4,3806.54,2024-05-30,N
L0006157,767,Broker,37530.31,0,0.0,1187.48,2,10944.37,2025-08-29,N
L0006158,685,Online,23339.01,0,0.0,702.52,3,19306.02,2026-02-18,Y
L0006159,667,Online,29674.04,0,0.0,7253.21,3,8806.98,2023-06-29,Y
L0006160,713,Online,15946.9,0,0.0,2857.97,3,9375.42,2024-01-01,N
L0006161,659,Broker,26190.19,0,0.0,6846.55,3,16499.6,2023-06-03,N
L0006162,734,Online,44590.73,0,0.0,1530.38,2,8672.65,2026-01-30,Y
L0006163,637,Online,13232.98,0,0.0,2952.3,2,21273.2,2024-02-16,N
L0006164,676,Broker,5206.14,0,0.0,1150.71,1,24127.08,2024-03-02,Y
L0006165,638,Online,5479.79,0,0.0,2409.17,1,33008.02,2022-09-10,N
L0006166,737,Branch,29952.66,0,0.0,3107.86,4,6466.58,2023-06-23,N
L0006167,660,Branch,42074.02,0,0.0,15455.26,2,13234.89,2021-11-01,N
L0006168,755,Branch,44141.31,0,0.0,936.18,2,20307.71,2025-08-15,Y
L0006169,744,Broker,13606.08,0,0.0,908.82,3,7073.79,2025-02-23,N
L0006170,733,Online,6432.54,0,0.0,1485.3,3,10011.08,2023-08-21,N
L0006171,727,Broker,25125.42,0,0.0,1982.9,4,8705.61,2024-12-05,Y
L0006172,734,Online,22835.81,0,0.0,5296.06,4,15913.04,2022-05-04,N
L0006173,628,Branch,42950.79,0,0.0,14020.42,2,14437.99,2023-03-21,N
L0006174,743,Broker,25486.46,0,0.0,739.07,4,14065.65,2026-01-05,N
L0006175,683,Online,47115.78,0,0.0,17380.42,3,18952.56,2022-03-04,N
L0006176,571,Online,21641.99,0,0.0,2372.4,4,19736.93,2025-10-27,Y
L0006177,691,Broker,17442.41,0,0.0,5440.48,2,11053.94,2021-10-09,Y
L0006178,727,Branch,16332.76,0,0.0,2982.95,3,5000.79,2022-01-11,N
L0006179,725,Broker,48967.28,0,0.0,4413.17,1,5831.92,2024-04-18,N
L0006180,709,Online,45985.54,0,0.0,14438.17,4,21940.02,2022-02-26,N
L0006181,781,Branch,30007.4,0,0.0,1833.37,3,8742.63,2023-10-12,Y
L0006182,666,Broker,29047.64,0,0.0,6857.86,2,9126.81,2023-05-12,N
L0006183,658,Broker,5645.16,0,0.0,686.12,2,18140.25,2025-07-15,N
L0006184,723,Broker,17996.98,0,0.0,634.47,2,10583.92,2025-10-21,Y
L0006185,821,Broker,49509.95,0,0.0,2436.94,3,7371.04,2024-04-06,Y
L0006186,725,Broker,57966.96,0,0.0,9681.77,1,15050.66,2022-06-24,N
L0006187,700,Branch,15460.8,0,0.0,1658.2,3,16747.33,2024-11-08,N
L0006188,693,Online,51372.94,1,34897.68,-24396.13,3,17192.36,2024-01-24,Y
L0006189,724,Online,52217.37,0,0.0,5673.63,2,4924.08,2024-09-08,Y
L0006190,718,Branch,19095.82,0,0.0,1701.14,2,13794.59,2024-07-05,Y
L0006191,818,Broker,21716.07,0,0.0,1267.53,1,3553.17,2024-05-26,N
L0006192,676,Broker,51848.77,0,0.0,6835.2,3,11140.45,2024-09-09,N
L0006193,741,Branch,17235.87,0,0.0,1609.72,4,7157.51,2024-06-21,N
L0006194,692,Online,34160.55,0,0.0,13698.96,3,10488.8,2021-08-25,N
L0006195,687,Online,28618.31,0,0.0,5199.68,2,13328.36,2024-05-27,N
L0006196,701,Branch,15416.87,0,0.0,2330.43,1,13738.12,2024-05-23,N
L0006197,772,Broker,38859.2,0,0.0,1492.06,3,3291.4,2025-03-29,N
L0006198,720,Online,5900.49,0,0.0,1131.99,4,5103.77,2023-11-16,Y
L0006199,589,Branch,27661.63,0,0.0,11771.44,2,21348.37,2023-02-10,Y
L0006200,-9999,Online,13713.03,0,0.0,5620.87,2,4373.05,2023-05-07,Y
L0006201,706,Broker,32159.54,0,0.0,6890.83,4,12022.41,2022-06-15,N
L0006202,686,Online,53188.95,0,0.0,19978.56,2,5767.55,2022-01-26,N
L0006203,808,Broker,21993.51,0,0.0,1424.15,2,4748.72,2023-07-17,Y
L0006204,733,Broker,40620.13,0,0.0,6835.24,4,6127.02,2021-11-26,N
L0006205,695,Online,21030.14,0,0.0,8135.78,3,14447.86,2021-11-21,N
L0006206,707,Broker,36699.18,0,0.0,4483.88,4,0.0,2024-04-09,Y
L0006207,556,Online,22593.53,0,0.0,10890.21,1,32295.71,2023-02-28,Y
L0006208,645,Broker,11155.6,0,0.0,2243.79,2,14292.17,2024-08-07,
L0006209,737,Branch,51513.42,0,0.0,3263.29,2,6770.9,2024-11-17,Y
L0006210,728,Broker,40755.55,0,0.0,1383.45,2,11543.04,2025-08-17,N
L0006211,624,Branch,20694.83,0,0.0,4674.4,1,19620.65,2024-04-20,N
L0006212,699,Branch,37680.76,0,0.0,8912.74,4,12282.81,2022-04-10,N
L0006213,734,Branch,47220.2,0,0.0,4997.66,2,4306.26,2023-07-19,N
L0006214,691,Broker,57566.1,0,0.0,1655.35,3,15228.48,2026-01-11,N
L0006215,668,Branch,5185.1,1,2742.07,-869.07,4,16165.07,2022-01-09,N
L0006216,734,Branch,49501.56,0,0.0,8900.76,1,11033.55,2021-08-03,Y
L0006217,773,Branch,10323.44,0,0.0,968.11,2,7303.4,2023-04-27,Y
L0006218,674,Online,13474.58,0,0.0,3017.21,4,9204.81,2023-06-08,Y
L0006219,696,Branch,34082.52,0,0.0,8320.7,4,12418.26,2022-06-22,N
L0006220,678,Broker,51361.63,0,0.0,12405.63,3,10931.44,2023-01-05,N
L0006221,633,Branch,52382.27,0,0.0,14410.82,3,13611.05,2023-09-10,N
L0006222,754,Online,49756.93,0,0.0,2929.59,4,8533.56,2024-01-11,Y
L0006223,670,Branch,39915.65,0,0.0,6099.89,3,23761.53,2024-07-07,N
L0006224,736,Branch,45360.98,0,0.0,2615.47,1,8868.96,2025-01-19,Y
L0006225,681,Branch,54522.31,0,0.0,18014.93,3,8163.85,2021-09-09,N
L0006226,623,Broker,46003.51,0,0.0,18488.65,4,15609.28,2022-08-11,Y
L0006227,751,Online,5566.96,0,0.0,1086.19,3,7142.45,2022-05-20,Y
L0006228,666,Branch,14494.06,0,0.0,3442.08,3,2197.85,2023-06-18,N
L0006229,700,Online,56366.62,0,0.0,10641.52,2,18854.15,2024-01-18,N
L0006230,682,Broker,18705.75,0,0.0,840.92,2,8424.09,2026-03-26,Y
L0006231,687,Broker,19517.87,0,0.0,4965.66,3,14085.56,2022-08-13,Y
L0006232,608,Online,43288.12,0,0.0,5739.94,3,33238.54,2025-04-01,N
L0006233,781,Broker,51339.41,0,0.0,1343.89,3,6985.68,2025-08-12,N
L0006234,797,Broker,33162.63,0,0.0,756.38,2,3817.13,2025-07-04,Y
L0006235,615,Online,26272.86,0,0.0,10089.9,2,24138.8,2022-11-30,N
L0006236,675,Branch,59280.81,1,26978.9,-19577.04,4,19683.91,2024-09-26,Y
L0006237,737,Branch,17164.0,0,0.0,1182.94,3,1078.45,2024-09-25,Y
L0006238,679,Branch,30749.4,0,0.0,1644.99,4,20583.66,2025-09-09,Y
L0006239,689,Broker,58662.52,0,0.0,15874.69,2,12560.02,2022-04-13,N
L0006240,605,Branch,17782.2,0,0.0,742.56,1,29036.02,2026-02-09,N
L0006241,727,Broker,55496.37,1,42847.16,-41528.94,2,8403.77,2026-01-09,N
L0006242,664,Broker,33328.34,0,0.0,8049.0,2,18496.95,2023-07-08,Y
L0006243,701,Branch,6719.68,0,0.0,1795.7,2,13314.22,2022-07-17,Y
L0006244,698,Online,7719.28,0,0.0,1383.59,2,10914.99,2025-02-27,Y
L0006245,713,Branch,15661.63,0,0.0,1117.06,4,12826.05,2025-02-15,N
L0006246,713,Online,32626.0,0,0.0,1956.26,3,15103.8,2025-09-11,N
L0006247,699,Online,48699.97,0,0.0,15391.73,4,9263.93,2022-05-10,N
L0006248,723,Online,55525.34,0,0.0,6595.18,1,12719.76,2024-08-20,Y
L0006249,696,Broker,51105.08,0,0.0,6189.0,4,25661.78,2024-06-09,Y
L0006250,-9999,Broker,36279.01,0,0.0,3484.64,1,7580.13,2022-05-28,Y
L0006251,663,Branch,43068.82,0,0.0,15296.45,4,13367.65,2022-01-30,Y
L0006252,764,Broker,9954.01,0,0.0,944.27,2,4468.96,2023-03-02,Y
L0006253,671,Branch,57991.52,1,39438.53,-22222.33,3,19977.01,2022-07-14,Y
L0006254,677,Online,7235.53,0,0.0,2562.9,1,22944.06,2021-12-31,Y
L0006255,753,Broker,17274.64,0,0.0,942.7,2,13481.88,2025-05-25,Y
L0006256,698,Online,48520.58,0,0.0,13228.99,2,13450.68,2022-12-30,Y
L0006257,721,Broker,39009.97,0,0.0,7836.05,3,9583.07,2021-12-25,N
L0006258,675,Online,11269.23,0,0.0,2165.76,2,14700.15,2023-10-27,Y
L0006259,686,Online,55430.99,0,0.0,20919.17,4,19330.65,2022-01-23,N
L0006260,689,Branch,11697.88,0,0.0,1236.09,2,16648.17,2025-05-30,N
L0006261,653,Online,11236.33,0,0.0,974.29,1,15481.89,2025-09-07,N
L0006262,719,Branch,18280.1,0,0.0,2808.47,1,13778.28,2023-03-29,N
L0006263,735,Branch,39133.09,0,0.0,857.12,2,4767.9,2025-12-29,N
L0006264,668,Online,51807.09,0,0.0,14422.62,1,12461.93,2022-11-28,Y
L0006265,644,Online,16567.73,0,0.0,5621.02,4,10863.57,2022-12-25,N
L0006266,719,Branch,22420.48,0,0.0,873.26,4,18143.65,2025-10-11,Y
L0006267,687,Broker,58102.78,0,0.0,13235.15,4,8847.65,2023-01-04,Y
L0006268,717,Branch,22829.45,0,0.0,1098.43,4,15979.13,2025-08-20,N
L0006269,711,Online,19292.08,0,0.0,4888.38,4,3222.29,2023-03-21,N
L0006270,696,Online,49701.71,0,0.0,15206.66,1,12721.07,2022-08-20,Y
L0006271,694,Branch,18096.3,0,0.0,1922.52,2,2378.3,2025-02-13,N
L0006272,808,Branch,25082.35,0,0.0,1307.37,3,5590.01,2023-10-31,N
L0006273,691,Online,17902.78,0,0.0,4231.87,1,7304.78,2023-08-22,Y
L0006274,764,Online,21378.84,0,0.0,654.22,3,10728.78,2025-12-27,N
L0006275,674,Online,48743.49,0,0.0,14385.75,1,8850.83,2022-05-31,Y
L0006276,695,Broker,10211.98,0,0.0,1123.32,4,24530.08,2025-06-12,N
L0006277,821,Online,53002.5,0,0.0,1157.73,1,7390.39,2025-05-03,Y
L0006278,653,Branch,44784.37,1,29807.06,-21640.54,3,14217.54,2024-05-03,Y
L0006279,696,Broker,48693.01,0,0.0,8196.67,4,7175.65,2023-08-02,N
L0006280,783,Branch,17134.95,1,7188.0,-6663.94,3,8527.63,2025-12-17,Y
L0006281,597,Branch,43673.2,0,0.0,16935.09,3,21171.89,2023-03-02,N
L0006282,663,Branch,38048.81,0,0.0,6068.39,1,21399.31,2024-06-25,Y
L0006283,632,Branch,10800.85,0,0.0,3319.01,4,17028.2,2023-07-08,N
L0006284,755,Branch,42105.91,0,0.0,1984.0,1,9241.24,2024-11-22,N
L0006285,701,Online,30909.88,0,0.0,4158.29,3,16644.18,2024-09-09,N
L0006286,631,Broker,15395.64,0,0.0,3226.48,4,13743.06,2024-07-16,N
L0006287,682,Branch,5545.28,0,0.0,1396.14,4,18952.3,2024-04-27,N
L0006288,734,Online,54077.6,0,0.0,11484.15,1,4428.86,2022-10-04,Y
L0006289,696,Branch,21715.75,0,0.0,2134.0,3,1624.04,2025-01-01,Y
L0006290,679,Broker,34942.24,0,0.0,3766.68,4,13394.33,2025-02-11,N
L0006291,664,Online,42872.03,0,0.0,4726.44,3,14884.84,2025-03-13,N
L0006292,634,Branch,17525.59,0,0.0,6120.12,1,25602.1,2022-12-03,Y
L0006293,601,Branch,24608.19,0,0.0,10215.07,1,29827.04,2022-11-21,Y
L0006294,704,Branch,47048.58,0,0.0,1969.12,1,16332.07,2025-11-04,N
L0006295,640,Branch,58190.59,0,0.0,4836.98,2,12753.72,2025-08-01,Y
L0006296,741,Branch,48307.09,0,0.0,4383.23,4,6001.93,2023-09-28,N
L0006297,571,Broker,15332.96,1,11069.5,-1995.24,3,18055.04,2022-04-28,N
L0006298,725,Online,8936.0,1,3218.31,-455.52,2,16283.75,2022-01-07,N
L0006299,707,Branch,40115.72,0,0.0,3180.43,2,4420.97,2025-03-15,Y
L0006300,-9999,Branch,23937.56,0,0.0,7617.81,1,15593.24,2022-04-25,Y
L0006301,768,Online,12699.85,0,0.0,671.9,3,9052.88,2025-04-19,N
L0006302,749,Branch,57355.43,0,0.0,3052.65,3,6321.25,2024-08-31,N
L0006303,726,Branch,16462.88,0,0.0,2942.04,3,5223.01,2022-11-18,Y
L0006304,753,Broker,59189.2,0,0.0,2622.64,4,7635.35,2024-09-04,N
L0006305,710,Broker,49033.23,0,0.0,3657.0,3,9247.31,2025-02-28,
L0006306,717,Online,38503.92,0,0.0,6606.74,1,10503.17,2023-11-13,N
L0006307,752,Branch,7444.99,0,0.0,682.94,2,8603.96,2025-07-06,N
L0006308,658,Broker,51052.94,0,0.0,14525.76,4,10760.51,2022-12-29,Y
L0006309,727,Online,20174.77,0,0.0,4117.73,2,762.21,2023-06-23,Y
L0006310,720,Branch,48035.16,0,0.0,2463.78,1,10770.52,2025-05-22,N
L0006311,748,Online,15596.93,0,0.0,2480.3,3,10295.15,2021-09-18,N
L0006312,640,Broker,39611.6,0,0.0,2436.63,1,14224.07,2025-11-17,N
L0006313,761,Broker,29098.73,0,0.0,1626.5,1,11275.19,2024-05-27,Y
L0006314,666,Branch,47835.81,0,0.0,8092.29,4,21656.19,2024-04-21,N
L0006315,727,Online,40235.73,0,0.0,8218.38,2,9989.99,2023-04-02,N
L0006316,780,Branch,27961.34,0,0.0,2829.74,1,8282.24,2021-11-12,Y
L0006317,700,Broker,42919.28,0,0.0,3282.63,2,6863.47,2025-03-10,Y
L0006318,693,Online,15094.06,0,0.0,5059.66,1,19566.23,2022-09-25,Y
L0006319,745,Broker,33566.74,1,18676.05,-13751.9,2,21456.3,2021-09-27,N
L0006320,658,Branch,45099.26,0,0.0,12798.19,3,9083.08,2023-01-07,N
L0006321,656,Branch,23172.62,0,0.0,1905.52,3,21695.14,2025-08-26,Y
L0006322,607,Branch,43287.24,1,16138.43,-11629.95,3,21004.78,2025-08-18,N
L0006323,722,Online,27133.79,0,0.0,7192.42,3,9339.88,2022-06-14,N
L0006324,642,Online,49179.62,0,0.0,13734.95,1,6669.88,2023-06-07,N
L0006325,721,Online,35009.67,0,0.0,5917.5,1,4203.58,2024-01-05,Y
L0006326,706,Branch,18380.84,0,0.0,1385.59,1,10408.53,2025-05-17,N
L0006327,723,Branch,52309.73,0,0.0,3600.34,2,12343.82,2025-01-26,Y
L0006328,775,Broker,17674.34,0,0.0,1951.46,2,11254.93,2021-07-13,Y
L0006329,684,Online,6846.7,0,0.0,413.82,1,3633.77,2025-12-30,Y
L0006330,694,Broker,10184.99,0,0.0,1540.89,2,18019.71,2024-04-01,Y
L0006331,618,Online,38471.49,0,0.0,17726.85,2,15523.33,2022-02-13,Y
L0006332,689,Online,14728.81,0,0.0,4871.12,3,18462.18,2022-08-15,Y
L0006333,700,Broker,31766.98,0,0.0,3649.6,3,11139.42,2024-06-08,N
L0006334,747,Broker,40681.91,0,0.0,5065.19,4,12942.48,2022-05-04,N
L0006335,730,Branch,56996.04,0,0.0,6062.15,1,5435.94,2023-10-19,N
L0006336,679,Branch,24443.79,0,0.0,6871.6,2,18537.83,2022-05-18,N
L0006337,636,Branch,18398.62,0,0.0,6512.22,1,19255.39,2023-01-17,N
L0006338,631,Branch,18829.25,0,0.0,8731.59,1,18501.36,2021-11-18,N
L0006339,663,Broker,11434.01,0,0.0,1761.9,2,25179.09,2025-02-26,Y
L0006340,777,Online,23000.91,0,0.0,2245.29,2,1777.01,2022-02-24,Y
L0006341,728,Broker,10478.49,0,0.0,1989.02,4,1496.13,2022-11-04,Y
L0006342,611,Online,17093.09,0,0.0,1840.53,2,7323.89,2025-09-28,Y
L0006343,743,Online,39741.32,0,0.0,3148.2,3,5068.09,2023-11-12,Y
L0006344,810,Online,43453.92,0,0.0,2878.5,1,7537.12,2023-04-01,N
L0006345,673,Branch,44341.7,0,0.0,12100.88,4,21231.82,2022-09-13,N
L0006346,718,Branch,33336.78,0,0.0,4818.2,4,12048.39,2023-05-11,Y
L0006347,721,Online,47018.76,0,0.0,4204.62,2,2929.1,2025-03-08,Y
L0006348,758,Broker,35953.21,0,0.0,1432.87,1,7132.27,2024-11-12,Y
L0006349,750,Branch,25382.73,0,0.0,1452.62,4,11272.93,2024-07-01,N
L0006350,-9999,Online,49759.3,0,0.0,3173.7,1,11776.32,2025-09-22,Y
L0006351,769,Online,13214.41,0,0.0,1435.1,4,4820.02,2022-03-17,Y
L0006352,731,Broker,34704.25,0,0.0,620.95,3,14128.99,2026-02-14,N
L0006353,703,Branch,5992.45,0,0.0,910.93,4,12005.02,2025-06-02,N
L0006354,698,Broker,32842.08,0,0.0,716.61,3,14347.92,2026-03-07,N
L0006355,627,Online,18517.79,0,0.0,7088.95,2,18891.73,2022-11-05,Y
L0006356,702,Broker,36546.24,0,0.0,2012.97,3,13945.46,2025-08-01,Y
L0006357,700,Broker,24131.27,0,0.0,3194.45,3,8896.04,2024-02-17,Y
L0006358,668,Online,30150.43,0,0.0,7575.04,1,17269.53,2023-05-06,N
L0006359,722,Online,25268.84,0,0.0,7579.06,4,19591.66,2021-10-28,Y
L0006360,659,Branch,44662.11,1,14023.88,-11634.32,3,7635.05,2025-12-01,Y
L0006361,746,Online,35239.96,0,0.0,4549.61,3,8901.07,2021-12-13,N
L0006362,686,Broker,23294.39,0,0.0,7200.64,3,24288.07,2021-12-30,N
L0006363,645,Branch,53534.62,0,0.0,18525.61,1,13906.8,2022-08-22,Y
L0006364,669,Online,53004.71,0,0.0,2188.31,3,12464.99,2025-12-12,Y
L0006365,692,Broker,44397.86,0,0.0,8063.19,1,20162.67,2023-08-19,N
L0006366,716,Broker,13507.61,1,8903.93,-7200.76,4,9782.6,2024-03-28,Y
L0006367,705,Branch,5468.8,0,0.0,506.57,1,3962.81,2025-04-28,Y
L0006368,799,Branch,56382.58,0,0.0,4973.21,4,716.23,2022-04-13,N
L0006369,551,Online,18822.57,0,0.0,4141.54,4,29933.19,2025-01-20,Y
L0006370,708,Online,5189.69,0,0.0,1524.84,3,11390.82,2022-06-01,N
L0006371,662,Broker,58186.43,0,0.0,5702.86,4,10232.59,2025-04-12,Y
L0006372,710,Broker,36729.17,0,0.0,7747.57,2,5491.31,2022-04-29,Y
L0006373,804,Branch,20080.1,0,0.0,1855.11,2,9683.02,2023-01-04,N
L0006374,753,Broker,38543.9,0,0.0,2347.56,2,2549.43,2023-12-06,N
L0006375,641,Broker,46451.16,0,0.0,14754.0,4,12435.24,2023-01-10,Y
L0006376,664,Broker,14473.05,0,0.0,3031.05,4,15519.32,2024-01-26,N
L0006377,684,Online,42254.83,0,0.0,14473.58,3,658.4,2022-06-19,Y
L0006378,837,Broker,21874.53,0,0.0,1325.45,1,3960.54,2023-10-14,Y
L0006379,842,Online,9768.87,0,0.0,663.08,4,2122.47,2024-07-04,N
L0006380,670,Online,57055.36,0,0.0,12743.62,3,22307.41,2023-06-23,N
L0006381,691,Branch,54672.2,0,0.0,5415.38,3,15189.79,2024-10-31,N
L0006382,720,Broker,23347.27,0,0.0,894.46,3,6558.78,2025-11-26,Y
L0006383,727,Broker,23512.56,0,0.0,430.71,4,11003.72,2026-03-15,Y
L0006384,700,Broker,24768.78,0,0.0,1894.06,4,19080.85,2025-05-08,Y
L0006385,720,Broker,19205.73,0,0.0,411.24,3,13436.72,2026-03-25,Y
L0006386,714,Branch,8563.71,0,0.0,1661.04,3,14254.65,2022-11-30,Y
L0006387,633,Branch,49157.83,0,0.0,8027.67,4,16341.3,2024-10-31,N
L0006388,736,Online,37946.91,0,0.0,6661.14,2,6721.08,2023-06-11,N
L0006389,577,Broker,10612.61,1,7904.66,-4745.93,3,22582.02,2024-04-23,Y
L0006390,594,Broker,44656.22,0,0.0,17553.36,1,20317.81,2023-03-05,Y
L0006391,664,Branch,58425.09,0,0.0,10019.61,2,4985.11,2024-04-21,Y
L0006392,798,Online,59175.88,0,0.0,3745.13,2,4581.86,2023-10-17,Y
L0006393,721,Broker,5561.9,0,0.0,647.9,1,2476.98,2023-12-26,N
L0006394,660,Branch,42556.03,0,0.0,12675.89,1,18962.86,2022-10-09,Y
L0006395,663,Broker,44335.0,0,0.0,7955.98,1,10110.68,2024-04-19,Y
L0006396,665,Branch,35281.34,0,0.0,10894.09,3,6400.55,2022-07-11,N
L0006397,672,Online,53346.24,0,0.0,14372.87,4,10759.1,2022-10-05,N
L0006398,757,Broker,24618.53,0,0.0,1118.46,2,10196.41,2025-04-07,Y
L0006399,652,Online,34990.75,0,0.0,13482.11,1,12209.36,2021-12-18,N
L0006400,-9999,Broker,33180.72,0,0.0,858.56,2,14636.72,2026-01-07,Y
L0006401,689,Online,37801.34,0,0.0,3723.35,1,7931.14,2025-04-21,N
L0006402,709,Broker,19990.93,0,0.0,2703.28,4,13607.98,2023-10-12,
L0006403,667,Online,57312.89,0,0.0,14188.91,1,26975.51,2023-04-08,Y
L0006404,775,Online,57480.88,0,0.0,2031.62,3,6662.43,2024-10-03,Y
L0006405,737,Online,45587.38,0,0.0,6044.26,3,9827.35,2024-02-22,N
L0006406,660,Branch,48755.48,0,0.0,4916.21,4,17303.42,2025-03-14,Y
L0006407,669,Online,43133.86,0,0.0,5067.32,3,20957.37,2024-12-24,Y
L0006408,679,Online,59202.82,0,0.0,10492.84,1,18155.09,2023-11-22,Y
L0006409,782,Branch,52253.0,0,0.0,1566.16,1,5993.96,2025-03-22,N
L0006410,839,Online,21910.12,0,0.0,832.17,3,3230.08,2025-05-30,Y
L0006411,832,Branch,46452.07,0,0.0,1658.02,3,3785.19,2025-01-30,N
L0006412,645,Online,33331.65,0,0.0,8925.14,4,7176.94,2023-07-20,Y
L0006413,786,Broker,57233.23,0,0.0,2577.17,2,3997.15,2024-07-18,N
L0006414,709,Broker,18009.05,0,0.0,2184.33,3,7590.48,2024-07-14,N
L0006415,627,Branch,25522.32,0,0.0,7844.31,4,26150.81,2023-07-15,N
L0006416,560,Broker,39046.01,1,29253.6,-23268.53,1,30397.16,2025-05-31,Y
L0006417,691,Online,5333.39,0,0.0,926.11,4,6026.73,2025-05-03,N
L0006418,737,Branch,10768.11,0,0.0,1497.26,2,12441.14,2023-04-05,N
L0006419,713,Online,19991.93,0,0.0,3284.31,2,8472.43,2024-03-10,Y
L0006420,663,Broker,51682.83,0,0.0,15899.15,1,22615.81,2022-07-29,Y
L0006421,624,Broker,42472.9,0,0.0,11288.99,2,11511.78,2023-12-12,N
L0006422,711,Branch,14215.89,0,0.0,1136.07,1,10751.33,2025-06-08,Y
L0006423,750,Branch,30349.14,0,0.0,1860.92,1,16946.71,2024-03-20,Y
L0006424,869,Branch,8455.97,0,0.0,1072.78,2,605.43,2022-08-06,Y
L0006425,725,Branch,27062.41,0,0.0,2211.65,1,11228.77,2024-10-28,N
L0006426,766,Online,54809.91,0,0.0,5645.7,4,8855.73,2021-10-21,Y
L0006427,742,Branch,6885.99,0,0.0,949.8,1,11443.27,2024-05-24,N
L0006428,713,Branch,32159.38,0,0.0,5699.56,1,9561.81,2023-01-08,N
L0006429,656,Branch,35966.26,0,0.0,9293.86,2,7004.51,2023-06-25,Y
L0006430,709,Online,7553.78,0,0.0,389.0,2,11039.87,2025-12-27,Y
L0006431,716,Broker,46821.21,0,0.0,1153.97,2,10293.64,2026-01-18,N
L0006432,618,Online,5045.77,0,0.0,2761.01,1,19806.41,2022-01-30,N
L0006433,686,Branch,40407.32,0,0.0,10211.98,4,5337.23,2022-09-08,Y
L0006434,718,Broker,19532.66,0,0.0,3988.16,1,9842.92,2022-04-21,N
L0006435,699,Online,9257.17,0,0.0,3369.96,4,9621.12,2022-01-14,N
L0006436,695,Branch,7159.69,0,0.0,1124.63,2,9184.75,2023-11-20,Y
L0006437,666,Branch,11156.35,1,7903.44,-6689.07,3,20548.09,2025-08-11,Y
L0006438,778,Online,43648.09,0,0.0,1916.0,1,7172.6,2024-05-07,N
L0006439,818,Branch,41636.23,0,0.0,3392.37,4,1406.06,2022-11-08,N
L0006440,659,Broker,49407.43,0,0.0,10045.75,2,23895.88,2024-01-13,N
L0006441,680,Broker,6025.12,0,0.0,1360.86,2,19177.1,2023-07-02,N
L0006442,739,Broker,44128.32,0,0.0,6690.88,2,3469.97,2021-11-29,Y
L0006443,764,Online,48727.98,0,0.0,2455.96,4,5307.44,2024-07-15,N
L0006444,616,Broker,57049.65,1,34286.91,-12848.11,1,12186.85,2022-12-02,Y
L0006445,685,Broker,53415.04,0,0.0,10510.47,1,12232.13,2023-06-13,N
L0006446,652,Online,59449.61,1,45489.04,-22088.4,2,18201.1,2021-11-18,N
L0006447,712,Broker,50275.84,0,0.0,8664.51,2,9915.74,2023-02-08,N
L0006448,703,Branch,13756.11,0,0.0,4116.43,4,22566.22,2021-07-27,Y
L0006449,664,Branch,49903.57,0,0.0,16367.49,3,19345.23,2022-05-30,N
L0006450,-9999,Broker,6104.87,0,0.0,1145.34,1,4751.04,2022-12-22,N
L0006451,747,Broker,24510.91,0,0.0,3006.47,1,4887.46,2022-08-16,N
L0006452,772,Branch,5312.05,0,0.0,334.19,3,3860.85,2024-10-05,N
L0006453,679,Online,55304.05,0,0.0,4473.24,4,15187.7,2025-05-29,N
L0006454,711,Branch,29981.58,0,0.0,6409.27,2,7538.55,2022-03-06,N
L0006455,659,Broker,35032.06,0,0.0,9074.4,4,24465.73,2023-04-01,N
L0006456,738,Broker,51287.49,0,0.0,6434.77,4,6984.83,2022-10-12,N
L0006457,687,Online,54633.05,0,0.0,10203.98,4,21949.06,2024-04-25,Y
L0006458,705,Branch,51705.63,0,0.0,10263.05,3,16679.65,2022-11-14,Y
L0006459,554,Broker,21920.96,0,0.0,11170.09,3,8651.67,2022-12-29,Y
L0006460,793,Broker,58202.49,0,0.0,4619.93,4,5432.1,2022-12-28,N
L0006461,649,Branch,21663.79,0,0.0,4177.66,3,10819.71,2024-04-04,N
L0006462,809,Branch,42609.8,0,0.0,2272.3,2,6597.01,2024-02-09,N
L0006463,719,Online,28365.83,0,0.0,6571.5,1,8556.35,2022-12-25,N
L0006464,695,Online,13480.72,0,0.0,3865.03,1,15261.73,2022-11-09,N
L0006465,758,Online,35948.58,0,0.0,1055.49,3,7924.83,2025-08-31,N
L0006466,625,Branch,22715.36,0,0.0,10786.46,3,8924.78,2021-12-09,N
L0006467,785,Broker,16229.99,0,0.0,974.95,3,9502.37,2023-10-06,N
L0006468,695,Broker,11216.34,0,0.0,1886.42,4,20785.81,2023-09-24,Y
L0006469,704,Broker,29219.19,0,0.0,4274.76,3,17742.17,2024-01-10,N
L0006470,798,Broker,7288.19,0,0.0,883.42,1,4185.37,2024-05-05,N
L0006471,660,Online,29221.1,0,0.0,6982.88,1,13490.01,2023-07-21,Y
L0006472,651,Branch,28822.35,0,0.0,4839.89,4,18079.89,2024-08-20,Y
L0006473,671,Branch,52527.89,0,0.0,15302.76,4,7459.49,2022-08-20,N
L0006474,711,Branch,43297.61,0,0.0,7498.88,4,11648.06,2023-02-28,Y
L0006475,745,Online,58093.48,0,0.0,1538.72,3,10188.44,2025-08-27,Y
L0006476,640,Broker,5988.63,0,0.0,1268.35,3,13117.92,2025-02-07,N
L0006477,651,Online,13563.92,0,0.0,3978.79,1,9451.13,2023-05-23,N
L0006478,670,Broker,19069.85,0,0.0,4788.76,2,6653.93,2023-05-28,Y
L0006479,719,Broker,35273.54,0,0.0,1439.75,3,9878.47,2025-09-16,N
L0006480,672,Online,9269.28,0,0.0,365.62,4,21401.98,2026-02-08,N
L0006481,771,Branch,44801.02,0,0.0,1730.05,1,11210.17,2025-01-09,N
L0006482,661,Branch,28955.7,0,0.0,1793.53,3,11796.33,2025-10-08,N
L0006483,788,Broker,14968.18,0,0.0,543.64,3,4567.23,2025-04-03,N
L0006484,683,Branch,18008.28,0,0.0,4521.44,4,4442.9,2022-12-07,Y
L0006485,650,Branch,56594.27,0,0.0,1802.26,4,18779.3,2026-03-13,Y
L0006486,678,Broker,30836.64,0,0.0,8039.98,3,3101.45,2022-10-26,N
L0006487,653,Branch,48095.32,0,0.0,20050.23,4,18385.33,2021-08-12,N
L0006488,792,Broker,52777.69,0,0.0,1794.08,4,5753.11,2024-10-15,Y
L0006489,706,Branch,28035.57,0,0.0,6726.86,3,11984.03,2022-02-21,N
L0006490,686,Online,40128.65,0,0.0,8808.53,2,14768.9,2023-11-18,Y
L0006491,795,Online,46259.94,0,0.0,2030.67,2,2394.86,2024-11-22,N
L0006492,692,Broker,6045.26,0,0.0,626.77,1,7445.04,2025-11-08,N
L0006493,692,Online,55068.69,0,0.0,11555.14,3,11499.96,2023-11-19,N
L0006494,667,Online,36362.53,0,0.0,1331.36,4,26495.82,2026-01-14,Y
L0006495,768,Online,38658.09,0,0.0,3457.18,1,4688.68,2022-09-09,N
L0006496,607,Branch,25545.0,0,0.0,6101.39,1,3339.86,2024-05-10,N
L0006497,657,Branch,38738.68,0,0.0,2152.9,4,10515.32,2025-11-26,Y
L0006498,611,Branch,18739.2,0,0.0,6070.76,3,6421.0,2023-07-01,N
L0006499,695,Broker,42003.45,0,0.0,6506.31,2,16807.75,2023-12-03,
L0006500,-9999,Branch,8593.95,0,0.0,939.71,4,9213.88,2024-12-05,Y
L0006501,714,Broker,58568.23,0,0.0,4670.01,2,4871.79,2024-12-25,N
L0006502,708,Branch,49579.7,0,0.0,11299.29,1,7891.74,2022-02-05,N
L0006503,659,Branch,39557.69,0,0.0,13330.85,2,17727.43,2022-05-06,N
L0006504,639,Branch,53973.73,0,0.0,20791.26,2,14002.36,2022-05-06,N
L0006505,690,Branch,17965.43,0,0.0,3802.62,2,11404.71,2023-06-06,N
L0006506,659,Branch,41827.73,1,21706.77,-12624.77,4,5182.92,2023-11-29,Y
L0006507,708,Branch,47915.22,0,0.0,9491.23,4,8594.57,2022-08-24,Y
L0006508,701,Broker,38348.95,0,0.0,5069.95,2,17396.81,2024-03-14,Y
L0006509,623,Broker,56617.86,0,0.0,28520.41,2,18140.02,2021-07-23,Y
L0006510,670,Broker,55325.91,1,32734.82,-18513.9,4,15332.09,2023-01-27,Y
L0006511,661,Online,39400.59,0,0.0,4650.11,4,12181.12,2025-02-16,N
L0006512,737,Online,9320.12,0,0.0,2341.12,3,15545.44,2022-04-22,Y
L0006513,826,Branch,6204.52,0,0.0,283.86,3,3344.51,2025-12-03,Y
L0006514,560,Broker,21516.49,0,0.0,6172.09,3,21597.75,2024-06-01,Y
L0006515,646,Online,18144.64,0,0.0,3452.8,3,15411.52,2024-07-16,Y
L0006516,665,Online,10582.58,0,0.0,1375.96,4,2984.94,2024-12-28,N
L0006517,667,Broker,34524.43,0,0.0,3761.95,1,10734.2,2025-03-19,Y
L0006518,647,Broker,13022.46,0,0.0,5769.54,2,9462.26,2021-09-09,N
L0006519,617,Online,27404.75,0,0.0,8344.52,1,23402.1,2023-08-07,Y
L0006520,844,Broker,54617.66,0,0.0,1592.11,4,4448.65,2025-03-29,N
L0006521,788,Broker,10537.53,0,0.0,1195.91,3,0.0,2022-03-27,N
L0006522,631,Broker,58424.75,0,0.0,18942.01,1,14188.43,2023-03-10,N
L0006523,684,Online,19882.2,0,0.0,4436.72,3,269.81,2023-11-24,Y
L0006524,741,Branch,57464.34,0,0.0,910.02,2,16581.27,2026-03-07,Y
L0006525,740,Broker,58313.16,0,0.0,2462.58,1,13972.12,2025-03-13,N
L0006526,814,Branch,51874.77,0,0.0,2141.2,4,6004.39,2024-06-04,N
L0006527,751,Branch,27665.21,0,0.0,2647.06,2,7266.22,2023-06-01,Y
L0006528,783,Broker,13299.39,0,0.0,456.2,1,8176.3,2025-03-05,N
L0006529,651,Broker,52837.66,0,0.0,19278.44,1,17960.09,2022-04-17,Y
L0006530,737,Branch,26800.2,0,0.0,3384.14,4,10877.84,2023-05-05,N
L0006531,699,Online,15590.39,0,0.0,1548.92,1,15367.4,2025-04-16,N
L0006532,760,Branch,45514.22,0,0.0,3494.21,1,7315.06,2022-08-02,Y
L0006533,703,Broker,34079.09,0,0.0,4399.07,4,15664.43,2024-04-04,Y
L0006534,801,Broker,58276.23,0,0.0,3506.7,3,6841.67,2023-09-24,Y
L0006535,648,Branch,40887.62,0,0.0,2595.39,3,20775.62,2025-11-30,N
L0006536,705,Broker,16918.62,0,0.0,3294.21,2,2788.86,2023-01-05,N
L0006537,655,Branch,40212.86,0,0.0,1265.28,4,14271.61,2026-03-13,Y
L0006538,674,Online,21391.8,1,7364.91,-3742.62,2,11383.64,2024-03-10,Y
L0006539,812,Branch,15272.01,0,0.0,754.68,3,4492.4,2024-09-14,N
L0006540,761,Branch,52317.17,0,0.0,3626.1,2,7957.49,2023-02-14,N
L0006541,762,Broker,25418.46,0,0.0,1955.98,4,6177.81,2023-05-16,N
L0006542,724,Branch,50681.0,0,0.0,10702.7,1,14834.44,2021-08-19,N
L0006543,697,Online,30639.36,0,0.0,8539.4,4,14152.39,2022-12-06,N
L0006544,723,Online,51352.56,0,0.0,14729.18,4,5408.47,2021-12-17,Y
L0006545,774,Branch,49529.78,0,0.0,3862.99,4,7460.88,2022-09-02,N
L0006546,715,Broker,8145.28,0,0.0,1676.12,2,15948.22,2023-06-11,N
L0006547,702,Online,56013.6,0,0.0,14861.5,4,2162.64,2023-01-10,N
L0006548,703,Online,44936.06,0,0.0,13561.24,4,11616.73,2022-07-24,N
L0006549,656,Online,5229.96,0,0.0,1663.83,4,15867.41,2023-03-07,Y
L0006550,-9999,Online,41604.16,0,0.0,11401.13,1,4421.51,2023-01-17,N
L0006551,696,Branch,41002.04,1,28601.87,-23429.0,4,2910.96,2024-05-02,N
L0006552,693,Broker,36625.79,0,0.0,9678.56,3,12011.46,2022-04-22,Y
L0006553,710,Broker,48057.77,0,0.0,11946.45,3,14270.35,2021-08-02,N
L0006554,689,Branch,40422.16,0,0.0,12276.38,2,2127.63,2021-09-25,N
L0006555,697,Broker,19946.24,0,0.0,3590.25,3,20478.45,2023-06-17,Y
L0006556,648,Branch,12458.23,0,0.0,1772.78,1,1053.04,2025-05-15,N
L0006557,707,Broker,25521.6,0,0.0,2158.07,1,5295.28,2024-12-27,N
L0006558,696,Online,15512.75,0,0.0,1647.33,3,8530.65,2025-03-09,N
L0006559,732,Branch,54204.29,0,0.0,8864.22,4,11459.19,2022-02-17,N
L0006560,696,Online,34871.07,0,0.0,13083.63,1,13268.14,2021-09-22,Y
L0006561,718,Broker,47974.27,0,0.0,6455.82,3,10182.37,2023-08-24,N
L0006562,678,Branch,22092.83,0,0.0,6648.0,3,14260.37,2022-04-24,N
L0006563,755,Branch,18429.81,0,0.0,1443.28,3,6970.02,2024-02-14,Y
L0006564,668,Online,5955.98,0,0.0,1034.3,4,14511.31,2024-11-27,N
L0006565,646,Branch,25416.4,0,0.0,9438.32,3,18045.56,2022-04-09,Y
L0006566,747,Broker,5667.28,0,0.0,575.35,3,21975.23,2022-12-27,N
L0006567,602,Branch,8004.47,0,0.0,4477.0,2,10407.59,2022-01-11,N
L0006568,636,Broker,48444.67,1,27870.39,-7998.09,4,11980.66,2022-03-02,Y
L0006569,735,Branch,7267.69,0,0.0,642.01,3,22134.55,2026-02-14,Y
L0006570,829,Online,51147.41,0,0.0,2617.62,1,3909.45,2024-01-14,N
L0006571,652,Broker,15078.36,0,0.0,6176.13,2,13477.05,2021-10-31,N
L0006572,711,Online,30587.57,0,0.0,8775.14,3,14296.12,2022-06-28,Y
L0006573,708,Broker,53259.21,0,0.0,6969.08,3,3039.56,2023-12-11,Y
L0006574,570,Online,49489.47,0,0.0,8246.76,1,8595.29,2025-04-13,N
L0006575,558,Broker,38453.96,1,30648.22,-26894.08,2,27807.96,2025-11-15,Y
L0006576,773,Online,45049.64,0,0.0,3592.03,3,8830.0,2023-02-26,Y
L0006577,778,Branch,33651.51,0,0.0,3270.89,2,3456.99,2022-06-02,N
L0006578,685,Online,16575.02,1,5401.92,-4532.3,3,13474.91,2026-01-16,N
L0006579,641,Online,49052.82,0,0.0,20030.68,1,13412.4,2021-12-31,Y
L0006580,701,Broker,29242.99,0,0.0,5271.11,4,9015.39,2023-07-05,Y
L0006581,668,Online,43076.95,0,0.0,13883.65,3,12603.24,2022-03-15,N
L0006582,691,Online,59847.47,0,0.0,14546.3,4,10828.43,2023-07-02,Y
L0006583,687,Branch,54532.26,0,0.0,10629.01,2,6472.04,2023-07-07,Y
L0006584,689,Online,57243.24,0,0.0,20291.7,1,8141.05,2022-03-10,N
L0006585,697,Online,28891.41,0,0.0,2439.2,4,16398.71,2025-08-16,Y
L0006586,613,Branch,33955.6,0,0.0,1860.93,2,11367.8,2026-01-25,N
L0006587,608,Branch,10159.51,0,0.0,3911.36,3,15245.73,2023-05-19,N
L0006588,723,Broker,52058.09,0,0.0,5833.58,2,11036.35,2024-01-21,N
L0006589,850,Branch,14948.75,0,0.0,1438.87,1,2187.07,2023-05-17,N
L0006590,677,Broker,45128.32,0,0.0,12446.15,3,8090.73,2022-08-02,N
L0006591,676,Broker,39163.88,0,0.0,5667.01,2,11316.28,2024-07-05,Y
L0006592,711,Broker,54746.95,0,0.0,11825.25,3,12576.96,2022-02-01,N
L0006593,619,Broker,30086.18,1,14956.29,-1745.49,1,23487.87,2022-05-10,N
L0006594,705,Branch,38987.69,0,0.0,7868.74,2,22226.01,2022-11-18,Y
L0006595,673,Branch,11815.8,0,0.0,1782.4,1,6675.78,2024-10-18,N
L0006596,675,Branch,55610.72,0,0.0,9089.69,4,4896.26,2024-04-01,
L0006597,765,Broker,21637.09,0,0.0,1540.57,4,3497.98,2023-10-11,N
L0006598,637,Branch,28409.87,0,0.0,6816.93,1,3714.89,2024-02-11,Y
L0006599,737,Broker,55605.39,0,0.0,8132.16,1,8701.9,2022-05-08,N
L0006600,-9999,Online,37298.99,0,0.0,15342.06,4,12925.36,2021-11-05,N
L0006601,654,Branch,30626.6,0,0.0,9793.78,3,14436.97,2022-10-24,Y
L0006602,708,Online,55375.36,0,0.0,2200.63,4,15025.05,2025-12-16,N
L0006603,731,Broker,26445.67,0,0.0,4854.79,1,5430.99,2021-10-29,Y
L0006604,676,Branch,16121.25,1,5120.22,-3056.65,1,17875.07,2025-01-14,N
L0006605,724,Broker,43788.44,0,0.0,1144.39,3,13941.38,2026-02-09,Y
L0006606,685,Broker,21886.9,0,0.0,1099.99,2,12527.22,2026-01-11,N
L0006607,708,Online,28049.18,0,0.0,8802.77,1,7319.48,2022-02-03,Y
L0006608,658,Broker,47619.45,0,0.0,10628.36,1,11477.27,2023-10-14,Y
L0006609,626,Online,31405.58,0,0.0,7226.09,4,11461.12,2024-03-19,Y
L0006610,764,Branch,55788.71,1,32240.94,-27823.82,4,11324.27,2022-12-28,N
L0006611,708,Broker,8700.27,0,0.0,2376.34,3,19890.19,2021-10-13,Y
L0006612,752,Online,30216.82,0,0.0,3670.87,3,14971.31,2022-01-25,Y
L0006613,731,Branch,45804.6,0,0.0,3633.33,3,9986.7,2024-05-27,N
L0006614,788,Branch,22444.99,0,0.0,2201.81,4,10844.52,2022-10-26,Y
L0006615,765,Broker,14054.12,0,0.0,985.52,2,10734.49,2024-12-15,Y
L0006616,692,Branch,36839.97,0,0.0,6445.22,2,14737.08,2023-09-24,Y
L0006617,711,Broker,33371.34,0,0.0,7241.33,4,7631.46,2022-05-25,Y
L0006618,578,Branch,31530.48,0,0.0,2923.5,3,13087.26,2025-10-01,Y
L0006619,644,Online,45622.24,1,21065.04,-8402.48,1,20373.98,2023-06-24,Y
L0006620,720,Online,54158.88,0,0.0,15994.56,3,12592.56,2021-11-09,N
L0006621,684,Online,38990.25,0,0.0,5893.01,4,17353.62,2024-10-19,N
L0006622,603,Branch,56857.05,0,0.0,16859.69,1,14098.1,2023-11-12,N
L0006623,671,Online,50480.36,0,0.0,3528.4,4,13503.26,2025-07-14,N
L0006624,680,Online,10498.73,0,0.0,3620.5,3,17349.95,2022-09-18,Y
L0006625,702,Branch,7463.68,0,0.0,1257.64,4,21461.03,2024-03-24,Y
L0006626,731,Broker,33393.72,0,0.0,5738.65,4,9587.41,2021-12-15,Y
L0006627,748,Branch,13106.86,0,0.0,1846.99,4,13864.04,2021-10-09,Y
L0006628,608,Broker,32017.76,1,9698.1,-7224.12,4,20542.88,2025-10-19,Y
L0006629,756,Broker,48579.51,0,0.0,4928.21,2,3920.25,2022-04-28,N
L0006630,619,Broker,19981.0,1,6706.58,-4984.97,2,24881.45,2025-10-06,Y
L0006631,725,Online,9247.69,0,0.0,2228.41,4,6803.88,2023-06-04,Y
L0006632,752,Branch,56308.37,0,0.0,1808.94,4,2161.61,2025-04-07,N
L0006633,796,Online,16669.51,0,0.0,2086.84,2,3887.16,2021-07-20,N
L0006634,633,Branch,44076.12,0,0.0,2349.93,1,21328.23,2025-12-01,N
L0006635,787,Branch,14731.13,1,9597.65,-8896.38,4,2300.37,2025-06-12,Y
L0006636,629,Online,41522.78,0,0.0,6717.8,3,24440.83,2024-12-21,N
L0006637,741,Branch,23384.24,1,14206.69,-13537.18,3,7486.45,2025-10-23,N
L0006638,706,Broker,37267.21,1,11920.73,-2526.66,3,3839.72,2021-10-25,Y
L0006639,638,Online,29276.11,0,0.0,9957.76,3,21567.95,2022-11-25,Y
L0006640,624,Branch,10117.97,0,0.0,4645.61,2,21499.96,2022-03-24,N
L0006641,802,Online,44725.83,0,0.0,584.86,1,6819.73,2026-02-10,N
L0006642,757,Online,46707.93,0,0.0,1865.21,2,5070.25,2025-01-04,N
L0006643,667,Online,18851.23,0,0.0,4518.75,2,9262.93,2023-09-06,Y
L0006644,675,Broker,54593.78,0,0.0,2580.92,3,20577.39,2025-11-19,Y
L0006645,697,Branch,15007.3,0,0.0,2598.07,4,27732.12,2023-11-17,Y
L0006646,703,Branch,41902.51,0,0.0,1598.87,2,11533.61,2025-11-11,N
L0006647,681,Online,23130.19,0,0.0,4235.22,4,25603.13,2024-08-12,N
L0006648,800,Branch,31006.64,0,0.0,1342.74,1,9300.26,2024-10-06,N
L0006649,723,Online,22989.4,0,0.0,7305.31,2,7883.4,2021-07-10,N
L0006650,-9999,Online,7575.67,1,3229.96,-864.56,2,16187.99,2022-12-08,Y
L0006651,652,Online,56192.27,0,0.0,8006.05,1,8276.92,2024-11-03,Y
L0006652,657,Broker,21438.97,0,0.0,8981.51,2,27632.32,2021-08-27,Y
L0006653,783,Broker,37354.04,0,0.0,680.75,4,7261.77,2025-08-07,Y
L0006654,632,Branch,9306.97,0,0.0,2013.12,2,6195.16,2024-10-13,N
L0006655,707,Online,14147.37,0,0.0,2984.23,2,8539.02,2023-07-22,N
L0006656,666,Branch,37573.89,0,0.0,12353.62,1,18178.58,2022-04-14,Y
L0006657,746,Broker,31092.05,0,0.0,4408.81,4,13869.69,2021-07-25,N
L0006658,660,Branch,34121.56,0,0.0,6396.88,1,13523.37,2024-04-20,N
L0006659,621,Branch,18891.38,0,0.0,1510.09,4,32073.11,2025-09-14,Y
L0006660,697,Branch,30223.54,0,0.0,5971.48,4,7850.35,2023-01-10,Y
L0006661,668,Online,19755.29,0,0.0,1323.02,2,28337.83,2025-08-17,Y
L0006662,782,Online,52713.83,0,0.0,2198.03,1,8884.32,2024-09-06,Y
L0006663,643,Branch,47458.56,0,0.0,13704.33,3,12658.06,2023-05-16,N
L0006664,746,Broker,52082.2,0,0.0,4518.2,4,8205.58,2023-07-11,N
L0006665,750,Broker,12770.56,0,0.0,1499.28,1,10716.58,2023-07-07,N
L0006666,717,Branch,20088.1,0,0.0,3616.54,1,9705.41,2022-11-13,N
L0006667,692,Online,48121.55,0,0.0,12713.62,1,15471.5,2023-04-07,N
L0006668,674,Branch,33261.49,0,0.0,7715.59,2,14967.02,2023-06-29,N
L0006669,750,Branch,42883.09,0,0.0,5253.23,4,7087.18,2021-10-23,N
L0006670,717,Branch,38469.85,0,0.0,7150.72,3,20412.55,2022-09-12,N
L0006671,630,Online,17188.28,0,0.0,6134.81,2,6617.29,2022-11-05,N
L0006672,635,Branch,10755.13,0,0.0,5540.63,2,16803.9,2021-06-30,N
L0006673,716,Broker,38330.53,0,0.0,6497.16,2,4247.95,2022-12-14,Y
L0006674,790,Broker,33832.31,0,0.0,1288.38,3,3729.84,2024-10-19,N
L0006675,610,Online,11754.52,0,0.0,1516.78,2,16963.54,2025-07-20,N
L0006676,721,Online,38637.64,0,0.0,6470.72,1,12052.85,2024-01-02,Y
L0006677,731,Broker,23373.92,0,0.0,2997.91,3,6494.39,2023-04-13,N
L0006678,656,Branch,31337.47,0,0.0,8995.2,4,21905.63,2023-02-22,N
L0006679,769,Branch,54555.63,0,0.0,4076.47,1,7058.33,2023-01-18,N
L0006680,815,Branch,24782.53,0,0.0,1291.87,4,10182.66,2024-09-18,N
L0006681,759,Broker,47298.4,0,0.0,3551.42,1,11542.6,2023-04-12,Y
L0006682,731,Online,44227.51,0,0.0,5403.96,4,11533.85,2024-07-01,N
L0006683,734,Online,49582.24,0,0.0,12229.04,2,12404.51,2022-01-24,Y
L0006684,664,Online,21546.34,0,0.0,7684.66,4,14441.09,2021-11-16,N
L0006685,696,Branch,21947.7,0,0.0,1212.49,2,4225.01,2025-10-06,N
L0006686,708,Branch,55426.2,0,0.0,6949.29,3,5303.34,2024-03-05,Y
L0006687,681,Branch,51971.07,0,0.0,9104.46,3,6659.2,2023-12-10,Y
L0006688,707,Broker,49355.18,0,0.0,4376.63,4,11894.15,2024-11-01,Y
L0006689,619,Online,18109.54,0,0.0,7157.26,1,17813.61,2022-12-16,Y
L0006690,583,Branch,46597.83,0,0.0,15469.03,4,25387.94,2023-11-24,N
L0006691,623,Online,49365.19,0,0.0,10022.22,3,19629.74,2024-07-15,N
L0006692,689,Broker,50696.14,0,0.0,9127.79,1,16331.36,2023-08-06,Y
L0006693,736,Online,34832.75,0,0.0,5967.86,2,9330.07,2023-06-04,
L0006694,701,Online,37034.67,0,0.0,4680.0,2,4580.45,2024-10-03,N
L0006695,668,Branch,18331.31,0,0.0,6996.49,1,20959.4,2021-09-28,Y
L0006696,631,Online,14011.26,0,0.0,2871.56,2,7136.79,2024-10-27,Y
L0006697,675,Branch,21809.16,0,0.0,1019.24,1,10470.46,2026-01-26,Y
L0006698,711,Branch,10001.36,0,0.0,2042.41,1,10891.21,2023-06-27,Y
L0006699,815,Online,20687.77,0,0.0,348.23,4,7632.88,2026-03-28,N
L0006700,-9999,Online,50427.58,0,0.0,13090.51,3,7823.06,2024-03-06,Y
L0006701,654,Branch,29054.55,0,0.0,1145.24,4,14979.09,2026-01-12,N
L0006702,758,Branch,45415.64,0,0.0,3908.66,1,4295.21,2022-06-27,Y
L0006703,735,Online,50267.36,0,0.0,2094.74,3,15070.59,2025-10-15,N
L0006704,625,Branch,9659.8,0,0.0,852.21,2,21959.29,2025-10-03,N
L0006705,636,Branch,59282.21,0,0.0,8274.16,1,22403.48,2025-01-30,Y
L0006706,661,Broker,22066.96,1,12116.14,-4009.83,3,7490.85,2021-12-16,Y
L0006707,769,Online,39368.11,0,0.0,422.41,1,13854.16,2026-02-08,N
L0006708,729,Online,53289.09,0,0.0,11353.61,1,7628.89,2022-12-28,N
L0006709,692,Branch,41469.21,0,0.0,1548.21,3,19897.08,2026-01-30,N
L0006710,676,Broker,18346.37,0,0.0,5412.47,2,15053.92,2022-09-19,Y
L0006711,715,Online,18598.24,1,9734.38,-6730.5,4,5523.37,2024-06-13,Y
L0006712,661,Branch,11467.49,0,0.0,3232.84,1,11279.29,2023-03-31,N
L0006713,672,Branch,48249.86,0,0.0,17174.83,3,15344.11,2021-09-07,N
L0006714,630,Branch,41940.81,0,0.0,15477.87,4,6987.45,2022-09-09,N
L0006715,703,Branch,49417.27,0,0.0,4596.21,3,13896.38,2024-12-25,Y
L0006716,756,Broker,18727.97,0,0.0,1510.99,1,864.51,2023-08-08,Y
L0006717,653,Broker,12112.86,0,0.0,3305.5,1,19204.07,2023-06-07,N
L0006718,668,Broker,32971.75,0,0.0,6976.59,3,9425.25,2023-09-11,N
L0006719,590,Broker,47516.59,1,23623.62,-429.46,4,16900.49,2022-07-23,Y
L0006720,644,Broker,41782.92,0,0.0,10523.85,3,17853.11,2023-09-04,Y
L0006721,692,Branch,5693.58,0,0.0,505.37,2,23892.08,2025-11-04,Y
L0006722,695,Broker,32778.11,0,0.0,6560.78,3,11436.51,2023-04-01,Y
L0006723,571,Online,44205.41,0,0.0,12046.14,2,23740.11,2024-06-07,N
L0006724,660,Branch,48254.53,0,0.0,4909.23,3,20372.99,2025-04-07,Y
L0006725,734,Branch,56110.56,0,0.0,9816.32,4,15646.01,2021-08-28,N
L0006726,677,Online,56360.21,0,0.0,19609.85,4,19488.1,2021-07-04,N
L0006727,698,Broker,17538.93,1,9487.2,-5762.68,3,20570.98,2022-10-04,Y
L0006728,668,Broker,24152.6,0,0.0,2104.36,1,14502.29,2025-08-29,N
L0006729,774,Broker,27721.93,0,0.0,1395.64,4,9133.98,2024-02-17,N
L0006730,698,Broker,37990.98,0,0.0,7421.91,3,17005.85,2023-04-04,N
L0006731,781,Online,45336.4,0,0.0,4828.69,2,12273.55,2021-07-30,N
L0006732,718,Online,7216.83,0,0.0,1238.49,1,3457.16,2023-12-29,Y
L0006733,832,Broker,14639.73,0,0.0,549.38,4,3203.78,2025-12-23,Y
L0006734,700,Online,42065.43,0,0.0,5418.19,1,15628.99,2024-11-04,N
L0006735,675,Broker,18223.65,0,0.0,4141.25,2,10732.96,2023-09-14,N
L0006736,719,Broker,17959.93,0,0.0,1867.89,3,11278.22,2024-06-11,N
L0006737,611,Broker,50614.73,1,27099.47,-7254.47,2,13405.64,2022-11-04,Y
L0006738,715,Broker,36388.1,0,0.0,5986.66,4,21629.37,2022-12-14,N
L0006739,792,Branch,32154.44,0,0.0,2621.43,4,7827.58,2023-03-27,N
L0006740,657,Online,29813.77,0,0.0,6177.69,4,13668.67,2023-12-15,N
L0006741,758,Branch,12787.78,0,0.0,1570.39,1,8151.27,2022-08-08,Y
L0006742,700,Online,18890.02,0,0.0,2725.46,2,10885.14,2024-08-20,N
L0006743,715,Online,18890.98,0,0.0,3418.95,4,16479.44,2024-02-07,Y
L0006744,609,Broker,7494.14,0,0.0,3899.94,3,5584.27,2022-06-11,Y
L0006745,697,Branch,50188.89,0,0.0,5401.42,4,9815.11,2024-10-18,Y
L0006746,670,Online,31194.01,1,23361.45,-16260.21,4,9522.75,2023-06-17,Y
L0006747,668,Branch,5516.62,0,0.0,2119.07,3,6979.53,2022-06-13,N
L0006748,740,Broker,28322.56,0,0.0,2054.61,4,18282.24,2024-09-23,N
L0006749,720,Online,49189.42,0,0.0,2261.27,2,3309.92,2025-10-24,Y
L0006750,-9999,Broker,43062.23,0,0.0,15299.17,3,13829.24,2022-03-09,N
L0006751,654,Online,7825.35,0,0.0,1510.49,4,21195.09,2025-01-04,Y
L0006752,680,Broker,48088.49,0,0.0,13435.09,1,14844.65,2022-05-28,N
L0006753,713,Online,29234.32,1,17426.03,-13922.08,2,4431.5,2024-10-02,N
L0006754,709,Branch,33555.01,0,0.0,6372.54,2,8308.74,2022-11-17,N
L0006755,683,Branch,14028.1,0,0.0,3102.6,4,28522.69,2023-06-27,N
L0006756,689,Branch,28164.59,0,0.0,2550.34,3,9414.9,2025-04-21,N
L0006757,712,Branch,31966.57,0,0.0,3037.96,1,16944.76,2024-09-27,N
L0006758,714,Online,42803.9,0,0.0,8321.46,2,20443.19,2023-09-07,Y
L0006759,692,Broker,18246.96,0,0.0,2318.7,4,14882.81,2024-05-02,Y
L0006760,575,Online,45219.23,0,0.0,11533.73,1,14932.99,2024-07-09,Y
L0006761,703,Online,33309.08,0,0.0,11794.2,3,1577.05,2021-09-01,N
L0006762,730,Online,10976.16,0,0.0,1829.3,1,19652.63,2024-06-27,Y
L0006763,633,Broker,43998.05,0,0.0,5830.71,2,19298.79,2025-03-08,N
L0006764,802,Broker,16803.68,0,0.0,878.84,3,6730.69,2025-04-03,N
L0006765,702,Branch,42866.49,0,0.0,9548.49,1,9856.24,2022-07-14,N
L0006766,717,Broker,50984.37,0,0.0,2541.89,2,14851.14,2025-05-16,Y
L0006767,753,Broker,43789.88,0,0.0,3179.42,2,9460.85,2023-10-04,Y
L0006768,754,Broker,24354.49,0,0.0,2629.27,1,13222.19,2022-02-04,N
L0006769,696,Online,31590.79,0,0.0,12097.64,1,24998.86,2021-10-07,Y
L0006770,724,Broker,5972.15,0,0.0,917.73,2,16364.7,2024-02-16,N
L0006771,760,Branch,32670.31,1,21819.34,-20063.16,1,5866.43,2023-11-14,N
L0006772,650,Branch,7543.07,0,0.0,2981.66,4,14972.08,2021-11-13,Y
L0006773,706,Branch,5914.68,0,0.0,706.15,3,11267.4,2025-04-04,Y
L0006774,695,Broker,5722.91,0,0.0,328.82,3,7274.83,2025-11-24,Y
L0006775,606,Branch,44108.32,0,0.0,1523.23,2,14963.01,2026-03-30,Y
L0006776,680,Online,22140.89,0,0.0,4955.68,3,13958.36,2024-01-19,Y
L0006777,624,Online,43665.78,0,0.0,14961.85,2,11809.88,2023-02-05,N
L0006778,650,Branch,28515.66,0,0.0,7010.54,1,11851.59,2023-08-28,N
L0006779,630,Online,59515.25,0,0.0,20510.87,1,21970.63,2023-01-26,N
L0006780,736,Broker,30864.82,0,0.0,1156.07,4,11953.18,2025-05-16,N
L0006781,665,Branch,28531.48,0,0.0,10801.86,4,13555.63,2021-08-11,N
L0006782,664,Branch,50893.59,0,0.0,14361.69,1,11392.77,2022-10-31,Y
L0006783,738,Broker,48829.9,1,28048.45,-26169.62,4,13381.07,2025-08-25,Y
L0006784,661,Online,24786.09,1,8535.21,-4401.93,3,21315.3,2024-08-07,Y
L0006785,639,Branch,31370.74,0,0.0,7297.55,3,16563.54,2023-12-01,Y
L0006786,709,Online,53324.72,0,0.0,3410.36,3,23497.23,2025-08-20,N
L0006787,743,Broker,49064.66,0,0.0,1729.56,1,8295.99,2025-07-16,Y
L0006788,633,Branch,52641.13,0,0.0,4315.67,4,21235.26,2025-08-15,N
L0006789,689,Branch,54208.04,0,0.0,5108.63,4,11635.06,2024-12-23,Y
L0006790,786,Branch,32297.67,0,0.0,3230.92,2,2692.64,2021-09-27,
L0006791,665,Online,23605.05,0,0.0,1989.8,3,1273.09,2025-06-19,Y
L0006792,739,Online,32717.37,0,0.0,452.59,3,5316.8,2026-03-14,Y
L0006793,658,Broker,25714.71,0,0.0,1101.53,2,3320.08,2026-02-24,Y
L0006794,717,Broker,29432.75,0,0.0,2323.93,4,8615.64,2024-10-13,Y
L0006795,745,Online,39781.52,0,0.0,1136.8,3,9500.63,2025-08-03,Y
L0006796,753,Branch,8668.37,0,0.0,371.58,2,8848.87,2025-01-01,Y
L0006797,704,Broker,43065.44,0,0.0,9785.4,1,16720.38,2022-06-22,N
L0006798,740,Online,44061.01,0,0.0,5992.92,1,2938.96,2022-04-28,N
L0006799,614,Online,26976.1,0,0.0,11381.64,3,17498.16,2022-08-20,Y
L0006800,-9999,Branch,19226.46,0,0.0,1590.64,2,17087.12,2025-10-22,N
L0006801,837,Broker,8290.44,0,0.0,648.98,2,3492.6,2025-01-07,N
L0006802,691,Branch,13480.67,0,0.0,2419.04,4,24574.53,2023-07-16,N
L0006803,753,Broker,54495.12,0,0.0,3935.16,2,7641.24,2023-10-24,N
L0006804,602,Branch,55141.97,0,0.0,26113.27,2,11565.01,2022-05-30,Y
L0006805,650,Online,13096.41,0,0.0,3301.63,2,23733.32,2023-09-19,N
L0006806,692,Online,21522.07,0,0.0,2317.68,1,11705.76,2025-04-19,Y
L0006807,642,Online,13426.69,0,0.0,2005.7,2,13117.81,2025-02-24,N
L0006808,683,Broker,55656.72,0,0.0,13156.75,3,18681.13,2023-01-05,N
L0006809,759,Online,54116.46,0,0.0,833.77,4,18023.84,2025-11-21,Y
L0006810,689,Broker,12553.3,0,0.0,1408.12,1,14949.34,2024-11-08,N
L0006811,709,Broker,53517.59,0,0.0,7392.6,1,18009.31,2023-10-01,Y
L0006812,811,Branch,30411.66,0,0.0,2744.4,3,3544.03,2022-01-23,N
L0006813,652,Broker,52475.22,0,0.0,14605.55,1,17815.55,2023-04-10,N
L0006814,775,Online,12620.7,0,0.0,750.41,1,5393.04,2024-01-20,N
L0006815,729,Broker,10340.83,0,0.0,758.0,3,15074.64,2025-01-04,N
L0006816,657,Online,19929.97,0,0.0,1593.01,3,17272.62,2025-09-15,N
L0006817,706,Branch,53131.88,0,0.0,8659.35,2,0.0,2023-06-10,Y
L0006818,688,Broker,25028.56,0,0.0,7696.3,1,15503.23,2021-10-08,Y
L0006819,577,Broker,58505.24,1,31346.75,-25074.56,2,28420.93,2025-09-22,N
L0006820,665,Broker,24496.77,0,0.0,7299.69,4,12263.52,2022-08-28,Y
L0006821,756,Broker,57920.1,0,0.0,6006.48,3,4564.24,2022-02-14,Y
L0006822,693,Branch,16541.05,0,0.0,1238.89,3,12123.13,2025-09-19,N
L0006823,727,Online,22046.91,0,0.0,907.74,2,15604.19,2026-02-19,N
L0006824,714,Broker,22996.94,0,0.0,1267.85,2,4947.56,2025-10-13,N
L0006825,708,Branch,19920.66,0,0.0,3381.14,1,19087.72,2023-04-27,Y
L0006826,703,Branch,24781.68,0,0.0,6391.17,2,12191.78,2021-11-05,N
L0006827,726,Branch,16444.23,0,0.0,980.07,1,4904.68,2025-02-25,N
L0006828,669,Broker,34985.99,0,0.0,11974.44,2,17695.82,2022-01-25,N
L0006829,611,Branch,45091.86,0,0.0,11655.03,2,30076.75,2024-03-18,Y
L0006830,674,Branch,44941.02,0,0.0,6356.8,3,3998.34,2024-08-06,Y
L0006831,741,Broker,21487.16,0,0.0,1721.8,2,12849.19,2024-04-19,N
L0006832,644,Branch,45298.16,1,21389.14,-10613.93,3,21074.12,2023-11-23,Y
L0006833,654,Branch,5079.75,0,0.0,997.29,4,6389.49,2024-09-10,Y
L0006834,711,Branch,53131.14,0,0.0,5481.38,3,7294.38,2024-05-30,Y
L0006835,807,Online,38804.21,0,0.0,1359.34,1,7151.08,2024-12-29,N
L0006836,686,Broker,16293.64,0,0.0,4515.38,4,11830.92,2022-05-23,Y
L0006837,723,Online,35381.64,0,0.0,6085.78,1,13566.75,2023-09-13,N
L0006838,641,Broker,42493.33,0,0.0,13538.65,2,9787.8,2023-02-04,Y
L0006839,691,Branch,54165.92,0,0.0,11555.6,2,8624.46,2023-02-09,N
L0006840,729,Broker,38460.42,0,0.0,4040.97,4,8927.39,2024-01-06,N
L0006841,789,Online,13066.63,0,0.0,1355.17,4,12014.43,2021-11-16,N
L0006842,775,Online,51394.51,0,0.0,4693.25,4,2637.95,2022-03-04,N
L0006843,698,Online,50228.3,1,35484.59,-31059.14,3,23010.69,2025-06-04,Y
L0006844,677,Broker,14547.23,0,0.0,1065.33,3,12536.7,2025-12-23,N
L0006845,677,Branch,30535.31,0,0.0,4144.02,1,18772.23,2024-10-24,Y
L0006846,648,Broker,13637.93,0,0.0,5965.11,1,10653.25,2021-08-18,N
L0006847,756,Broker,54051.41,0,0.0,6444.77,1,5055.78,2021-07-27,Y
L0006848,680,Broker,41823.58,0,0.0,13355.41,1,8481.69,2021-11-21,N
L0006849,764,Branch,46327.71,0,0.0,2723.28,1,12013.9,2023-08-27,Y
L0006850,-9999,Branch,25679.59,0,0.0,2751.73,3,4905.92,2022-07-03,Y
L0006851,782,Branch,18498.26,0,0.0,2225.58,1,1815.13,2021-11-08,Y
L0006852,661,Online,26641.62,0,0.0,5753.15,3,22222.24,2023-10-24,Y
L0006853,643,Broker,16134.74,0,0.0,2844.41,4,21766.21,2024-09-23,Y
L0006854,708,Broker,52037.76,0,0.0,6590.68,2,4903.0,2024-01-28,Y
L0006855,721,Online,18903.8,0,0.0,4395.26,3,24323.21,2022-10-25,N
L0006856,664,Online,52200.67,0,0.0,20828.84,1,8106.77,2021-06-30,N
L0006857,663,Branch,52742.3,0,0.0,13493.14,4,6323.95,2023-04-04,Y
L0006858,653,Online,31561.68,0,0.0,9392.43,1,17337.73,2022-12-08,N
L0006859,693,Online,49621.32,0,0.0,16436.67,1,10067.36,2022-06-29,Y
L0006860,820,Branch,19236.68,0,0.0,2074.11,3,3914.27,2022-04-17,N
L0006861,725,Broker,39840.82,0,0.0,4673.3,2,16406.34,2023-10-25,N
L0006862,723,Online,31792.44,0,0.0,6949.42,3,17701.98,2023-03-06,Y
L0006863,612,Branch,30113.26,0,0.0,11832.93,3,19393.77,2022-11-18,Y
L0006864,633,Broker,34755.5,0,0.0,5129.14,2,22210.16,2025-01-24,Y
L0006865,682,Branch,44095.46,0,0.0,3981.64,3,5106.47,2025-02-06,Y
L0006866,742,Online,11688.7,0,0.0,1011.21,4,20663.3,2024-01-29,N
L0006867,617,Branch,37057.82,1,21507.69,-20434.43,2,8392.5,2026-03-01,N
L0006868,727,Broker,51198.47,0,0.0,2886.64,2,8833.68,2025-02-05,Y
L0006869,736,Online,45381.86,1,21780.51,-14704.16,4,10848.2,2023-10-18,N
L0006870,697,Online,14661.03,0,0.0,3067.56,4,17604.28,2023-11-13,Y
L0006871,722,Broker,56577.93,0,0.0,5150.14,1,18720.75,2024-07-02,N
L0006872,610,Branch,33805.72,0,0.0,17588.81,2,17031.12,2021-11-26,N
L0006873,687,Branch,44557.49,1,35216.67,-32605.68,1,22267.85,2025-09-22,N
L0006874,686,Broker,38322.14,0,0.0,5811.08,2,24722.05,2024-02-13,N
L0006875,767,Branch,12992.03,0,0.0,432.27,4,5260.76,2025-06-01,N
L0006876,621,Online,7631.19,0,0.0,1641.35,3,8352.24,2024-06-06,Y
L0006877,691,Online,7699.05,0,0.0,687.22,1,13177.11,2026-02-04,N
L0006878,581,Online,57566.03,0,0.0,13250.5,1,13551.97,2024-09-09,N
L0006879,616,Broker,18716.18,0,0.0,4416.42,1,25261.15,2024-06-29,N
L0006880,738,Broker,53045.84,0,0.0,8068.18,2,7526.81,2022-02-20,Y
L0006881,704,Broker,44140.43,0,0.0,9462.34,2,17474.92,2022-09-06,Y
L0006882,655,Online,8055.87,0,0.0,876.52,2,11071.18,2025-05-27,Y
L0006883,650,Broker,27781.86,0,0.0,2665.49,1,8724.45,2025-05-30,Y
L0006884,708,Online,33585.34,0,0.0,8100.72,2,12516.58,2023-04-02,Y
L0006885,766,Online,33869.94,0,0.0,2003.28,3,10220.15,2023-12-08,Y
L0006886,730,Branch,10882.33,1,3740.97,-2274.01,4,16835.54,2023-01-25,N
L0006887,715,Online,40448.29,0,0.0,1154.71,3,12325.15,2026-02-26,
L0006888,507,Online,23454.38,0,0.0,16619.23,4,15116.52,2022-06-14,Y
L0006889,682,Broker,14044.38,0,0.0,4884.41,3,11704.89,2021-11-11,Y
L0006890,623,Branch,49247.16,0,0.0,21968.01,1,23188.62,2022-03-05,Y
L0006891,694,Broker,8325.7,0,0.0,1360.03,2,9521.04,2023-11-08,Y
L0006892,751,Branch,59852.06,0,0.0,7758.39,1,6898.97,2021-07-23,N
L0006893,835,Broker,25904.29,0,0.0,2355.65,4,3961.45,2022-04-18,N
L0006894,650,Online,52668.34,0,0.0,7006.84,1,16011.15,2025-01-23,N
L0006895,638,Broker,19198.46,0,0.0,1619.58,3,4398.86,2025-08-17,N
L0006896,726,Online,22598.8,0,0.0,1128.5,2,12701.88,2025-10-18,Y
L0006897,686,Online,38745.52,0,0.0,2684.84,3,13313.36,2025-10-10,Y
L0006898,773,Branch,8405.03,0,0.0,660.77,2,8287.15,2023-12-26,N
L0006899,693,Online,47108.18,0,0.0,11996.79,2,12774.08,2023-04-03,Y
L0006900,-9999,Broker,24065.19,0,0.0,2299.73,2,12606.76,2021-09-16,Y
L0006901,733,Online,38014.28,0,0.0,1504.61,3,9320.24,2025-12-05,Y
L0006902,628,Broker,22028.92,0,0.0,7781.84,1,28734.12,2023-02-12,Y
L0006903,647,Branch,34841.97,0,0.0,11071.78,1,18323.55,2022-11-26,Y
L0006904,628,Broker,14594.62,0,0.0,5484.38,3,18727.64,2022-12-26,N
L0006905,680,Branch,53595.38,0,0.0,17015.1,4,13829.55,2021-10-23,Y
L0006906,795,Online,51973.03,0,0.0,1008.46,3,10662.98,2025-07-05,N
L0006907,681,Branch,41902.18,0,0.0,12773.42,2,1107.15,2022-02-12,Y
L0006908,613,Broker,26724.66,0,0.0,7409.27,1,11737.62,2023-12-21,N
L0006909,655,Broker,53958.5,0,0.0,21679.73,2,15609.45,2021-09-18,Y
L0006910,631,Broker,5575.98,0,0.0,772.68,4,19403.4,2025-11-28,Y
L0006911,726,Broker,6558.19,0,0.0,1721.07,3,12768.93,2021-11-21,N
L0006912,796,Branch,26163.81,1,11153.06,-9790.89,2,5662.44,2024-08-20,Y
L0006913,585,Online,53257.73,0,0.0,25090.77,3,16391.55,2022-09-26,N
L0006914,642,Broker,5683.85,0,0.0,2027.11,4,17385.24,2023-05-19,Y
L0006915,734,Branch,9510.67,0,0.0,636.75,2,14454.97,2026-01-19,N
L0006916,633,Branch,49169.66,0,0.0,20180.63,2,18720.33,2022-03-01,N
L0006917,699,Branch,45440.75,0,0.0,12929.48,3,6449.71,2021-08-28,Y
L0006918,669,Online,52231.26,0,0.0,10004.68,4,20916.74,2023-12-30,Y
L0006919,699,Online,44832.48,0,0.0,10024.23,4,5618.07,2023-07-31,Y
L0006920,698,Branch,30679.49,0,0.0,8174.47,3,15475.2,2022-01-27,N
L0006921,723,Online,31900.11,1,12043.16,-3087.01,3,12288.92,2022-03-27,N
L0006922,630,Broker,22365.92,0,0.0,8875.95,3,19108.49,2022-07-18,N
L0006923,619,Branch,30418.87,0,0.0,12464.18,4,12760.32,2022-07-29,N
L0006924,711,Online,36993.56,1,11529.42,-5991.17,2,13199.58,2024-06-30,Y
L0006925,653,Broker,6278.97,0,0.0,1256.15,2,17421.19,2025-02-01,N
L0006926,693,Online,29318.69,0,0.0,11581.83,4,11426.91,2021-07-12,Y
L0006927,707,Online,20862.28,0,0.0,7957.27,2,6142.72,2021-07-09,Y
L0006928,746,Branch,41097.9,0,0.0,4817.97,1,8321.15,2022-06-02,Y
L0006929,708,Broker,16942.42,0,0.0,1835.27,1,14704.36,2024-11-15,N
L0006930,745,Broker,42124.32,0,0.0,3492.52,3,7856.91,2023-08-30,N
L0006931,704,Online,23042.77,0,0.0,7845.32,3,9158.59,2021-12-21,N
L0006932,783,Branch,42935.62,0,0.0,2144.2,1,6882.34,2024-08-20,Y
L0006933,659,Branch,13844.66,0,0.0,1730.27,1,11821.45,2025-03-13,Y
L0006934,756,Online,28929.06,0,0.0,1825.13,3,5640.49,2023-11-02,N
L0006935,692,Branch,46963.03,0,0.0,2399.46,4,0.0,2025-09-30,N
L0006936,657,Online,20372.54,0,0.0,1857.66,3,17270.65,2025-07-31,N
L0006937,682,Online,54598.48,0,0.0,11713.07,3,7571.31,2024-01-21,Y
L0006938,708,Online,38433.45,0,0.0,2923.49,4,11889.17,2025-06-08,Y
L0006939,724,Broker,29442.32,0,0.0,1968.78,4,11581.85,2025-01-27,Y
L0006940,748,Branch,57947.74,0,0.0,1347.2,1,11800.87,2025-11-20,Y
L0006941,730,Online,19351.8,0,0.0,4470.97,4,0.0,2022-09-13,Y
L0006942,749,Broker,16583.29,0,0.0,1615.11,1,0.0,2024-02-28,Y
L0006943,692,Branch,8230.62,0,0.0,1550.12,4,23635.5,2024-02-28,Y
L0006944,628,Branch,11858.72,1,6144.38,-5106.18,1,26814.68,2025-12-14,Y
L0006945,641,Online,31407.19,0,0.0,7962.5,1,15195.9,2023-11-26,N
L0006946,663,Branch,8584.22,0,0.0,2678.23,4,15640.94,2022-09-14,N
L0006947,707,Branch,47135.02,0,0.0,9376.12,2,18762.72,2022-08-30,N
L0006948,660,Online,16108.7,0,0.0,1403.37,1,15081.27,2025-10-10,N
L0006949,765,Branch,32602.42,0,0.0,1408.0,2,11329.62,2024-10-21,N
L0006950,-9999,Branch,46515.84,0,0.0,2087.12,1,9379.53,2024-08-25,N
L0006951,587,Branch,24657.91,0,0.0,15111.34,3,35198.39,2021-08-10,N
L0006952,708,Online,16561.23,0,0.0,1289.25,3,15489.89,2025-10-04,N
L0006953,715,Online,53184.33,0,0.0,6257.32,3,4118.1,2024-10-28,N
L0006954,651,Branch,5108.85,1,2690.81,-1688.07,4,23642.46,2024-10-31,N
L0006955,700,Online,28474.42,0,0.0,10634.01,2,9327.53,2021-08-04,N
L0006956,715,Branch,59225.5,0,0.0,7094.42,3,17097.06,2024-02-27,N
L0006957,628,Broker,18909.69,0,0.0,7448.88,1,8960.47,2022-09-10,N
L0006958,704,Branch,59071.04,0,0.0,2711.76,4,8323.23,2025-08-14,N
L0006959,625,Branch,53917.86,1,29364.46,-9363.84,1,18289.76,2022-11-20,Y
L0006960,734,Broker,49462.75,1,26551.28,-23789.67,1,6534.36,2024-12-26,Y
L0006961,749,Broker,31555.31,0,0.0,4112.89,4,10523.17,2021-12-15,N
L0006962,678,Branch,51203.35,0,0.0,6618.75,4,6364.57,2024-09-07,Y
L0006963,763,Branch,19259.47,0,0.0,1406.97,4,3231.12,2023-10-03,N
L0006964,704,Online,42304.63,0,0.0,15031.27,4,9171.17,2021-09-11,Y
L0006965,656,Online,16909.27,1,8198.65,-5988.6,3,8336.31,2025-02-13,N
L0006966,709,Branch,54463.2,0,0.0,10623.53,4,11001.95,2022-09-27,N
L0006967,667,Branch,9299.88,0,0.0,363.82,2,18913.07,2026-02-07,N
L0006968,740,Online,10465.44,0,0.0,1660.39,1,15713.38,2021-09-05,N
L0006969,732,Branch,53882.48,0,0.0,7284.08,4,8407.04,2022-10-29,Y
L0006970,759,Broker,41062.19,0,0.0,3654.32,1,2321.64,2022-07-04,N
L0006971,706,Branch,8725.72,1,4413.91,-2292.36,4,11439.93,2022-02-13,N
L0006972,572,Online,54268.05,0,0.0,13704.67,4,30351.22,2024-08-07,Y
L0006973,706,Branch,42992.26,0,0.0,4869.24,3,13142.41,2024-05-28,N
L0006974,675,Branch,47157.03,0,0.0,11072.18,2,18840.7,2023-03-08,Y
L0006975,760,Broker,33572.68,0,0.0,1130.12,2,5443.0,2025-04-20,Y
L0006976,735,Broker,58387.37,0,0.0,7561.41,1,8959.71,2022-12-18,N
L0006977,718,Online,14560.18,1,7198.42,-4286.61,4,14325.17,2023-10-18,N
L0006978,622,Online,38157.14,0,0.0,12507.34,1,24083.8,2023-05-01,N
L0006979,701,Broker,28580.11,0,0.0,7400.73,4,13921.03,2022-01-15,N
L0006980,676,Broker,41062.73,0,0.0,7304.58,1,22453.18,2023-12-09,N
L0006981,683,Broker,26668.8,0,0.0,5064.1,4,10827.31,2023-11-23,N
L0006982,618,Broker,8958.42,0,0.0,3901.66,1,23479.39,2022-06-13,Y
L0006983,621,Broker,51619.72,0,0.0,10768.58,2,26034.89,2024-07-03,Y
L0006984,699,Branch,49038.91,0,0.0,4090.43,3,2069.82,2025-01-31,
L0006985,712,Branch,54305.09,0,0.0,12929.76,1,7791.42,2021-10-24,N
L0006986,757,Branch,43530.51,0,0.0,2066.39,2,4105.55,2024-10-16,Y
L0006987,743,Branch,59545.28,0,0.0,5026.42,4,12206.49,2023-10-26,Y
L0006988,616,Branch,20634.55,0,0.0,8335.28,1,9048.59,2022-09-25,Y
L0006989,682,Broker,13546.07,0,0.0,1776.38,3,15413.62,2024-07-24,N
L0006990,682,Broker,56852.39,0,0.0,15646.46,3,9441.57,2022-06-04,Y
L0006991,695,Online,22212.88,0,0.0,6795.72,1,9944.89,2022-08-04,N
L0006992,822,Online,18914.1,0,0.0,1182.47,3,5944.25,2024-11-02,N
L0006993,698,Online,46543.44,0,0.0,9928.88,4,5983.23,2023-09-11,N
L0006994,776,Online,53654.45,0,0.0,4055.34,3,7447.67,2023-01-16,Y
L0006995,622,Online,27812.53,0,0.0,5491.55,3,18559.12,2024-08-03,N
L0006996,735,Branch,40225.54,0,0.0,5499.37,2,14767.63,2022-10-22,N
L0006997,741,Broker,49308.66,0,0.0,900.06,3,6459.78,2025-12-12,Y
L0006998,751,Branch,56881.51,0,0.0,5019.27,2,9662.09,2023-05-18,Y
L0006999,711,Online,55633.55,0,0.0,13344.27,2,13527.97,2023-02-06,Y
L0007000,-9999,Online,36736.09,0,0.0,5672.58,4,8163.58,2024-05-06,Y
L0007001,801,Online,28774.16,0,0.0,1708.5,1,2932.58,2024-03-10,N
L0007002,793,Branch,46759.26,0,0.0,3936.99,1,12314.81,2022-09-24,Y
L0007003,693,Broker,6475.75,0,0.0,981.85,4,7245.83,2024-03-29,Y
L0007004,653,Online,28977.36,0,0.0,4787.25,1,30594.82,2024-08-04,N
L0007005,642,Broker,27833.5,0,0.0,2782.16,1,16081.19,2025-06-30,N
L0007006,635,Online,39753.34,0,0.0,10627.93,3,26589.0,2023-09-04,N
L0007007,723,Branch,47375.92,0,0.0,2814.87,1,10755.74,2025-04-09,Y
L0007008,688,Branch,44293.48,0,0.0,1768.66,3,19760.38,2025-11-01,Y
L0007009,825,Broker,51681.84,0,0.0,4051.91,2,7112.25,2022-12-27,N
L0007010,663,Broker,16254.18,0,0.0,1266.18,3,12192.17,2025-07-26,N
L0007011,710,Online,48696.54,0,0.0,10399.63,2,9432.95,2023-07-24,N
L0007012,617,Branch,40202.35,1,20208.94,-10957.1,4,19106.96,2024-05-21,Y
L0007013,672,Branch,58584.04,1,45380.71,-24378.55,4,6779.09,2021-07-07,N
L0007014,653,Branch,8759.01,0,0.0,3584.37,3,10407.57,2022-01-16,N
L0007015,672,Broker,59162.32,0,0.0,7155.06,4,4710.02,2024-11-04,Y
L0007016,778,Online,23342.25,0,0.0,1927.79,3,8641.38,2022-12-03,Y
L0007017,710,Broker,58033.66,0,0.0,1889.92,4,13925.1,2025-11-02,N
L0007018,649,Branch,26895.99,0,0.0,3257.92,1,7427.81,2025-03-19,N
L0007019,674,Broker,34642.64,0,0.0,7745.26,1,10958.97,2023-06-03,N
L0007020,701,Online,56674.71,0,0.0,4658.58,1,3933.68,2025-05-03,N
L0007021,706,Online,16781.97,0,0.0,6286.44,3,15549.19,2021-07-02,Y
L0007022,707,Branch,11107.87,0,0.0,1367.98,2,19471.98,2024-08-05,Y
L0007023,706,Branch,32736.62,0,0.0,1641.12,3,4543.0,2025-07-14,N
L0007024,633,Online,12074.84,0,0.0,4041.09,4,18290.62,2023-04-19,N
L0007025,640,Branch,46596.53,0,0.0,7289.84,4,22373.94,2024-10-21,Y
L0007026,736,Broker,51504.15,0,0.0,8265.09,4,11412.95,2021-12-08,N
L0007027,680,Online,42698.42,0,0.0,4785.21,2,18660.55,2025-03-31,Y
L0007028,781,Broker,33431.25,0,0.0,3079.38,1,10636.82,2022-06-02,Y
L0007029,643,Online,15707.35,0,0.0,6191.3,3,22678.89,2022-04-05,N
L0007030,685,Broker,24133.34,0,0.0,4549.6,4,10959.23,2023-11-13,Y
L0007031,724,Online,16768.33,0,0.0,4932.15,2,13369.39,2022-03-18,N
L0007032,740,Broker,33067.51,0,0.0,2163.39,1,12504.27,2024-06-06,Y
L0007033,638,Online,11011.85,0,0.0,3865.69,1,10700.43,2022-11-04,N
L0007034,751,Broker,55961.35,0,0.0,4034.45,1,3165.58,2024-01-28,Y
L0007035,762,Branch,42500.25,0,0.0,2911.96,4,5940.31,2023-01-13,Y
L0007036,703,Online,7069.72,0,0.0,2348.79,3,6239.89,2022-11-14,N
L0007037,668,Online,50397.03,0,0.0,14790.67,3,19449.8,2022-07-31,Y
L0007038,813,Branch,51469.06,0,0.0,4642.99,2,8030.48,2022-02-12,N
L0007039,583,Online,25768.52,0,0.0,15400.56,1,19130.03,2021-10-07,N
L0007040,610,Online,9710.98,0,0.0,4224.33,4,7296.69,2023-01-26,N
L0007041,794,Online,23179.92,0,0.0,1220.83,3,0.0,2024-02-17,N
L0007042,756,Broker,58927.96,0,0.0,6968.95,1,8826.17,2021-08-24,N
L0007043,784,Branch,19178.02,0,0.0,1240.78,3,11710.83,2023-04-13,N
L0007044,780,Broker,34276.28,0,0.0,3570.52,1,7251.87,2021-12-10,Y
L0007045,684,Online,17266.42,0,0.0,2447.17,1,5295.18,2025-03-01,Y
L0007046,650,Broker,35905.71,0,0.0,1681.96,4,18194.23,2025-12-16,N
L0007047,759,Branch,19781.39,0,0.0,2385.76,2,8623.33,2021-12-26,N
L0007048,575,Online,52191.97,0,0.0,25644.92,2,14806.44,2022-10-27,N
L0007049,777,Branch,10853.63,0,0.0,1397.11,1,7574.68,2022-02-28,Y
L0007050,-9999,Branch,16106.63,0,0.0,2574.37,2,6947.58,2023-05-13,N
L0007051,693,Branch,20390.06,0,0.0,1518.59,3,21050.39,2025-07-01,Y
L0007052,697,Broker,34554.37,0,0.0,8903.92,4,18856.76,2022-01-26,N
L0007053,662,Branch,6639.54,1,3267.58,-2398.9,1,15217.7,2025-07-23,Y
L0007054,699,Broker,20152.74,0,0.0,812.64,1,12169.43,2026-01-04,N
L0007055,723,Broker,21583.06,0,0.0,3628.49,2,12074.28,2022-07-20,N
L0007056,692,Broker,12606.36,0,0.0,1075.44,1,5393.59,2025-10-03,N
L0007057,670,Online,44356.02,0,0.0,951.72,2,16676.1,2026-03-14,N
L0007058,696,Branch,40026.28,0,0.0,7943.89,2,11685.17,2023-03-04,N
L0007059,562,Branch,23871.2,0,0.0,15432.33,1,20433.92,2021-11-03,N
L0007060,810,Broker,7079.79,0,0.0,709.68,4,4832.01,2024-04-09,N
L0007061,777,Broker,21272.5,0,0.0,1812.64,4,7632.23,2023-03-31,Y
L0007062,709,Online,54848.62,0,0.0,1453.94,4,12648.33,2026-02-15,Y
L0007063,693,Online,7004.27,0,0.0,491.23,4,7682.62,2026-01-12,N
L0007064,678,Broker,25786.92,1,17595.06,-10552.82,4,19721.13,2022-07-20,Y
L0007065,756,Broker,41529.06,0,0.0,4723.77,4,7236.39,2021-11-13,N
L0007066,710,Broker,58375.99,0,0.0,3789.54,3,9322.39,2025-03-14,Y
L0007067,694,Broker,42038.66,0,0.0,9452.27,4,12119.77,2022-11-20,N
L0007068,663,Branch,10028.74,0,0.0,2266.11,1,15037.89,2023-09-12,N
L0007069,694,Broker,43848.92,0,0.0,11014.35,1,15072.23,2022-04-11,N
L0007070,689,Online,39942.32,0,0.0,11558.38,4,13837.27,2023-02-21,Y
L0007071,667,Online,53218.96,0,0.0,6264.62,2,7178.32,2024-12-28,Y
L0007072,788,Branch,54448.33,0,0.0,4055.56,4,4956.21,2023-03-16,N
L0007073,711,Online,5596.77,1,2695.87,-1197.08,3,18216.17,2023-05-26,Y
L0007074,677,Branch,9941.67,0,0.0,3746.59,1,16675.92,2021-07-09,Y
L0007075,765,Branch,54900.4,0,0.0,3083.37,4,5374.67,2024-01-31,N
L0007076,774,Broker,20431.42,0,0.0,986.14,4,13151.05,2025-04-29,N
L0007077,720,Online,57845.95,0,0.0,9429.06,1,13838.68,2023-12-20,Y
L0007078,747,Broker,33958.59,0,0.0,4122.02,4,16812.07,2022-07-07,Y
L0007079,678,Broker,37815.52,0,0.0,1239.94,1,11891.56,2026-02-06,Y
L0007080,810,Broker,37110.98,0,0.0,1314.87,2,7409.38,2024-09-27,N
L0007081,571,Branch,21705.29,0,0.0,4865.22,3,27166.52,2024-10-16,
L0007082,598,Branch,13346.53,0,0.0,4180.42,4,27917.49,2023-12-30,N
L0007083,641,Online,34349.29,1,25630.44,-23144.38,1,14738.29,2025-08-31,N
L0007084,669,Branch,44079.02,0,0.0,15895.04,1,14891.25,2021-09-20,Y
L0007085,683,Online,24204.88,1,18629.23,-10660.19,2,17726.56,2022-11-09,N
L0007086,714,Online,26714.01,0,0.0,7959.75,4,9299.76,2022-02-07,N
L0007087,713,Broker,56311.19,0,0.0,13569.67,4,14484.12,2021-07-20,Y
L0007088,722,Broker,22620.84,0,0.0,3187.19,4,18187.38,2023-09-09,N
L0007089,674,Online,46878.74,0,0.0,13165.99,4,10356.26,2022-09-24,N
L0007090,653,Branch,22206.73,0,0.0,4262.59,3,22454.71,2024-05-01,N
L0007091,670,Broker,10362.05,0,0.0,3175.38,4,17407.3,2022-06-19,Y
L0007092,679,Online,28025.84,0,0.0,9392.13,2,6746.95,2021-08-11,Y
L0007093,780,Broker,38892.45,0,0.0,2533.97,4,9623.05,2023-07-15,N
L0007094,660,Broker,46085.11,0,0.0,5649.36,3,16794.99,2025-01-24,Y
L0007095,629,Broker,33422.66,0,0.0,8899.44,3,19448.28,2023-10-10,N
L0007096,687,Broker,47282.71,0,0.0,4563.54,2,13227.3,2025-01-24,Y
L0007097,718,Broker,22947.51,0,0.0,2247.94,1,10131.71,2024-06-11,N
L0007098,692,Branch,25245.34,0,0.0,7767.64,1,16186.61,2021-07-06,N
L0007099,605,Broker,7560.45,1,4639.75,-901.46,2,13161.52,2022-07-11,N
L0007100,-9999,Online,57598.35,0,0.0,6077.05,1,10100.72,2023-03-09,N
L0007101,716,Online,8628.6,0,0.0,652.55,3,8558.42,2026-01-15,Y
L0007102,621,Online,11087.77,0,0.0,3325.96,1,25018.06,2023-08-23,N
L0007103,662,Branch,15422.2,1,8547.87,-4423.43,4,16867.36,2023-07-02,N
L0007104,643,Online,47696.76,0,0.0,9424.15,4,8203.8,2024-05-16,N
L0007105,756,Branch,41220.81,0,0.0,966.6,1,5850.42,2025-12-19,N
L0007106,706,Online,29785.28,0,0.0,4509.02,2,9877.2,2024-08-28,Y
L0007107,687,Broker,55842.93,0,0.0,5586.26,3,12936.04,2024-12-17,Y
L0007108,713,Broker,15742.86,0,0.0,2893.53,1,7595.15,2023-02-16,N
L0007109,773,Branch,36546.09,0,0.0,2319.25,4,7402.52,2023-07-28,Y
L0007110,672,Broker,21903.07,0,0.0,6655.55,4,12957.32,2022-08-01,Y
L0007111,630,Branch,52543.73,0,0.0,12827.57,3,21438.08,2024-01-01,N
L0007112,657,Online,29143.12,0,0.0,6150.85,1,20142.72,2023-12-01,N
L0007113,588,Online,25456.27,1,13264.88,-6983.19,1,19696.16,2024-08-11,Y
L0007114,600,Online,30922.0,0,0.0,7254.84,4,19058.16,2024-06-22,N
L0007115,661,Branch,34116.06,0,0.0,4782.96,3,10014.9,2024-09-01,Y
L0007116,718,Branch,16893.19,0,0.0,3707.04,4,5223.73,2021-11-24,N
L0007117,703,Branch,55562.07,0,0.0,3197.46,1,5965.12,2025-06-03,Y
L0007118,714,Broker,45271.87,0,0.0,8127.37,4,6938.8,2022-09-12,N
L0007119,689,Broker,36074.39,0,0.0,11295.78,1,8927.48,2021-09-18,N
L0007120,711,Broker,7569.62,0,0.0,1130.28,2,14459.75,2023-06-20,N
L0007121,771,Broker,59053.48,0,0.0,2110.03,3,4478.31,2025-02-07,Y
L0007122,703,Broker,59100.17,0,0.0,16336.74,3,18330.75,2021-07-12,N
L0007123,720,Branch,9338.81,0,0.0,476.46,4,11395.45,2025-08-28,N
L0007124,715,Online,28146.16,0,0.0,3444.96,2,10943.39,2024-11-11,N
L0007125,810,Branch,25861.68,0,0.0,531.28,1,2035.97,2025-08-18,Y
L0007126,654,Online,17045.73,0,0.0,3155.55,3,19760.32,2024-07-24,Y
L0007127,709,Branch,27318.8,0,0.0,2506.87,1,9590.54,2025-01-26,N
L0007128,637,Branch,47397.97,0,0.0,15519.1,2,5899.74,2023-01-28,N
L0007129,614,Online,24669.84,0,0.0,8545.0,3,15877.08,2023-05-18,Y
L0007130,692,Branch,49628.37,0,0.0,5019.21,4,22118.39,2024-12-07,N
L0007131,647,Online,59419.18,0,0.0,20359.32,3,34234.41,2022-08-02,N
L0007132,669,Online,25872.69,1,9028.2,-7856.64,4,4583.16,2025-12-19,N
L0007133,703,Broker,39617.16,0,0.0,3066.76,3,12751.5,2025-01-12,N
L0007134,677,Broker,33172.92,0,0.0,7077.44,3,13291.2,2023-08-12,N
L0007135,761,Broker,14001.26,0,0.0,1139.32,2,8590.78,2024-03-28,N
L0007136,592,Online,31690.67,0,0.0,6549.27,2,0.0,2024-10-14,N
L0007137,685,Broker,17425.55,0,0.0,1294.51,3,11684.41,2025-07-01,Y
L0007138,689,Broker,19667.12,0,0.0,1955.38,3,8885.0,2025-02-27,N
L0007139,720,Branch,11306.92,0,0.0,2359.53,2,9578.72,2022-02-11,N
L0007140,666,Broker,42335.98,0,0.0,15864.65,1,11229.97,2021-09-20,N
L0007141,659,Branch,16927.36,0,0.0,4804.77,4,8419.24,2023-03-11,Y
L0007142,610,Broker,28280.41,0,0.0,9333.31,2,8197.38,2023-06-15,Y
L0007143,761,Online,20755.74,1,8178.68,-6889.84,3,10483.17,2023-09-01,N
L0007144,778,Branch,47100.11,0,0.0,3106.41,4,11799.06,2023-10-29,Y
L0007145,690,Online,14368.04,0,0.0,1755.74,1,16500.81,2025-04-11,N
L0007146,629,Broker,10226.12,1,6749.16,-3350.03,3,10579.71,2023-07-21,Y
L0007147,654,Broker,16093.98,1,11672.66,-4964.32,4,18644.35,2021-11-24,N
L0007148,655,Online,14758.79,0,0.0,3448.94,2,10939.13,2024-02-18,N
L0007149,686,Online,39689.19,0,0.0,8512.78,4,6272.35,2024-01-02,N
L0007150,-9999,Broker,17322.05,1,13195.83,-6725.87,2,19850.41,2021-08-10,N
L0007151,680,Branch,48466.13,0,0.0,2887.57,3,10328.57,2025-08-26,N
L0007152,691,Online,59078.32,0,0.0,17741.51,1,12913.84,2022-10-15,Y
L0007153,771,Broker,34596.54,0,0.0,1512.26,3,11313.24,2024-06-22,Y
L0007154,675,Broker,17212.17,0,0.0,1776.4,3,13391.8,2025-01-06,N
L0007155,708,Branch,52348.71,0,0.0,10497.21,4,2141.62,2022-09-03,N
L0007156,600,Broker,36473.8,1,21686.61,-4241.53,2,18689.98,2022-06-04,Y
L0007157,626,Online,56133.06,0,0.0,14494.74,4,20921.38,2023-12-22,Y
L0007158,686,Online,10822.58,0,0.0,1584.97,4,19292.67,2024-10-29,Y
L0007159,730,Broker,56831.82,0,0.0,5974.26,4,14595.85,2023-09-28,N
L0007160,716,Broker,5255.78,0,0.0,571.15,3,16289.63,2024-11-29,Y
L0007161,635,Online,26267.52,0,0.0,2840.51,2,27602.7,2025-05-04,Y
L0007162,845,Online,11446.9,0,0.0,897.38,4,3798.19,2024-07-24,Y
L0007163,648,Branch,26556.91,1,14985.93,-12768.72,2,16470.5,2025-09-08,Y
L0007164,696,Broker,59839.93,0,0.0,2450.6,2,7420.76,2025-10-05,N
L0007165,639,Branch,19132.41,0,0.0,5569.3,1,7943.3,2023-06-08,N
L0007166,724,Online,39134.7,1,26935.09,-22353.19,3,16310.79,2024-10-23,Y
L0007167,616,Online,41583.56,0,0.0,11079.34,1,19789.34,2023-12-28,N
L0007168,695,Branch,38792.81,0,0.0,9780.84,1,23025.76,2022-03-30,Y
L0007169,718,Broker,57267.88,0,0.0,10225.59,2,0.0,2022-07-16,Y
L0007170,699,Broker,7635.36,0,0.0,2153.09,4,5293.52,2022-09-17,N
L0007171,715,Broker,28309.95,0,0.0,2030.84,2,20235.82,2025-05-27,N
L0007172,762,Online,46765.67,0,0.0,4690.64,2,10707.51,2022-01-18,N
L0007173,758,Broker,24493.16,0,0.0,1565.92,1,6721.4,2023-08-25,N
L0007174,606,Online,35913.97,0,0.0,8992.25,1,31656.84,2024-05-11,Y
L0007175,670,Online,10395.67,0,0.0,2591.76,1,23603.99,2023-09-19,N
L0007176,729,Broker,23437.13,0,0.0,2620.5,4,8969.12,2023-11-22,Y
L0007177,680,Broker,8719.17,0,0.0,1711.3,2,8869.08,2024-03-07,N
L0007178,662,Broker,25060.35,0,0.0,3999.09,2,14491.51,2024-06-07,
L0007179,561,Online,50824.53,0,0.0,7369.25,3,34868.74,2025-06-25,N
L0007180,713,Broker,56184.79,0,0.0,10567.1,2,12803.2,2022-09-26,N
L0007181,685,Broker,48901.29,0,0.0,9042.02,1,17593.64,2023-10-13,Y
L0007182,679,Branch,12703.12,0,0.0,2008.78,1,12528.76,2024-05-31,N
L0007183,638,Branch,39572.47,0,0.0,9186.02,3,25977.02,2024-02-06,N
L0007184,662,Online,55260.15,0,0.0,19939.99,3,13395.53,2021-12-12,N
L0007185,672,Online,51211.47,0,0.0,3899.94,4,18817.0,2025-06-08,N
L0007186,692,Online,34235.66,0,0.0,2081.08,1,11133.62,2025-10-01,N
L0007187,676,Broker,28809.11,0,0.0,7854.16,1,4330.71,2022-11-05,Y
L0007188,738,Online,33660.52,0,0.0,2907.04,3,9793.07,2025-02-02,N
L0007189,690,Online,35228.23,0,0.0,11752.5,2,18261.21,2022-07-21,N
L0007190,661,Branch,17969.34,0,0.0,2040.24,1,21308.2,2025-01-12,N
L0007191,682,Branch,28836.77,0,0.0,7693.9,1,16189.8,2022-08-20,Y
L0007192,782,Online,39407.75,0,0.0,4141.4,4,9855.56,2021-08-26,N
L0007193,791,Branch,27036.83,0,0.0,1040.21,3,9952.35,2025-04-04,Y
L0007194,782,Online,41170.68,0,0.0,1008.76,2,5642.85,2025-08-20,Y
L0007195,745,Online,59073.65,0,0.0,8624.03,2,4225.31,2021-07-12,Y
L0007196,769,Branch,16637.01,0,0.0,1196.49,2,6953.71,2024-08-09,Y
L0007197,663,Broker,6210.14,1,4838.49,-3424.35,4,12265.2,2023-10-10,Y
L0007198,731,Broker,27115.83,0,0.0,3344.37,3,6090.43,2023-04-22,N
L0007199,647,Broker,5736.07,0,0.0,416.94,2,5301.91,2025-10-17,Y
L0007200,-9999,Branch,46198.7,0,0.0,4708.44,3,7943.14,2022-02-14,Y
L0007201,662,Online,55824.04,0,0.0,9938.31,4,7410.49,2024-04-15,N
L0007202,680,Branch,27524.73,1,20783.41,-15625.81,2,5944.66,2023-11-05,Y
L0007203,753,Broker,10424.66,0,0.0,1579.03,2,684.12,2021-09-26,N
L0007204,701,Online,52883.63,0,0.0,9426.79,1,17224.76,2024-02-09,N
L0007205,693,Online,41088.72,0,0.0,14646.34,4,8546.9,2022-01-15,Y
L0007206,630,Online,26169.98,0,0.0,1785.83,3,23151.55,2025-11-07,Y
L0007207,713,Branch,23777.24,0,0.0,3451.83,2,17602.0,2023-10-21,N
L0007208,682,Branch,25226.9,0,0.0,2164.79,2,12169.46,2025-05-31,Y
L0007209,642,Branch,57461.5,0,0.0,23825.88,2,18765.94,2021-12-24,N
L0007210,633,Branch,57289.73,0,0.0,25473.43,4,9742.03,2021-11-13,Y
L0007211,845,Online,29407.48,0,0.0,1383.21,2,2876.52,2024-03-23,N
L0007212,702,Online,38862.88,0,0.0,1568.42,1,14284.14,2026-02-13,Y
L0007213,673,Online,5350.94,0,0.0,626.69,3,22467.18,2025-08-07,Y
L0007214,802,Online,22388.59,1,10761.62,-10074.72,3,7215.57,2025-09-01,N
L0007215,683,Branch,46096.69,0,0.0,6118.84,1,13429.87,2024-06-10,N
L0007216,646,Broker,52542.23,0,0.0,22742.06,2,12059.91,2021-08-09,N
L0007217,735,Broker,22100.16,0,0.0,1243.66,1,11476.75,2024-12-14,N
L0007218,639,Broker,26795.09,0,0.0,12673.93,3,4472.36,2021-07-11,Y
L0007219,731,Broker,34232.69,0,0.0,1705.63,3,2307.02,2025-07-29,N
L0007220,727,Online,14287.16,0,0.0,2674.33,2,6424.84,2023-09-21,N
L0007221,689,Broker,29860.95,0,0.0,6802.93,4,7878.64,2023-01-14,N
L0007222,647,Online,12083.06,1,8803.76,-7590.93,1,26684.58,2025-05-28,N
L0007223,602,Branch,29304.97,0,0.0,9410.42,2,8363.25,2023-09-08,N
L0007224,663,Online,23721.32,0,0.0,8466.5,4,24231.56,2022-02-20,N
L0007225,654,Online,29357.41,0,0.0,9949.52,4,15718.76,2022-08-25,N
L0007226,769,Broker,6026.53,0,0.0,431.04,1,5031.55,2025-01-04,N
L0007227,640,Online,11352.92,0,0.0,754.08,2,16223.58,2025-10-10,Y
L0007228,708,Broker,6388.71,0,0.0,893.91,3,6721.86,2024-12-08,Y
L0007229,645,Broker,45829.52,0,0.0,6624.55,2,14012.51,2024-12-26,N
L0007230,775,Broker,9762.22,0,0.0,413.66,2,8568.47,2026-02-23,Y
L0007231,708,Broker,43920.48,0,0.0,2035.82,1,7020.64,2025-10-09,N
L0007232,741,Branch,31824.81,0,0.0,1207.83,2,14741.86,2025-09-23,Y
L0007233,733,Branch,53944.2,0,0.0,4421.85,1,14932.99,2024-03-26,Y
L0007234,759,Branch,12567.41,0,0.0,1115.49,3,9966.73,2022-06-24,Y
L0007235,660,Broker,20761.59,0,0.0,7064.21,3,19175.21,2022-05-03,N
L0007236,720,Online,16711.65,0,0.0,1162.03,2,10881.38,2025-11-06,Y
L0007237,596,Broker,26876.21,0,0.0,1319.5,1,16857.82,2026-03-07,N
L0007238,588,Broker,23510.7,0,0.0,11170.13,2,13865.76,2022-10-10,N
L0007239,678,Online,31384.03,0,0.0,2822.71,2,12122.86,2025-05-02,N
L0007240,608,Broker,7772.61,1,4392.24,-2859.57,2,33785.67,2024-12-20,N
L0007241,697,Online,5789.46,1,2141.58,-1145.45,3,12242.07,2024-04-26,N
L0007242,755,Online,44889.92,0,0.0,2875.71,3,13611.0,2024-02-13,Y
L0007243,588,Broker,18640.99,1,10948.05,-9807.23,1,26826.04,2026-01-08,N
L0007244,674,Broker,51597.87,0,0.0,4827.4,1,31148.62,2025-03-03,N
L0007245,729,Broker,25381.48,0,0.0,1577.14,4,5173.1,2025-05-01,Y
L0007246,698,Broker,51238.44,0,0.0,6345.97,2,16640.39,2024-06-12,N
L0007247,627,Broker,17824.91,1,10608.68,-1751.23,4,30019.94,2021-09-07,Y
L0007248,646,Online,44005.27,0,0.0,12939.46,3,16965.2,2023-03-26,Y
L0007249,640,Branch,27815.2,0,0.0,1227.11,3,20278.46,2026-02-15,N
L0007250,-9999,Online,22686.03,0,0.0,5044.71,1,14180.34,2023-05-07,N
L0007251,710,Online,20101.28,0,0.0,428.7,2,9251.32,2026-03-09,N
L0007252,779,Branch,23086.57,0,0.0,1731.0,1,220.16,2022-11-12,Y
L0007253,719,Online,19510.41,0,0.0,3011.02,4,7679.85,2024-05-09,Y
L0007254,722,Online,37675.1,0,0.0,6478.28,4,20654.93,2023-12-29,Y
L0007255,748,Branch,33577.4,0,0.0,3723.65,1,14047.87,2022-11-21,Y
L0007256,723,Branch,57223.83,0,0.0,1031.96,2,11417.35,2026-02-17,Y
L0007257,673,Broker,54219.01,0,0.0,8284.85,4,13462.41,2024-05-15,Y
L0007258,698,Broker,55875.33,0,0.0,5669.15,1,1479.36,2024-09-23,Y
L0007259,682,Online,25580.76,0,0.0,11091.06,4,14909.46,2021-07-30,Y
L0007260,707,Broker,50959.9,0,0.0,4228.46,4,18867.51,2024-11-17,Y
L0007261,713,Online,29228.66,0,0.0,5979.28,4,14147.34,2023-08-01,Y
L0007262,750,Branch,37581.42,0,0.0,3840.64,2,6017.84,2022-10-16,N
L0007263,627,Online,58409.77,0,0.0,13036.32,2,5496.67,2024-04-03,N
L0007264,613,Branch,53775.86,1,20417.26,-3613.95,3,23375.53,2023-08-11,Y
L0007265,714,Branch,17283.25,0,0.0,836.33,3,10692.24,2025-06-02,Y
L0007266,676,Branch,49671.24,0,0.0,3462.15,2,10383.73,2025-07-19,N
L0007267,635,Branch,33552.73,0,0.0,13137.8,3,21434.46,2022-06-20,Y
L0007268,804,Broker,36092.59,0,0.0,1112.98,2,6406.41,2025-06-25,N
L0007269,674,Branch,8025.76,0,0.0,1539.32,4,9529.3,2023-12-13,N
L0007270,687,Broker,17313.96,0,0.0,4109.03,4,7305.79,2022-10-05,Y
L0007271,657,Broker,48468.02,0,0.0,19293.06,1,10261.96,2021-09-19,Y
L0007272,637,Online,39579.63,0,0.0,1048.44,4,9058.52,2026-03-01,Y
L0007273,676,Online,9241.68,0,0.0,2250.61,3,5687.52,2023-05-07,Y
L0007274,742,Branch,51663.93,0,0.0,3597.39,2,3658.03,2024-07-14,Y
L0007275,700,Broker,41654.46,0,0.0,8047.65,2,13021.85,2023-02-04,
L0007276,665,Online,7704.71,0,0.0,1012.34,2,10470.13,2025-08-16,Y
L0007277,712,Online,19286.32,0,0.0,805.92,1,15693.79,2026-01-29,Y
L0007278,766,Branch,23542.19,1,9679.0,-7143.0,3,9752.24,2021-11-08,Y
L0007279,728,Branch,54851.84,0,0.0,10448.51,4,4790.83,2021-08-09,Y
L0007280,635,Branch,34023.35,0,0.0,14688.37,4,18208.64,2021-12-11,Y
L0007281,621,Broker,46184.56,0,0.0,1907.8,2,24810.85,2026-02-12,N
L0007282,705,Online,34015.16,0,0.0,5074.54,2,0.0,2024-06-30,Y
L0007283,805,Online,32254.46,0,0.0,1574.27,4,7181.13,2024-05-23,N
L0007284,660,Online,52808.7,1,29833.07,-11362.71,1,10079.69,2022-02-05,Y
L0007285,726,Branch,44440.85,0,0.0,6821.86,4,7037.25,2022-10-22,Y
L0007286,715,Online,8123.04,0,0.0,1223.05,2,12927.58,2024-08-07,N
L0007287,738,Branch,24930.25,0,0.0,2813.76,1,7973.14,2023-08-05,N
L0007288,629,Branch,22952.33,0,0.0,6665.07,3,28274.03,2023-08-05,N
L0007289,707,Online,39756.21,1,29554.07,-25683.91,1,13483.39,2025-02-26,Y
L0007290,766,Branch,31469.9,0,0.0,1645.8,4,2543.69,2024-06-08,N
L0007291,698,Broker,16433.15,0,0.0,3919.35,1,13548.41,2022-09-06,Y
L0007292,790,Branch,18079.16,0,0.0,2267.74,3,7817.56,2021-07-02,N
L0007293,709,Broker,59795.42,0,0.0,13738.91,4,7427.82,2021-12-10,N
L0007294,700,Online,25600.47,0,0.0,3682.88,3,21833.75,2024-09-17,N
L0007295,724,Branch,26970.22,0,0.0,2067.23,1,17485.53,2025-01-23,Y
L0007296,709,Broker,53746.94,0,0.0,10249.83,3,1655.56,2022-09-17,N
L0007297,628,Broker,17469.75,0,0.0,6092.55,4,18590.7,2023-02-26,Y
L0007298,670,Online,56382.76,0,0.0,19515.93,3,13927.8,2021-11-25,Y
L0007299,786,Branch,34294.02,0,0.0,1884.99,4,10803.33,2024-01-02,Y
L0007300,-9999,Branch,53682.99,0,0.0,1294.73,2,8207.46,2025-09-17,Y
L0007301,610,Broker,55977.88,0,0.0,29588.41,1,15505.11,2021-09-04,Y
L0007302,745,Broker,43626.49,0,0.0,4249.15,4,2702.02,2023-07-21,N
L0007303,645,Branch,55339.93,0,0.0,12403.44,1,15083.92,2024-01-23,Y
L0007304,638,Branch,19780.89,0,0.0,7522.99,3,5294.79,2022-06-18,N
L0007305,728,Online,14318.14,0,0.0,4532.18,4,15353.07,2021-10-13,Y
L0007306,695,Branch,21991.27,0,0.0,3609.13,4,11870.91,2024-02-02,N
L0007307,697,Broker,14376.39,0,0.0,654.39,3,18534.8,2026-03-08,N
L0007308,659,Broker,10173.39,0,0.0,1099.03,4,23951.67,2025-06-05,Y
L0007309,619,Branch,37390.56,0,0.0,16565.64,1,16711.06,2022-04-08,N
L0007310,706,Branch,5050.09,0,0.0,1490.7,2,5055.29,2022-06-09,Y
L0007311,744,Broker,49332.55,0,0.0,1014.07,3,9434.1,2025-12-16,Y
L0007312,640,Broker,45437.23,0,0.0,17517.39,1,10067.12,2022-04-24,N
L0007313,597,Broker,7685.27,0,0.0,4055.47,2,5086.43,2022-07-19,Y
L0007314,643,Branch,24872.91,0,0.0,1702.42,4,21015.26,2025-10-25,N
L0007315,783,Branch,6010.66,0,0.0,653.7,4,7483.49,2022-07-05,Y
L0007316,656,Branch,38248.06,0,0.0,13905.49,3,13693.59,2022-03-30,Y
L0007317,739,Branch,31466.26,0,0.0,5026.16,3,8102.14,2021-11-13,N
L0007318,735,Branch,23510.59,0,0.0,2490.33,4,15620.45,2023-08-16,N
L0007319,752,Broker,57032.75,0,0.0,7052.83,2,11582.76,2021-08-15,Y
L0007320,692,Online,5444.46,0,0.0,1870.82,1,30604.1,2022-05-16,Y
L0007321,615,Branch,55560.21,0,0.0,19238.08,3,11626.97,2023-04-19,Y
L0007322,866,Online,26702.46,0,0.0,1247.12,3,1272.19,2024-09-24,Y
L0007323,756,Branch,7937.56,0,0.0,627.58,3,4427.46,2024-07-31,Y
L0007324,591,Online,56047.84,0,0.0,4442.33,4,34538.44,2025-11-10,Y
L0007325,752,Online,59398.52,0,0.0,7286.97,4,4437.41,2021-08-24,N
L0007326,737,Branch,14617.86,1,7772.9,-5926.13,1,573.13,2023-09-07,N
L0007327,657,Broker,51669.88,0,0.0,3291.91,3,14017.39,2025-10-17,Y
L0007328,646,Branch,22799.89,0,0.0,5016.96,3,4627.34,2024-03-17,Y
L0007329,689,Online,54112.79,0,0.0,9393.81,2,12631.09,2024-05-14,N
L0007330,691,Online,12343.52,0,0.0,4575.5,1,5879.17,2022-05-11,N
L0007331,725,Online,57156.42,0,0.0,12371.62,1,8469.22,2023-01-03,Y
L0007332,698,Branch,50564.08,0,0.0,2175.31,1,15338.87,2025-11-18,N
L0007333,692,Branch,27925.82,0,0.0,5024.59,2,7022.45,2023-10-20,Y
L0007334,625,Branch,27308.44,1,10832.96,-7506.93,1,20856.38,2025-05-13,Y
L0007335,772,Branch,31538.61,0,0.0,1866.72,4,7931.68,2024-04-28,Y
L0007336,696,Branch,56026.21,0,0.0,11555.33,1,6850.16,2022-12-15,Y
L0007337,668,Branch,16468.55,0,0.0,3079.68,1,13810.75,2024-04-24,Y
L0007338,699,Broker,45091.21,0,0.0,2839.83,3,7567.24,2025-06-29,Y
L0007339,746,Broker,26553.11,0,0.0,2975.42,1,12646.19,2023-04-29,N
L0007340,641,Broker,12029.32,0,0.0,4489.41,2,11346.63,2022-11-12,Y
L0007341,727,Online,26969.83,0,0.0,7879.19,4,11647.29,2021-08-20,Y
L0007342,711,Broker,20413.86,0,0.0,1829.46,1,11938.29,2024-09-24,Y
L0007343,693,Branch,19294.54,0,0.0,5575.28,3,6625.87,2021-12-15,N
L0007344,654,Branch,10076.38,0,0.0,1787.07,3,20230.45,2024-10-18,Y
L0007345,678,Broker,44785.37,0,0.0,13203.01,2,16336.4,2022-03-15,N
L0007346,695,Branch,17232.63,0,0.0,4086.28,1,12070.93,2022-06-29,Y
L0007347,726,Broker,40886.51,0,0.0,7859.37,1,11535.19,2021-11-11,Y
L0007348,715,Online,15718.65,0,0.0,4796.66,1,6991.02,2021-12-21,N
L0007349,715,Online,43840.78,0,0.0,3995.31,1,14134.58,2025-04-07,Y
L0007350,-9999,Online,33413.01,0,0.0,8665.58,3,12491.13,2022-09-07,Y
L0007351,651,Online,31503.57,0,0.0,12249.47,4,25293.88,2022-02-10,N
L0007352,708,Branch,22184.15,0,0.0,3892.27,3,11094.72,2023-01-16,N
L0007353,583,Online,58616.06,0,0.0,4912.29,1,17527.73,2025-11-06,Y
L0007354,682,Branch,20297.61,0,0.0,3190.26,4,20493.33,2024-02-18,Y
L0007355,630,Broker,30104.62,0,0.0,8799.22,4,26842.77,2023-07-27,Y
L0007356,680,Branch,16199.58,0,0.0,4337.83,2,17772.22,2022-08-08,Y
L0007357,723,Broker,47143.62,0,0.0,5286.66,4,11181.46,2023-12-03,Y
L0007358,753,Branch,53015.03,0,0.0,6507.29,1,15803.16,2021-09-26,Y
L0007359,689,Online,50521.3,0,0.0,11936.15,1,15965.78,2023-09-27,Y
L0007360,766,Broker,41936.76,0,0.0,4015.27,4,12120.81,2021-09-05,Y
L0007361,684,Broker,44776.46,0,0.0,6897.67,4,11166.98,2024-02-04,N
L0007362,647,Online,50102.99,0,0.0,17059.19,3,3721.02,2022-09-11,Y
L0007363,651,Online,25216.97,0,0.0,1102.27,1,22522.63,2025-12-04,N
L0007364,725,Branch,22595.83,0,0.0,1073.0,3,10307.57,2025-08-22,N
L0007365,817,Online,11667.89,0,0.0,912.18,1,2696.83,2022-08-12,N
L0007366,757,Online,47967.98,1,18424.33,-16808.12,2,19337.0,2025-04-21,Y
L0007367,680,Online,33483.85,0,0.0,11261.16,3,7107.69,2022-09-12,N
L0007368,685,Broker,6163.37,0,0.0,331.9,4,14152.67,2026-02-28,Y
L0007369,695,Branch,59355.76,0,0.0,11533.65,2,13406.65,2023-04-24,Y
L0007370,703,Branch,43392.62,0,0.0,1152.35,3,17422.77,2026-01-13,N
L0007371,758,Online,19983.53,0,0.0,1442.0,2,16429.8,2024-04-21,Y
L0007372,713,Broker,55903.92,1,43389.12,-31562.19,1,11306.25,2022-02-01,
L0007373,715,Online,7458.88,0,0.0,1150.62,2,8869.18,2025-03-21,Y
L0007374,685,Online,58963.4,0,0.0,14645.12,4,14657.55,2023-08-15,N
L0007375,739,Branch,26574.46,0,0.0,3811.87,1,7833.66,2022-07-23,Y
L0007376,786,Online,29419.14,0,0.0,1824.97,3,7016.1,2023-10-14,Y
L0007377,757,Branch,5024.95,0,0.0,774.05,1,7904.56,2023-05-09,N
L0007378,780,Branch,19550.87,0,0.0,587.21,4,0.0,2025-02-16,Y
L0007379,721,Broker,28668.97,0,0.0,1863.74,1,9402.47,2025-01-09,Y
L0007380,700,Online,59291.57,0,0.0,12904.21,4,18793.14,2023-08-23,Y
L0007381,624,Online,56752.78,0,0.0,28936.26,3,11539.17,2021-07-12,N
L0007382,669,Branch,19785.31,0,0.0,1915.5,4,16507.28,2025-07-11,Y
L0007383,722,Broker,57328.81,0,0.0,9270.05,3,4396.43,2022-11-12,Y
L0007384,634,Broker,54268.32,1,23717.07,-2350.43,2,10845.07,2022-05-14,N
L0007385,717,Broker,25203.92,0,0.0,3382.6,3,11218.49,2024-01-29,N
L0007386,719,Online,41718.04,0,0.0,9802.64,3,10634.97,2022-11-07,N
L0007387,764,Online,54707.6,0,0.0,3212.4,2,7689.4,2023-07-02,Y
L0007388,670,Broker,50206.37,0,0.0,2316.04,2,25242.82,2025-11-08,Y
L0007389,714,Branch,41884.52,0,0.0,3867.1,2,192.05,2024-08-21,N
L0007390,601,Online,33993.36,0,0.0,6346.03,3,12878.74,2024-11-11,N
L0007391,780,Online,49170.48,0,0.0,2067.28,3,6588.54,2024-08-14,N
L0007392,635,Branch,25345.27,0,0.0,3236.06,1,20082.31,2025-02-23,N
L0007393,681,Broker,57124.42,0,0.0,18133.5,2,11890.88,2021-11-21,Y
L0007394,802,Broker,19455.14,0,0.0,576.64,2,12768.08,2026-03-07,N
L0007395,607,Online,39172.36,0,0.0,10292.52,3,16369.72,2024-03-09,Y
L0007396,738,Online,31260.94,0,0.0,4152.28,4,4103.37,2024-03-18,N
L0007397,724,Online,18952.83,0,0.0,4609.59,3,8544.01,2022-08-11,Y
L0007398,672,Branch,7127.82,0,0.0,552.17,3,16621.25,2026-03-08,N
L0007399,641,Online,43099.19,0,0.0,6353.7,4,18547.47,2024-12-08,N
L0007400,-9999,Broker,32969.44,0,0.0,420.04,4,6648.92,2026-03-21,N
L0007401,691,Online,35386.63,1,19063.12,-16373.38,2,25048.31,2025-08-01,Y
L0007402,683,Online,16137.03,0,0.0,3259.36,3,9768.35,2024-06-29,N
L0007403,704,Broker,41272.9,0,0.0,8661.96,3,0.0,2022-10-08,Y
L0007404,677,Broker,18259.82,1,7222.41,-1233.24,1,6094.57,2021-11-06,N
L0007405,704,Online,42445.33,1,13320.39,-8233.24,2,474.83,2024-12-11,Y
L0007406,767,Online,22150.56,0,0.0,835.93,1,9891.35,2025-03-12,N
L0007407,658,Broker,49132.28,0,0.0,16844.04,1,15682.17,2022-05-19,Y
L0007408,694,Branch,48306.33,0,0.0,4209.39,3,12800.74,2025-02-10,N
L0007409,804,Online,52727.77,0,0.0,4750.8,1,7131.88,2022-06-22,N
L0007410,710,Online,45397.95,0,0.0,14168.95,4,4125.25,2022-02-13,Y
L0007411,622,Online,51229.7,0,0.0,6169.92,1,11992.15,2025-04-23,N
L0007412,693,Online,49500.91,0,0.0,19045.83,2,14413.21,2021-10-25,N
L0007413,721,Online,11119.23,0,0.0,1018.14,3,14846.84,2025-03-14,Y
L0007414,678,Online,42425.45,0,0.0,10789.11,1,12369.95,2022-10-08,N
L0007415,628,Online,39651.11,0,0.0,17161.18,1,24980.85,2022-03-17,N
L0007416,716,Branch,23396.77,0,0.0,1399.22,1,12708.54,2025-08-18,Y
L0007417,691,Broker,13284.96,0,0.0,2338.8,2,11059.22,2023-10-18,Y
L0007418,706,Branch,41395.01,0,0.0,5363.02,4,12277.55,2024-03-10,N
L0007419,679,Branch,34300.47,0,0.0,4410.29,3,13781.2,2024-09-11,N
L0007420,625,Online,57091.34,0,0.0,9912.31,1,24276.77,2024-10-21,N
L0007421,705,Broker,44133.67,0,0.0,10508.14,3,12721.56,2022-03-15,N
L0007422,732,Broker,7034.38,0,0.0,791.12,2,13423.01,2025-03-12,N
L0007423,629,Online,21178.29,1,15703.08,-9600.0,1,14440.46,2023-08-18,Y
L0007424,648,Online,21642.76,0,0.0,4980.11,1,20347.68,2024-01-06,N
L0007425,617,Broker,21293.84,1,16216.13,-12579.27,3,24266.47,2024-12-01,Y
L0007426,725,Online,53678.15,0,0.0,1981.38,2,2999.59,2025-12-12,N
L0007427,757,Branch,29119.07,0,0.0,3478.31,1,9238.36,2021-08-04,Y
L0007428,651,Branch,13802.48,1,4633.7,1358.26,2,6104.25,2021-11-11,N
L0007429,695,Online,32294.63,0,0.0,8166.54,2,8986.02,2023-05-27,N
L0007430,651,Branch,5387.98,0,0.0,2070.98,3,0.0,2022-01-12,Y
L0007431,627,Branch,47046.45,0,0.0,20710.4,4,27449.6,2022-02-04,Y
L0007432,753,Broker,58996.93,0,0.0,5745.28,3,6673.49,2022-09-02,N
L0007433,761,Branch,46170.57,0,0.0,1844.48,1,6513.11,2024-10-17,N
L0007434,641,Broker,56019.38,0,0.0,7316.62,4,18066.17,2025-01-24,N
L0007435,695,Branch,48021.7,0,0.0,2415.62,1,0.0,2025-08-04,N
L0007436,713,Branch,58369.94,1,37832.89,-35135.5,4,12826.68,2025-09-06,Y
L0007437,704,Broker,39911.48,0,0.0,7142.57,2,15798.63,2023-05-28,N
L0007438,579,Broker,14061.94,0,0.0,3753.8,1,23214.95,2024-08-19,Y
L0007439,657,Online,39597.88,0,0.0,15268.7,2,23118.93,2021-10-02,N
L0007440,679,Online,28697.35,0,0.0,7547.47,1,2244.3,2022-08-16,Y
L0007441,748,Broker,55342.26,0,0.0,1211.88,2,9775.98,2025-12-11,N
L0007442,738,Branch,30630.3,0,0.0,4745.49,3,6188.73,2022-01-10,Y
L0007443,742,Online,5188.69,0,0.0,1061.45,1,8783.66,2022-09-29,N
L0007444,675,Broker,34665.26,0,0.0,10779.16,3,17418.78,2022-04-07,N
L0007445,689,Branch,26432.84,0,0.0,6950.34,1,14638.06,2022-04-20,N
L0007446,733,Branch,43788.51,0,0.0,3858.92,2,11651.09,2024-01-12,N
L0007447,666,Broker,5848.38,0,0.0,1022.05,3,10937.34,2025-04-03,Y
L0007448,741,Broker,11737.84,0,0.0,1264.86,1,10611.57,2024-05-16,N
L0007449,628,Broker,7834.57,1,4154.86,-634.11,1,22815.44,2022-04-06,Y
L0007450,-9999,Branch,33165.97,0,0.0,8742.32,3,15041.28,2022-12-31,N
L0007451,606,Broker,13560.17,1,7301.25,-2229.44,4,18849.73,2023-05-17,N
L0007452,655,Broker,37015.7,0,0.0,8289.71,2,16833.52,2023-10-08,N
L0007453,740,Broker,34455.52,0,0.0,1350.27,2,15278.72,2025-05-18,Y
L0007454,712,Broker,44356.71,0,0.0,1179.31,2,2384.09,2025-12-15,Y
L0007455,633,Branch,48046.36,0,0.0,21158.19,4,22303.76,2021-12-24,N
L0007456,742,Broker,22189.49,0,0.0,1202.29,1,3396.08,2025-03-06,Y
L0007457,658,Branch,56537.05,0,0.0,17342.06,2,15295.11,2022-09-30,N
L0007458,708,Branch,24390.63,0,0.0,886.09,4,6614.94,2025-10-14,Y
L0007459,710,Online,46932.83,0,0.0,14812.75,2,7148.45,2022-01-05,N
L0007460,555,Online,5388.02,0,0.0,3922.83,2,0.0,2021-11-25,N
L0007461,750,Branch,33188.41,0,0.0,2395.53,1,12027.5,2024-04-24,N
L0007462,628,Online,24271.39,0,0.0,4201.18,1,23765.54,2024-11-01,Y
L0007463,736,Branch,28929.21,0,0.0,5015.91,4,9836.23,2021-12-21,N
L0007464,766,Online,8112.68,0,0.0,1075.32,3,10434.23,2022-06-14,N
L0007465,705,Broker,21179.41,0,0.0,1760.29,3,18137.51,2025-05-15,N
L0007466,727,Online,8937.3,0,0.0,426.28,1,5208.84,2025-10-10,Y
L0007467,667,Online,11815.9,0,0.0,295.94,1,3227.53,2026-03-26,N
L0007468,721,Online,52943.0,0,0.0,1542.56,3,9591.2,2026-02-15,N
L0007469,695,Broker,9660.29,0,0.0,2758.67,2,302.7,2022-04-17,
L0007470,643,Branch,43846.67,0,0.0,8062.44,1,9426.02,2024-06-07,N
L0007471,742,Broker,8241.16,0,0.0,1540.63,1,14704.58,2022-06-26,N
L0007472,654,Branch,19528.87,0,0.0,5210.9,3,9040.23,2023-08-13,N
L0007473,615,Online,55799.61,0,0.0,21604.03,2,25316.19,2022-11-12,N
L0007474,756,Broker,8337.15,0,0.0,1307.93,3,2712.89,2021-10-15,Y
L0007475,724,Online,16410.29,0,0.0,4296.66,4,10271.78,2022-10-22,N
L0007476,719,Online,41561.86,0,0.0,1401.62,3,13435.69,2026-02-26,N
L0007477,701,Broker,54181.84,0,0.0,9631.11,1,9011.47,2023-04-20,Y
L0007478,689,Broker,32403.85,0,0.0,8176.87,2,9331.67,2022-09-05,N
L0007479,733,Branch,32779.92,0,0.0,1022.78,3,6350.71,2025-10-30,N
L0007480,692,Branch,54634.14,0,0.0,9235.88,4,8964.01,2023-10-19,N
L0007481,717,Broker,52705.04,0,0.0,9097.57,3,9366.59,2022-09-01,N
L0007482,766,Broker,58224.56,0,0.0,4589.78,2,8619.04,2022-10-13,N
L0007483,610,Online,26908.96,0,0.0,9742.53,4,15004.72,2023-04-20,Y
L0007484,673,Online,40896.6,0,0.0,4237.33,3,15394.48,2025-02-03,N
L0007485,655,Online,49251.68,0,0.0,15798.76,3,12602.99,2022-09-21,N
L0007486,699,Broker,47979.38,0,0.0,6471.55,1,16988.74,2024-03-16,N
L0007487,619,Branch,56500.08,0,0.0,20602.78,4,44461.43,2023-01-01,N
L0007488,713,Online,27143.67,0,0.0,8854.09,2,10284.11,2021-11-02,N
L0007489,717,Broker,49102.12,0,0.0,6976.12,1,13913.54,2023-06-20,N
L0007490,692,Branch,46929.39,0,0.0,13158.32,2,7871.55,2022-01-29,N
L0007491,691,Online,8379.13,0,0.0,2262.99,4,15542.02,2023-08-07,N
L0007492,723,Broker,45766.67,0,0.0,997.92,2,5495.21,2026-02-26,N
L0007493,656,Branch,10414.12,1,4046.17,-1455.48,4,23288.16,2023-11-06,N
L0007494,601,Broker,24054.69,0,0.0,11987.77,1,26170.38,2022-04-16,N
L0007495,689,Broker,57278.35,0,0.0,7800.13,3,26045.21,2024-05-08,Y
L0007496,612,Online,54244.93,0,0.0,5420.39,3,21866.08,2025-07-04,N
L0007497,724,Broker,58063.1,0,0.0,7888.97,4,2244.92,2023-03-23,N
L0007498,629,Online,33237.15,0,0.0,2670.67,1,23732.35,2025-10-13,N
L0007499,722,Online,34508.4,0,0.0,9392.8,3,8866.88,2022-04-07,Y
L0007500,-9999,Online,43424.71,0,0.0,8165.28,2,17297.61,2024-02-09,Y
L0007501,683,Online,37923.89,0,0.0,9429.45,1,15385.64,2023-09-27,Y
L0007502,707,Broker,34479.1,0,0.0,4958.65,2,7456.33,2023-10-29,Y
L0007503,714,Branch,36126.04,0,0.0,4245.99,3,13663.57,2024-03-29,N
L0007504,651,Online,15267.02,0,0.0,978.65,2,15297.76,2026-01-31,N
L0007505,627,Online,58700.82,0,0.0,8971.85,2,24323.05,2024-12-05,N
L0007506,665,Branch,58076.41,0,0.0,8642.16,1,18540.97,2024-07-02,N
L0007507,715,Online,11491.54,1,6066.0,-2546.16,4,16767.62,2022-07-18,Y
L0007508,603,Online,47282.42,0,0.0,26506.56,2,16853.94,2021-08-05,Y
L0007509,704,Online,14537.07,0,0.0,1361.64,2,18378.63,2025-03-20,N
L0007510,670,Online,25737.11,0,0.0,3403.63,1,5106.79,2024-12-29,N
L0007511,685,Online,49585.66,0,0.0,16515.82,3,16789.11,2022-08-20,N
L0007512,682,Online,42406.53,0,0.0,13102.13,2,19419.35,2023-01-05,N
L0007513,682,Branch,44612.02,0,0.0,14409.08,3,6766.66,2021-08-02,Y
L0007514,692,Online,22161.63,0,0.0,7206.13,3,12996.44,2022-08-11,Y
L0007515,643,Online,18914.89,0,0.0,3177.31,3,0.0,2024-11-02,Y
L0007516,742,Branch,22843.79,0,0.0,2164.21,2,14230.04,2023-06-28,N
L0007517,688,Branch,45372.09,0,0.0,6455.46,4,12489.43,2024-03-12,Y
L0007518,708,Broker,50694.53,0,0.0,12615.67,3,17244.67,2021-09-10,Y
L0007519,642,Broker,6697.46,0,0.0,2738.82,3,6401.13,2022-02-02,N
L0007520,692,Online,53066.11,1,18271.41,-5953.65,3,9211.3,2023-09-29,Y
L0007521,744,Broker,54473.26,0,0.0,6274.14,4,11669.74,2022-10-31,Y
L0007522,753,Online,7049.05,0,0.0,1076.58,4,9340.86,2021-09-07,Y
L0007523,730,Online,14960.25,0,0.0,2730.29,2,9031.39,2023-12-17,Y
L0007524,647,Branch,36566.42,0,0.0,5353.56,4,16329.93,2024-10-10,N
L0007525,724,Online,29144.53,0,0.0,7618.35,1,11528.88,2022-07-17,N
L0007526,654,Broker,26449.65,0,0.0,5321.22,2,10269.57,2024-02-05,N
L0007527,702,Broker,48552.95,0,0.0,6212.99,3,8560.1,2024-04-06,Y
L0007528,635,Broker,40367.2,0,0.0,4636.66,1,24524.72,2025-04-21,N
L0007529,703,Broker,41652.55,0,0.0,8488.26,1,0.0,2022-12-16,N
L0007530,735,Online,11986.62,0,0.0,3334.58,1,8863.44,2021-08-30,N
L0007531,653,Branch,59902.37,0,0.0,15738.05,4,20856.44,2023-05-18,N
L0007532,671,Broker,31798.14,0,0.0,7058.97,3,20754.6,2023-06-19,N
L0007533,690,Online,57056.22,0,0.0,9817.61,4,5444.48,2024-06-12,Y
L0007534,740,Online,47698.78,0,0.0,5299.59,1,10289.28,2023-04-04,N
L0007535,677,Branch,28501.47,0,0.0,6091.89,3,20145.83,2023-06-06,N
L0007536,726,Branch,13477.13,0,0.0,1134.57,2,11029.03,2025-03-31,Y
L0007537,792,Branch,53832.21,0,0.0,5238.57,2,10786.52,2021-09-24,N
L0007538,758,Online,27091.7,0,0.0,3360.3,1,11801.1,2021-07-25,N
L0007539,654,Broker,10963.32,0,0.0,1460.79,4,10849.16,2024-11-13,N
L0007540,696,Branch,6836.37,0,0.0,1625.83,3,10507.44,2022-06-09,Y
L0007541,613,Online,32280.01,0,0.0,12371.32,4,26726.24,2023-01-07,N
L0007542,787,Broker,7676.48,0,0.0,574.58,2,7101.73,2024-04-26,N
L0007543,868,Broker,23673.1,0,0.0,285.47,1,1200.38,2026-01-30,N
L0007544,763,Online,14864.74,0,0.0,655.72,2,6980.3,2024-06-08,N
L0007545,880,Online,54885.86,0,0.0,2960.98,3,829.49,2023-11-24,Y
L0007546,692,Broker,35510.14,0,0.0,5686.71,4,13268.37,2023-12-06,Y
L0007547,712,Online,22794.39,0,0.0,3804.8,2,12078.51,2024-03-03,N
L0007548,731,Branch,41042.6,0,0.0,5400.71,3,16293.17,2023-02-13,N
L0007549,763,Broker,32880.1,0,0.0,2657.01,1,8554.61,2023-01-12,Y
L0007550,-9999,Broker,22990.93,1,14970.2,-6852.19,2,16404.27,2022-07-28,Y
L0007551,676,Branch,20153.45,0,0.0,1976.68,2,3552.55,2025-02-20,Y
L0007552,650,Broker,12501.89,0,0.0,5006.99,4,11921.54,2022-01-18,N
L0007553,743,Branch,47067.97,0,0.0,2141.43,1,4637.06,2024-12-25,Y
L0007554,633,Broker,11409.44,1,3800.7,-1715.84,3,23068.63,2024-12-08,Y
L0007555,800,Branch,16881.51,0,0.0,1943.5,1,6557.52,2022-03-14,N
L0007556,818,Broker,22637.33,0,0.0,2045.54,2,8546.36,2023-01-31,Y
L0007557,721,Branch,17861.18,1,13370.09,-12917.64,3,12042.63,2026-01-14,N
L0007558,655,Online,46569.13,0,0.0,9857.35,4,16629.53,2023-12-30,Y
L0007559,683,Broker,54513.16,0,0.0,16145.47,4,15320.52,2022-02-23,N
L0007560,630,Branch,30132.9,0,0.0,12642.66,1,15601.33,2022-05-01,N
L0007561,711,Broker,25006.19,1,16118.94,-12030.87,2,9950.76,2023-08-20,N
L0007562,644,Online,57047.63,0,0.0,10387.43,3,23735.84,2024-06-11,Y
L0007563,695,Online,50726.46,0,0.0,13160.52,4,2571.43,2023-04-11,N
L0007564,720,Online,13592.23,1,10118.47,-9500.16,2,19556.68,2026-01-18,Y
L0007565,780,Branch,28200.49,0,0.0,1428.82,1,3705.7,2024-05-17,Y
L0007566,664,Branch,47157.16,0,0.0,1795.97,1,5469.47,2026-01-11,
L0007567,802,Broker,42093.43,0,0.0,1627.16,4,9113.14,2025-03-18,Y
L0007568,681,Branch,38759.25,0,0.0,8488.48,3,6294.78,2023-04-28,N
L0007569,631,Online,56426.63,0,0.0,15998.05,2,16139.18,2023-08-07,Y
L0007570,576,Online,7203.65,0,0.0,2840.21,1,23409.96,2023-05-31,N
L0007571,609,Branch,58947.19,0,0.0,29860.73,3,32879.84,2021-12-03,Y
L0007572,714,Online,7749.81,0,0.0,1685.42,2,9106.65,2024-01-13,Y
L0007573,676,Broker,10669.36,0,0.0,1390.11,1,13030.75,2024-10-23,N
L0007574,679,Online,15583.65,0,0.0,2189.0,3,0.0,2024-07-20,N
L0007575,699,Online,8687.64,0,0.0,957.0,3,12929.56,2025-05-31,N
L0007576,699,Broker,38941.01,0,0.0,8186.98,1,14360.73,2022-11-16,N
L0007577,706,Online,35062.63,0,0.0,5879.77,2,12407.71,2024-05-26,Y
L0007578,756,Branch,49021.37,0,0.0,999.78,2,9774.25,2025-12-01,N
L0007579,695,Branch,24046.94,0,0.0,6403.68,3,10248.37,2022-01-15,N
L0007580,776,Online,15057.61,0,0.0,192.45,2,6526.93,2026-02-01,Y
L0007581,618,Branch,57986.34,0,0.0,29615.26,2,13040.85,2021-08-03,Y
L0007582,676,Branch,36645.17,0,0.0,3031.6,4,5136.39,2025-04-01,N
L0007583,684,Broker,16583.72,0,0.0,1246.94,1,6884.57,2025-09-02,Y
L0007584,668,Branch,36793.08,0,0.0,3196.4,4,16450.74,2025-05-01,Y
L0007585,678,Online,31160.03,1,14767.79,-12740.62,3,14709.56,2025-07-03,Y
L0007586,613,Branch,24524.75,0,0.0,7043.35,3,26292.32,2023-11-21,Y
L0007587,632,Branch,41559.99,0,0.0,5426.68,4,12766.94,2025-02-09,N
L0007588,755,Branch,50359.76,0,0.0,991.44,1,13738.87,2025-12-24,N
L0007589,748,Branch,14511.69,0,0.0,833.04,4,6979.84,2025-10-23,N
L0007590,549,Branch,12794.89,0,0.0,1244.43,3,14956.41,2025-11-22,Y
L0007591,695,Broker,14261.72,0,0.0,1414.54,1,13000.16,2025-01-18,Y
L0007592,708,Broker,8655.16,0,0.0,558.62,4,5735.34,2025-05-25,N
L0007593,730,Online,46795.78,0,0.0,5612.75,4,117.09,2024-06-21,Y
L0007594,798,Branch,9218.7,0,0.0,623.96,1,6165.13,2024-10-29,N
L0007595,846,Branch,24791.27,0,0.0,1604.2,3,4764.36,2024-01-08,Y
L0007596,707,Broker,32575.77,0,0.0,8366.71,4,15317.78,2021-09-16,N
L0007597,779,Broker,29120.86,0,0.0,2482.48,3,7455.21,2022-09-14,Y
L0007598,775,Broker,26318.96,0,0.0,2090.61,3,7035.23,2023-03-07,N
L0007599,657,Online,41569.11,0,0.0,7258.83,4,15403.17,2024-06-01,N
L0007600,-9999,Broker,52073.67,0,0.0,3152.18,1,10517.53,2024-10-16,Y
L0007601,695,Branch,14400.56,0,0.0,3002.47,1,11576.1,2023-05-10,N
L0007602,664,Online,23708.35,0,0.0,7126.69,4,13089.06,2022-10-03,N
L0007603,784,Online,45750.41,0,0.0,2919.52,4,10050.23,2023-08-02,N
L0007604,701,Broker,10642.01,1,7095.1,-4346.89,2,10081.74,2022-01-05,N
L0007605,643,Broker,50287.38,0,0.0,13449.73,1,5846.17,2023-08-18,Y
L0007606,671,Branch,40898.47,0,0.0,3388.76,2,12222.29,2025-05-20,N
L0007607,682,Broker,16250.03,0,0.0,5155.52,2,4637.28,2021-10-11,N
L0007608,654,Branch,20651.22,0,0.0,2631.91,2,10435.08,2025-01-27,Y
L0007609,722,Branch,49530.9,0,0.0,3619.58,3,11100.42,2024-11-20,N
L0007610,718,Branch,12102.2,0,0.0,1474.85,1,9877.96,2023-12-16,N
L0007611,689,Broker,34722.96,0,0.0,8294.6,2,10490.8,2022-10-21,N
L0007612,667,Online,45592.29,0,0.0,8025.2,2,4628.79,2024-03-27,N
L0007613,762,Online,25740.03,0,0.0,2069.09,3,2869.59,2022-10-30,Y
L0007614,713,Online,40233.06,0,0.0,4537.72,2,15549.9,2024-11-16,Y
L0007615,687,Broker,59034.09,0,0.0,11795.56,4,14133.94,2023-05-27,N
L0007616,719,Broker,11749.43,0,0.0,2925.38,4,11542.92,2021-08-02,Y
L0007617,696,Branch,51346.28,0,0.0,6705.09,1,1556.82,2024-04-03,Y
L0007618,734,Online,37736.99,0,0.0,10286.03,2,8148.58,2021-08-15,Y
L0007619,728,Online,15171.8,1,8604.16,-4648.94,4,15626.87,2022-02-22,N
L0007620,811,Broker,45741.26,0,0.0,3520.45,3,5146.43,2022-08-10,Y
L0007621,752,Online,7218.36,0,0.0,682.21,4,16418.06,2025-11-21,N
L0007622,630,Online,15073.02,0,0.0,6261.64,1,8710.46,2022-04-24,N
L0007623,604,Branch,24403.02,0,0.0,10362.0,4,6900.4,2022-10-28,Y
L0007624,645,Broker,48020.1,0,0.0,18743.97,3,22923.69,2022-03-11,Y
L0007625,720,Broker,43139.09,0,0.0,9618.7,2,17472.24,2021-07-16,Y
L0007626,712,Branch,43070.43,0,0.0,5775.75,4,18626.64,2023-11-06,Y
L0007627,674,Online,13367.55,1,9347.99,-5904.02,1,2117.38,2023-02-27,Y
L0007628,704,Branch,53239.3,0,0.0,13188.26,3,16510.73,2022-01-01,N
L0007629,664,Online,20698.54,0,0.0,1943.14,2,5201.07,2025-07-09,Y
L0007630,711,Online,50414.57,0,0.0,11803.42,2,12497.66,2023-02-11,Y
L0007631,743,Online,58590.73,0,0.0,1648.08,1,14775.91,2025-08-10,N
L0007632,689,Broker,18490.98,0,0.0,4832.33,1,12608.07,2022-04-15,N
L0007633,671,Branch,40335.03,0,0.0,2783.64,1,14022.59,2025-09-02,N
L0007634,788,Branch,8533.99,0,0.0,290.06,2,3747.98,2024-11-23,Y
L0007635,656,Broker,31742.53,1,15860.43,-12942.47,1,15785.92,2025-05-02,N
L0007636,645,Online,54543.28,0,0.0,10281.81,3,40388.03,2024-06-17,N
L0007637,682,Online,28291.14,0,0.0,2244.32,1,1287.71,2025-08-29,N
L0007638,664,Online,30070.11,0,0.0,3902.11,3,11895.38,2024-10-05,N
L0007639,706,Branch,7186.12,1,5376.75,-3235.35,4,13011.45,2021-10-23,N
L0007640,702,Branch,41281.59,0,0.0,7828.59,4,14130.98,2023-01-16,N
L0007641,729,Broker,6490.24,0,0.0,1343.24,4,1495.1,2022-08-21,Y
L0007642,705,Broker,56925.75,0,0.0,9418.6,2,14483.63,2023-05-13,N
L0007643,680,Online,26213.87,1,19705.39,-15294.2,3,25535.68,2024-10-19,Y
L0007644,723,Branch,45852.21,0,0.0,1402.73,1,16919.58,2025-10-13,N
L0007645,787,Branch,23147.87,0,0.0,1940.1,4,8009.43,2023-04-03,N
L0007646,773,Broker,10006.34,0,0.0,626.88,2,7485.23,2024-09-22,N
L0007647,587,Online,14235.9,0,0.0,1295.52,4,12476.77,2025-10-04,Y
L0007648,703,Broker,52475.24,0,0.0,5735.55,3,13772.74,2024-06-15,N
L0007649,705,Online,57441.49,0,0.0,8592.83,2,6746.22,2024-07-23,Y
L0007650,-9999,Branch,57002.88,0,0.0,8820.38,2,11451.8,2021-09-05,N
L0007651,714,Online,41304.36,0,0.0,8296.07,3,15411.16,2023-07-14,Y
L0007652,793,Online,37501.5,0,0.0,2384.0,1,9134.72,2023-05-01,N
L0007653,691,Online,9053.95,0,0.0,2910.42,1,18811.49,2022-12-11,N
L0007654,657,Broker,22761.6,0,0.0,8113.48,2,15762.91,2022-02-20,Y
L0007655,640,Online,17179.27,0,0.0,3259.47,4,25724.4,2024-08-13,N
L0007656,680,Online,42379.63,0,0.0,14186.95,3,5083.89,2022-10-02,N
L0007657,648,Broker,54561.98,0,0.0,16524.54,4,12576.19,2023-01-09,N
L0007658,711,Broker,10514.38,0,0.0,1479.63,1,12641.8,2024-03-14,Y
L0007659,666,Branch,33094.18,0,0.0,2478.76,4,10577.52,2025-09-09,N
L0007660,755,Online,36842.44,0,0.0,3169.4,3,5809.27,2023-04-16,N
L0007661,702,Branch,59218.19,0,0.0,15999.87,4,14073.8,2021-08-20,Y
L0007662,629,Broker,25970.12,0,0.0,2281.76,1,28496.84,2025-08-11,Y
L0007663,652,Branch,24369.68,1,19215.66,-15836.36,3,21128.5,2025-01-28,
L0007664,609,Online,20218.02,0,0.0,8692.56,4,16381.35,2022-09-03,Y
L0007665,775,Online,58261.69,0,0.0,2737.48,1,11286.45,2024-02-25,Y
L0007666,637,Online,49557.26,0,0.0,5872.84,2,15470.42,2025-04-03,N
L0007667,781,Broker,38124.94,1,26816.67,-26097.54,3,9832.76,2025-09-01,Y
L0007668,740,Broker,16619.74,0,0.0,1974.48,3,8531.06,2022-12-30,N
L0007669,696,Branch,19229.48,0,0.0,781.59,2,14718.35,2026-02-12,N
L0007670,644,Online,8155.02,0,0.0,953.57,2,5464.13,2025-11-27,Y
L0007671,713,Online,46329.72,0,0.0,10545.43,3,3649.49,2023-04-08,N
L0007672,596,Branch,25706.31,0,0.0,11779.23,3,20492.08,2022-09-27,N
L0007673,758,Online,29807.28,0,0.0,1921.5,4,4794.5,2023-06-14,Y
L0007674,665,Branch,48429.37,0,0.0,1830.28,4,10135.22,2026-01-13,Y
L0007675,760,Online,55905.65,0,0.0,5491.58,3,6282.58,2021-09-23,N
L0007676,744,Online,58298.76,1,44199.65,-38549.05,1,14525.66,2023-06-12,Y
L0007677,647,Online,47296.38,0,0.0,20265.46,4,14161.14,2021-08-06,N
L0007678,727,Broker,46400.58,0,0.0,7622.51,1,11029.86,2022-07-19,Y
L0007679,702,Broker,32418.1,0,0.0,5731.18,4,19508.6,2023-06-27,N
L0007680,729,Branch,32566.29,0,0.0,1498.48,4,7693.91,2025-08-20,Y
L0007681,731,Broker,22974.64,0,0.0,2343.01,1,13932.24,2024-04-23,Y
L0007682,668,Broker,24079.94,1,12970.31,-11337.08,2,3317.95,2025-10-02,Y
L0007683,645,Branch,43614.13,0,0.0,3873.73,4,7113.74,2025-07-08,Y
L0007684,609,Broker,29968.18,1,16805.29,-1797.37,3,25918.99,2021-12-07,Y
L0007685,690,Branch,52868.64,0,0.0,10785.15,2,14638.99,2023-04-25,N
L0007686,695,Branch,55039.84,0,0.0,15708.48,3,10043.23,2021-08-25,Y
L0007687,593,Broker,25024.77,1,11593.41,-419.85,1,23979.53,2022-11-12,N
L0007688,717,Online,20735.04,0,0.0,6866.6,3,20470.52,2021-08-25,N
L0007689,726,Branch,35640.85,0,0.0,2546.98,2,12094.56,2025-01-27,N
L0007690,666,Broker,39176.39,0,0.0,3042.76,1,15661.96,2025-08-18,Y
L0007691,596,Online,41557.14,0,0.0,22926.74,2,16832.46,2021-11-04,N
L0007692,742,Online,58851.7,0,0.0,5776.55,1,3357.48,2023-04-21,Y
L0007693,808,Branch,42159.82,0,0.0,4215.5,3,3408.43,2022-01-26,Y
L0007694,725,Online,9901.46,0,0.0,2199.83,4,15856.06,2023-03-03,Y
L0007695,646,Online,24128.65,0,0.0,6758.03,2,24697.22,2023-05-07,N
L0007696,708,Broker,10020.74,0,0.0,935.07,3,0.0,2025-07-30,Y
L0007697,704,Online,6958.13,0,0.0,749.31,4,8516.54,2025-01-06,Y
L0007698,787,Broker,38402.96,0,0.0,1215.71,4,10068.79,2025-03-02,Y
L0007699,710,Broker,35951.94,0,0.0,1936.78,2,12205.47,2025-07-20,Y
L0007700,-9999,Online,43781.88,0,0.0,14339.85,3,5722.74,2022-04-09,N
L0007701,705,Online,37225.07,0,0.0,7507.23,1,2534.97,2023-09-27,N
L0007702,666,Online,51446.51,0,0.0,17601.62,2,9799.96,2022-01-01,Y
L0007703,683,Branch,27651.0,0,0.0,7243.63,3,5600.26,2022-09-08,N
L0007704,632,Online,22171.52,1,10326.25,-4075.32,4,13569.38,2023-10-11,N
L0007705,672,Branch,27126.55,0,0.0,5369.53,3,11747.66,2023-10-20,Y
L0007706,789,Online,6225.54,0,0.0,458.67,4,14639.32,2026-01-24,N
L0007707,697,Online,41317.24,1,26609.07,-18059.65,4,19262.46,2023-11-07,Y
L0007708,670,Broker,20326.83,0,0.0,1890.91,4,13645.97,2025-05-06,N
L0007709,689,Online,9317.5,0,0.0,1291.07,1,7159.53,2025-03-11,Y
L0007710,657,Branch,8776.58,0,0.0,1875.91,1,15276.89,2024-03-21,N
L0007711,742,Branch,9583.35,0,0.0,1133.75,3,11292.39,2023-06-14,Y
L0007712,719,Online,50702.18,0,0.0,10182.09,1,9117.35,2023-05-23,N
L0007713,623,Broker,18269.0,0,0.0,2247.17,2,16814.66,2025-07-28,Y
L0007714,633,Online,6429.36,0,0.0,229.93,2,10321.56,2026-03-30,N
L0007715,699,Broker,10805.71,0,0.0,2072.31,4,10528.31,2023-04-15,Y
L0007716,688,Online,8865.72,0,0.0,1640.39,3,13812.94,2025-01-26,N
L0007717,666,Online,20392.63,0,0.0,4613.99,3,21025.76,2023-08-18,Y
L0007718,682,Broker,39981.48,0,0.0,8734.33,4,20781.32,2023-03-09,N
L0007719,657,Branch,53535.02,0,0.0,8854.74,4,12509.95,2024-07-09,N
L0007720,631,Branch,15538.2,0,0.0,1438.77,4,19200.95,2025-10-19,N
L0007721,627,Branch,18521.37,0,0.0,1130.95,4,20543.37,2025-11-12,Y
L0007722,637,Online,28346.47,1,10265.05,646.72,2,18291.85,2022-05-10,Y
L0007723,759,Broker,28127.24,0,0.0,2780.65,3,13360.07,2021-12-05,Y
L0007724,708,Online,50056.63,0,0.0,9334.5,1,8362.19,2023-12-07,N
L0007725,713,Broker,6324.59,0,0.0,1465.93,4,18716.11,2022-09-12,N
L0007726,715,Branch,6807.64,0,0.0,1492.41,3,9625.17,2022-02-26,Y
L0007727,703,Online,28892.49,0,0.0,8944.3,3,20274.09,2022-05-04,Y
L0007728,779,Broker,24205.8,0,0.0,1809.25,1,6389.08,2022-12-09,Y
L0007729,704,Branch,50590.75,1,23778.53,-17347.9,2,0.0,2024-02-06,Y
L0007730,682,Broker,30643.61,0,0.0,3594.41,1,2638.76,2024-12-01,Y
L0007731,700,Broker,34481.7,0,0.0,5185.7,1,13238.3,2023-11-10,N
L0007732,632,Branch,17619.09,0,0.0,2734.49,3,17670.56,2025-02-01,Y
L0007733,720,Broker,52277.03,0,0.0,7209.17,3,7636.21,2023-05-12,Y
L0007734,638,Branch,23173.9,0,0.0,8836.35,4,21592.62,2022-08-26,Y
L0007735,668,Branch,23817.77,1,18200.76,-16853.8,1,10559.84,2025-11-21,Y
L0007736,671,Broker,31654.49,0,0.0,11815.26,1,11564.37,2021-07-24,Y
L0007737,770,Online,17402.49,0,0.0,1504.14,1,9417.29,2023-09-15,N
L0007738,756,Broker,32787.42,1,23621.05,-22207.19,1,3994.78,2025-02-05,N
L0007739,728,Broker,11616.47,0,0.0,994.47,4,10486.79,2024-08-16,N
L0007740,674,Branch,53023.89,0,0.0,12389.21,4,24512.76,2023-04-24,Y
L0007741,729,Online,36725.07,0,0.0,4655.88,2,3226.09,2024-05-31,Y
L0007742,664,Branch,13868.75,0,0.0,5308.2,3,19114.34,2021-11-02,N
L0007743,604,Branch,45442.42,0,0.0,6110.69,2,5135.94,2025-05-27,Y
L0007744,703,Online,19355.99,0,0.0,5666.59,4,6399.9,2022-07-26,Y
L0007745,736,Branch,47655.09,0,0.0,5101.09,3,11991.1,2023-09-05,N
L0007746,656,Broker,11645.21,0,0.0,3865.28,1,17047.66,2022-09-15,Y
L0007747,782,Broker,43854.91,0,0.0,3190.93,1,6669.49,2023-04-17,Y
L0007748,740,Branch,38934.74,0,0.0,5054.34,4,0.0,2022-09-06,N
L0007749,617,Branch,11729.91,0,0.0,3989.94,4,14906.65,2023-04-27,N
L0007750,-9999,Branch,35688.68,0,0.0,5385.56,1,16853.95,2024-05-13,Y
L0007751,620,Broker,58126.85,0,0.0,22601.6,1,23522.6,2022-10-12,Y
L0007752,804,Online,15754.86,0,0.0,1434.1,3,10856.1,2022-11-05,N
L0007753,728,Branch,35990.98,0,0.0,1219.49,3,14963.98,2025-11-08,N
L0007754,699,Broker,22706.84,0,0.0,5137.03,3,16902.53,2022-10-04,N
L0007755,840,Broker,49859.65,0,0.0,3410.46,1,3435.67,2023-08-26,Y
L0007756,676,Online,34103.09,0,0.0,5945.82,2,13608.51,2024-03-09,Y
L0007757,693,Branch,52317.29,0,0.0,4242.33,1,11399.35,2025-02-16,N
L0007758,688,Broker,52623.36,0,0.0,10811.13,3,6729.87,2023-03-19,N
L0007759,805,Branch,28551.3,0,0.0,2353.65,2,1669.51,2022-11-29,N
L0007760,621,Broker,45499.46,0,0.0,17778.83,3,21167.41,2022-09-04,
L0007761,607,Online,57381.6,0,0.0,15527.59,2,11637.11,2024-01-20,N
L0007762,773,Online,23568.15,0,0.0,915.12,3,4436.99,2025-03-07,N
L0007763,700,Broker,25298.04,0,0.0,1956.4,3,9370.15,2025-06-01,N
L0007764,779,Broker,14379.44,0,0.0,1063.42,3,5722.79,2024-04-09,Y
L0007765,700,Online,54298.49,0,0.0,9561.86,1,13982.93,2024-03-28,Y
L0007766,606,Branch,59178.77,0,0.0,5362.93,3,25698.06,2025-09-05,N
L0007767,693,Branch,8838.95,0,0.0,2103.73,1,8947.23,2023-03-07,Y
L0007768,712,Branch,40985.92,0,0.0,1155.91,2,5772.82,2025-12-04,Y
L0007769,694,Online,9802.42,0,0.0,841.12,4,25985.89,2025-09-06,Y
L0007770,775,Branch,45446.41,0,0.0,2409.26,1,10042.8,2024-02-14,N
L0007771,787,Broker,52485.79,0,0.0,4797.9,3,4852.9,2021-12-20,Y
L0007772,632,Branch,21128.76,0,0.0,3300.2,2,19172.43,2024-11-18,Y
L0007773,598,Branch,11415.72,0,0.0,1021.64,3,6244.46,2026-01-09,Y
L0007774,732,Broker,56170.41,0,0.0,4532.65,3,12630.15,2024-07-16,Y
L0007775,709,Online,59755.08,0,0.0,8575.29,2,16228.41,2024-06-12,Y
L0007776,686,Branch,25127.36,0,0.0,2657.62,4,16231.26,2025-01-24,N
L0007777,835,Branch,5005.32,0,0.0,416.89,2,3640.94,2025-04-12,N
L0007778,633,Online,31026.43,0,0.0,8684.82,2,10106.46,2023-09-17,Y
L0007779,687,Broker,30865.65,0,0.0,6803.48,2,18913.23,2023-01-12,N
L0007780,663,Broker,59695.08,0,0.0,10904.55,2,14156.44,2024-03-22,N
L0007781,838,Branch,6369.8,0,0.0,396.3,4,6433.44,2025-03-15,N
L0007782,658,Branch,46227.21,0,0.0,1230.22,1,11114.74,2026-03-25,N
L0007783,768,Branch,46638.85,0,0.0,2184.47,4,9498.07,2024-04-18,N
L0007784,786,Broker,55801.28,0,0.0,3265.62,3,6529.14,2023-08-23,Y
L0007785,715,Online,11829.19,0,0.0,3184.63,2,10904.48,2022-08-30,Y
L0007786,571,Broker,57714.94,0,0.0,15607.15,4,13064.93,2024-06-16,N
L0007787,714,Branch,23783.98,0,0.0,3784.28,1,9559.46,2023-03-28,N
L0007788,715,Broker,20727.35,0,0.0,1190.93,1,4893.1,2025-06-14,Y
L0007789,707,Online,56707.58,0,0.0,12022.11,3,13662.86,2023-08-19,Y
L0007790,698,Online,39252.57,0,0.0,8218.94,3,6940.12,2023-11-08,Y
L0007791,760,Online,14090.27,0,0.0,1122.73,2,9034.69,2023-06-19,N
L0007792,702,Online,58176.54,0,0.0,8526.36,1,12474.99,2024-07-03,N
L0007793,700,Broker,37930.26,0,0.0,5701.05,3,10453.32,2023-11-08,Y
L0007794,727,Online,41156.74,0,0.0,1193.25,3,8275.08,2026-03-28,Y
L0007795,662,Online,9712.37,0,0.0,3614.03,1,10076.72,2022-05-14,Y
L0007796,744,Online,29755.38,1,11405.99,-10048.14,4,12605.49,2025-05-19,Y
L0007797,689,Broker,20298.22,0,0.0,2949.22,2,7955.52,2024-04-28,Y
L0007798,635,Broker,20336.31,0,0.0,8381.37,1,6241.04,2022-03-18,N
L0007799,691,Online,23789.17,0,0.0,1012.7,1,18335.62,2026-01-07,Y
L0007800,-9999,Branch,25619.3,0,0.0,2582.11,4,14884.54,2025-03-20,N
L0007801,687,Broker,29727.5,0,0.0,3696.78,2,16753.77,2024-07-03,Y
L0007802,679,Online,27839.81,0,0.0,2945.26,1,12549.04,2025-03-25,Y
L0007803,717,Broker,15408.64,0,0.0,1955.22,2,11477.18,2023-11-08,N
L0007804,698,Broker,34445.28,0,0.0,3518.11,3,10813.58,2024-11-30,Y
L0007805,741,Branch,37868.97,0,0.0,2580.26,1,7020.3,2024-10-01,Y
L0007806,719,Branch,8537.91,0,0.0,244.03,4,18145.61,2026-03-25,N
L0007807,706,Broker,27437.63,1,17110.61,-12101.53,4,15174.86,2023-04-20,Y
L0007808,703,Broker,20561.5,0,0.0,3094.18,2,3036.81,2024-02-19,N
L0007809,814,Branch,15362.86,0,0.0,1579.57,4,1931.43,2022-07-10,N
L0007810,686,Broker,51280.13,0,0.0,11075.35,3,19997.62,2023-02-11,N
L0007811,707,Online,45257.55,0,0.0,2500.35,1,11102.38,2025-10-28,N
L0007812,752,Online,50782.65,0,0.0,6234.97,4,11765.87,2021-08-03,N
L0007813,702,Online,29522.32,0,0.0,10012.34,4,0.0,2021-12-18,N
L0007814,768,Branch,36159.55,0,0.0,2617.84,4,2596.86,2023-08-13,Y
L0007815,678,Online,31978.84,0,0.0,10700.87,1,9752.67,2021-08-18,N
L0007816,575,Branch,38956.45,0,0.0,22860.83,4,19435.39,2022-01-28,N
L0007817,740,Broker,36443.09,0,0.0,1672.27,1,16324.47,2025-02-23,Y
L0007818,752,Broker,19488.0,0,0.0,2343.61,3,1702.8,2022-03-25,Y
L0007819,712,Branch,29394.66,0,0.0,7487.22,3,13501.81,2021-08-16,N
L0007820,666,Branch,42913.64,0,0.0,7502.36,2,16878.69,2024-04-21,Y
L0007821,591,Branch,36508.94,0,0.0,20821.78,2,18970.9,2021-10-19,N
L0007822,714,Broker,13672.57,0,0.0,767.84,4,10479.94,2025-06-08,Y
L0007823,710,Online,38944.78,0,0.0,11715.47,1,17987.23,2022-05-27,Y
L0007824,702,Online,9973.89,0,0.0,1213.78,4,20990.48,2024-11-22,N
L0007825,825,Broker,47928.58,0,0.0,620.26,2,7599.84,2025-11-02,Y
L0007826,672,Online,5324.17,0,0.0,1107.04,3,226.61,2024-06-29,Y
L0007827,642,Branch,8126.5,0,0.0,1785.65,3,14520.27,2024-05-15,Y
L0007828,699,Broker,53323.45,0,0.0,6976.22,2,15231.89,2024-04-28,Y
L0007829,778,Branch,9541.17,0,0.0,675.2,2,10665.96,2024-12-30,Y
L0007830,601,Branch,39173.15,0,0.0,14327.17,2,17922.89,2023-04-23,N
L0007831,773,Branch,56059.23,0,0.0,1801.36,2,9768.11,2024-12-26,N
L0007832,723,Online,41348.71,0,0.0,11206.86,3,8255.17,2022-04-26,Y
L0007833,773,Branch,53762.44,0,0.0,563.14,3,6990.06,2026-02-23,N
L0007834,746,Broker,53819.46,0,0.0,6246.76,1,16687.59,2022-05-21,N
L0007835,832,Online,38982.26,0,0.0,2271.76,3,8967.88,2024-04-13,N
L0007836,671,Branch,6993.76,0,0.0,2515.38,3,23612.78,2022-01-26,N
L0007837,724,Branch,25237.03,0,0.0,4334.46,4,905.55,2022-05-24,N
L0007838,525,Broker,34241.88,0,0.0,17051.57,1,13901.04,2023-06-08,N
L0007839,675,Branch,54227.94,0,0.0,3263.87,1,15854.1,2025-08-15,N
L0007840,614,Online,52396.42,1,35271.27,-13180.7,4,19950.24,2022-08-17,Y
L0007841,731,Online,22569.62,0,0.0,2911.66,3,14998.42,2024-08-24,N
L0007842,670,Broker,55586.17,0,0.0,15983.41,3,6882.81,2022-08-29,N
L0007843,689,Branch,13783.88,0,0.0,2991.62,1,15984.94,2023-06-15,N
L0007844,677,Branch,13824.64,0,0.0,3223.74,4,15736.9,2023-06-19,N
L0007845,529,Online,11658.22,0,0.0,6145.26,4,28375.01,2023-05-17,N
L0007846,779,Broker,10755.93,0,0.0,761.17,4,5638.52,2025-04-02,Y
L0007847,754,Branch,43535.27,0,0.0,1046.21,4,7073.55,2025-06-29,N
L0007848,748,Broker,6452.5,0,0.0,187.79,4,2413.18,2025-10-02,Y
L0007849,711,Broker,27631.1,0,0.0,1375.44,1,12138.67,2025-11-12,Y
L0007850,-9999,Branch,52963.36,0,0.0,4963.72,3,18109.45,2025-04-13,N
L0007851,648,Branch,8701.98,0,0.0,1211.4,1,3448.02,2025-01-12,N
L0007852,680,Online,21634.06,1,8362.14,-6255.31,4,16094.95,2025-08-29,N
L0007853,686,Online,11208.31,0,0.0,3512.28,2,583.67,2022-11-13,Y
L0007854,650,Online,40425.16,0,0.0,13115.69,1,10306.43,2022-09-22,N
L0007855,733,Online,59179.93,0,0.0,6955.47,3,6306.65,2024-06-13,Y
L0007856,713,Broker,46291.98,0,0.0,5539.77,2,11380.82,2024-01-08,Y
L0007857,741,Broker,26213.67,0,0.0,3464.27,3,18889.39,2022-09-16,
L0007858,662,Broker,45462.9,0,0.0,2263.7,2,22739.19,2025-11-05,N
L0007859,736,Broker,18577.86,0,0.0,619.0,1,10283.5,2025-07-18,N
L0007860,792,Online,18638.19,0,0.0,363.79,4,4561.68,2026-03-06,N
L0007861,665,Broker,6663.26,0,0.0,1878.87,3,14674.5,2023-10-13,N
L0007862,711,Branch,48409.29,0,0.0,3695.25,2,10874.93,2025-01-17,Y
L0007863,798,Broker,22207.7,0,0.0,2522.65,3,7205.29,2021-07-01,Y
L0007864,715,Online,16314.42,0,0.0,1615.99,3,16089.36,2025-06-09,N
L0007865,695,Online,28862.47,0,0.0,11226.43,3,12865.41,2021-10-24,N
L0007866,618,Broker,18646.37,0,0.0,1246.75,1,11805.72,2026-01-08,N
L0007867,762,Branch,12238.88,0,0.0,602.67,4,4500.37,2024-10-10,Y
L0007868,675,Online,29738.9,0,0.0,6432.77,2,30299.18,2023-07-13,Y
L0007869,621,Online,37169.56,0,0.0,13775.47,2,21443.4,2022-11-28,N
L0007870,777,Broker,45733.02,0,0.0,2955.73,1,3949.52,2023-05-16,N
L0007871,718,Online,12929.82,0,0.0,1216.92,2,6832.72,2025-07-30,N
L0007872,707,Online,9766.01,0,0.0,3269.01,1,4966.87,2022-03-13,N
L0007873,704,Broker,43168.27,0,0.0,9462.37,4,17477.66,2022-05-04,N
L0007874,705,Broker,47996.71,0,0.0,3270.39,1,8884.77,2025-04-22,Y
L0007875,763,Broker,59222.99,0,0.0,1994.04,1,8933.39,2025-03-03,Y
L0007876,788,Broker,51684.33,0,0.0,5536.89,3,10691.96,2021-07-01,Y
L0007877,673,Broker,58905.21,0,0.0,15855.36,3,12494.13,2022-10-28,Y
L0007878,677,Broker,17520.22,0,0.0,4898.85,1,14532.18,2022-07-18,Y
L0007879,654,Online,46378.69,0,0.0,3016.75,1,27083.49,2025-09-21,Y
L0007880,690,Broker,26166.61,0,0.0,2738.44,4,11912.62,2024-10-04,N
L0007881,645,Online,41820.19,1,20697.44,-16719.13,3,26391.62,2025-06-18,Y
L0007882,673,Branch,48906.28,0,0.0,17761.26,2,8315.7,2021-07-08,N
L0007883,606,Branch,20189.15,0,0.0,7427.53,2,27562.27,2023-05-04,Y
L0007884,735,Branch,14986.89,0,0.0,2664.59,4,1371.08,2021-07-09,Y
L0007885,619,Online,40173.77,0,0.0,17984.69,4,22142.46,2022-03-29,N
L0007886,671,Online,42372.51,0,0.0,10827.14,1,6068.43,2023-01-12,N
L0007887,732,Online,7924.26,0,0.0,1431.3,2,9275.44,2024-04-25,N
L0007888,710,Online,56669.73,0,0.0,18030.67,1,9271.61,2022-01-18,Y
L0007889,777,Online,29478.93,0,0.0,477.11,4,7821.68,2025-10-07,N
L0007890,607,Online,33897.48,1,17964.36,-10824.52,4,19736.96,2024-09-04,N
L0007891,712,Online,30347.49,0,0.0,3263.77,3,18606.84,2024-12-02,Y
L0007892,700,Broker,58283.92,0,0.0,9429.96,3,10207.58,2023-09-17,N
L0007893,664,Broker,41075.53,0,0.0,5851.47,4,8702.18,2024-09-26,N
L0007894,793,Online,9314.51,0,0.0,722.96,2,9489.41,2023-11-30,N
L0007895,712,Online,7639.15,0,0.0,1250.76,3,15402.97,2024-10-04,N
L0007896,677,Branch,29085.05,0,0.0,3587.3,2,11475.59,2024-09-09,N
L0007897,647,Online,7623.39,0,0.0,2404.51,3,10779.44,2023-07-19,N
L0007898,707,Online,23873.94,0,0.0,5738.84,3,8709.09,2023-04-05,N
L0007899,771,Online,22942.87,0,0.0,2376.4,2,10932.73,2022-04-12,N
L0007900,-9999,Branch,25610.39,0,0.0,3614.8,2,14174.69,2024-08-25,N
L0007901,681,Branch,7976.99,0,0.0,774.83,2,13895.14,2025-06-22,N
L0007902,692,Online,40852.0,0,0.0,8278.62,1,18944.21,2023-12-14,N
L0007903,706,Branch,20352.85,0,0.0,1568.35,4,7482.24,2025-05-12,Y
L0007904,763,Online,55961.21,0,0.0,1304.16,1,5557.87,2025-09-25,N
L0007905,679,Branch,10845.65,0,0.0,3889.39,3,16433.12,2021-11-09,N
L0007906,771,Branch,11394.64,0,0.0,744.07,1,12883.85,2024-11-28,N
L0007907,662,Broker,19737.77,0,0.0,4462.44,3,14285.85,2023-10-28,Y
L0007908,729,Online,14372.28,0,0.0,4282.6,4,16918.23,2021-09-04,N
L0007909,621,Branch,7929.42,0,0.0,3993.69,1,19625.82,2021-11-25,Y
L0007910,719,Broker,34212.31,0,0.0,2107.78,4,5380.95,2025-03-05,Y
L0007911,642,Branch,8439.36,0,0.0,3478.18,2,16017.85,2022-07-28,N
L0007912,730,Online,17371.48,0,0.0,5073.25,3,9263.42,2021-10-23,Y
L0007913,753,Branch,6241.74,0,0.0,233.65,2,11282.78,2025-10-29,N
L0007914,754,Broker,53353.58,0,0.0,2310.21,4,10574.25,2024-08-09,N
L0007915,593,Online,36200.91,0,0.0,17990.32,4,18392.84,2022-06-14,N
L0007916,676,Online,32133.15,1,25370.42,-16469.74,3,16159.18,2022-09-27,N
L0007917,744,Online,24758.35,0,0.0,1258.43,1,8614.4,2025-03-20,N
L0007918,779,Online,12053.74,0,0.0,1376.85,3,7450.72,2022-05-21,N
L0007919,759,Branch,35800.34,0,0.0,964.03,4,5933.14,2025-03-22,Y
L0007920,674,Online,34759.24,0,0.0,9666.7,2,8050.82,2022-09-02,N
L0007921,593,Online,18476.58,0,0.0,6156.92,1,23352.1,2023-10-13,N
L0007922,818,Branch,11758.31,0,0.0,1363.76,2,9189.39,2022-12-19,Y
L0007923,717,Branch,23386.27,1,9272.69,-8052.06,2,11450.7,2025-11-13,Y
L0007924,757,Online,34616.92,0,0.0,2409.27,1,5931.19,2024-01-02,N
L0007925,606,Online,7029.19,0,0.0,2024.75,2,21445.45,2024-08-19,N
L0007926,705,Online,14336.87,0,0.0,4494.19,2,14059.25,2022-04-08,Y
L0007927,668,Branch,38188.66,1,20934.45,-12650.13,3,12047.11,2023-08-23,Y
L0007928,714,Online,28337.94,0,0.0,4463.8,1,12443.27,2024-05-22,Y
L0007929,722,Branch,47942.12,0,0.0,5959.22,3,5733.86,2023-09-10,N
L0007930,746,Broker,49721.87,0,0.0,4673.9,4,21293.54,2023-05-11,Y
L0007931,616,Online,37335.43,1,19734.34,-1323.82,4,25981.04,2021-12-19,Y
L0007932,728,Broker,53344.79,0,0.0,2982.95,2,4678.66,2025-01-28,N
L0007933,754,Online,45118.11,0,0.0,4019.29,1,6455.54,2022-09-01,Y
L0007934,671,Online,14486.12,0,0.0,5525.27,4,6078.18,2021-10-02,N
L0007935,640,Branch,54301.63,0,0.0,16356.92,1,17789.16,2023-03-31,N
L0007936,703,Online,30402.21,0,0.0,10100.62,3,0.0,2022-03-25,Y
L0007937,654,Branch,10800.4,0,0.0,2738.34,4,14411.14,2023-12-02,N
L0007938,639,Broker,46516.8,0,0.0,9293.35,4,19340.57,2024-05-13,N
L0007939,700,Broker,38734.4,0,0.0,3500.63,2,22821.52,2024-11-09,N
L0007940,785,Branch,35988.23,0,0.0,1280.69,2,7762.68,2025-05-14,N
L0007941,763,Broker,34027.83,0,0.0,2055.02,2,6132.07,2024-02-08,N
L0007942,705,Broker,54061.2,0,0.0,5223.2,3,21515.82,2024-10-28,N
L0007943,685,Broker,33777.04,0,0.0,2528.35,3,9681.96,2025-07-18,Y
L0007944,716,Online,34815.87,0,0.0,2374.03,2,11309.7,2025-07-01,N
L0007945,713,Broker,52604.89,0,0.0,2423.21,1,6703.53,2025-08-02,N
L0007946,708,Online,8069.16,0,0.0,1190.04,4,3553.19,2025-04-22,N
L0007947,681,Broker,17000.35,0,0.0,4429.83,2,15367.71,2022-08-05,N
L0007948,719,Online,40183.96,0,0.0,6793.62,1,6676.74,2024-01-26,Y
L0007949,615,Broker,50672.71,0,0.0,15941.87,1,26744.79,2023-08-27,N
L0007950,-9999,Branch,18704.49,0,0.0,8854.84,4,0.0,2022-03-14,Y
L0007951,799,Branch,36175.11,0,0.0,3056.47,3,3794.66,2022-09-03,N
L0007952,684,Branch,56292.64,0,0.0,7476.68,1,12104.75,2024-07-06,N
L0007953,751,Broker,6349.13,0,0.0,1289.88,1,10424.36,2021-11-03,N
L0007954,701,Branch,56455.05,0,0.0,12222.78,2,13436.82,2022-09-12,
L0007955,803,Branch,20868.99,0,0.0,2283.88,4,3166.11,2022-05-01,Y
L0007956,598,Branch,54430.92,0,0.0,10608.86,4,19687.42,2024-11-28,N
L0007957,759,Branch,38867.62,0,0.0,2519.48,3,4862.24,2023-07-14,N
L0007958,727,Online,18202.63,0,0.0,4301.92,2,4656.13,2022-07-25,Y
L0007959,606,Broker,26919.21,0,0.0,14405.43,2,9771.1,2021-11-18,N
L0007960,659,Branch,26015.94,0,0.0,8607.61,2,18302.14,2022-08-24,Y
L0007961,647,Broker,27692.42,0,0.0,5285.46,2,26404.29,2024-04-21,N
L0007962,642,Broker,55735.62,0,0.0,3528.44,2,19735.44,2025-11-09,N
L0007963,727,Broker,9408.17,0,0.0,2253.22,2,7506.26,2021-12-09,N
L0007964,725,Online,8498.71,0,0.0,2464.2,2,19518.99,2022-07-30,N
L0007965,725,Branch,6635.71,0,0.0,298.81,1,5011.93,2025-06-23,Y
L0007966,703,Online,12985.45,0,0.0,3261.98,4,10400.65,2023-03-23,Y
L0007967,744,Online,22215.7,0,0.0,1902.16,2,5829.87,2024-03-23,N
L0007968,755,Branch,19647.65,0,0.0,693.08,4,8750.72,2026-03-17,Y
L0007969,694,Online,26953.33,0,0.0,4267.98,3,24112.8,2024-07-03,N
L0007970,774,Broker,26536.08,0,0.0,2668.18,2,11423.49,2022-05-05,N
L0007971,735,Online,10653.88,0,0.0,2280.81,2,11835.7,2022-08-30,N
L0007972,766,Branch,15013.88,0,0.0,706.37,3,1291.81,2025-04-01,Y
L0007973,707,Branch,15159.03,0,0.0,3370.8,1,15882.77,2022-11-24,Y
L0007974,683,Online,44603.35,0,0.0,14774.28,4,14670.87,2022-08-31,N
L0007975,657,Branch,28380.42,0,0.0,4701.46,2,20912.05,2024-06-28,N
L0007976,780,Broker,30347.73,0,0.0,1266.31,3,3583.71,2024-05-12,N
L0007977,730,Broker,22455.98,0,0.0,3712.72,4,6221.24,2022-07-08,Y
L0007978,788,Broker,49759.08,0,0.0,3908.21,2,3226.2,2022-10-26,N
L0007979,668,Branch,24152.15,0,0.0,2804.78,3,3470.93,2025-01-26,Y
L0007980,704,Branch,55600.75,0,0.0,2013.31,4,19902.64,2025-11-30,Y
L0007981,700,Broker,54409.79,0,0.0,2436.08,4,11500.33,2025-10-16,N
L0007982,607,Online,21348.55,0,0.0,8549.47,2,16376.85,2023-01-29,Y
L0007983,792,Broker,46605.96,0,0.0,3120.65,1,5399.33,2023-04-17,Y
L0007984,723,Branch,49392.61,0,0.0,4802.27,1,9645.51,2024-03-27,N
L0007985,729,Online,50764.94,0,0.0,5488.7,1,5170.54,2024-09-23,N
L0007986,717,Branch,24657.06,0,0.0,1782.42,2,10695.02,2025-04-01,N
L0007987,684,Broker,27565.28,0,0.0,8954.76,2,0.0,2021-10-16,Y
L0007988,731,Branch,56464.63,0,0.0,6688.93,1,13667.8,2023-07-14,N
L0007989,738,Online,50550.95,0,0.0,12685.74,1,6441.96,2021-10-08,Y
L0007990,649,Online,8720.93,0,0.0,2164.39,3,26700.69,2024-03-04,N
L0007991,631,Online,50248.15,0,0.0,19788.23,3,21035.31,2022-06-29,Y
L0007992,774,Online,48212.71,0,0.0,1608.18,2,9311.08,2025-02-07,Y
L0007993,669,Broker,23321.26,1,15896.3,-7641.87,3,18225.52,2022-01-26,N
L0007994,719,Branch,5935.02,0,0.0,1634.88,1,11898.76,2022-01-27,N
L0007995,678,Online,46372.56,0,0.0,7491.79,4,6446.31,2024-02-04,N
L0007996,678,Online,12018.47,0,0.0,955.23,4,16847.73,2025-09-29,Y
L0007997,721,Online,29341.39,0,0.0,5503.9,1,9907.59,2023-07-05,N
L0007998,722,Branch,36537.12,0,0.0,2797.94,1,2110.57,2024-11-09,N
L0007999,687,Online,35901.64,0,0.0,12769.64,2,689.53,2022-04-26,N
