LOAN_NBR,FICO,CHANNEL,ORIG_BAL,BAD_FLAG,GCO_AMT,RANR_AMT,ASSET_CLASS,REV_DEBT,ORIG_DATE
L0000000,-9999,Branch,39203.18,0,0.0,16027.25,2,13371.29,2021-07-15
L0000001,,Branch,30384.32,1,24305.86,-15350.36,2,15577.28,2022-06-30
L0000002,727,Broker,58469.3,0,#N/A,8961.05,3,5121.95,2022-08-27
L0000003,798,Online,,0,0.0,1423.79,4,6853.26,2023-12-05
L0000004,624,Branch,38740.49,2,0.0,13633.29,3,4446.22,2023-01-16
L0000005,675,Branch,18377.3,0,0.0,995.84,3,20188.53,2025-09-13
L0000006,756,Branch,33805.84,0,0.0,892.9,2,6325.34,2025-07-09
L0000007,623,Broker,33601.01,1,21102.74,-5301.84,1,19918.16,2021-11-17
L0000008,730,Broker,18951.78,0,0.0,3647.27,3,7722.51,2022-02-18
L0000009,716,Branch,33183.03,0,0.0,4923.31,4,13826.33,2023-08-26
L0000010,572,Online,49818.3,0,0.0,23934.97,3,22667.66,2022-11-09
L0000011,661,Online,50713.72,0,0.0,10041.86,4,9848.68,2024-01-24
L0000012,675,Online,56434.28,0,0.0,9421.0,1,0.0,2024-02-24
L0000013,692,Online,55614.33,0,0.0,15097.97,4,13728.28,2023-03-12
L0000014,615,Online,5368.88,0,0.0,1420.57,4,14725.75,2024-05-15
L0000015,638,Branch,52708.18,0,0.0,14368.13,4,18956.61,2023-08-20
L0000016,693,Broker,36759.73,1,28926.96,-22632.1,4,13536.64,2023-11-18
L0000017,738,Broker,46815.16,0,0.0,6292.83,1,11018.43,2022-07-13
L0000018,640,Branch,24588.74,0,0.0,1049.0,4,16624.21,2026-01-16
L0000019,702,Branch,15695.37,0,0.0,3145.98,4,18023.9,2022-11-28
L0000020,724,Online,23914.54,0,0.0,3779.7,2,12399.25,2024-03-06
L0000021,689,Broker,15474.52,0,0.0,1913.04,3,5876.9,2024-08-25
L0000022,677,Branch,12877.21,0,0.0,358.26,1,5653.57,2026-03-02
L0000023,681,Branch,21572.48,0,0.0,1885.53,2,10489.95,2025-06-03
L0000024,660,Broker,50891.33,0,0.0,8722.77,1,17143.54,2024-06-23
L0000025,617,Online,10110.66,0,0.0,2297.66,1,23501.88,2024-08-23
L0000026,646,Branch,37363.24,0,0.0,11383.77,2,8321.98,2023-02-07
L0000027,697,Branch,24280.72,0,0.0,940.9,4,19141.2,2026-02-28
L0000028,640,Branch,15512.3,0,0.0,2027.4,1,16389.66,2025-04-13
L0000029,726,Online,14587.29,0,0.0,1809.98,1,10510.84,2024-11-03
L0000030,658,Broker,15478.76,0,0.0,4782.82,1,20920.41,2022-12-10
L0000031,681,Online,49177.48,0,0.0,7589.4,3,11041.65,2024-09-12
L0000032,709,Online,26336.95,0,0.0,7192.22,2,13235.54,2022-09-28
L0000033,664,Branch,39152.97,0,0.0,3768.36,2,19293.43,2025-04-02
L0000034,650,Broker,41124.11,0,0.0,16433.98,2,16267.9,2021-11-08
L0000035,704,Branch,40729.04,0,0.0,3575.25,1,15785.39,2024-12-03
L0000036,756,Online,18666.44,0,0.0,2248.1,2,4087.46,2021-12-09
L0000037,703,Online,11220.14,0,0.0,4388.32,1,13828.13,2021-10-26
L0000038,700,Branch,23109.09,0,0.0,3045.41,4,10322.22,2024-03-08
L0000039,696,Broker,48895.73,0,0.0,13210.72,3,22093.89,2022-01-25
L0000040,650,Branch,17564.91,0,0.0,599.4,2,23680.02,2026-03-22
L0000041,695,Broker,58084.73,0,0.0,14000.59,1,8643.77,2022-07-26
L0000042,587,Online,32411.14,0,0.0,19409.35,3,5925.88,2021-07-31
L0000043,659,Broker,31088.65,0,0.0,7026.15,2,15598.89,2023-10-07
L0000044,762,Broker,14869.85,0,0.0,932.02,2,11409.8,2024-09-15
L0000045,663,Online,52089.55,0,0.0,15590.58,1,16444.36,2022-09-01
L0000046,723,Branch,6003.43,0,0.0,286.69,3,12561.9,2026-03-23
L0000047,655,Branch,28786.4,0,0.0,5844.54,4,676.72,2024-02-10
L0000048,647,Broker,48241.12,0,0.0,9755.11,2,22887.99,2024-04-06
L0000049,714,Broker,40380.97,0,0.0,9449.89,4,9091.75,2021-10-10
L0000050,-9999,Broker,50213.48,0,0.0,11405.47,1,5822.61,2022-01-05
L0000051,644,Online,32445.37,0,0.0,10448.36,4,15921.82,2023-01-02
L0000052,626,Broker,22300.2,0,0.0,11324.71,1,25043.35,2021-07-09
L0000053,710,Online,5832.49,0,0.0,1098.57,1,6048.04,2023-11-22
L0000054,667,Online,27168.47,0,0.0,7865.86,1,15581.1,2022-11-08
L0000055,661,Broker,34115.19,0,0.0,3843.83,3,939.09,2025-02-06
L0000056,638,Branch,12685.88,0,0.0,617.91,1,17158.58,2025-12-20
L0000057,673,Online,45245.81,0,0.0,12763.48,1,10444.33,2022-09-24
L0000058,605,Online,50595.53,0,0.0,19073.69,2,17828.38,2023-03-06
L0000059,756,Online,56620.49,0,0.0,1529.38,1,10940.86,2025-08-26
L0000060,709,Branch,17346.4,0,0.0,1501.41,4,16976.05,2025-04-14
L0000061,809,Broker,10217.08,0,0.0,471.84,1,8748.21,2024-12-03
L0000062,718,Branch,49908.06,0,0.0,11054.29,1,10548.45,2021-09-24
L0000063,634,Broker,6660.58,1,4773.27,-1859.64,4,18538.2,2022-10-02
L0000064,679,Branch,57648.41,0,0.0,16522.74,3,20512.8,2022-04-26
L0000065,723,Online,49960.11,0,0.0,9670.01,1,1982.03,2023-05-26
L0000066,627,Broker,25128.58,0,0.0,4287.6,4,7865.73,2024-12-03
L0000067,646,Broker,12672.58,0,0.0,4536.92,4,11772.64,2022-06-04
L0000068,722,Broker,43879.91,0,0.0,5794.63,4,16446.31,2023-08-07
L0000069,710,Branch,44362.87,1,21497.49,-17978.26,1,11195.97,2024-12-03
L0000070,765,Online,53794.91,0,0.0,1737.5,3,11230.91,2025-04-13
L0000071,681,Broker,49103.14,0,0.0,12561.66,2,10198.23,2022-10-16
L0000072,603,Broker,39341.77,1,30735.99,-13088.25,3,30740.12,2022-07-13
L0000073,760,Online,39975.11,1,31115.46,-27741.82,3,8444.09,2022-09-19
L0000074,625,Online,6244.26,0,0.0,2722.51,1,18311.06,2022-12-30
L0000075,670,Branch,11883.93,0,0.0,1769.49,1,12723.53,2024-12-16
L0000076,687,Broker,7526.37,0,0.0,1197.41,1,13474.64,2024-03-18
L0000077,696,Online,46298.73,0,0.0,6535.26,4,14962.59,2024-10-05
L0000078,763,Branch,22786.07,0,0.0,1043.77,2,5255.52,2025-04-24
L0000079,722,Branch,15852.86,1,9493.63,-8796.45,3,12144.8,2025-08-29
L0000080,724,Online,17710.15,0,0.0,1671.42,1,10491.47,2025-05-10
L0000081,634,Broker,24461.9,0,0.0,9960.69,2,7067.75,2022-03-09
L0000082,732,Broker,29107.63,0,0.0,330.25,2,13258.74,2026-03-26
L0000083,781,Branch,15750.89,0,0.0,1545.89,4,6481.59,2023-03-30
L0000084,708,Branch,36401.85,0,0.0,2268.9,4,6357.74,2025-05-07
L0000085,714,Branch,27691.89,0,0.0,4357.89,2,3455.82,2023-04-03
L0000086,705,Online,59321.89,0,0.0,18756.07,1,5814.81,2022-03-20
L0000087,683,Online,51629.46,0,0.0,4550.98,2,14214.99,2025-06-02
L0000088,760,Broker,13319.08,0,0.0,834.76,3,3940.98,2023-05-17
L0000089,671,Branch,8647.93,0,0.0,3175.12,3,12600.44,2021-11-10
L0000090,702,Online,56383.06,0,0.0,15396.06,4,5270.86,2022-11-14
L0000091,776,Online,20606.56,0,0.0,2224.04,1,6233.71,2022-01-28
L0000092,631,Broker,10955.55,0,0.0,4154.22,2,4589.1,2022-10-28
L0000093,776,Broker,41934.77,0,0.0,3303.94,4,4446.16,2022-11-18
L0000094,757,Online,49000.87,0,0.0,3439.01,3,4585.19,2023-04-13
L0000095,757,Branch,9080.67,0,0.0,1070.24,3,1309.72,2023-10-01
L0000096,645,Broker,38034.42,1,11985.25,-9307.83,4,14158.67,2025-09-02
L0000097,645,Broker,37263.97,0,0.0,2168.91,2,10537.35,2025-11-13
L0000098,678,Branch,32217.82,0,0.0,6425.99,4,15973.57,2023-10-29
L0000099,671,Broker,21961.51,0,0.0,1089.67,1,8148.91,2025-10-14
L0000100,-9999,Broker,19507.93,0,0.0,3982.57,4,20944.4,2023-12-02
L0000101,664,Branch,23953.65,1,9609.29,-367.35,2,22424.77,2021-10-20
L0000102,676,Branch,26330.88,0,0.0,5693.32,3,11372.2,2023-09-09
L0000103,765,Broker,25365.35,0,0.0,550.31,1,11925.68,2025-07-13
L0000104,798,Broker,34167.41,0,0.0,2869.34,2,9315.6,2022-04-01
L0000105,722,Broker,32408.01,0,0.0,1176.58,2,14893.17,2025-11-03
L0000106,725,Online,37934.12,0,0.0,10453.94,2,18267.18,2021-12-15
L0000107,786,Broker,52613.47,0,0.0,4203.79,3,12009.67,2022-08-08
L0000108,692,Broker,32897.2,1,16608.98,-8699.75,4,25553.86,2022-07-14
L0000109,642,Branch,43416.13,1,21091.47,-7429.56,1,16161.43,2023-01-05
L0000110,582,Online,48461.27,0,0.0,14174.21,4,21495.64,2024-03-10
L0000111,833,Online,39153.52,0,0.0,2017.86,4,2944.63,2024-01-08
L0000112,703,Online,42868.94,0,0.0,9020.66,1,2121.14,2023-08-16
L0000113,713,Online,28033.64,0,0.0,6399.49,2,11107.18,2023-02-17
L0000114,701,Branch,45683.89,0,0.0,4552.29,3,16867.61,2024-09-12
L0000115,633,Broker,21061.0,0,0.0,1869.89,2,24267.98,2025-08-11
L0000116,651,Online,48295.75,0,0.0,20131.19,4,9965.4,2021-08-18
L0000117,652,Broker,44773.53,0,0.0,4323.74,2,13961.75,2025-06-16
L0000118,675,Branch,28132.5,0,0.0,9193.66,3,16058.84,2022-01-30
L0000119,722,Online,17424.52,0,0.0,3296.31,1,11115.46,2023-08-20
L0000120,692,Broker,37782.49,0,0.0,9351.43,1,19212.34,2022-08-24
L0000121,688,Online,36510.81,0,0.0,11889.88,2,15263.38,2022-08-24
L0000122,656,Online,44494.15,0,0.0,12498.73,1,10545.68,2023-03-01
L0000123,711,Online,39791.21,0,0.0,1922.38,1,16737.92,2025-12-20
L0000124,726,Online,52054.41,0,0.0,6035.24,4,12429.21,2024-09-29
L0000125,680,Branch,10775.5,0,0.0,713.79,4,10831.96,2025-12-25
L0000126,773,Broker,36892.5,0,0.0,3115.22,4,461.75,2022-12-15
L0000127,637,Broker,54800.15,0,0.0,17183.16,3,20874.81,2023-02-23
L0000128,703,Broker,17548.65,0,0.0,1441.7,3,13341.35,2024-12-12
L0000129,724,Branch,25111.23,0,0.0,2686.63,4,12858.43,2024-06-06
L0000130,673,Broker,33012.65,0,0.0,4263.41,3,3632.9,2024-11-09
L0000131,750,Online,18155.53,0,0.0,1002.37,2,3175.83,2025-04-03
L0000132,618,Branch,20954.91,0,0.0,2304.66,4,5645.14,2025-07-18
L0000133,760,Broker,21431.79,0,0.0,1850.9,3,10643.46,2022-10-04
L0000134,698,Branch,32174.31,0,0.0,5392.61,2,10635.72,2023-10-23
L0000135,604,Broker,22123.14,1,8349.58,-1097.33,4,14940.72,2023-08-20
L0000136,690,Broker,43056.73,0,0.0,13322.23,3,11332.67,2021-07-27
L0000137,709,Online,30044.62,0,0.0,7563.13,3,6333.23,2022-12-15
L0000138,610,Online,19328.74,1,11598.99,-3329.52,3,17844.84,2022-10-07
L0000139,665,Branch,34767.34,0,0.0,4555.22,1,10385.23,2024-11-25
L0000140,709,Online,7251.81,1,4630.48,-3044.16,3,15707.59,2024-05-11
L0000141,768,Branch,12103.18,0,0.0,114.3,1,12829.93,2026-02-20
L0000142,539,Branch,19355.65,0,0.0,4315.16,3,38368.88,2025-02-03
L0000143,708,Online,25730.41,0,0.0,5078.87,3,10001.2,2023-12-16
L0000144,747,Branch,44048.73,0,0.0,492.95,3,8684.02,2026-03-29
L0000145,843,Branch,24644.27,0,0.0,1113.4,1,2017.56,2025-05-01
L0000146,642,Online,49507.64,0,0.0,6909.75,1,5022.11,2024-12-20
L0000147,647,Online,46660.48,0,0.0,15209.02,1,21098.52,2022-11-26
L0000148,718,Broker,27626.33,0,0.0,2287.97,2,4804.3,2024-08-31
L0000149,645,Online,50134.32,0,0.0,15352.95,1,250.53,2023-01-31
L0000150,-9999,Online,34443.79,0,0.0,12323.82,4,2559.0,2022-08-25
L0000151,766,Online,10073.86,0,0.0,1104.52,3,8256.52,2022-09-16
L0000152,671,Branch,7009.39,0,0.0,2222.07,2,11351.31,2022-12-29
L0000153,696,Online,32734.15,0,0.0,10696.45,3,10647.75,2022-05-29
L0000154,773,Broker,47984.19,0,0.0,1393.77,1,7115.67,2025-04-12
L0000155,761,Branch,53424.58,0,0.0,2370.81,3,4373.42,2024-09-01
L0000156,565,Broker,36501.87,1,19877.78,-998.18,4,25705.03,2022-10-02
L0000157,748,Broker,19209.27,0,0.0,1104.96,3,7936.18,2025-05-14
L0000158,654,Branch,15511.78,0,0.0,3402.0,2,7905.51,2023-11-05
L0000159,826,Broker,5399.25,0,0.0,1016.64,2,3232.93,2021-08-22
L0000160,838,Branch,58033.49,0,0.0,5223.3,4,2888.64,2022-05-31
L0000161,702,Broker,44080.01,0,0.0,6793.27,4,6741.7,2023-11-01
L0000162,718,Branch,16683.55,0,0.0,4087.05,1,5397.6,2021-09-26
L0000163,740,Online,37816.48,0,0.0,5114.29,3,9965.78,2022-07-17
L0000164,692,Broker,49875.48,0,0.0,13974.03,4,14261.12,2021-11-24
L0000165,668,Broker,42021.46,0,0.0,15716.64,3,18873.8,2021-08-24
L0000166,734,Online,37024.19,0,0.0,5864.65,4,2704.39,2023-09-28
L0000167,664,Online,41817.65,0,0.0,8503.92,3,19782.44,2023-11-09
L0000168,572,Branch,26477.6,0,0.0,6395.3,4,17342.87,2024-10-02
L0000169,684,Online,43928.81,0,0.0,16881.94,1,11062.59,2022-01-03
L0000170,698,Online,28771.64,0,0.0,8152.51,4,8656.88,2022-11-03
L0000171,660,Branch,57221.05,0,0.0,20895.37,3,11840.55,2021-12-16
L0000172,657,Branch,22109.33,0,0.0,1543.74,2,12520.85,2025-08-06
L0000173,674,Broker,37716.45,0,0.0,5582.06,1,5433.61,2024-07-10
L0000174,661,Online,24840.06,0,0.0,10078.92,2,16736.63,2021-07-04
L0000175,706,Online,24591.03,0,0.0,7336.18,3,14382.09,2022-08-16
L0000176,576,Branch,41178.04,0,0.0,8658.06,4,10219.04,2024-11-17
L0000177,729,Branch,46009.51,0,0.0,4643.91,3,9262.96,2023-12-19
L0000178,684,Branch,25139.31,0,0.0,7637.46,1,21899.54,2021-11-16
L0000179,718,Broker,24199.61,0,0.0,1059.73,4,13879.85,2025-12-02
L0000180,712,Online,56117.97,0,0.0,12039.79,2,15428.97,2023-06-19
L0000181,606,Online,15292.41,0,0.0,1366.61,2,10470.38,2025-11-06
L0000182,792,Branch,29093.1,0,0.0,3419.2,2,789.55,2021-07-02
L0000183,701,Broker,17417.1,0,0.0,4478.92,2,0.0,2022-02-13
L0000184,711,Online,34358.35,1,10567.24,-2362.34,2,14383.35,2023-01-30
L0000185,750,Online,21564.81,0,0.0,1567.83,2,6832.66,2024-05-25
L0000186,676,Online,8717.72,0,0.0,1554.51,1,13457.05,2024-10-21
L0000187,737,Broker,41988.51,0,0.0,5176.69,2,11319.54,2023-01-18
L0000188,726,Branch,42135.76,0,0.0,7110.73,1,10709.84,2022-08-11
L0000189,755,Online,43039.61,0,0.0,3193.09,2,7961.69,2023-07-15
L0000190,733,Online,57169.92,0,0.0,4061.96,3,5009.47,2025-04-19
L0000191,687,Broker,37325.22,0,0.0,2568.52,3,11142.61,2025-08-30
L0000192,708,Online,44140.65,0,0.0,3562.28,3,10205.98,2025-05-24
L0000193,673,Online,7210.27,0,0.0,1877.07,1,15314.28,2022-11-02
L0000194,748,Broker,19932.97,0,0.0,1784.0,2,19296.09,2023-12-07
L0000195,840,Online,48528.25,0,0.0,3755.6,4,3083.58,2023-02-18
L0000196,745,Branch,35855.14,0,0.0,1440.33,1,11444.54,2025-07-03
L0000197,764,Online,26296.12,0,0.0,1530.3,1,3396.76,2024-08-29
L0000198,749,Branch,46392.66,0,0.0,2934.13,3,9044.38,2024-06-25
L0000199,644,Online,56262.83,1,27769.82,-20202.0,3,20005.34,2025-01-08
L0000200,-9999,Online,25618.02,0,0.0,2720.48,2,0.0,2024-10-24
L0000201,726,Branch,42357.5,0,0.0,3778.1,4,4998.53,2024-07-02
L0000202,719,Branch,8536.25,0,0.0,2014.9,1,9006.7,2021-08-19
L0000203,685,Branch,35202.87,0,0.0,4970.79,2,18582.62,2024-04-15
L0000204,715,Branch,37481.74,0,0.0,7478.68,2,6643.45,2022-05-19
L0000205,756,Online,42575.06,1,25504.95,-21577.81,4,12597.45,2022-05-24
L0000206,730,Online,30246.03,0,0.0,3648.55,2,17695.85,2024-09-03
L0000207,754,Broker,19555.02,0,0.0,2257.02,3,9317.58,2022-03-01
L0000208,672,Branch,11322.5,0,0.0,2979.07,3,10818.46,2023-05-14
L0000209,817,Online,30272.48,0,0.0,2414.68,1,5026.93,2022-10-26
L0000210,630,Branch,16704.37,0,0.0,1662.22,2,26609.19,2025-08-07
L0000211,762,Online,39930.2,1,21795.46,-20729.7,3,10834.95,2025-02-06
L0000212,682,Branch,41170.73,0,0.0,2756.21,1,19574.16,2025-06-30
L0000213,725,Broker,37759.37,1,20562.68,-17848.73,2,14934.1,2025-01-11
L0000214,749,Branch,10941.24,0,0.0,668.49,4,5110.72,2024-12-16
L0000215,704,Branch,49581.22,0,0.0,4707.22,2,20931.79,2024-10-12
L0000216,743,Online,30098.89,0,0.0,1612.86,4,5412.11,2024-12-20
L0000217,696,Broker,8195.82,1,5555.88,-4543.79,4,17962.24,2025-05-07
L0000218,680,Branch,47923.55,0,0.0,3886.94,3,17473.11,2025-05-15
L0000219,694,Branch,30371.6,0,0.0,5537.34,1,8374.73,2023-07-26
L0000220,748,Branch,16542.64,0,0.0,579.46,4,10217.71,2025-05-17
L0000221,691,Online,13437.13,0,0.0,3739.64,4,11264.21,2023-01-23
L0000222,754,Broker,42191.3,0,0.0,1286.82,1,9970.65,2025-08-20
L0000223,764,Branch,25714.98,1,19438.62,-17052.29,2,9296.28,2022-01-02
L0000224,713,Online,32151.75,0,0.0,5836.68,4,14298.85,2024-01-09
L0000225,682,Broker,16661.22,0,0.0,2779.76,3,9140.06,2024-03-24
L0000226,750,Broker,58713.46,0,0.0,2655.65,3,6517.25,2024-12-23
L0000227,654,Online,16678.26,0,0.0,2887.93,3,10608.38,2024-08-30
L0000228,759,Broker,32791.73,0,0.0,1215.19,3,8934.79,2025-04-05
L0000229,681,Broker,47128.23,0,0.0,14320.32,4,12198.6,2021-12-09
L0000230,697,Online,33734.31,0,0.0,3014.26,4,9818.15,2025-06-25
L0000231,524,Branch,42900.26,0,0.0,20282.22,1,33511.43,2023-07-11
L0000232,737,Branch,44015.39,0,0.0,3548.5,1,4208.99,2024-02-14
L0000233,677,Branch,54793.18,1,41524.41,-37258.17,1,10670.52,2025-06-02
L0000234,743,Branch,47911.4,0,0.0,6670.86,4,11254.05,2022-01-05
L0000235,703,Branch,42110.05,0,0.0,2070.69,2,9249.67,2025-10-14
L0000236,724,Online,32009.46,0,0.0,3788.26,2,18159.58,2024-10-22
L0000237,728,Broker,30488.76,0,0.0,607.15,2,7498.81,2026-02-04
L0000238,778,Broker,5673.82,1,2700.14,-2259.2,4,12551.21,2025-02-07
L0000239,680,Broker,55023.29,0,0.0,6995.63,4,9186.63,2024-09-23
L0000240,758,Online,40057.77,0,0.0,1159.88,3,11788.94,2025-06-19
L0000241,733,Online,42118.3,0,0.0,2317.11,3,11599.01,2025-09-03
L0000242,688,Broker,10480.04,0,0.0,2364.81,4,15751.03,2023-01-23
L0000243,776,Branch,55356.63,0,0.0,5576.25,1,11476.62,2021-09-23
L0000244,701,Online,15225.75,0,0.0,4595.2,3,10332.09,2022-06-22
L0000245,727,Branch,51831.16,0,0.0,7599.18,1,9085.86,2022-11-02
L0000246,691,Broker,21454.08,0,0.0,5875.73,2,4200.23,2022-02-25
L0000247,716,Broker,6024.68,0,0.0,591.72,4,9895.37,2024-07-09
L0000248,785,Branch,8256.19,0,0.0,426.34,4,12246.82,2024-01-16
L0000249,837,Online,43678.35,0,0.0,4448.67,3,5473.2,2021-07-24
L0000250,-9999,Online,44663.65,0,0.0,7914.25,1,10762.74,2023-10-25
L0000251,737,Branch,6416.23,0,0.0,500.93,1,3393.87,2025-02-04
L0000252,730,Online,23609.35,0,0.0,4740.62,2,9968.59,2023-05-11
L0000253,781,Broker,59409.35,0,0.0,3690.25,3,7558.08,2023-06-12
L0000254,677,Branch,12181.24,0,0.0,487.39,4,14617.94,2025-12-20
L0000255,791,Online,31281.72,0,0.0,739.84,2,8411.73,2025-09-05
L0000256,779,Branch,50848.11,0,0.0,1189.61,3,11842.61,2025-07-03
L0000257,705,Online,45249.7,0,0.0,4829.33,4,3709.05,2025-02-16
L0000258,759,Branch,58619.71,0,0.0,3531.97,1,4495.68,2023-11-27
L0000259,685,Online,11230.67,0,0.0,2940.92,2,23561.26,2023-09-08
L0000260,781,Branch,18049.45,0,0.0,353.26,3,10236.74,2025-12-15
L0000261,714,Broker,55257.78,0,0.0,2848.65,2,12723.95,2025-06-08
L0000262,739,Online,21907.0,0,0.0,3682.04,1,17082.95,2023-05-02
L0000263,683,Branch,14647.24,0,0.0,4513.42,2,13254.53,2022-02-15
L0000264,726,Online,38804.69,0,0.0,6581.53,3,17876.99,2023-11-20
L0000265,556,Broker,54510.11,0,0.0,15433.51,1,17415.95,2024-07-14
L0000266,767,Branch,38316.78,0,0.0,2273.67,3,10082.25,2024-03-22
L0000267,683,Broker,38789.49,0,0.0,10951.88,4,13351.54,2022-03-02
L0000268,715,Online,58410.95,0,0.0,3997.32,2,13446.57,2025-06-01
L0000269,659,Broker,16185.47,0,0.0,4620.51,4,13950.03,2023-01-11
L0000270,729,Broker,20296.59,0,0.0,2714.43,1,2117.97,2023-07-05
L0000271,755,Branch,29739.13,0,0.0,1156.99,1,6803.49,2025-07-07
L0000272,711,Online,49287.06,0,0.0,13941.28,4,5091.36,2022-06-24
L0000273,670,Online,20302.06,0,0.0,4837.35,1,6447.05,2023-05-18
L0000274,771,Online,55686.0,0,0.0,3659.82,2,9131.59,2023-05-15
L0000275,695,Online,16581.43,0,0.0,1186.39,2,4861.53,2025-08-10
L0000276,635,Broker,29434.45,0,0.0,10981.03,4,21618.59,2022-07-19
L0000277,567,Branch,8504.09,0,0.0,2734.76,4,23643.17,2024-07-18
L0000278,740,Online,40543.71,0,0.0,3975.34,3,17664.9,2023-10-10
L0000279,657,Broker,53537.33,0,0.0,3820.01,3,14658.69,2025-08-02
L0000280,717,Branch,47149.09,0,0.0,2949.27,2,11690.78,2025-03-24
L0000281,717,Online,13762.48,0,0.0,1736.07,1,10170.5,2024-08-18
L0000282,710,Online,23695.39,0,0.0,7831.74,1,11665.97,2021-12-23
L0000283,738,Broker,50930.21,0,0.0,2110.81,1,10722.66,2025-05-08
L0000284,719,Branch,55937.1,0,0.0,11592.69,4,3606.84,2022-01-09
L0000285,685,Online,57635.49,0,0.0,3455.94,1,28179.84,2025-11-20
L0000286,729,Branch,46556.41,0,0.0,9193.03,2,6870.7,2021-07-24
L0000287,761,Broker,41643.15,0,0.0,3566.67,4,8985.7,2022-04-02
L0000288,648,Broker,17104.03,0,0.0,7716.84,4,30702.6,2021-08-12
L0000289,705,Online,47196.99,0,0.0,17321.31,1,16211.91,2021-07-13
L0000290,642,Broker,10542.15,0,0.0,1928.39,3,20933.25,2024-07-28
L0000291,664,Broker,20419.78,0,0.0,3413.19,3,2403.86,2024-05-11
L0000292,693,Branch,18201.12,0,0.0,1970.49,1,16186.17,2025-01-16
L0000293,678,Broker,11737.9,0,0.0,2456.5,1,20948.38,2024-01-27
L0000294,736,Broker,37802.47,0,0.0,5031.76,3,11080.65,2022-08-03
L0000295,783,Online,55260.03,0,0.0,2017.72,3,11592.11,2024-09-27
L0000296,680,Online,25572.73,0,0.0,2494.27,1,19550.15,2025-07-18
L0000297,698,Broker,33012.66,0,0.0,8025.41,4,19236.05,2022-06-09
L0000298,716,Online,41145.2,0,0.0,8580.04,3,9155.89,2023-05-08
L0000299,756,Branch,48555.6,0,0.0,4127.97,2,8408.66,2023-01-30
L0000300,-9999,Broker,37064.5,0,0.0,3198.0,4,14204.88,2025-07-30
L0000301,652,Branch,33311.89,0,0.0,6577.85,3,1310.74,2024-03-07
L0000302,690,Online,28546.81,0,0.0,9681.55,1,14095.49,2022-07-08
L0000303,769,Online,41938.94,0,0.0,3198.09,4,13694.46,2023-02-14
L0000304,693,Broker,52768.29,0,0.0,8813.04,2,15512.94,2023-09-22
L0000305,744,Branch,28850.87,0,0.0,2913.68,4,10498.03,2023-02-18
L0000306,757,Online,40407.25,0,0.0,1444.87,3,8537.44,2024-12-09
L0000307,687,Branch,38615.8,0,0.0,4615.4,2,16201.71,2024-09-03
L0000308,677,Broker,21885.84,0,0.0,1825.24,3,20671.89,2025-04-29
L0000309,587,Online,56543.76,0,0.0,19061.84,1,15904.03,2023-10-06
L0000310,646,Online,51401.87,0,0.0,9964.29,2,21089.54,2024-05-16
L0000311,773,Branch,11313.65,0,0.0,719.88,3,13449.51,2024-08-07
L0000312,669,Broker,19064.64,0,0.0,6312.17,4,18886.39,2022-03-15
L0000313,732,Online,44543.8,0,0.0,6921.6,1,8942.22,2023-12-29
L0000314,738,Broker,29114.2,0,0.0,1398.64,2,17068.69,2025-08-04
L0000315,676,Branch,36291.34,1,11248.56,1396.29,2,4933.9,2021-08-09
L0000316,710,Branch,23463.57,0,0.0,5145.6,1,6153.11,2022-05-03
L0000317,695,Online,15185.16,0,0.0,3180.36,1,23758.48,2024-03-25
L0000318,663,Broker,41837.66,0,0.0,13509.13,3,15080.8,2022-06-22
L0000319,595,Online,32172.14,0,0.0,13496.89,3,12128.97,2022-12-26
L0000320,671,Broker,29433.13,0,0.0,4496.48,4,11073.88,2024-07-12
L0000321,753,Broker,29938.54,0,0.0,467.12,2,11697.08,2026-01-05
L0000322,815,Online,34579.86,0,0.0,596.69,3,3019.41,2025-09-09
L0000323,896,Online,44409.57,0,0.0,3091.09,2,513.25,2023-02-13
L0000324,761,Branch,30623.55,0,0.0,922.49,4,7131.8,2025-07-22
L0000325,712,Online,36528.67,0,0.0,5158.11,4,8078.26,2024-08-16
L0000326,735,Broker,14217.24,0,0.0,2745.36,4,5764.07,2021-10-02
L0000327,740,Broker,41987.02,0,0.0,3992.34,2,10688.42,2023-09-04
L0000328,730,Branch,58071.64,0,0.0,988.63,3,8057.1,2026-03-04
L0000329,847,Broker,20444.21,0,0.0,1600.66,1,2280.06,2023-11-27
L0000330,650,Broker,12020.34,0,0.0,2804.67,4,19779.55,2023-12-09
L0000331,766,Online,33010.71,0,0.0,3584.03,3,10264.67,2021-10-18
L0000332,756,Branch,39737.99,0,0.0,1481.69,2,11700.52,2025-06-03
L0000333,631,Broker,42823.66,0,0.0,9996.2,4,16234.66,2024-02-29
L0000334,709,Broker,42519.02,0,0.0,4318.07,4,6951.97,2024-09-17
L0000335,753,Branch,45181.47,0,0.0,4008.66,2,6976.95,2023-03-03
L0000336,694,Branch,38866.05,0,0.0,3952.03,3,5617.91,2024-12-17
L0000337,743,Broker,36242.48,0,0.0,838.85,3,18204.92,2025-12-06
L0000338,813,Broker,22253.12,0,0.0,1920.27,3,6278.81,2022-05-08
L0000339,653,Broker,59478.0,0,0.0,2630.4,3,10281.51,2025-12-31
L0000340,715,Online,34759.28,0,0.0,3893.17,4,8483.78,2024-10-31
L0000341,645,Broker,47049.48,0,0.0,5349.61,4,14353.29,2025-04-04
L0000342,779,Branch,21473.96,0,0.0,952.4,1,8962.8,2025-01-22
L0000343,661,Broker,50025.47,0,0.0,4708.52,2,9122.99,2025-03-31
L0000344,666,Online,42940.88,0,0.0,11841.35,3,1736.02,2022-12-28
L0000345,737,Branch,11939.36,0,0.0,1669.94,1,5343.5,2023-09-04
L0000346,611,Online,58912.22,1,20866.45,-13742.19,4,20064.5,2025-05-21
L0000347,683,Online,59672.26,0,0.0,14225.08,4,20167.48,2023-10-06
L0000348,555,Branch,57017.89,0,0.0,39599.51,4,30693.47,2021-08-01
L0000349,628,Branch,52372.56,1,28246.07,-8382.12,4,14154.87,2022-09-30
L0000350,-9999,Online,13489.76,0,0.0,4949.72,2,18246.95,2021-12-27
L0000351,709,Branch,41375.65,0,0.0,6365.9,3,10014.68,2023-07-05
L0000352,647,Broker,39825.46,1,20206.97,-6009.41,2,9147.28,2022-07-13
L0000353,712,Online,24996.12,0,0.0,2715.05,2,10647.33,2025-03-26
L0000354,678,Branch,18008.94,0,0.0,1612.73,3,7173.94,2025-05-25
L0000355,719,Branch,6749.39,0,0.0,927.4,3,11457.97,2024-06-16
L0000356,766,Broker,24011.0,0,0.0,1731.78,3,11528.65,2023-04-20
L0000357,717,Broker,29895.7,1,20294.41,-14998.06,2,12454.08,2022-08-15
L0000358,697,Broker,41407.28,0,0.0,9519.57,3,14051.65,2022-07-10
L0000359,674,Broker,35105.44,0,0.0,8865.36,1,5441.8,2023-01-02
L0000360,680,Broker,28116.77,0,0.0,3267.41,2,24582.39,2024-12-17
L0000361,592,Online,13875.79,0,0.0,4079.82,4,21381.12,2024-01-03
L0000362,750,Broker,28949.16,0,0.0,1122.21,2,6233.47,2025-02-26
L0000363,672,Broker,59758.19,0,0.0,4182.44,3,1643.79,2025-07-25
L0000364,725,Broker,55822.26,0,0.0,4981.48,3,10922.33,2024-05-31
L0000365,691,Branch,24085.29,0,0.0,1134.05,4,17593.25,2025-10-22
L0000366,841,Online,53248.22,0,0.0,4722.1,2,4428.27,2022-01-07
L0000367,703,Broker,51750.72,0,0.0,13710.05,4,13312.28,2021-09-12
L0000368,680,Online,30943.84,0,0.0,8422.99,2,14175.27,2023-07-21
L0000369,699,Broker,18828.92,0,0.0,5107.42,3,15639.17,2021-10-19
L0000370,687,Broker,15843.61,0,0.0,2744.84,4,11128.67,2023-10-27
L0000371,727,Online,19178.36,0,0.0,845.34,1,14970.7,2025-11-28
L0000372,687,Broker,53335.01,0,0.0,8980.95,2,12596.49,2023-12-19
L0000373,676,Online,34949.63,0,0.0,4046.21,3,10960.63,2025-01-05
L0000374,758,Broker,44771.82,0,0.0,3313.84,1,5948.5,2023-07-09
L0000375,728,Online,55732.09,0,0.0,1160.77,4,17637.38,2026-02-13
L0000376,757,Branch,55906.26,0,0.0,1054.83,3,7896.69,2026-01-01
L0000377,627,Online,41645.55,0,0.0,17504.65,2,14791.43,2022-05-05
L0000378,712,Broker,22906.35,0,0.0,3430.69,2,1278.23,2023-06-05
L0000379,637,Branch,17418.42,0,0.0,3154.35,3,23383.7,2024-08-08
L0000380,641,Broker,43678.7,0,0.0,7880.0,1,18493.51,2024-08-12
L0000381,739,Online,7020.45,0,0.0,1790.4,3,7992.18,2023-01-28
L0000382,631,Branch,7917.39,0,0.0,3834.9,1,10184.29,2021-11-15
L0000383,758,Broker,17782.66,0,0.0,1275.22,4,8655.09,2024-03-26
L0000384,696,Broker,6733.06,0,0.0,352.22,1,11215.12,2025-12-10
L0000385,625,Branch,17165.56,0,0.0,3574.41,3,33734.53,2024-06-29
L0000386,611,Branch,8720.49,0,0.0,1732.87,1,23554.23,2025-01-11
L0000387,800,Branch,33984.17,0,0.0,1425.23,1,2947.66,2024-12-03
L0000388,615,Branch,59666.99,0,0.0,13695.97,4,14988.17,2024-05-17
L0000389,689,Broker,15657.56,0,0.0,1668.87,2,14412.86,2025-03-23
L0000390,706,Broker,46850.74,0,0.0,4842.14,1,17012.32,2024-07-29
L0000391,807,Online,56397.51,0,0.0,793.37,1,7641.41,2025-12-14
L0000392,773,Broker,51131.32,0,0.0,2361.71,3,4794.75,2024-03-29
L0000393,816,Branch,58132.76,0,0.0,2860.09,3,7747.13,2024-06-01
L0000394,697,Branch,21614.3,0,0.0,2527.67,4,13294.57,2024-06-15
L0000395,676,Online,5424.43,0,0.0,1004.99,2,12908.63,2024-12-03
L0000396,655,Broker,18487.06,0,0.0,6883.64,2,15102.35,2022-01-20
L0000397,693,Broker,17101.24,0,0.0,2382.14,2,13010.59,2024-06-12
L0000398,747,Broker,19925.54,0,0.0,836.09,1,8766.7,2025-04-23
L0000399,689,Broker,24428.46,0,0.0,5064.82,3,18016.74,2023-05-07
L0000400,-9999,Broker,54001.42,0,0.0,5472.41,3,4928.75,2025-06-11
L0000401,688,Branch,39717.65,0,0.0,2035.04,3,11726.45,2025-11-21
L0000402,590,Broker,9121.87,1,4290.95,-1126.76,3,19987.67,2024-01-13
L0000403,700,Branch,57673.6,0,0.0,4482.52,3,2478.48,2025-02-17
L0000404,686,Online,43471.73,0,0.0,13517.99,4,11284.87,2022-11-15
L0000405,711,Branch,41904.08,0,0.0,4867.37,4,8694.88,2024-03-18
L0000406,720,Broker,30649.37,0,0.0,6926.87,1,3812.31,2021-08-02
L0000407,676,Branch,29558.87,0,0.0,5432.66,1,24384.89,2024-02-19
L0000408,617,Branch,33060.21,0,0.0,16187.1,2,20132.4,2021-12-26
L0000409,726,Broker,35455.92,0,0.0,4101.2,2,5974.48,2023-08-17
L0000410,736,Branch,16632.36,0,0.0,1727.86,4,10165.83,2023-10-02
L0000411,710,Broker,54884.15,0,0.0,9577.78,1,14634.73,2023-01-03
L0000412,690,Online,20951.39,0,0.0,8318.79,2,11477.75,2021-08-13
L0000413,701,Online,28187.91,0,0.0,10078.83,3,11308.3,2021-10-31
L0000414,756,Branch,25657.66,0,0.0,1599.51,2,1486.32,2024-06-24
L0000415,604,Branch,16868.3,0,0.0,7210.32,1,5234.38,2022-12-01
L0000416,614,Broker,49858.73,0,0.0,12124.41,1,22485.94,2024-03-06
L0000417,684,Online,59848.86,0,0.0,7404.01,1,21970.22,2025-02-19
L0000418,741,Broker,39776.93,0,0.0,3076.31,4,8670.86,2024-05-08
L0000419,778,Online,19335.41,0,0.0,917.98,3,7487.64,2024-07-08
L0000420,671,Online,47158.56,0,0.0,7896.0,3,20541.66,2024-04-25
L0000421,682,Branch,9446.3,0,0.0,2931.57,1,18034.82,2022-08-17
L0000422,656,Broker,23173.36,1,9164.99,-8034.57,4,14986.53,2025-11-18
L0000423,697,Branch,45460.76,0,0.0,12653.12,4,12611.25,2021-09-16
L0000424,757,Branch,21013.14,0,0.0,701.69,2,11804.67,2025-06-17
L0000425,634,Broker,39013.6,0,0.0,18678.11,2,15033.29,2021-07-29
L0000426,668,Broker,38958.11,1,12590.46,-7285.09,4,12189.89,2024-09-02
L0000427,648,Broker,57564.96,0,0.0,5549.52,1,11962.41,2025-06-30
L0000428,690,Branch,23621.76,0,0.0,6635.0,1,12053.88,2022-02-09
L0000429,704,Online,23975.96,0,0.0,1658.57,2,6965.39,2025-09-28
L0000430,762,Broker,37186.12,0,0.0,2816.59,3,4620.95,2023-06-14
L0000431,672,Branch,23680.16,1,11240.32,-8176.81,1,21581.83,2024-10-03
L0000432,645,Broker,12480.5,0,0.0,2381.67,4,19790.41,2024-10-23
L0000433,696,Branch,53159.25,0,0.0,6413.31,2,14959.63,2024-07-16
L0000434,759,Broker,20694.25,0,0.0,1920.57,4,10838.31,2022-11-26
L0000435,659,Online,31178.03,0,0.0,5683.69,3,20948.07,2024-03-14
L0000436,712,Branch,48058.34,0,0.0,835.75,2,4530.47,2026-02-04
L0000437,758,Online,43988.01,0,0.0,1314.49,2,10974.26,2025-05-19
L0000438,732,Broker,6887.17,0,0.0,1619.04,2,10445.9,2021-11-19
L0000439,678,Online,21029.71,0,0.0,3191.14,4,21937.17,2024-05-29
L0000440,623,Online,7951.26,0,0.0,1373.3,3,6925.93,2025-04-23
L0000441,731,Broker,53350.63,0,0.0,5341.69,3,9496.94,2023-10-02
L0000442,699,Broker,16907.85,0,0.0,2539.87,2,8676.39,2024-01-16
L0000443,596,Branch,19445.76,1,6512.81,2459.62,4,16428.03,2022-09-16
L0000444,700,Online,30937.34,0,0.0,10645.49,2,9914.22,2021-12-17
L0000445,829,Branch,55400.05,0,0.0,4175.29,3,1383.98,2023-01-07
L0000446,552,Broker,59254.14,0,0.0,29542.73,4,8348.67,2023-01-13
L0000447,751,Online,18704.27,0,0.0,2342.4,3,14196.16,2022-05-16
L0000448,668,Branch,34925.43,0,0.0,6048.14,2,13814.15,2024-03-10
L0000449,664,Branch,52988.76,1,23496.16,-15764.14,1,8619.39,2024-08-24
L0000450,-9999,Branch,16995.07,0,0.0,1096.19,4,8140.63,2024-05-26
L0000451,623,Broker,42216.26,0,0.0,4161.8,3,17951.72,2025-07-12
L0000452,684,Branch,40435.96,0,0.0,3558.81,3,15722.52,2025-03-18
L0000453,632,Online,47602.53,0,0.0,1982.53,4,10702.34,2026-01-22
L0000454,625,Online,56296.14,0,0.0,3431.55,4,18641.86,2025-12-26
L0000455,598,Broker,25173.97,0,0.0,14256.9,3,25278.54,2021-09-21
L0000456,661,Online,50010.77,0,0.0,18555.16,4,20944.45,2021-11-23
L0000457,709,Branch,26294.03,0,0.0,4765.04,3,15217.08,2023-01-14
L0000458,725,Branch,11282.31,0,0.0,1420.48,3,9053.11,2024-04-04
L0000459,708,Branch,40180.18,0,0.0,2803.37,3,13353.85,2025-05-17
L0000460,710,Online,24931.33,0,0.0,3278.0,3,18729.05,2024-08-11
L0000461,698,Broker,18291.6,0,0.0,4031.98,4,12395.39,2023-02-15
L0000462,647,Broker,50629.3,0,0.0,5295.41,4,22464.39,2025-05-17
L0000463,703,Broker,37059.22,0,0.0,2968.73,3,17578.52,2025-03-11
L0000464,770,Branch,8495.77,0,0.0,937.35,4,0.0,2021-10-14
L0000465,748,Branch,11029.76,0,0.0,1094.12,4,5086.98,2023-10-10
L0000466,668,Online,39760.93,0,0.0,6521.43,2,14398.29,2024-05-02
L0000467,716,Branch,13724.65,0,0.0,2412.95,4,0.0,2023-04-17
L0000468,761,Online,49247.99,0,0.0,4400.25,3,2354.82,2022-01-07
L0000469,695,Online,46135.11,0,0.0,1382.78,3,16641.71,2026-03-10
L0000470,664,Online,14659.22,0,0.0,2571.38,4,24608.06,2024-04-15
L0000471,696,Broker,6663.3,0,0.0,1002.05,4,12749.73,2024-08-14
L0000472,644,Branch,20216.12,0,0.0,1878.76,1,28786.94,2025-06-25
L0000473,757,Online,58241.42,0,0.0,3266.79,4,9607.8,2024-03-31
L0000474,708,Broker,49550.31,0,0.0,3603.49,2,16346.16,2025-03-16
L0000475,734,Branch,53177.95,0,0.0,7461.73,2,11548.35,2022-07-30
L0000476,667,Branch,28483.39,0,0.0,9500.42,2,26769.94,2022-03-03
L0000477,676,Online,43773.41,0,0.0,13395.89,1,16206.45,2022-04-13
L0000478,630,Online,21585.17,0,0.0,10337.25,4,14117.89,2021-08-31
L0000479,681,Broker,34587.21,0,0.0,3204.26,4,20611.59,2025-02-12
L0000480,712,Branch,55573.97,0,0.0,6888.56,2,14199.91,2024-02-04
L0000481,763,Online,26262.41,0,0.0,1441.41,1,7722.95,2024-06-13
L0000482,640,Branch,27195.82,0,0.0,12253.56,1,18541.61,2021-09-23
L0000483,738,Branch,27899.98,0,0.0,2273.91,3,5150.82,2024-06-24
L0000484,715,Branch,41803.84,0,0.0,7083.91,4,11335.54,2023-02-20
L0000485,612,Online,55095.29,0,0.0,27274.33,3,9645.46,2021-12-09
L0000486,676,Broker,33726.41,0,0.0,8417.73,3,16635.28,2023-02-01
L0000487,668,Branch,56369.6,0,0.0,16409.16,2,13632.57,2022-07-31
L0000488,800,Broker,55391.15,1,29414.44,-24702.21,1,6163.19,2022-03-14
L0000489,747,Broker,34310.24,0,0.0,1791.23,4,8580.12,2024-08-02
L0000490,738,Broker,6455.33,0,0.0,938.47,4,13601.31,2024-10-19
L0000491,671,Branch,19139.25,0,0.0,3274.58,3,11292.42,2024-05-01
L0000492,674,Broker,58102.44,0,0.0,9413.06,2,15340.82,2024-03-22
L0000493,736,Online,57898.15,0,0.0,14751.73,1,17458.81,2021-10-28
L0000494,690,Broker,22973.53,0,0.0,4277.21,2,22065.14,2023-06-27
L0000495,636,Online,18226.78,0,0.0,8298.65,1,21812.23,2021-12-19
L0000496,761,Broker,8593.37,0,0.0,570.54,1,6284.46,2024-09-08
L0000497,643,Branch,33665.18,0,0.0,9624.64,2,7616.16,2023-06-18
L0000498,773,Online,59942.94,0,0.0,2527.37,3,3874.16,2024-08-30
L0000499,609,Broker,10368.25,0,0.0,4404.3,3,20577.85,2022-12-31
L0000500,-9999,Branch,36307.68,0,0.0,9048.2,4,27216.3,2023-09-03
L0000501,628,Branch,16094.56,0,0.0,7001.2,4,9377.02,2022-05-10
L0000502,730,Broker,32881.69,0,0.0,4548.69,4,12408.51,2023-02-03
L0000503,661,Branch,13419.06,0,0.0,3602.33,4,16489.93,2023-03-11
L0000504,721,Broker,26529.39,0,0.0,4998.91,3,20623.27,2022-07-03
L0000505,731,Online,14325.4,0,0.0,654.19,3,11193.25,2026-02-06
L0000506,734,Branch,48994.51,1,14825.22,-11832.16,3,10139.39,2024-10-18
L0000507,684,Branch,28691.46,0,0.0,8877.96,4,13066.26,2022-01-26
L0000508,823,Branch,41053.01,0,0.0,3902.43,4,3405.02,2022-02-23
L0000509,758,Broker,11496.44,0,0.0,979.03,1,6017.29,2023-08-19
L0000510,771,Branch,48433.41,0,0.0,1419.03,2,12096.92,2025-03-18
L0000511,622,Online,36247.69,0,0.0,7246.05,4,20808.27,2024-07-10
L0000512,698,Online,47935.96,0,0.0,2285.79,2,14773.43,2025-11-30
L0000513,718,Online,44670.79,0,0.0,3254.36,4,16665.86,2025-07-01
L0000514,654,Broker,55368.98,0,0.0,18534.43,4,7755.48,2022-06-15
L0000515,713,Online,9913.49,1,7740.06,-4444.72,4,15782.76,2022-06-18
L0000516,626,Broker,49043.46,0,0.0,23557.1,1,13445.31,2021-09-23
L0000517,629,Online,15822.06,0,0.0,1961.77,1,17322.38,2025-07-13
L0000518,748,Broker,55915.15,0,0.0,7428.72,3,8649.35,2021-12-12
L0000519,639,Branch,14255.67,0,0.0,1726.86,1,16466.73,2025-06-20
L0000520,727,Branch,27999.94,0,0.0,2337.25,2,7278.61,2024-09-27
L0000521,670,Branch,36667.49,0,0.0,2919.86,2,16189.8,2025-07-17
L0000522,722,Broker,41482.22,0,0.0,7698.56,2,12557.95,2022-03-04
L0000523,625,Online,49896.56,0,0.0,14106.71,4,12587.08,2023-08-31
L0000524,627,Broker,34869.15,0,0.0,3694.46,2,15683.51,2025-07-06
L0000525,717,Branch,59945.64,0,0.0,10759.57,2,6741.2,2022-08-23
L0000526,660,Online,54787.04,1,34584.58,-22409.53,3,16245.7,2023-10-12
L0000527,723,Broker,44851.75,0,0.0,5294.61,2,18587.96,2023-09-17
L0000528,628,Online,24263.82,0,0.0,662.42,2,20107.96,2026-03-30
L0000529,694,Broker,15255.37,0,0.0,1729.38,2,7666.02,2025-03-29
L0000530,674,Broker,57794.14,0,0.0,18968.35,2,2894.16,2021-10-31
L0000531,662,Online,40625.03,0,0.0,5748.68,1,3026.56,2024-10-21
L0000532,704,Broker,59663.86,0,0.0,11216.96,3,10355.22,2022-12-23
L0000533,706,Online,16986.65,0,0.0,2758.9,4,6854.59,2024-04-23
L0000534,822,Broker,14444.66,0,0.0,1405.72,1,2521.73,2022-10-16
L0000535,719,Online,57167.19,0,0.0,16357.81,4,14369.29,2022-01-23
L0000536,702,Branch,23089.19,0,0.0,572.75,1,16381.27,2026-03-07
L0000537,633,Branch,5698.27,0,0.0,1186.57,3,10156.05,2024-09-06
L0000538,700,Broker,35111.92,0,0.0,4449.32,2,16699.92,2024-03-18
L0000539,724,Broker,26023.79,0,0.0,4944.75,3,7830.74,2022-04-08
L0000540,724,Branch,8701.71,0,0.0,356.29,4,16163.13,2026-01-30
L0000541,843,Online,6830.9,0,0.0,746.68,4,3842.19,2024-10-23
L0000542,750,Online,34571.13,0,0.0,3142.52,3,13824.01,2023-04-06
L0000543,700,Broker,40703.59,0,0.0,7513.44,1,11712.63,2023-03-24
L0000544,880,Online,26583.15,0,0.0,2082.01,4,1581.68,2023-01-03
L0000545,763,Broker,39036.54,0,0.0,3234.63,3,11997.5,2022-07-23
L0000546,663,Broker,7981.23,0,0.0,780.55,3,12676.82,2025-10-31
L0000547,742,Broker,30742.88,0,0.0,3012.43,1,10492.18,2023-05-17
L0000548,698,Broker,52542.0,0,0.0,12263.38,4,21966.9,2022-06-27
L0000549,653,Broker,27958.21,0,0.0,2428.67,4,24660.78,2025-08-25
L0000550,-9999,Broker,14739.02,0,0.0,1237.3,3,4766.94,2023-10-31
L0000551,682,Branch,38920.87,0,0.0,3905.72,2,9346.95,2024-12-17
L0000552,713,Broker,58557.7,0,0.0,13416.25,2,9615.03,2021-11-16
L0000553,724,Broker,43102.38,1,31777.8,-29898.3,1,13164.6,2025-06-28
L0000554,775,Broker,13710.05,0,0.0,1857.12,2,7112.15,2021-09-21
L0000555,640,Branch,30140.88,1,15780.17,-8121.52,1,17846.76,2023-09-26
L0000556,817,Branch,6285.16,1,3145.17,-2381.24,2,5156.45,2021-09-18
L0000557,733,Online,50029.25,0,0.0,12595.27,3,9842.75,2022-02-11
L0000558,723,Branch,47237.12,0,0.0,1425.67,1,8140.48,2026-01-20
L0000559,707,Branch,56348.44,0,0.0,11185.21,3,11859.44,2022-09-26
L0000560,750,Online,14059.28,0,0.0,795.27,3,9653.17,2024-06-07
L0000561,688,Online,34260.6,0,0.0,2384.42,4,5171.17,2025-09-28
L0000562,666,Online,11734.12,1,7685.32,-3798.72,3,13248.45,2022-06-20
L0000563,652,Online,5225.22,0,0.0,2426.37,3,19104.11,2022-03-25
L0000564,685,Broker,6656.04,0,0.0,2065.5,2,13073.57,2022-11-10
L0000565,637,Branch,50367.04,1,28810.21,-24610.1,3,8235.08,2025-08-13
L0000566,683,Online,8694.66,0,0.0,1769.07,4,9164.02,2024-04-20
L0000567,574,Branch,59794.64,0,0.0,15545.14,4,16791.98,2024-07-06
L0000568,646,Branch,14603.26,0,0.0,704.32,3,0.0,2026-03-09
L0000569,753,Online,49386.59,0,0.0,899.85,1,14891.46,2026-02-12
L0000570,732,Online,34784.1,0,0.0,1652.48,4,15388.48,2025-09-15
L0000571,712,Branch,8453.06,0,0.0,2306.13,3,7871.09,2021-07-29
L0000572,724,Branch,22960.77,0,0.0,626.59,2,21383.7,2025-12-04
L0000573,709,Branch,12442.51,0,0.0,1139.08,4,17396.51,2025-06-08
L0000574,738,Broker,58496.72,0,0.0,3686.6,3,11387.47,2024-09-28
L0000575,666,Online,23001.79,0,0.0,7300.85,1,13709.64,2022-08-28
L0000576,666,Branch,17438.0,0,0.0,1933.37,2,14635.39,2025-01-22
L0000577,715,Branch,44313.79,0,0.0,10286.26,4,10098.25,2021-09-22
L0000578,722,Online,54445.84,0,0.0,7025.1,3,16706.2,2024-07-04
L0000579,749,Online,21122.97,0,0.0,2065.9,1,520.26,2023-07-21
L0000580,733,Branch,10673.6,0,0.0,1128.16,3,6062.02,2023-12-15
L0000581,802,Branch,38513.62,0,0.0,2652.08,3,6557.15,2023-04-30
L0000582,727,Branch,56756.91,0,0.0,1252.34,4,15494.58,2026-01-10
L0000583,724,Broker,16000.69,0,0.0,753.63,2,12206.2,2025-08-08
L0000584,601,Online,13011.75,0,0.0,6923.36,1,11080.5,2021-11-17
L0000585,618,Branch,15382.55,0,0.0,5439.72,4,19451.84,2023-06-07
L0000586,681,Broker,48960.82,0,0.0,3040.45,4,15225.78,2025-09-25
L0000587,714,Branch,6845.24,0,0.0,697.68,1,8367.17,2025-10-02
L0000588,543,Online,20387.81,0,0.0,3445.94,4,15915.76,2025-06-27
L0000589,688,Online,19337.69,0,0.0,3900.84,3,9176.86,2024-01-01
L0000590,737,Branch,25171.93,0,0.0,2205.59,1,18662.84,2024-02-10
L0000591,661,Broker,15132.53,0,0.0,512.91,3,17584.05,2026-01-08
L0000592,742,Online,31473.54,0,0.0,4322.53,3,17417.29,2022-07-26
L0000593,647,Broker,32732.24,0,0.0,849.26,4,7017.97,2026-03-02
L0000594,642,Broker,20313.87,0,0.0,1127.24,1,20707.01,2026-01-21
L0000595,664,Branch,20512.0,0,0.0,7834.53,3,15315.58,2021-07-03
L0000596,717,Branch,46329.49,0,0.0,10496.19,4,7118.11,2021-09-12
L0000597,627,Broker,17609.93,0,0.0,6461.52,4,14664.65,2022-10-21
L0000598,740,Online,46509.44,0,0.0,1551.83,2,11116.84,2025-06-19
L0000599,716,Broker,39099.44,0,0.0,5642.47,1,12572.1,2023-06-11
L0000600,-9999,Online,6472.09,0,0.0,560.83,4,13374.97,2026-01-03
L0000601,628,Branch,5328.91,0,0.0,1598.78,3,19622.29,2023-10-26
L0000602,720,Branch,18709.94,0,0.0,712.09,1,10585.1,2026-01-13
L0000603,725,Online,53926.59,0,0.0,14865.33,2,5175.57,2021-12-16
L0000604,745,Branch,30677.83,0,0.0,2083.76,1,8776.24,2024-06-11
L0000605,752,Branch,46425.97,0,0.0,4371.19,1,13222.08,2023-01-31
L0000606,572,Broker,39309.85,1,21616.09,-9404.3,3,9709.31,2024-02-04
L0000607,736,Online,24083.15,1,19227.33,-16427.42,4,4302.31,2024-07-15
L0000608,641,Broker,31901.42,1,22224.42,-16349.96,1,17062.95,2024-06-08
L0000609,810,Broker,59210.64,0,0.0,5460.5,3,9589.31,2022-01-31
L0000610,729,Broker,50274.46,0,0.0,2609.06,1,9621.0,2025-04-29
L0000611,711,Broker,40643.93,0,0.0,2500.87,2,8919.01,2025-05-08
L0000612,761,Online,25166.63,0,0.0,1074.69,2,8857.33,2025-03-30
L0000613,761,Branch,18664.17,0,0.0,2172.67,2,7107.66,2021-09-12
L0000614,741,Branch,21943.65,0,0.0,3495.17,2,3818.33,2021-07-03
L0000615,693,Broker,52121.94,0,0.0,7245.07,1,0.0,2024-04-02
L0000616,731,Branch,18878.4,0,0.0,2812.65,4,9343.29,2023-04-05
L0000617,758,Broker,39580.72,0,0.0,4240.18,3,3251.66,2021-11-10
L0000618,810,Branch,32948.28,0,0.0,1257.58,4,1552.92,2025-03-27
L0000619,757,Branch,52013.24,0,0.0,1290.35,1,7495.0,2025-07-25
L0000620,683,Branch,38599.91,0,0.0,12584.9,1,20458.74,2021-08-12
L0000621,676,Online,44705.01,0,0.0,11544.79,1,15249.14,2022-11-03
L0000622,703,Broker,10915.76,1,4216.78,-1050.36,4,12943.42,2021-10-16
L0000623,660,Broker,51215.64,0,0.0,14011.19,3,18066.57,2023-02-05
L0000624,690,Broker,47716.22,0,0.0,13678.26,4,6552.38,2021-11-10
L0000625,674,Broker,31605.76,0,0.0,1498.05,4,12008.56,2025-11-16
L0000626,731,Online,8077.65,0,0.0,696.76,1,0.0,2026-01-04
L0000627,791,Online,33738.21,0,0.0,1356.27,4,10399.37,2024-06-25
L0000628,639,Online,29623.01,1,21307.02,-13443.23,3,13128.04,2023-09-12
L0000629,723,Broker,19531.51,0,0.0,2020.93,2,15870.72,2024-03-25
L0000630,770,Online,18876.19,1,12451.45,-10424.94,2,15091.76,2022-05-17
L0000631,663,Broker,49590.82,0,0.0,1475.08,3,19396.29,2026-02-13
L0000632,763,Online,38473.52,0,0.0,1340.24,4,6454.12,2025-04-21
L0000633,802,Broker,47399.34,0,0.0,3287.72,4,7672.5,2023-06-02
L0000634,699,Online,58568.87,0,0.0,1995.35,2,13243.99,2026-02-03
L0000635,734,Online,29746.13,0,0.0,4545.35,1,14821.83,2024-01-26
L0000636,780,Broker,8715.88,0,0.0,504.44,4,8982.3,2026-03-24
L0000637,743,Branch,29299.79,0,0.0,3301.51,3,6928.94,2022-10-26
L0000638,737,Broker,16595.03,0,0.0,439.47,4,9170.64,2026-01-27
L0000639,640,Online,46508.34,0,0.0,7858.02,3,26485.15,2024-09-06
L0000640,813,Branch,39161.8,0,0.0,754.94,2,5915.63,2025-08-02
L0000641,676,Online,14606.37,0,0.0,746.55,4,16079.82,2025-10-06
L0000642,753,Broker,8843.76,0,0.0,903.78,3,11878.79,2023-05-05
L0000643,631,Online,59043.31,0,0.0,22473.55,3,15719.66,2022-08-28
L0000644,708,Branch,24808.57,0,0.0,6038.86,4,14211.18,2021-12-31
L0000645,734,Broker,39101.36,0,0.0,3790.9,3,16952.37,2024-02-17
L0000646,726,Branch,43425.74,0,0.0,6177.82,2,11341.49,2023-03-08
L0000647,668,Branch,11651.72,0,0.0,3181.31,3,23775.91,2023-06-17
L0000648,789,Branch,59913.17,0,0.0,3865.1,3,4169.8,2023-06-02
L0000649,707,Broker,44897.19,0,0.0,8786.51,3,19950.94,2022-11-04
L0000650,-9999,Branch,51091.23,0,0.0,6131.03,1,17137.7,2023-08-22
L0000651,659,Branch,24490.78,0,0.0,3385.21,2,19796.75,2024-10-29
L0000652,774,Online,23823.14,0,0.0,1515.58,1,7939.72,2023-10-29
L0000653,716,Broker,5048.52,0,0.0,903.1,3,18809.3,2023-08-25
L0000654,738,Broker,27964.21,0,0.0,1632.37,2,262.96,2024-09-20
L0000655,760,Branch,50988.16,0,0.0,3071.61,3,7015.09,2023-09-12
L0000656,713,Branch,48180.15,0,0.0,6906.34,3,2472.17,2023-08-02
L0000657,715,Branch,59127.53,0,0.0,10017.93,2,9503.97,2022-12-23
L0000658,620,Broker,51366.29,0,0.0,8017.52,3,13773.17,2024-12-30
L0000659,679,Branch,40649.61,0,0.0,12982.67,2,18087.92,2021-12-24
L0000660,761,Online,44472.33,0,0.0,1834.82,2,10989.54,2025-01-22
L0000661,710,Broker,21964.67,0,0.0,3957.2,4,9150.7,2022-12-22
L0000662,675,Online,53105.04,0,0.0,8244.47,3,17277.1,2024-04-12
L0000663,684,Branch,44700.1,0,0.0,1819.5,4,15461.3,2025-11-24
L0000664,711,Online,16529.02,0,0.0,3900.13,1,10580.75,2023-06-17
L0000665,667,Branch,53620.24,0,0.0,7668.37,1,10005.62,2024-09-10
L0000666,792,Online,40308.78,0,0.0,2210.73,2,5734.1,2024-02-28
L0000667,645,Branch,44977.72,0,0.0,7343.69,4,12161.25,2024-09-16
L0000668,719,Broker,48675.72,0,0.0,3106.17,1,15937.02,2025-01-18
L0000669,744,Broker,35105.37,0,0.0,2780.22,2,13884.76,2024-04-06
L0000670,744,Broker,30545.45,0,0.0,907.85,2,11917.13,2025-06-23
L0000671,703,Online,55650.59,0,0.0,15313.16,3,17813.54,2022-11-03
L0000672,703,Broker,44650.46,0,0.0,10993.22,4,15174.92,2021-12-06
L0000673,662,Broker,6486.04,0,0.0,1894.44,1,8240.69,2022-12-23
L0000674,767,Broker,49885.98,0,0.0,2596.33,4,5300.18,2023-12-26
L0000675,699,Branch,5569.09,0,0.0,1562.69,4,18044.16,2023-04-05
L0000676,757,Broker,45352.55,0,0.0,5275.64,3,7823.99,2021-07-13
L0000677,677,Branch,6670.9,0,0.0,827.68,3,8238.35,2025-10-26
L0000678,647,Broker,7678.56,1,3907.19,-3070.57,4,22625.41,2025-12-22
L0000679,659,Broker,14089.14,0,0.0,1809.34,1,14454.19,2024-11-26
L0000680,749,Branch,57357.65,0,0.0,4172.46,3,11392.65,2023-12-23
L0000681,617,Branch,40556.45,0,0.0,9570.1,3,12160.02,2024-04-22
L0000682,698,Online,49199.0,0,0.0,6124.86,4,7396.29,2024-11-21
L0000683,640,Branch,37941.21,0,0.0,10066.91,4,23303.9,2023-09-21
L0000684,721,Branch,59817.86,0,0.0,13197.55,4,3576.32,2021-07-15
L0000685,690,Online,59408.63,0,0.0,15657.27,1,18064.86,2023-04-02
L0000686,735,Online,8282.59,0,0.0,1623.32,4,17696.83,2023-04-20
L0000687,677,Broker,25026.47,0,0.0,5070.45,2,19960.64,2023-11-03
L0000688,756,Broker,13212.09,0,0.0,1604.67,3,8284.26,2022-10-21
L0000689,649,Online,36770.07,0,0.0,12525.85,3,5160.81,2022-07-05
L0000690,624,Branch,23474.22,0,0.0,7970.43,4,23796.24,2023-03-29
L0000691,645,Broker,56023.93,0,0.0,6662.05,3,16480.18,2025-03-19
L0000692,658,Branch,45281.81,1,26658.21,-15582.22,3,16889.73,2023-06-07
L0000693,754,Branch,43694.48,0,0.0,3451.77,2,8552.54,2023-03-23
L0000694,684,Branch,24515.55,0,0.0,2084.23,2,14557.14,2025-05-30
L0000695,639,Branch,36788.3,1,27000.59,-11802.52,3,19733.3,2022-01-09
L0000696,760,Branch,7178.06,0,0.0,1043.88,1,0.0,2021-10-02
L0000697,704,Broker,49406.19,0,0.0,11148.8,4,21562.78,2022-04-28
L0000698,772,Branch,29554.82,0,0.0,2626.14,1,6989.39,2022-11-24
L0000699,672,Branch,31562.93,0,0.0,5300.85,3,16019.38,2024-04-17
L0000700,-9999,Online,44848.43,0,0.0,11172.19,1,7887.75,2022-11-23
L0000701,677,Broker,20981.53,0,0.0,5115.46,1,15765.95,2023-04-29
L0000702,615,Broker,35301.67,1,23281.92,-13014.09,2,35608.54,2023-11-05
L0000703,742,Online,37764.75,0,0.0,2804.09,2,10893.48,2024-04-27
L0000704,664,Branch,45453.84,1,19519.88,-6386.26,1,6089.63,2022-10-11
L0000705,694,Broker,16600.05,0,0.0,4860.11,4,10422.17,2021-10-27
L0000706,884,Broker,31093.8,0,0.0,2404.63,4,1157.11,2023-04-05
L0000707,738,Broker,56739.98,0,0.0,7636.18,1,4518.1,2022-09-23
L0000708,660,Online,49146.53,0,0.0,16288.43,1,15100.11,2022-06-05
L0000709,772,Broker,40125.47,0,0.0,4246.07,4,3730.37,2021-07-09
L0000710,661,Broker,7612.88,0,0.0,1277.54,1,9248.74,2024-08-15
L0000711,750,Broker,13143.93,1,6066.59,-4712.27,4,4259.64,2023-05-05
L0000712,718,Broker,25306.16,0,0.0,3110.83,4,14288.27,2024-01-23
L0000713,718,Branch,47104.38,0,0.0,6205.27,2,13292.86,2023-09-25
L0000714,750,Online,38571.1,0,0.0,5256.56,2,7699.82,2021-08-28
L0000715,693,Online,27540.06,0,0.0,1313.17,3,18513.65,2026-01-18
L0000716,758,Online,44813.53,1,17642.42,-13436.14,3,12873.94,2022-04-05
L0000717,584,Broker,10546.3,1,4040.44,32.63,1,12981.09,2023-09-06
L0000718,768,Branch,28543.12,0,0.0,1955.36,4,10843.73,2023-12-05
L0000719,658,Branch,16057.33,0,0.0,3404.16,1,14640.03,2023-11-15
L0000720,755,Broker,13826.02,0,0.0,1643.71,2,5438.78,2021-09-21
L0000721,685,Broker,17749.03,0,0.0,1741.89,3,8113.95,2025-01-12
L0000722,691,Online,57596.75,0,0.0,23038.61,1,17363.88,2021-08-07
L0000723,767,Online,5275.13,0,0.0,321.59,4,5254.13,2025-04-20
L0000724,648,Branch,52847.27,0,0.0,7455.1,3,15185.76,2024-12-22
L0000725,669,Broker,26792.17,1,19877.64,-10439.37,2,11989.12,2021-10-19
L0000726,716,Broker,5269.78,0,0.0,949.26,3,9811.35,2023-05-15
L0000727,617,Branch,18655.17,0,0.0,1380.37,1,24522.66,2025-12-23
L0000728,656,Broker,31037.65,0,0.0,3243.3,4,9742.0,2025-05-16
L0000729,740,Branch,29173.01,0,0.0,3029.68,3,17966.81,2023-07-24
L0000730,676,Online,52290.52,1,23568.6,-12611.79,3,22351.09,2023-08-28
L0000731,697,Branch,38580.8,0,0.0,7515.22,2,0.0,2023-02-19
L0000732,627,Broker,48365.39,0,0.0,11737.8,4,21165.31,2024-01-20
L0000733,664,Broker,45301.19,0,0.0,16008.36,4,6772.52,2021-12-03
L0000734,710,Branch,27656.14,0,0.0,4568.65,2,10536.33,2023-05-11
L0000735,712,Branch,13526.0,0,0.0,1845.53,1,6831.06,2023-09-03
L0000736,809,Online,51948.46,0,0.0,1814.04,3,4299.14,2024-10-31
L0000737,750,Broker,34027.2,0,0.0,1501.2,1,6298.13,2024-11-25
L0000738,675,Online,29222.49,0,0.0,5439.38,3,11543.7,2024-01-23
L0000739,744,Branch,7585.83,0,0.0,1160.48,3,13374.78,2022-02-13
L0000740,734,Branch,12657.4,0,0.0,1485.79,1,12711.38,2024-04-10
L0000741,714,Broker,27460.49,0,0.0,1332.42,4,4595.31,2025-06-11
L0000742,631,Branch,33926.26,0,0.0,15532.2,1,8111.41,2021-11-14
L0000743,656,Online,41697.66,0,0.0,7661.24,4,15180.78,2024-05-28
L0000744,575,Broker,8259.7,0,0.0,1199.41,1,22314.07,2025-05-04
L0000745,761,Online,17799.21,0,0.0,1048.88,1,13943.36,2024-04-23
L0000746,735,Branch,19669.94,0,0.0,3311.95,3,11542.73,2022-05-18
L0000747,521,Branch,54427.8,0,0.0,14480.53,3,20931.71,2024-11-19
L0000748,792,Broker,9968.99,1,5608.56,-4760.48,4,4214.33,2023-01-26
L0000749,746,Broker,47089.78,0,0.0,1329.57,4,7181.33,2025-07-29
L0000750,-9999,Online,20822.38,0,0.0,1656.01,1,12007.93,2025-09-09
L0000751,747,Online,6646.71,0,0.0,756.97,1,11045.77,2022-09-29
L0000752,703,Online,34306.74,0,0.0,8206.74,4,15536.75,2023-05-28
L0000753,620,Online,16707.94,0,0.0,3384.4,1,28144.82,2024-08-09
L0000754,664,Branch,17663.55,1,6934.98,-5317.66,4,23018.26,2025-09-26
L0000755,622,Branch,26063.96,0,0.0,12122.72,3,16542.73,2021-12-21
L0000756,765,Branch,17760.61,0,0.0,390.3,1,6919.89,2026-02-15
L0000757,735,Broker,25336.47,0,0.0,2908.14,4,21075.66,2023-06-29
L0000758,646,Online,17134.82,0,0.0,7518.82,2,11293.56,2021-11-02
L0000759,762,Online,5518.24,0,0.0,595.76,4,9183.04,2022-06-17
L0000760,622,Broker,31419.58,0,0.0,13811.31,3,21918.34,2022-03-27
L0000761,712,Broker,55182.62,0,0.0,7930.01,2,10931.48,2023-07-28
L0000762,667,Branch,42510.46,0,0.0,15545.02,1,16697.45,2021-09-02
L0000763,790,Broker,57016.83,0,0.0,691.28,4,7215.4,2026-03-10
L0000764,769,Online,16926.85,0,0.0,1873.21,4,11779.75,2022-04-28
L0000765,795,Online,43046.38,0,0.0,1846.4,4,13518.3,2024-08-04
L0000766,652,Broker,22354.2,0,0.0,2795.33,3,16500.67,2025-04-04
L0000767,694,Branch,59377.12,0,0.0,1547.17,1,25163.8,2026-02-09
L0000768,740,Broker,53204.72,0,0.0,7470.38,1,0.0,2022-03-05
L0000769,649,Broker,48503.46,0,0.0,6681.24,2,11544.1,2024-12-02
L0000770,660,Broker,47369.21,0,0.0,1893.99,3,13387.56,2026-01-21
L0000771,671,Broker,42926.25,0,0.0,15134.66,2,8278.58,2021-10-30
L0000772,649,Broker,19324.03,0,0.0,3683.31,1,21688.47,2024-04-03
L0000773,659,Branch,23245.9,1,13602.96,-10167.6,1,30912.63,2024-10-17
L0000774,681,Online,32763.89,0,0.0,8632.61,1,18287.47,2023-07-01
L0000775,649,Branch,10917.66,0,0.0,4654.42,2,22570.06,2021-12-20
L0000776,714,Broker,51850.11,0,0.0,12442.41,4,6354.56,2021-07-07
L0000777,659,Branch,25277.65,0,0.0,1290.15,2,18706.42,2025-12-25
L0000778,751,Broker,27870.82,0,0.0,2498.88,4,9634.04,2023-08-24
L0000779,669,Broker,52033.85,0,0.0,15441.32,2,15723.81,2022-07-02
L0000780,704,Broker,31464.42,0,0.0,6331.92,4,13598.11,2023-01-08
L0000781,715,Branch,45187.6,0,0.0,6034.82,1,16442.26,2023-09-17
L0000782,800,Branch,52010.17,0,0.0,2504.12,2,6263.52,2024-06-06
L0000783,616,Broker,33455.63,0,0.0,4274.1,1,20930.49,2025-04-19
L0000784,718,Online,45098.55,0,0.0,14041.91,2,14288.3,2021-11-01
L0000785,679,Branch,45815.09,0,0.0,6957.22,4,10381.04,2024-05-21
L0000786,627,Online,40489.59,0,0.0,9919.34,3,14155.05,2024-01-26
L0000787,689,Branch,7191.67,0,0.0,2708.03,3,8559.01,2021-07-03
L0000788,714,Branch,45977.74,1,14628.13,-6727.32,1,12728.43,2022-12-21
L0000789,739,Branch,56320.53,0,0.0,8310.37,2,10692.21,2022-01-10
L0000790,793,Branch,42927.25,0,0.0,2605.51,2,4502.1,2023-07-01
L0000791,790,Branch,40949.59,0,0.0,3635.3,1,6385.7,2022-02-15
L0000792,760,Branch,54572.3,0,0.0,5597.79,4,8296.46,2021-11-03
L0000793,768,Branch,24411.08,0,0.0,2447.42,4,11835.75,2021-11-11
L0000794,749,Branch,54765.91,0,0.0,6013.57,1,8845.23,2022-06-09
L0000795,666,Online,16015.25,0,0.0,4000.69,4,13429.02,2023-08-17
L0000796,673,Online,24070.62,0,0.0,5475.33,3,13276.69,2023-07-23
L0000797,649,Online,35174.18,0,0.0,13602.84,4,19889.31,2022-02-06
L0000798,649,Branch,26047.93,0,0.0,6018.08,2,23986.8,2024-01-20
L0000799,659,Online,16128.5,0,0.0,4562.61,2,17746.53,2023-05-24
L0000800,-9999,Online,30767.34,0,0.0,13364.81,2,9274.19,2021-07-16
L0000801,613,Online,8161.33,0,0.0,3187.46,4,32094.39,2023-06-26
L0000802,662,Online,15513.94,0,0.0,5147.09,2,14723.83,2022-05-22
L0000803,737,Online,26717.28,0,0.0,5307.71,2,4885.33,2023-02-05
L0000804,686,Broker,17990.77,0,0.0,5657.05,3,6728.52,2021-11-20
L0000805,610,Online,30281.65,1,23947.88,-20055.27,2,14473.42,2025-06-06
L0000806,709,Branch,10784.95,0,0.0,969.91,2,13400.0,2025-03-29
L0000807,754,Broker,50416.13,0,0.0,6448.51,2,10016.55,2021-07-21
L0000808,726,Online,10317.99,1,7167.56,-5609.4,2,16530.5,2024-11-29
L0000809,730,Online,37648.98,0,0.0,4046.41,4,8582.37,2024-09-26
L0000810,749,Branch,57609.55,0,0.0,1123.6,1,10665.96,2025-10-18
L0000811,703,Online,17099.38,0,0.0,3097.04,4,11154.42,2024-01-07
L0000812,615,Broker,5747.62,1,4497.27,-3487.46,4,5478.19,2025-08-26
L0000813,752,Branch,31122.14,1,17306.17,-16547.85,1,6944.12,2025-11-02
L0000814,704,Online,19660.85,0,0.0,1368.96,3,17897.29,2025-10-30
L0000815,742,Broker,13935.52,0,0.0,1810.78,1,9557.29,2022-12-02
L0000816,636,Broker,34249.43,0,0.0,13810.53,3,8835.95,2022-03-29
L0000817,675,Branch,38617.32,0,0.0,7831.64,1,18295.99,2023-10-30
L0000818,702,Online,18917.65,0,0.0,6559.41,1,6097.25,2021-11-12
L0000819,754,Branch,24462.43,1,16320.03,-15838.2,4,15552.74,2025-09-24
L0000820,683,Branch,27729.82,1,15665.13,-11204.77,4,14198.06,2024-01-11
L0000821,621,Branch,32380.81,0,0.0,6369.35,1,9799.97,2024-08-28
L0000822,690,Broker,30521.89,0,0.0,4105.77,3,11563.25,2024-07-10
L0000823,668,Online,56346.43,0,0.0,14922.87,2,12563.6,2022-12-14
L0000824,662,Broker,17268.86,0,0.0,7072.81,4,5159.4,2021-07-18
L0000825,602,Broker,21607.55,0,0.0,3467.29,3,14816.31,2025-03-15
L0000826,719,Branch,47096.78,0,0.0,4709.78,3,17612.0,2024-06-27
L0000827,675,Branch,36094.04,0,0.0,4493.28,3,8013.19,2024-10-13
L0000828,593,Branch,24006.57,0,0.0,1112.86,2,24250.22,2026-03-20
L0000829,655,Branch,55345.2,1,33810.2,-30871.49,4,21373.93,2025-11-26
L0000830,695,Broker,42488.05,0,0.0,9118.07,2,2986.49,2022-12-22
L0000831,670,Broker,25857.53,0,0.0,6162.64,3,14444.97,2023-05-09
L0000832,734,Branch,43523.17,0,0.0,2603.76,2,4577.87,2024-11-15
L0000833,721,Online,47558.82,1,31425.87,-22635.03,3,4192.48,2023-08-14
L0000834,607,Branch,42383.67,0,0.0,20541.06,1,29542.62,2022-02-09
L0000835,658,Broker,23421.26,0,0.0,8187.44,2,12910.53,2022-04-29
L0000836,763,Broker,18129.73,0,0.0,659.2,2,12576.04,2024-12-15
L0000837,669,Broker,31796.6,0,0.0,1198.79,1,8548.27,2026-01-17
L0000838,627,Online,13769.75,0,0.0,3687.49,1,11645.05,2024-01-07
L0000839,700,Broker,14700.22,0,0.0,2776.69,1,7301.8,2023-10-12
L0000840,818,Online,6979.85,0,0.0,670.75,4,7327.58,2022-05-30
L0000841,573,Branch,52458.29,0,0.0,25334.62,4,8696.6,2022-11-10
L0000842,635,Broker,6896.81,0,0.0,1791.15,3,25589.83,2024-08-30
L0000843,732,Online,38658.58,0,0.0,1416.47,3,15560.54,2025-11-02
L0000844,782,Branch,8121.88,1,5391.66,-4135.23,4,5263.76,2022-03-11
L0000845,684,Online,42986.56,0,0.0,3793.68,1,24000.03,2025-06-30
L0000846,725,Branch,34680.15,0,0.0,1414.46,4,9767.71,2025-11-28
L0000847,693,Branch,13453.61,0,0.0,3634.41,2,8093.42,2022-05-13
L0000848,742,Broker,27099.39,0,0.0,2705.44,4,14025.34,2023-03-31
L0000849,711,Online,59009.17,0,0.0,4427.62,4,15124.71,2025-06-19
L0000850,-9999,Online,57492.48,0,0.0,22147.99,4,11087.4,2021-08-23
L0000851,652,Broker,25583.12,0,0.0,5033.82,4,11425.65,2024-04-27
L0000852,784,Online,33320.98,0,0.0,3349.86,4,7160.07,2022-03-18
L0000853,630,Branch,34291.05,0,0.0,15463.96,4,29672.84,2021-12-11
L0000854,571,Branch,19317.0,0,0.0,2084.88,4,33000.63,2025-11-05
L0000855,720,Online,17906.5,0,0.0,5277.15,3,6463.7,2022-02-26
L0000856,686,Branch,18091.52,0,0.0,4724.93,3,10269.96,2022-08-06
L0000857,679,Branch,12100.23,0,0.0,1332.38,4,19002.94,2025-06-18
L0000858,644,Branch,16107.38,0,0.0,592.6,2,22056.17,2026-03-13
L0000859,684,Branch,35846.79,0,0.0,3213.86,1,16125.2,2025-03-05
L0000860,732,Branch,33074.44,1,19368.25,-15718.82,3,16802.42,2023-10-19
L0000861,590,Online,52894.31,0,0.0,19579.84,1,21309.78,2023-06-13
L0000862,681,Broker,11670.49,0,0.0,2996.04,3,6224.77,2023-03-19
L0000863,753,Branch,42376.18,0,0.0,2662.54,4,10247.76,2023-11-16
L0000864,635,Broker,29205.46,0,0.0,1796.52,3,8580.31,2025-12-18
L0000865,704,Broker,29517.83,0,0.0,5537.65,3,15186.26,2023-04-05
L0000866,680,Branch,23423.27,0,0.0,7625.68,2,16728.81,2021-12-11
L0000867,711,Online,55647.34,0,0.0,7163.28,1,16311.05,2024-08-13
L0000868,580,Branch,20839.02,1,16374.93,-12747.69,2,5659.88,2025-03-16
L0000869,711,Broker,30859.4,0,0.0,5555.34,1,12538.24,2022-12-03
L0000870,615,Online,5227.63,0,0.0,1127.0,1,7818.52,2024-08-30
L0000871,638,Online,30818.18,0,0.0,7901.5,4,17451.69,2023-11-28
L0000872,623,Branch,48322.51,0,0.0,16912.71,2,12465.59,2023-02-22
L0000873,717,Branch,36522.33,0,0.0,3435.27,3,12274.58,2024-06-06
L0000874,594,Online,28666.51,0,0.0,1411.31,4,18819.02,2026-03-23
L0000875,743,Branch,17725.48,0,0.0,2325.14,2,5178.69,2023-01-03
L0000876,731,Broker,56289.94,0,0.0,6115.39,4,7068.55,2023-08-14
L0000877,665,Branch,20069.43,0,0.0,4086.61,2,12039.4,2023-12-21
L0000878,712,Online,53574.97,0,0.0,12957.38,3,4803.03,2023-01-17
L0000879,730,Online,20814.14,0,0.0,6175.03,4,6987.01,2021-09-20
L0000880,700,Broker,25477.18,0,0.0,6414.0,1,18959.5,2022-03-08
L0000881,717,Online,52028.65,0,0.0,10629.64,4,14461.15,2023-06-13
L0000882,732,Branch,48899.31,0,0.0,5282.84,2,10043.85,2023-09-23
L0000883,750,Online,38182.45,0,0.0,2400.89,2,8635.7,2024-05-20
L0000884,818,Broker,6436.77,0,0.0,438.46,1,975.05,2024-04-25
L0000885,804,Branch,5884.26,0,0.0,729.55,1,7721.39,2024-02-08
L0000886,755,Broker,39705.76,0,0.0,2733.55,2,10751.12,2023-08-20
L0000887,706,Broker,15657.34,0,0.0,1893.35,1,19891.42,2024-08-19
L0000888,699,Broker,20554.62,0,0.0,4757.15,3,13569.18,2022-07-07
L0000889,701,Broker,34520.26,0,0.0,2263.38,3,13560.62,2025-05-31
L0000890,778,Online,9632.46,0,0.0,889.61,4,4216.48,2023-09-10
L0000891,697,Branch,35247.4,1,14429.17,-9128.65,2,8924.47,2024-02-21
L0000892,623,Branch,28843.21,0,0.0,3449.01,1,31352.25,2025-06-12
L0000893,692,Broker,37652.36,0,0.0,10797.07,1,9020.1,2021-10-25
L0000894,683,Broker,24427.84,0,0.0,3345.82,4,13532.71,2024-06-28
L0000895,777,Broker,7861.96,0,0.0,177.61,2,4939.42,2026-02-27
L0000896,693,Broker,49286.51,0,0.0,4904.69,3,19484.42,2024-12-09
L0000897,801,Branch,20611.29,0,0.0,1445.08,3,7977.33,2024-03-12
L0000898,770,Broker,57897.8,1,34461.71,-28923.89,1,3890.54,2021-11-09
L0000899,649,Broker,36287.88,0,0.0,11289.9,1,13575.85,2022-11-28
L0000900,-9999,Online,34988.16,0,0.0,2094.21,2,7749.26,2024-07-20
L0000901,694,Broker,12987.26,0,0.0,3205.26,4,14145.34,2022-05-28
L0000902,683,Online,54962.08,0,0.0,12278.23,2,13048.81,2023-12-02
L0000903,657,Online,54788.77,0,0.0,17479.81,3,8140.84,2022-08-14
L0000904,700,Branch,15573.89,0,0.0,3707.63,1,7817.65,2022-07-28
L0000905,627,Online,16213.72,0,0.0,4844.5,3,0.0,2023-10-13
L0000906,708,Branch,34826.65,0,0.0,2721.06,1,12298.32,2025-02-22
L0000907,726,Branch,13636.6,0,0.0,2126.51,2,10146.52,2022-08-20
L0000908,673,Branch,5866.05,0,0.0,695.25,3,8181.78,2025-11-01
L0000909,799,Branch,41272.28,0,0.0,3272.68,4,4824.71,2022-12-07
L0000910,671,Branch,39066.5,0,0.0,4602.67,3,21004.95,2024-12-26
L0000911,716,Branch,20044.34,0,0.0,4602.71,1,9924.6,2021-10-02
L0000912,683,Branch,51160.79,0,0.0,14466.99,3,19873.58,2022-04-30
L0000913,700,Online,20404.71,0,0.0,7855.09,3,13607.13,2021-07-27
L0000914,628,Branch,51253.33,0,0.0,10241.83,2,17562.42,2024-06-03
L0000915,698,Broker,43831.6,0,0.0,8568.6,3,10847.92,2023-03-21
L0000916,688,Branch,30206.63,0,0.0,9387.32,3,14797.8,2021-09-21
L0000917,683,Branch,19769.09,0,0.0,3619.24,3,7140.33,2024-01-18
L0000918,742,Branch,29211.32,0,0.0,3070.17,3,8710.93,2023-06-22
L0000919,662,Online,12150.84,0,0.0,2623.4,2,23438.19,2023-11-19
L0000920,558,Branch,49741.92,0,0.0,19325.75,4,10659.11,2023-10-01
L0000921,631,Online,49696.13,0,0.0,19803.3,2,15023.17,2022-06-14
L0000922,670,Online,56443.28,1,28093.05,-23523.23,4,22650.66,2025-05-25
L0000923,692,Broker,6300.71,0,0.0,2039.13,3,12865.26,2022-02-07
L0000924,672,Online,40442.95,0,0.0,13368.97,3,3558.21,2021-12-15
L0000925,681,Branch,6312.26,0,0.0,718.46,3,23972.08,2025-07-20
L0000926,574,Online,55963.52,0,0.0,20947.95,3,22024.1,2023-08-22
L0000927,818,Broker,7060.9,0,0.0,819.73,4,1655.28,2023-07-07
L0000928,616,Online,47809.02,0,0.0,11804.03,3,20478.79,2024-03-18
L0000929,645,Broker,5394.58,0,0.0,1354.67,2,14718.74,2024-01-27
L0000930,696,Broker,31251.85,0,0.0,4012.66,4,16274.35,2024-04-04
L0000931,680,Branch,48096.71,0,0.0,4064.75,2,12666.9,2025-05-30
L0000932,689,Online,35240.13,0,0.0,9074.3,1,7811.97,2023-05-12
L0000933,772,Branch,23580.91,0,0.0,2569.74,3,9277.97,2022-01-24
L0000934,790,Online,32383.86,0,0.0,2063.48,4,3296.41,2023-05-24
L0000935,688,Branch,44358.74,0,0.0,7777.97,3,15202.2,2023-09-17
L0000936,681,Branch,5656.18,0,0.0,269.61,1,26018.6,2025-11-17
L0000937,699,Broker,27560.01,0,0.0,3418.29,1,11276.55,2024-06-15
L0000938,697,Branch,47641.91,0,0.0,6684.54,1,10705.2,2024-03-29
L0000939,638,Broker,25078.47,0,0.0,3086.04,4,18472.55,2025-03-28
L0000940,721,Broker,36603.76,0,0.0,7284.11,3,15611.22,2022-01-22
L0000941,729,Broker,12518.79,0,0.0,2174.83,1,17765.8,2023-01-27
L0000942,712,Broker,56765.72,0,0.0,2823.38,3,9149.13,2025-06-27
L0000943,776,Branch,16950.38,0,0.0,1903.0,2,7165.34,2021-10-01
L0000944,677,Broker,11033.49,0,0.0,1609.05,1,20013.39,2025-01-14
L0000945,770,Branch,13359.76,0,0.0,808.1,3,5494.98,2023-07-10
L0000946,740,Broker,14816.04,0,0.0,1610.71,1,9998.02,2023-02-17
L0000947,733,Branch,43098.13,0,0.0,1670.78,2,15511.78,2025-07-22
L0000948,760,Branch,14766.93,0,0.0,361.08,3,11980.35,2025-09-04
L0000949,638,Broker,21702.75,0,0.0,8159.16,4,26472.5,2022-08-20
L0000950,-9999,Branch,19803.08,0,0.0,1330.24,4,7659.04,2024-04-02
L0000951,783,Online,27814.78,0,0.0,2557.77,4,7325.13,2022-04-03
L0000952,667,Branch,17570.01,0,0.0,6780.74,3,3413.65,2021-10-07
L0000953,619,Broker,33328.94,1,21798.11,-8850.46,3,20187.15,2022-10-01
L0000954,664,Online,32561.65,0,0.0,7995.84,2,15145.18,2023-05-05
L0000955,729,Broker,24276.15,0,0.0,2299.58,3,15618.0,2024-03-28
L0000956,599,Branch,20139.01,0,0.0,9700.79,2,13239.63,2022-05-27
L0000957,690,Online,37475.69,0,0.0,12311.56,4,8736.78,2022-08-03
L0000958,688,Branch,8281.68,0,0.0,1636.4,1,14873.69,2023-12-11
L0000959,793,Broker,17454.74,0,0.0,983.58,1,2918.37,2024-03-30
L0000960,672,Branch,12120.56,0,0.0,1949.65,1,15602.75,2024-08-20
L0000961,781,Branch,42610.72,0,0.0,4089.63,3,6014.15,2022-01-18
L0000962,705,Online,34350.76,0,0.0,11490.99,4,9699.82,2022-01-16
L0000963,622,Branch,9484.86,0,0.0,2404.69,3,22693.79,2024-01-16
L0000964,703,Broker,33862.55,1,16445.96,-10639.96,4,9214.51,2023-06-13
L0000965,627,Broker,31047.95,0,0.0,6360.53,3,14961.87,2024-07-30
L0000966,592,Broker,43744.02,1,16519.5,-4935.45,4,23431.57,2024-04-11
L0000967,662,Branch,9259.69,0,0.0,2667.59,1,13118.79,2022-11-27
L0000968,717,Online,16046.85,0,0.0,2449.71,1,17801.17,2024-03-17
L0000969,757,Broker,32597.95,0,0.0,1005.84,3,3069.36,2025-11-26
L0000970,713,Broker,16783.44,0,0.0,731.46,4,5198.52,2025-09-17
L0000971,728,Online,38301.95,0,0.0,4631.6,3,9745.37,2024-07-14
L0000972,824,Online,38953.53,0,0.0,1351.89,1,3413.91,2025-03-11
L0000973,677,Online,21423.26,0,0.0,6831.72,3,17238.12,2021-12-08
L0000974,882,Broker,48197.0,1,22170.7,-20098.69,3,1204.0,2024-05-19
L0000975,727,Branch,15421.17,0,0.0,2389.39,1,10499.24,2022-12-07
L0000976,704,Online,16084.9,0,0.0,5687.25,4,14128.33,2021-11-25
L0000977,655,Online,13541.61,0,0.0,934.88,1,25743.3,2025-11-16
L0000978,644,Branch,37293.55,0,0.0,13389.04,3,16052.46,2022-06-29
L0000979,643,Broker,53433.03,0,0.0,16012.59,3,12260.11,2023-03-21
L0000980,621,Broker,33677.3,0,0.0,5717.15,4,21049.45,2024-11-05
L0000981,721,Online,44786.57,0,0.0,7904.51,2,9374.96,2023-09-22
L0000982,683,Online,17689.41,0,0.0,7013.72,2,8855.5,2022-03-20
L0000983,685,Online,48641.58,0,0.0,9696.92,2,9632.13,2024-02-15
L0000984,705,Broker,46662.43,0,0.0,10480.95,3,9931.27,2022-04-01
L0000985,644,Broker,58337.56,0,0.0,14107.08,1,7295.93,2023-10-20
L0000986,688,Online,51134.58,0,0.0,16391.02,3,14020.57,2022-08-09
L0000987,720,Branch,23417.38,0,0.0,4491.66,2,13002.14,2022-02-25
L0000988,690,Online,36460.67,0,0.0,9506.36,4,19515.18,2023-06-28
L0000989,763,Broker,50214.15,0,0.0,1601.74,1,8311.56,2025-03-13
L0000990,706,Broker,9366.83,0,0.0,2093.31,2,8621.25,2023-04-12
L0000991,683,Branch,36754.68,0,0.0,12048.2,1,3436.45,2021-07-30
L0000992,683,Branch,16303.93,0,0.0,3650.0,4,9897.31,2023-03-13
L0000993,677,Online,25444.24,0,0.0,6229.52,3,11383.9,2023-02-06
L0000994,779,Branch,9157.82,0,0.0,389.75,1,0.0,2024-09-30
L0000995,788,Branch,53550.44,0,0.0,1535.2,2,7944.61,2025-03-18
L0000996,641,Online,19001.82,0,0.0,3397.29,4,5718.89,2024-10-17
L0000997,776,Branch,10158.74,0,0.0,599.79,4,2994.61,2025-06-27
L0000998,643,Branch,11695.82,0,0.0,2061.66,4,27646.27,2024-11-20
L0000999,679,Online,57471.89,0,0.0,10691.44,2,3807.06,2023-10-14
L0001000,-9999,Online,40407.68,0,0.0,3246.55,1,6010.3,2023-11-05
L0001001,665,Online,30557.55,0,0.0,1579.22,2,8665.91,2025-12-22
L0001002,755,Branch,11451.57,0,0.0,1114.21,4,1961.39,2023-02-15
L0001003,735,Broker,51164.88,0,0.0,7625.73,4,12763.72,2022-06-27
L0001004,860,Broker,56105.69,0,0.0,4680.1,2,0.0,2022-09-24
L0001005,703,Online,15491.04,0,0.0,2456.97,3,10449.32,2024-05-10
L0001006,709,Online,12756.71,0,0.0,2036.66,2,4838.19,2024-07-21
L0001007,677,Broker,25066.75,0,0.0,4252.57,2,3263.96,2024-04-08
L0001008,727,Branch,22653.52,0,0.0,1176.77,1,5810.85,2025-05-23
L0001009,736,Branch,40373.5,0,0.0,5640.97,3,8033.18,2022-10-23
L0001010,723,Branch,14152.33,0,0.0,2351.13,4,6559.45,2023-04-27
L0001011,655,Online,44634.62,0,0.0,14743.19,2,24387.76,2022-08-13
L0001012,702,Broker,58799.17,0,0.0,12976.61,3,15107.38,2022-07-26
L0001013,679,Broker,15045.67,0,0.0,1631.47,1,22717.23,2025-06-04
L0001014,783,Branch,48078.92,0,0.0,4996.05,1,5363.88,2021-07-08
L0001015,777,Branch,43487.32,0,0.0,1094.37,4,6136.99,2025-08-06
L0001016,788,Branch,44716.88,0,0.0,3750.72,2,11156.02,2022-08-21
L0001017,692,Branch,38708.94,0,0.0,10420.69,3,20814.09,2022-03-25
L0001018,713,Broker,47447.77,0,0.0,2145.63,2,11235.07,2025-07-22
L0001019,704,Broker,27251.66,0,0.0,6831.23,2,20180.55,2022-01-04
L0001020,635,Online,8449.98,0,0.0,2929.21,4,21375.61,2023-07-23
L0001021,732,Broker,17748.9,0,0.0,1096.44,2,12049.62,2024-11-30
L0001022,787,Broker,21209.64,0,0.0,1068.97,2,2496.91,2024-08-16
L0001023,673,Broker,46601.14,0,0.0,14974.76,1,7195.05,2022-02-14
L0001024,750,Online,54167.96,0,0.0,5036.22,1,7696.25,2022-12-25
L0001025,721,Branch,5221.55,0,0.0,314.84,2,8714.15,2025-07-15
L0001026,714,Online,57122.54,0,0.0,19198.85,2,5701.35,2021-08-27
L0001027,655,Broker,45646.78,0,0.0,11860.37,2,11285.19,2023-05-14
L0001028,759,Broker,23788.63,0,0.0,2219.68,3,9356.39,2022-11-27
L0001029,669,Online,30575.29,0,0.0,8480.47,3,22245.34,2022-10-28
L0001030,777,Branch,10173.61,0,0.0,1157.81,4,8496.61,2022-10-16
L0001031,721,Online,54345.15,0,0.0,15475.77,3,22426.4,2022-02-08
L0001032,668,Online,37811.79,0,0.0,1588.78,3,13621.93,2025-12-27
L0001033,691,Online,12756.14,1,9930.04,-4685.95,4,21144.15,2021-07-25
L0001034,750,Online,13290.01,0,0.0,546.72,3,10193.7,2025-12-15
L0001035,753,Online,30853.7,0,0.0,932.64,3,16876.66,2025-11-21
L0001036,723,Broker,35500.83,0,0.0,3435.14,4,8827.61,2024-05-19
L0001037,741,Online,12340.44,0,0.0,764.12,3,3062.98,2025-10-27
L0001038,720,Broker,46843.69,0,0.0,8395.49,2,15060.09,2022-08-14
L0001039,686,Online,57092.09,0,0.0,13206.66,1,13717.92,2023-10-05
L0001040,671,Broker,50567.53,0,0.0,7482.72,4,17402.64,2024-06-12
L0001041,705,Branch,30248.08,0,0.0,5414.86,2,9975.27,2023-03-25
L0001042,665,Online,58281.24,0,0.0,12182.22,3,15724.65,2023-11-23
L0001043,715,Online,29918.87,1,18030.85,-16445.17,4,13685.28,2025-09-07
L0001044,650,Online,40140.55,0,0.0,13361.04,3,7497.2,2022-09-25
L0001045,728,Online,12884.07,0,0.0,1604.56,1,5524.21,2024-09-17
L0001046,648,Broker,15667.27,0,0.0,1440.37,3,23169.88,2025-07-12
L0001047,638,Branch,50841.74,0,0.0,20760.79,2,17086.39,2022-02-27
L0001048,739,Broker,10389.38,0,0.0,1554.88,3,7544.44,2023-01-13
L0001049,762,Online,7304.26,0,0.0,1240.64,4,11267.65,2021-10-04
L0001050,-9999,Broker,7009.04,0,0.0,1156.99,1,5532.6,2024-04-19
L0001051,619,Branch,57069.29,0,0.0,24432.83,4,17436.16,2022-05-07
L0001052,603,Branch,13877.02,0,0.0,7173.08,3,13158.64,2022-03-02
L0001053,748,Broker,51429.63,0,0.0,4712.29,2,11069.48,2023-04-22
L0001054,697,Online,27754.59,0,0.0,1719.65,3,11048.98,2025-11-24
L0001055,778,Branch,13876.08,0,0.0,1128.21,4,8997.26,2024-03-26
L0001056,578,Branch,24756.66,0,0.0,2970.3,3,27188.23,2025-09-08
L0001057,791,Online,38426.95,0,0.0,3687.17,3,11476.19,2022-04-03
L0001058,716,Online,6991.06,0,0.0,1980.45,2,13650.36,2022-09-21
L0001059,744,Branch,49427.03,0,0.0,7102.1,3,16845.81,2021-08-03
L0001060,696,Branch,35254.14,0,0.0,4186.7,1,14446.47,2024-06-29
L0001061,715,Online,57987.19,0,0.0,6507.67,1,7914.43,2024-10-30
L0001062,698,Online,13672.01,0,0.0,3249.38,3,4113.02,2023-11-20
L0001063,687,Branch,53297.83,0,0.0,6683.17,3,17413.85,2024-07-26
L0001064,693,Broker,11266.3,0,0.0,3763.46,2,17271.19,2021-07-27
L0001065,609,Online,55617.23,0,0.0,8659.31,3,17211.92,2025-02-24
L0001066,600,Online,19155.05,1,5806.18,-2790.69,4,15786.59,2025-04-10
L0001067,814,Online,44555.17,0,0.0,2468.54,2,5674.28,2024-01-20
L0001068,697,Broker,10286.25,0,0.0,948.72,3,11344.06,2025-02-19
L0001069,653,Branch,9536.37,0,0.0,715.61,3,13380.41,2025-12-31
L0001070,683,Branch,38082.74,0,0.0,9001.08,2,23595.8,2022-12-24
L0001071,812,Broker,56927.3,0,0.0,3486.95,1,5455.02,2023-09-10
L0001072,685,Online,48091.93,0,0.0,19382.73,4,10929.13,2021-10-27
L0001073,809,Broker,59080.39,0,0.0,3724.48,3,3141.2,2023-09-25
L0001074,581,Broker,44744.27,0,0.0,14627.27,4,29572.56,2023-12-22
L0001075,638,Online,45082.99,0,0.0,16854.1,2,23153.16,2022-07-16
L0001076,649,Online,20972.89,0,0.0,4985.5,3,7900.97,2024-01-04
L0001077,690,Online,7132.1,0,0.0,1036.97,3,10160.55,2025-01-05
L0001078,649,Broker,54868.94,0,0.0,9408.37,3,15771.96,2024-07-11
L0001079,743,Online,27079.96,0,0.0,1264.14,1,11763.81,2025-01-26
L0001080,727,Broker,30444.04,0,0.0,2309.68,4,14815.94,2025-01-07
L0001081,665,Online,10032.82,0,0.0,2444.71,1,17035.96,2023-12-27
L0001082,704,Broker,57393.33,0,0.0,2922.33,2,14104.95,2025-08-24
L0001083,716,Online,51298.13,0,0.0,1089.94,3,8683.62,2026-03-25
L0001084,666,Broker,38051.69,0,0.0,5973.58,1,17651.48,2024-06-28
L0001085,775,Branch,49836.81,0,0.0,1242.92,1,6293.7,2025-10-08
L0001086,627,Online,47904.05,0,0.0,11992.12,3,15322.47,2023-12-23
L0001087,641,Online,28965.56,0,0.0,1569.62,3,11868.31,2026-01-20
L0001088,617,Broker,14429.45,0,0.0,3340.09,1,8657.72,2024-05-29
L0001089,789,Broker,47261.81,0,0.0,2448.87,4,12082.17,2023-11-22
L0001090,624,Online,41715.59,0,0.0,8863.19,4,25449.81,2024-06-01
L0001091,621,Branch,42779.28,0,0.0,1563.02,4,22921.02,2026-02-21
L0001092,728,Branch,33125.5,0,0.0,1757.81,2,15753.72,2025-04-28
L0001093,710,Broker,5975.83,0,0.0,1155.66,1,13467.94,2023-08-03
L0001094,824,Online,15828.54,0,0.0,1509.0,3,6046.16,2023-05-13
L0001095,682,Broker,47675.11,0,0.0,8568.22,1,8966.72,2023-11-03
L0001096,666,Broker,38528.22,0,0.0,12909.98,4,14990.23,2022-03-28
L0001097,762,Broker,42613.87,0,0.0,4117.17,4,12451.9,2021-09-29
L0001098,816,Online,51041.55,0,0.0,1842.89,2,2123.27,2025-03-30
L0001099,668,Branch,14735.79,0,0.0,668.92,4,13597.47,2025-12-08
L0001100,-9999,Branch,38510.82,0,0.0,8508.52,4,2238.41,2023-04-03
L0001101,651,Branch,54236.16,0,0.0,2517.36,1,19909.46,2026-01-17
L0001102,712,Broker,12834.0,0,0.0,1048.86,1,11318.09,2024-11-04
L0001103,678,Branch,22657.63,0,0.0,1518.73,2,8999.92,2025-07-16
L0001104,699,Branch,27490.12,0,0.0,3318.45,1,3898.1,2024-08-14
L0001105,798,Branch,17101.37,0,0.0,651.73,2,6187.09,2026-01-26
L0001106,757,Broker,22197.04,0,0.0,1295.53,4,9250.59,2023-11-28
L0001107,669,Branch,17407.29,0,0.0,2568.22,3,6948.81,2024-09-07
L0001108,718,Online,19237.75,0,0.0,4167.34,3,6826.44,2023-03-27
L0001109,669,Online,32435.71,0,0.0,10018.19,3,12745.0,2022-06-03
L0001110,743,Online,46667.15,0,0.0,4153.96,3,296.15,2023-07-21
L0001111,744,Online,30754.97,0,0.0,2599.25,2,6502.79,2023-12-10
L0001112,775,Branch,55734.31,0,0.0,5163.23,3,8765.72,2022-03-08
L0001113,706,Online,7190.1,0,0.0,2531.64,1,4412.74,2022-03-01
L0001114,598,Broker,48000.56,0,0.0,3778.8,1,13091.17,2025-10-02
L0001115,677,Broker,18164.45,0,0.0,5546.72,2,7834.69,2022-04-19
L0001116,712,Broker,44655.2,0,0.0,9469.53,4,4378.72,2022-02-04
L0001117,733,Online,27187.45,0,0.0,2053.11,4,15811.62,2025-04-23
L0001118,613,Broker,58556.84,1,26215.44,-1076.54,4,26439.58,2022-07-23
L0001119,633,Branch,55847.23,1,37491.38,-13211.1,3,27688.27,2022-01-23
L0001120,671,Online,27577.92,0,0.0,3320.34,4,16513.17,2024-12-30
L0001121,655,Online,11054.28,0,0.0,4428.07,1,22554.42,2022-02-06
L0001122,748,Branch,28543.37,0,0.0,384.16,2,12147.66,2026-01-15
L0001123,731,Branch,22702.54,0,0.0,1368.34,2,17621.56,2025-02-18
L0001124,742,Branch,54483.03,0,0.0,6272.51,4,9520.41,2023-01-19
L0001125,736,Online,6746.59,1,3263.75,-2582.95,1,7175.19,2024-10-13
L0001126,598,Online,21055.12,0,0.0,12279.86,1,8718.1,2021-08-22
L0001127,656,Broker,32321.49,0,0.0,12681.48,4,10807.03,2021-09-19
L0001128,701,Branch,32929.4,0,0.0,4554.48,1,10787.65,2024-01-23
L0001129,678,Broker,13164.5,0,0.0,3675.21,1,17346.74,2022-10-11
L0001130,700,Branch,18765.91,0,0.0,2988.47,2,22121.4,2024-01-13
L0001131,647,Broker,31781.13,0,0.0,11333.79,3,23469.59,2022-06-02
L0001132,723,Online,49075.65,1,31608.49,-19967.23,4,10685.75,2022-10-02
L0001133,573,Broker,6383.76,1,4741.81,-4023.12,1,22515.7,2026-02-03
L0001134,671,Broker,19188.86,0,0.0,6372.78,4,5079.32,2022-03-30
L0001135,788,Branch,33648.21,0,0.0,622.4,2,7284.56,2025-08-26
L0001136,719,Online,24917.99,0,0.0,7739.49,3,8059.65,2021-09-15
L0001137,711,Broker,8770.48,0,0.0,2457.53,4,6658.16,2022-01-21
L0001138,666,Broker,49352.6,0,0.0,12769.25,2,13902.57,2023-02-17
L0001139,746,Broker,35024.15,0,0.0,4762.34,1,12417.97,2022-03-05
L0001140,702,Broker,13480.01,0,0.0,3767.63,2,8760.19,2022-01-23
L0001141,478,Broker,38420.96,1,24625.09,-17235.75,1,34250.26,2025-06-26
L0001142,792,Online,29792.94,0,0.0,3025.42,3,3619.5,2022-03-30
L0001143,604,Online,57335.14,0,0.0,11977.44,1,7064.04,2024-09-29
L0001144,712,Branch,48357.24,0,0.0,10541.78,2,5861.5,2022-03-06
L0001145,758,Broker,13723.6,0,0.0,655.04,4,11300.42,2025-03-12
L0001146,687,Broker,29893.94,0,0.0,6247.09,4,19033.54,2023-04-17
L0001147,703,Broker,26399.5,0,0.0,5189.55,3,13196.35,2023-02-08
L0001148,753,Broker,48887.52,0,0.0,4456.32,1,9737.72,2022-09-07
L0001149,666,Branch,53220.64,0,0.0,3004.17,4,10710.75,2025-10-26
L0001150,-9999,Online,6668.49,0,0.0,729.38,3,11464.84,2025-02-10
L0001151,738,Branch,20739.11,0,0.0,3046.91,2,17412.5,2022-07-14
L0001152,737,Broker,59572.63,0,0.0,3595.03,2,15942.83,2024-09-28
L0001153,599,Broker,51214.99,1,26342.28,-6639.94,1,26282.83,2023-03-13
L0001154,673,Online,22663.78,0,0.0,7698.42,2,18421.0,2021-12-29
L0001155,670,Broker,13299.58,0,0.0,2827.25,1,2738.89,2023-10-11
L0001156,761,Broker,31626.62,0,0.0,1753.14,2,7939.42,2024-03-15
L0001157,726,Online,17674.14,0,0.0,2373.73,2,10032.63,2024-10-10
L0001158,722,Branch,42598.44,0,0.0,3071.53,3,5587.38,2025-01-06
L0001159,650,Branch,10615.43,0,0.0,3625.87,3,3719.56,2023-01-04
L0001160,709,Online,37152.03,0,0.0,7665.35,2,11156.61,2023-07-16
L0001161,662,Branch,53260.19,0,0.0,10971.1,4,17351.73,2023-11-03
L0001162,712,Broker,29474.8,0,0.0,5492.06,3,7363.95,2022-09-17
L0001163,706,Online,16962.5,0,0.0,3985.86,3,9787.36,2023-05-29
L0001164,687,Broker,38197.05,1,17817.15,-8063.35,3,17212.27,2022-06-07
L0001165,713,Branch,42549.79,0,0.0,4270.57,1,11374.41,2024-07-10
L0001166,753,Broker,41137.79,0,0.0,2267.54,2,4183.58,2024-09-06
L0001167,728,Online,36195.5,0,0.0,2726.46,4,9709.96,2025-04-04
L0001168,618,Branch,9901.39,0,0.0,3825.55,4,17123.03,2022-10-02
L0001169,746,Online,7800.36,0,0.0,765.31,2,2976.44,2023-08-10
L0001170,714,Branch,7764.22,0,0.0,2033.94,4,5181.35,2021-09-03
L0001171,672,Broker,38223.47,1,18866.71,-10711.1,1,21379.12,2023-08-19
L0001172,710,Online,56675.08,0,0.0,14649.37,3,10502.68,2022-11-18
L0001173,676,Branch,51158.79,0,0.0,4592.84,2,19208.22,2025-03-01
L0001174,738,Branch,41076.57,1,29026.61,-26125.86,1,9223.35,2024-05-10
L0001175,739,Branch,10821.52,0,0.0,1506.61,1,4438.09,2023-11-12
L0001176,649,Online,28435.25,0,0.0,2188.01,1,22402.71,2025-09-09
L0001177,717,Broker,29100.33,0,0.0,3657.04,4,18720.44,2024-01-29
L0001178,641,Online,33722.26,0,0.0,8996.5,2,0.0,2023-08-22
L0001179,713,Online,20381.55,0,0.0,4256.23,4,13411.42,2023-09-07
L0001180,740,Branch,40060.05,0,0.0,5670.41,4,3730.63,2022-03-25
L0001181,679,Broker,15854.71,0,0.0,4898.64,2,11409.57,2021-12-11
L0001182,675,Online,18344.11,1,13114.92,-11917.77,2,15794.83,2025-10-24
L0001183,779,Branch,6569.76,0,0.0,997.7,1,4963.06,2023-05-19
L0001184,676,Online,8330.31,0,0.0,1274.63,4,11033.37,2024-12-18
L0001185,777,Online,36904.16,0,0.0,634.73,2,10231.49,2026-01-17
L0001186,735,Branch,38996.66,0,0.0,3378.3,2,9943.51,2024-01-19
L0001187,654,Online,50836.93,0,0.0,14274.43,1,12386.95,2023-02-20
L0001188,741,Branch,53805.29,0,0.0,4395.97,3,6549.72,2023-11-09
L0001189,699,Broker,59588.11,0,0.0,15445.09,4,15068.66,2022-01-10
L0001190,683,Online,49327.44,0,0.0,9095.67,3,9204.32,2024-05-04
L0001191,689,Broker,17880.41,0,0.0,1716.73,4,11770.82,2025-02-05
L0001192,719,Online,9327.89,0,0.0,1132.42,2,0.0,2025-02-26
L0001193,646,Branch,11838.37,0,0.0,2031.32,1,16559.22,2024-12-18
L0001194,747,Online,37089.18,0,0.0,5079.99,3,13302.09,2021-07-29
L0001195,711,Online,23246.75,0,0.0,6390.26,1,11182.6,2022-10-23
L0001196,716,Branch,9337.16,0,0.0,1069.69,3,9612.57,2024-11-09
L0001197,655,Online,23522.67,0,0.0,7717.32,2,15532.32,2022-08-01
L0001198,650,Online,46050.7,0,0.0,1657.21,2,11159.18,2026-02-12
L0001199,644,Broker,14802.98,0,0.0,4582.16,3,19286.48,2023-04-11
L0001200,-9999,Branch,27833.71,0,0.0,3585.73,4,12629.29,2024-03-16
L0001201,715,Online,38430.0,0,0.0,7276.19,4,15863.45,2023-09-09
L0001202,699,Online,41075.64,0,0.0,1749.76,3,3724.59,2025-12-30
L0001203,657,Online,35737.85,0,0.0,7368.47,4,12492.59,2023-12-26
L0001204,799,Broker,22402.12,0,0.0,2384.22,3,7423.56,2022-05-10
L0001205,605,Branch,38217.88,0,0.0,14022.89,2,28098.26,2023-04-04
L0001206,727,Branch,42742.03,0,0.0,7907.22,4,9100.9,2021-12-11
L0001207,709,Branch,48154.22,0,0.0,5490.48,3,8527.61,2024-04-07
L0001208,790,Broker,17905.99,0,0.0,2011.19,4,7025.3,2021-10-24
L0001209,733,Online,18166.88,0,0.0,4066.74,1,13273.82,2023-01-19
L0001210,658,Online,46854.21,1,16431.18,-1007.57,4,24611.86,2022-07-21
L0001211,641,Broker,28180.26,0,0.0,12002.51,1,3513.33,2021-12-29
L0001212,631,Branch,34765.53,0,0.0,5155.51,3,17112.33,2024-12-02
L0001213,674,Broker,5610.0,0,0.0,704.41,4,11746.18,2025-03-09
L0001214,684,Branch,38201.94,0,0.0,2176.9,1,6588.72,2025-10-05
L0001215,695,Branch,14861.87,0,0.0,4551.97,4,23391.06,2021-07-08
L0001216,700,Broker,29750.67,0,0.0,3638.71,1,11685.73,2024-07-25
L0001217,658,Online,14582.76,0,0.0,5082.2,3,15907.41,2022-05-23
L0001218,711,Broker,32969.47,0,0.0,976.69,4,10204.78,2025-11-21
L0001219,697,Branch,21493.62,0,0.0,6547.14,1,23424.49,2021-08-16
L0001220,711,Online,42627.47,0,0.0,2954.38,1,12968.2,2025-08-27
L0001221,624,Branch,11494.31,0,0.0,4824.09,4,9786.64,2022-09-06
L0001222,553,Broker,56431.54,0,0.0,19941.27,1,13227.62,2024-01-07
L0001223,630,Broker,45304.07,0,0.0,4829.26,2,9287.66,2025-06-18
L0001224,728,Online,45251.04,0,0.0,6508.44,4,5686.94,2023-12-31
L0001225,746,Broker,12761.3,0,0.0,1000.68,3,6336.19,2024-11-20
L0001226,693,Broker,8446.15,0,0.0,1708.83,1,13576.7,2023-04-10
L0001227,684,Broker,20161.33,0,0.0,5161.26,3,9029.06,2022-10-26
L0001228,675,Branch,32494.69,0,0.0,7937.7,2,8072.47,2023-01-29
L0001229,649,Branch,24481.73,0,0.0,4025.76,4,14790.32,2024-09-09
L0001230,767,Broker,36797.79,0,0.0,671.68,3,11295.41,2025-11-17
L0001231,753,Branch,58735.2,0,0.0,3578.19,4,12085.85,2024-03-19
L0001232,590,Broker,29162.41,0,0.0,9786.95,4,4708.42,2023-09-17
L0001233,697,Broker,22529.08,0,0.0,5772.19,3,12201.66,2022-02-23
L0001234,656,Branch,38645.37,0,0.0,11920.24,4,10116.52,2022-11-26
L0001235,748,Branch,52972.55,0,0.0,4411.94,4,6018.77,2023-10-14
L0001236,693,Online,11146.74,0,0.0,938.79,3,5956.23,2025-12-10
L0001237,717,Online,13918.24,0,0.0,3002.96,3,7778.09,2023-09-30
L0001238,635,Broker,57078.36,0,0.0,20674.09,4,21025.28,2022-09-06
L0001239,690,Broker,12405.98,0,0.0,2139.59,4,16349.79,2024-04-27
L0001240,682,Branch,59846.74,0,0.0,5773.21,3,14152.07,2025-01-09
L0001241,639,Online,5135.52,0,0.0,1156.1,1,18920.02,2024-09-24
L0001242,766,Online,38855.64,0,0.0,3162.26,2,10020.83,2022-12-14
L0001243,685,Broker,38273.74,0,0.0,5779.62,2,15387.31,2024-04-07
L0001244,664,Branch,35539.36,0,0.0,10887.54,2,6591.96,2022-08-26
L0001245,598,Online,18478.87,0,0.0,8681.1,4,18142.6,2022-08-20
L0001246,641,Branch,20987.08,0,0.0,8872.47,1,11793.03,2022-01-11
L0001247,715,Broker,48251.34,0,0.0,2368.71,4,1538.39,2025-06-29
L0001248,744,Branch,6114.23,0,0.0,645.9,3,15592.45,2023-06-14
L0001249,648,Branch,42715.33,1,22045.64,-4604.06,4,16349.21,2021-10-24
L0001250,-9999,Branch,9915.98,0,0.0,2998.56,4,26135.9,2024-02-28
L0001251,747,Branch,26228.0,0,0.0,3451.97,2,9172.27,2021-10-02
L0001252,673,Online,13245.98,0,0.0,2983.72,4,19576.82,2023-06-09
L0001253,715,Broker,26955.04,0,0.0,6582.73,2,11995.77,2021-07-05
L0001254,682,Broker,53811.3,0,0.0,10877.77,1,0.0,2023-06-18
L0001255,770,Branch,13973.45,0,0.0,909.27,2,8236.64,2025-03-08
L0001256,746,Branch,26192.75,0,0.0,491.45,2,10179.65,2026-03-04
L0001257,667,Online,28714.55,0,0.0,9451.7,1,8550.27,2022-02-18
L0001258,660,Online,35335.02,0,0.0,6847.0,4,16008.58,2024-02-13
L0001259,815,Online,55591.69,0,0.0,5172.25,2,4377.71,2022-04-12
L0001260,684,Broker,25282.32,0,0.0,1842.93,2,21157.89,2025-06-29
L0001261,720,Online,10478.5,0,0.0,3283.1,4,2394.45,2022-03-26
L0001262,719,Branch,46015.43,0,0.0,1018.4,2,8717.57,2026-02-02
L0001263,739,Branch,11227.54,0,0.0,1909.52,2,20358.9,2022-03-30
L0001264,767,Branch,32025.43,0,0.0,3136.0,2,6589.3,2022-06-16
L0001265,623,Branch,52150.69,1,31439.86,-9710.82,4,14879.19,2022-06-15
L0001266,832,Broker,15810.43,0,0.0,1407.27,3,1042.03,2022-03-18
L0001267,703,Branch,28541.73,0,0.0,4634.87,3,7308.65,2023-07-24
L0001268,689,Online,22415.12,0,0.0,4858.43,3,18202.29,2024-01-30
L0001269,728,Online,42775.34,1,14831.08,-8658.49,2,10673.29,2024-01-22
L0001270,672,Broker,17543.88,0,0.0,5050.64,1,21254.47,2022-10-25
L0001271,652,Broker,12929.88,0,0.0,3878.38,1,15413.8,2023-01-04
L0001272,705,Broker,36465.56,0,0.0,910.6,4,12003.52,2026-01-09
L0001273,639,Branch,12470.36,0,0.0,2919.37,1,14071.7,2023-12-14
L0001274,604,Broker,9455.83,1,3720.65,-850.67,2,19685.73,2024-04-25
L0001275,657,Broker,40345.4,0,0.0,5547.18,3,9706.42,2024-10-26
L0001276,705,Online,5881.25,0,0.0,2111.02,1,16853.8,2021-10-31
L0001277,732,Branch,42565.23,0,0.0,4319.06,1,9916.45,2023-12-10
L0001278,620,Branch,52056.96,0,0.0,18553.9,4,6181.21,2023-01-14
L0001279,626,Online,11020.65,0,0.0,2930.87,1,13604.48,2024-04-07
L0001280,702,Branch,19691.73,0,0.0,4834.01,3,9970.29,2022-02-09
L0001281,808,Branch,31261.87,0,0.0,2506.83,4,4856.53,2023-05-03
L0001282,715,Broker,43216.9,1,18911.35,-12520.89,1,4279.6,2023-06-22
L0001283,646,Branch,40900.59,0,0.0,5971.97,3,17175.69,2024-12-15
L0001284,695,Broker,14904.38,0,0.0,1610.07,4,0.0,2024-09-17
L0001285,715,Branch,23197.62,0,0.0,2036.63,3,9633.55,2025-02-15
L0001286,744,Branch,40083.25,0,0.0,837.76,1,16451.48,2025-10-31
L0001287,673,Broker,44498.91,0,0.0,3523.86,1,16841.35,2025-06-12
L0001288,682,Branch,32700.81,0,0.0,7727.03,1,8031.27,2023-01-16
L0001289,706,Online,24083.86,0,0.0,1168.67,1,10836.96,2026-01-01
L0001290,688,Broker,49305.68,0,0.0,4596.08,4,20649.35,2025-02-07
L0001291,648,Broker,33400.58,0,0.0,6325.37,3,7618.82,2024-05-24
L0001292,745,Broker,26626.72,0,0.0,3293.92,3,9388.27,2022-07-15
L0001293,750,Online,31976.18,0,0.0,2553.34,2,1606.59,2023-06-13
L0001294,593,Online,56666.71,0,0.0,2480.73,3,12457.27,2026-02-07
L0001295,748,Branch,22033.03,0,0.0,1127.32,3,7456.49,2025-07-08
L0001296,770,Branch,44798.53,0,0.0,2344.42,2,7925.2,2024-05-29
L0001297,582,Branch,45411.54,0,0.0,24255.96,3,10713.24,2022-04-08
L0001298,792,Broker,17173.34,0,0.0,2142.36,2,7300.13,2021-11-09
L0001299,669,Broker,19292.56,0,0.0,1127.5,2,22613.3,2025-11-21
L0001300,-9999,Branch,25816.74,0,0.0,10869.06,2,19583.28,2021-11-17
L0001301,652,Online,31368.57,0,0.0,6106.88,4,14779.15,2024-04-13
L0001302,617,Online,52328.61,0,0.0,25934.3,4,20972.55,2021-10-22
L0001303,722,Broker,43024.02,0,0.0,7903.2,1,20369.1,2022-04-07
L0001304,744,Branch,54393.37,0,0.0,3720.79,2,12576.18,2024-04-16
L0001305,758,Online,15677.26,0,0.0,1293.74,4,11836.66,2023-02-18
L0001306,826,Branch,55246.91,0,0.0,4423.1,1,8866.3,2022-12-03
L0001307,667,Broker,40514.72,0,0.0,2620.99,2,11439.56,2025-09-21
L0001308,778,Branch,59233.23,0,0.0,4918.97,3,5207.2,2022-06-06
L0001309,765,Online,31049.98,0,0.0,2271.13,1,8179.05,2023-05-28
L0001310,696,Broker,29912.05,0,0.0,4486.21,1,17179.3,2024-01-10
L0001311,664,Broker,11926.73,0,0.0,2671.3,2,7084.88,2023-10-31
L0001312,681,Online,23527.67,0,0.0,3793.77,1,16462.04,2024-11-20
L0001313,636,Broker,11746.23,0,0.0,1908.46,2,10717.78,2024-12-25
L0001314,751,Broker,23929.84,0,0.0,1959.77,1,5467.07,2023-10-12
L0001315,732,Broker,22542.83,0,0.0,2520.68,2,4906.2,2024-02-20
L0001316,628,Online,34516.18,0,0.0,4232.76,4,18767.53,2025-05-18
L0001317,679,Broker,10686.59,0,0.0,2774.57,3,12216.5,2023-05-10
L0001318,741,Broker,45781.39,0,0.0,4743.8,4,6913.02,2023-04-30
L0001319,724,Broker,48053.29,0,0.0,6671.82,1,15594.58,2023-05-21
L0001320,783,Broker,45680.43,0,0.0,982.67,2,7706.28,2025-08-23
L0001321,651,Broker,39682.11,0,0.0,6095.11,1,10820.09,2024-08-31
L0001322,708,Online,19755.54,0,0.0,2115.48,4,6824.56,2025-01-26
L0001323,680,Online,32462.17,1,12834.32,-11780.64,1,19400.94,2026-02-26
L0001324,682,Online,59045.43,1,19465.15,-15962.36,4,7340.77,2025-11-18
L0001325,688,Online,52215.49,0,0.0,5865.24,4,8666.05,2025-03-17
L0001326,540,Branch,27486.91,0,0.0,18883.55,2,24164.26,2021-12-11
L0001327,710,Online,11095.11,0,0.0,1251.47,4,10650.01,2025-01-07
L0001328,639,Online,11134.89,0,0.0,4387.13,1,14258.43,2022-06-05
L0001329,739,Online,12713.58,1,6772.65,-4898.44,3,6282.74,2024-01-26
L0001330,741,Broker,48775.59,0,0.0,1816.11,1,13417.75,2025-04-28
L0001331,656,Online,21884.29,0,0.0,829.88,3,10384.43,2026-01-21
L0001332,710,Online,59643.37,0,0.0,18640.97,3,15086.54,2022-01-06
L0001333,747,Online,48541.22,0,0.0,5014.18,2,12834.86,2023-01-11
L0001334,758,Online,32275.65,0,0.0,1255.08,3,7385.44,2024-10-26
L0001335,738,Branch,40719.99,0,0.0,4192.88,1,14951.0,2023-08-21
L0001336,683,Branch,22540.37,0,0.0,1727.62,4,3610.63,2025-06-03
L0001337,648,Broker,13349.67,0,0.0,5434.29,4,17603.16,2022-03-28
L0001338,724,Online,22594.45,0,0.0,4021.91,2,9951.55,2023-09-02
L0001339,716,Broker,56652.78,0,0.0,5997.57,4,1683.95,2024-04-04
L0001340,687,Broker,12492.15,0,0.0,701.03,3,3862.21,2025-11-18
L0001341,670,Broker,47761.96,0,0.0,7014.59,2,2050.31,2024-08-05
L0001342,720,Online,35121.93,0,0.0,10449.37,3,13906.79,2022-01-01
L0001343,731,Broker,29185.07,0,0.0,1481.12,3,2872.02,2025-07-16
L0001344,792,Branch,23369.96,0,0.0,1713.14,3,830.17,2023-10-09
L0001345,669,Branch,23089.42,0,0.0,1129.19,3,12710.08,2025-12-25
L0001346,678,Online,41361.31,0,0.0,12272.23,2,19101.96,2022-05-13
L0001347,709,Branch,40137.65,0,0.0,8473.23,2,8753.01,2022-05-01
L0001348,718,Broker,8431.53,0,0.0,970.83,4,8360.51,2024-06-30
L0001349,710,Branch,59946.75,0,0.0,8151.47,1,0.0,2023-11-08
L0001350,-9999,Online,35430.95,1,21180.01,-16422.84,1,25419.01,2025-05-07
L0001351,669,Online,35708.13,0,0.0,5247.66,3,17491.92,2024-07-20
L0001352,802,Branch,26808.66,0,0.0,2435.35,2,7521.9,2022-12-07
L0001353,653,Branch,27289.56,0,0.0,3905.79,3,14026.76,2024-10-28
L0001354,697,Branch,40414.04,0,0.0,10637.16,4,9984.69,2021-12-19
L0001355,663,Branch,19282.11,0,0.0,4566.89,3,17100.35,2023-05-31
L0001356,758,Broker,7340.81,0,0.0,610.43,2,11129.87,2022-10-19
L0001357,677,Online,46227.46,0,0.0,1933.68,2,15217.15,2025-11-18
L0001358,694,Online,10191.69,0,0.0,1442.63,2,7991.27,2025-02-24
L0001359,688,Branch,57753.8,0,0.0,17768.44,1,20566.48,2021-08-04
L0001360,697,Broker,39121.76,0,0.0,6495.96,4,13856.29,2023-10-02
L0001361,675,Online,7786.97,0,0.0,2862.14,3,11899.98,2022-02-21
L0001362,757,Branch,9874.4,0,0.0,987.6,1,7132.44,2024-04-03
L0001363,793,Broker,40419.77,0,0.0,373.14,2,5800.93,2026-03-07
L0001364,639,Branch,11239.33,0,0.0,2929.05,1,22443.88,2023-09-10
L0001365,749,Branch,56613.12,0,0.0,5981.23,4,10680.93,2022-07-16
L0001366,573,Branch,56335.35,1,40054.72,-8163.35,2,18630.36,2022-03-09
L0001367,651,Online,10537.99,0,0.0,4655.35,4,22350.09,2021-07-17
L0001368,681,Branch,48317.48,0,0.0,11333.29,4,15982.17,2023-01-09
L0001369,695,Broker,47676.38,0,0.0,8505.69,3,10980.95,2023-07-05
L0001370,749,Online,5071.61,0,0.0,495.38,1,10335.48,2026-03-20
L0001371,715,Broker,34452.54,0,0.0,2801.39,2,10225.99,2024-12-31
L0001372,674,Broker,16084.92,0,0.0,796.67,4,8578.86,2025-12-03
L0001373,678,Online,40761.76,0,0.0,11815.36,2,15143.06,2022-06-15
L0001374,673,Branch,10794.64,0,0.0,3121.19,3,18873.73,2023-03-01
L0001375,710,Broker,17622.95,0,0.0,3459.52,2,1759.81,2022-08-18
L0001376,746,Online,54194.18,0,0.0,4568.61,1,9833.87,2023-08-14
L0001377,720,Broker,30496.79,0,0.0,4756.62,2,12102.61,2023-04-11
L0001378,645,Broker,57429.0,0,0.0,5068.64,1,30543.82,2025-07-20
L0001379,603,Broker,52614.64,0,0.0,7461.09,1,15381.26,2025-04-13
L0001380,800,Branch,20487.14,0,0.0,370.56,2,8673.49,2026-03-22
L0001381,688,Online,25332.87,0,0.0,7485.91,2,16865.72,2023-01-11
L0001382,755,Branch,35421.82,0,0.0,1560.79,2,7197.6,2024-10-16
L0001383,757,Branch,49916.5,0,0.0,1719.36,2,1789.29,2025-01-06
L0001384,678,Broker,52724.54,0,0.0,2872.09,2,22438.2,2025-09-14
L0001385,687,Broker,55868.57,0,0.0,5054.92,3,10777.34,2025-01-05
L0001386,669,Online,26634.42,0,0.0,9120.77,2,9612.1,2021-12-13
L0001387,770,Branch,15984.12,1,9297.41,-8073.04,4,7046.24,2022-11-20
L0001388,696,Broker,30794.43,0,0.0,3589.9,1,4247.91,2024-10-21
L0001389,694,Broker,6431.13,0,0.0,2088.68,4,12902.72,2022-01-29
L0001390,755,Broker,52072.21,0,0.0,4085.35,2,7615.2,2023-04-01
L0001391,811,Online,9493.15,0,0.0,733.51,1,8468.55,2025-09-24
L0001392,752,Online,10119.95,0,0.0,1190.17,3,12181.57,2023-12-19
L0001393,717,Online,36922.25,0,0.0,9111.03,2,14207.05,2022-08-31
L0001394,783,Online,22357.37,0,0.0,709.78,4,4289.05,2025-02-10
L0001395,710,Broker,16252.47,0,0.0,1613.64,3,8787.93,2024-07-04
L0001396,706,Online,40056.69,1,23417.78,-10760.42,3,12570.22,2022-04-05
L0001397,767,Broker,57673.79,0,0.0,2093.36,2,3965.01,2024-11-12
L0001398,711,Branch,56766.25,0,0.0,12240.83,2,15791.86,2022-04-13
L0001399,758,Online,23065.15,0,0.0,417.53,3,8439.26,2025-11-12
L0001400,-9999,Online,5175.06,0,0.0,1420.16,3,0.0,2023-01-24
L0001401,704,Branch,17023.6,0,0.0,4028.84,1,6874.2,2022-02-18
L0001402,749,Broker,35299.0,0,0.0,966.15,4,10231.21,2025-10-13
L0001403,749,Broker,14432.85,0,0.0,1542.42,4,11102.76,2022-10-27
L0001404,693,Online,37803.15,0,0.0,12124.56,4,13095.35,2022-08-10
L0001405,600,Online,9332.51,0,0.0,5216.55,4,24230.42,2022-01-10
L0001406,757,Online,44466.17,0,0.0,909.84,1,6562.62,2026-01-06
L0001407,772,Online,33771.27,0,0.0,1097.32,3,7952.99,2025-05-04
L0001408,654,Broker,9943.93,0,0.0,2544.32,2,326.21,2023-10-22
L0001409,736,Branch,58325.14,0,0.0,1563.84,4,12873.27,2025-11-22
L0001410,642,Broker,11583.57,0,0.0,4448.29,1,4833.93,2022-06-16
L0001411,681,Broker,24497.29,0,0.0,1794.74,3,12714.46,2025-09-02
L0001412,652,Branch,29868.7,0,0.0,7313.47,2,15419.35,2023-10-17
L0001413,731,Online,19685.01,0,0.0,3878.87,3,4850.19,2023-01-26
L0001414,784,Broker,38706.16,0,0.0,2739.2,2,6763.96,2023-07-04
L0001415,711,Online,10611.66,0,0.0,1377.2,2,5962.12,2025-03-14
L0001416,873,Branch,57992.68,0,0.0,3951.87,2,2257.31,2023-05-31
L0001417,705,Broker,42375.63,0,0.0,10789.93,3,14661.54,2021-10-13
L0001418,676,Online,34890.94,0,0.0,3594.12,2,24594.42,2025-02-16
L0001419,655,Broker,43860.5,0,0.0,15405.36,4,22565.79,2022-04-07
L0001420,711,Branch,20123.86,0,0.0,2370.66,1,10135.1,2024-08-06
L0001421,593,Broker,22963.51,1,16221.75,-11825.64,2,10461.66,2024-11-06
L0001422,823,Online,30104.52,0,0.0,2421.95,2,5461.71,2022-06-05
L0001423,615,Broker,43808.97,1,15401.8,-7023.58,2,8545.13,2024-10-11
L0001424,821,Broker,23587.75,1,15994.44,-14468.14,2,6923.35,2023-06-25
L0001425,619,Branch,25318.46,0,0.0,9412.06,1,17903.52,2023-01-13
L0001426,723,Broker,32943.88,0,0.0,6707.89,4,9682.47,2021-11-14
L0001427,591,Broker,56520.11,1,36275.07,-9339.68,4,21992.39,2022-07-18
L0001428,677,Branch,40179.94,0,0.0,1683.36,1,13317.52,2025-11-27
L0001429,642,Broker,6197.75,0,0.0,769.76,2,14965.98,2025-05-03
L0001430,803,Online,13177.23,0,0.0,1589.12,2,3993.65,2021-09-28
L0001431,680,Branch,41467.38,0,0.0,11232.69,2,8925.5,2022-08-17
L0001432,714,Branch,9817.41,0,0.0,2348.55,2,176.8,2022-04-25
L0001433,682,Broker,44551.64,0,0.0,7624.9,1,17624.9,2024-01-21
L0001434,726,Broker,59898.89,0,0.0,5106.6,4,12262.75,2024-05-13
L0001435,751,Online,24279.09,0,0.0,3242.6,2,6916.99,2021-09-12
L0001436,646,Branch,31058.21,1,18514.9,-10805.14,1,8341.65,2023-09-04
L0001437,681,Broker,13183.81,0,0.0,544.08,2,16544.42,2025-11-12
L0001438,742,Broker,24582.38,0,0.0,1560.58,3,8366.0,2025-02-19
L0001439,678,Branch,24422.08,0,0.0,5998.29,2,19861.58,2023-01-10
L0001440,794,Online,19000.16,0,0.0,890.99,4,7578.75,2024-11-17
L0001441,670,Broker,27720.17,0,0.0,5468.61,2,20114.49,2023-11-26
L0001442,749,Online,33400.4,0,0.0,3259.13,2,2336.13,2023-01-26
L0001443,706,Online,41571.08,0,0.0,4818.8,2,9690.63,2024-11-08
L0001444,551,Broker,46529.46,0,0.0,18149.57,3,12600.08,2023-10-03
L0001445,602,Broker,51075.31,0,0.0,5582.39,3,24749.41,2025-07-05
L0001446,712,Branch,17543.91,0,0.0,3281.06,2,16191.85,2022-10-06
L0001447,623,Online,17470.21,0,0.0,3791.19,1,21776.99,2024-08-16
L0001448,714,Branch,35539.19,0,0.0,8361.85,4,6421.49,2021-09-17
L0001449,769,Broker,22356.49,0,0.0,551.97,2,6415.66,2025-12-14
L0001450,-9999,Online,36977.82,1,20215.99,-17839.87,4,12923.41,2024-07-27
L0001451,672,Broker,20603.36,0,0.0,5640.69,3,11378.54,2022-12-23
L0001452,715,Broker,52829.58,0,0.0,4529.64,4,10894.26,2024-09-14
L0001453,758,Broker,19997.2,0,0.0,992.88,2,9874.98,2024-12-07
L0001454,649,Online,19401.16,1,15242.07,-7175.49,4,20538.09,2021-10-26
L0001455,768,Broker,54488.05,0,0.0,2444.98,2,701.94,2024-05-07
L0001456,670,Online,25861.3,0,0.0,9039.51,1,13372.42,2021-12-05
L0001457,750,Branch,38259.66,0,0.0,4814.86,3,9582.31,2021-08-17
L0001458,652,Online,40940.88,0,0.0,6164.68,3,10077.31,2024-10-06
L0001459,792,Broker,10149.49,0,0.0,1015.4,2,8826.26,2022-05-28
L0001460,731,Broker,11200.45,0,0.0,1156.46,4,11225.51,2023-10-03
L0001461,795,Branch,50496.09,0,0.0,3974.07,2,5049.85,2022-07-19
L0001462,613,Broker,42489.8,0,0.0,16781.16,3,34303.53,2022-11-10
L0001463,807,Broker,17460.02,0,0.0,1560.41,1,3115.73,2022-10-06
L0001464,780,Online,31261.59,0,0.0,2909.39,3,9941.44,2022-08-12
L0001465,616,Online,39899.56,0,0.0,2324.45,3,7852.0,2026-01-29
L0001466,728,Branch,38110.65,0,0.0,4211.84,1,3224.56,2023-11-04
L0001467,634,Online,8067.05,0,0.0,2780.74,3,9818.55,2023-04-08
L0001468,637,Branch,30908.69,0,0.0,2272.68,1,8267.88,2025-11-19
L0001469,759,Broker,37044.69,0,0.0,2751.45,2,11062.23,2023-04-21
L0001470,623,Broker,14311.89,0,0.0,3811.77,3,11118.83,2024-02-01
L0001471,703,Online,8481.95,0,0.0,1474.14,1,5091.34,2024-09-21
L0001472,656,Broker,12665.57,0,0.0,4519.05,1,13781.17,2022-07-28
L0001473,776,Branch,56887.31,0,0.0,1404.78,3,10086.97,2025-09-03
L0001474,747,Online,49027.9,0,0.0,5306.95,4,5868.65,2022-08-18
L0001475,622,Online,5929.44,0,0.0,968.49,4,1782.67,2025-06-03
L0001476,632,Broker,48166.71,0,0.0,12864.16,1,14453.95,2023-09-08
L0001477,773,Branch,57911.58,0,0.0,3299.79,4,12753.31,2023-12-09
L0001478,592,Broker,9559.75,0,0.0,984.28,2,13218.04,2026-01-08
L0001479,686,Online,46340.39,0,0.0,1617.65,2,21640.58,2026-02-28
L0001480,756,Branch,40878.45,0,0.0,3210.29,1,12505.77,2023-06-06
L0001481,780,Broker,17293.22,0,0.0,804.66,4,5291.83,2025-01-20
L0001482,763,Broker,15615.37,0,0.0,1551.02,1,10984.41,2022-07-07
L0001483,713,Online,52966.08,0,0.0,13366.08,4,8661.94,2022-11-07
L0001484,671,Broker,20621.22,0,0.0,1685.19,3,28351.43,2025-06-25
L0001485,739,Branch,58949.79,0,0.0,5799.03,4,17219.64,2023-07-31
L0001486,688,Online,57091.32,0,0.0,19986.86,2,3393.89,2022-05-02
L0001487,671,Broker,42432.03,0,0.0,1329.88,1,17565.32,2026-03-07
L0001488,674,Broker,23185.98,0,0.0,2686.32,1,16490.21,2024-12-21
L0001489,655,Online,16215.74,0,0.0,1563.55,1,12400.74,2025-05-20
L0001490,644,Branch,30578.61,0,0.0,9035.99,1,16682.33,2023-05-08
L0001491,687,Branch,39144.74,0,0.0,5901.45,2,12934.87,2024-02-05
L0001492,647,Branch,19578.6,0,0.0,1809.41,1,14774.94,2025-06-15
L0001493,630,Branch,35793.45,0,0.0,2445.94,3,3048.08,2025-11-22
L0001494,646,Online,57990.37,1,28753.6,-26998.54,4,18544.99,2026-03-17
L0001495,825,Broker,35050.23,0,0.0,1746.92,2,9148.4,2024-01-19
L0001496,594,Broker,8977.54,1,4208.66,-3271.4,1,18936.09,2025-12-01
L0001497,707,Online,17685.46,0,0.0,4137.36,3,7837.74,2023-06-20
L0001498,761,Branch,55169.49,0,0.0,5485.84,4,5825.24,2021-08-02
L0001499,670,Branch,15384.81,0,0.0,5773.29,1,19320.64,2021-08-16
L0001500,-9999,Broker,25681.47,0,0.0,8704.53,2,14311.24,2021-08-13
L0001501,666,Online,31270.74,1,16445.32,-13955.22,3,18911.39,2025-07-19
L0001502,673,Online,21649.08,0,0.0,2725.6,3,9645.48,2024-10-16
L0001503,710,Branch,46672.46,0,0.0,2145.69,2,5300.86,2025-10-05
L0001504,697,Branch,47763.51,0,0.0,9844.79,4,15343.27,2022-12-24
L0001505,643,Branch,12151.86,0,0.0,5120.6,3,10607.17,2022-03-27
L0001506,737,Branch,59534.18,0,0.0,7067.67,3,11981.53,2023-03-21
L0001507,620,Broker,33094.18,0,0.0,4588.68,4,15196.71,2025-04-04
L0001508,750,Branch,22678.69,0,0.0,2845.75,3,7802.42,2021-09-07
L0001509,728,Online,45980.39,0,0.0,5957.68,4,11474.88,2024-05-29
L0001510,743,Branch,9501.9,0,0.0,1533.95,2,7126.07,2022-05-27
L0001511,738,Broker,24142.32,0,0.0,538.53,3,7551.78,2025-10-26
L0001512,617,Online,33866.9,0,0.0,15782.97,3,9267.81,2022-02-07
L0001513,610,Branch,39760.92,1,13604.1,6496.72,3,15588.05,2021-12-30
L0001514,794,Online,56414.46,0,0.0,2015.62,3,8244.72,2024-12-08
L0001515,744,Broker,27514.05,0,0.0,1553.49,1,13800.83,2025-02-05
L0001516,716,Broker,11217.14,0,0.0,2503.34,2,14582.71,2022-03-24
L0001517,711,Online,7083.43,1,5632.88,-4287.33,4,12572.03,2024-11-14
L0001518,819,Branch,45803.48,0,0.0,3777.01,2,8038.46,2022-08-02
L0001519,622,Broker,59404.14,0,0.0,2004.33,2,24752.1,2026-03-12
L0001520,733,Online,59414.99,1,28399.86,-23910.42,4,12182.64,2025-03-12
L0001521,639,Branch,36869.15,0,0.0,1216.11,4,23256.37,2026-03-20
L0001522,713,Broker,22284.76,0,0.0,3865.71,3,0.0,2023-04-14
L0001523,708,Branch,50055.45,0,0.0,2398.57,3,9364.33,2025-07-22
L0001524,673,Branch,31645.62,0,0.0,7518.01,2,13915.45,2023-03-17
L0001525,720,Branch,34761.01,0,0.0,1822.07,3,10943.36,2025-07-20
L0001526,789,Broker,15744.28,0,0.0,556.88,1,8744.4,2024-11-21
L0001527,653,Broker,39104.88,0,0.0,15200.98,4,8450.83,2021-11-24
L0001528,708,Online,26255.4,1,16623.03,-8796.71,2,8667.05,2022-06-24
L0001529,668,Broker,13053.71,0,0.0,3193.2,1,13722.08,2023-10-02
L0001530,737,Branch,31348.3,0,0.0,3949.71,1,12865.73,2023-04-06
L0001531,655,Broker,29921.01,0,0.0,7759.85,1,3639.22,2023-07-14
L0001532,689,Broker,10696.14,0,0.0,2609.44,3,14715.45,2022-11-01
L0001533,675,Branch,7671.29,0,0.0,1485.79,2,14171.17,2024-07-01
L0001534,742,Broker,32511.74,0,0.0,1211.36,2,11312.57,2025-08-19
L0001535,712,Broker,46026.22,0,0.0,4238.23,4,7987.34,2024-09-10
L0001536,691,Broker,23380.72,0,0.0,7151.85,1,14359.82,2021-08-10
L0001537,595,Online,5503.11,0,0.0,2068.62,4,14265.54,2023-07-14
L0001538,788,Online,31111.29,0,0.0,2542.42,2,5369.79,2022-10-17
L0001539,575,Broker,40696.13,1,14856.54,8818.7,4,22768.78,2022-02-12
L0001540,545,Branch,45933.29,0,0.0,31458.89,3,29326.45,2021-11-03
L0001541,689,Branch,7078.32,0,0.0,2120.84,4,20190.77,2022-07-03
L0001542,750,Broker,59271.58,0,0.0,6394.87,4,7344.54,2022-08-03
L0001543,668,Broker,5277.49,0,0.0,524.26,1,9541.54,2026-01-05
L0001544,614,Branch,20230.52,0,0.0,4228.47,2,18387.53,2024-08-30
L0001545,702,Broker,13380.77,0,0.0,1072.5,1,16664.52,2025-02-17
L0001546,788,Branch,48106.95,0,0.0,4098.81,2,7106.69,2022-06-18
L0001547,660,Online,18775.69,0,0.0,5876.04,1,8558.67,2022-11-08
L0001548,647,Branch,5904.64,0,0.0,1320.17,1,26193.23,2024-02-19
L0001549,647,Online,13501.82,0,0.0,1299.52,2,13405.76,2025-06-12
L0001550,-9999,Online,19310.41,0,0.0,6269.28,4,20295.48,2023-04-21
L0001551,665,Broker,11543.5,0,0.0,3647.75,3,17535.25,2022-08-01
L0001552,704,Branch,13389.89,0,0.0,1059.17,3,15656.14,2025-03-18
L0001553,767,Broker,6136.59,0,0.0,568.55,3,5199.07,2026-01-24
L0001554,646,Branch,32460.16,0,0.0,2306.51,2,35277.01,2025-10-11
L0001555,714,Broker,12576.63,0,0.0,989.07,1,16795.01,2025-06-16
L0001556,744,Online,6769.34,0,0.0,689.21,1,11216.79,2025-03-01
L0001557,691,Branch,9786.85,0,0.0,1016.38,3,11049.77,2025-09-28
L0001558,691,Online,45740.33,0,0.0,17509.7,3,8761.63,2021-10-13
L0001559,687,Broker,48060.69,0,0.0,13680.38,3,5463.2,2022-02-16
L0001560,747,Online,43568.3,0,0.0,2743.78,4,7070.15,2024-03-03
L0001561,759,Broker,57242.94,0,0.0,4448.09,2,470.88,2022-12-31
L0001562,807,Broker,28325.54,0,0.0,1324.74,1,5835.98,2025-01-06
L0001563,671,Broker,6885.4,0,0.0,2118.69,3,2295.88,2023-02-16
L0001564,808,Online,32927.21,0,0.0,1948.47,3,8319.54,2023-12-25
L0001565,728,Online,43338.24,0,0.0,8637.83,1,7239.64,2023-03-26
L0001566,717,Broker,7097.3,0,0.0,1264.75,3,10701.5,2023-07-03
L0001567,694,Branch,41582.61,0,0.0,6013.76,4,9680.1,2024-03-25
L0001568,744,Broker,37121.06,0,0.0,3868.51,3,9412.98,2022-12-13
L0001569,664,Branch,47844.79,0,0.0,17212.16,2,21903.79,2021-12-23
L0001570,774,Branch,20374.61,0,0.0,1122.27,4,10473.77,2023-12-18
L0001571,692,Branch,36317.95,1,28358.58,-20667.79,4,6624.85,2023-01-22
L0001572,722,Branch,43214.37,0,0.0,6489.34,2,12450.73,2023-01-15
L0001573,693,Online,59816.27,0,0.0,17998.67,4,12187.2,2022-10-15
L0001574,628,Broker,19479.94,0,0.0,3566.5,1,22862.34,2024-09-13
L0001575,716,Online,9373.84,0,0.0,584.98,2,11164.1,2025-09-18
L0001576,746,Broker,47206.85,0,0.0,2160.78,3,18421.27,2024-12-30
L0001577,752,Broker,11665.3,0,0.0,1120.9,2,8619.17,2023-03-22
L0001578,643,Broker,54022.18,0,0.0,8966.94,1,14670.22,2024-09-26
L0001579,639,Online,52014.23,0,0.0,7263.53,1,6872.83,2025-01-29
L0001580,715,Online,39746.83,0,0.0,2322.53,4,23206.27,2025-10-29
L0001581,653,Branch,30471.96,0,0.0,5152.41,3,19804.47,2024-08-16
L0001582,684,Online,8061.36,0,0.0,2499.61,2,13184.3,2022-11-03
L0001583,770,Online,37103.97,0,0.0,1229.34,3,8493.81,2025-06-06
L0001584,763,Online,42652.59,0,0.0,4769.68,4,7723.18,2021-07-13
L0001585,649,Branch,17915.95,1,8146.71,-4890.57,2,2982.33,2024-09-01
L0001586,726,Broker,29953.49,0,0.0,5936.07,4,7303.46,2021-11-16
L0001587,759,Broker,6073.14,0,0.0,824.91,4,9710.14,2024-03-06
L0001588,771,Online,42114.32,0,0.0,1560.53,4,3093.13,2024-09-26
L0001589,768,Branch,33391.14,0,0.0,1208.47,4,14471.57,2024-12-28
L0001590,638,Online,45989.22,0,0.0,5470.35,1,16996.94,2025-03-22
L0001591,736,Broker,34680.28,0,0.0,4936.78,1,11958.76,2022-05-02
L0001592,624,Branch,34435.2,0,0.0,6710.72,2,12442.29,2024-07-11
L0001593,644,Branch,41754.66,0,0.0,6539.07,2,10318.98,2024-10-01
L0001594,743,Online,19569.6,0,0.0,2274.4,1,5295.67,2022-09-16
L0001595,567,Online,56242.04,0,0.0,9350.96,1,4427.03,2025-04-17
L0001596,681,Broker,56790.78,0,0.0,7890.6,2,20221.83,2024-06-26
L0001597,878,Online,21470.53,0,0.0,694.14,1,1470.87,2025-03-12
L0001598,660,Branch,57482.87,0,0.0,14593.37,4,16334.01,2023-04-09
L0001599,667,Broker,58819.29,0,0.0,20795.73,2,6737.82,2021-11-25
L0001600,-9999,Online,24418.58,0,0.0,5387.79,4,7003.51,2023-07-06
L0001601,632,Branch,37787.81,0,0.0,3194.1,4,25684.55,2025-09-15
L0001602,716,Online,6873.91,0,0.0,2622.78,2,4228.0,2021-08-01
L0001603,765,Broker,19759.35,0,0.0,598.59,3,5169.84,2025-11-22
L0001604,764,Online,29131.56,0,0.0,1648.67,1,11075.83,2023-11-05
L0001605,701,Online,19204.01,0,0.0,5621.02,3,7256.07,2022-08-04
L0001606,685,Online,52273.12,0,0.0,17153.44,2,11008.2,2022-09-02
L0001607,722,Branch,30405.25,0,0.0,2204.12,2,8161.83,2024-10-30
L0001608,650,Broker,42216.26,0,0.0,12339.41,1,9853.52,2023-02-22
L0001609,646,Broker,32613.64,0,0.0,11403.33,2,30258.18,2022-07-31
L0001610,602,Online,13306.67,0,0.0,7127.06,4,21284.65,2022-01-26
L0001611,694,Broker,17873.65,1,9091.72,-8314.83,1,11277.66,2025-12-15
L0001612,637,Broker,38056.4,0,0.0,6282.9,1,14965.19,2024-10-18
L0001613,597,Broker,55455.14,0,0.0,28293.83,1,28698.74,2022-03-08
L0001614,548,Online,52008.61,0,0.0,31216.82,2,37441.18,2022-06-25
L0001615,688,Branch,9891.4,0,0.0,2990.52,3,23103.38,2021-12-09
L0001616,760,Broker,33523.02,0,0.0,3368.97,2,11245.31,2021-07-16
L0001617,609,Broker,49856.89,1,34304.75,-22458.12,4,31089.39,2024-05-14
L0001618,732,Online,54610.54,0,0.0,5983.95,3,10048.13,2024-09-04
L0001619,670,Broker,35807.07,1,25132.05,-15449.65,3,12767.14,2022-12-27
L0001620,680,Broker,28123.51,0,0.0,8234.22,4,21652.08,2022-05-21
L0001621,673,Online,35056.37,0,0.0,705.59,4,8531.05,2026-03-15
L0001622,550,Broker,38113.88,1,23512.29,-14473.5,4,19564.2,2024-11-09
L0001623,793,Branch,58508.64,1,36405.94,-30903.47,2,7675.03,2022-03-09
L0001624,785,Branch,34149.7,0,0.0,1878.23,4,6723.23,2024-05-22
L0001625,774,Broker,37259.78,0,0.0,3806.89,1,12603.39,2021-07-14
L0001626,693,Online,19841.48,0,0.0,6470.98,3,9539.69,2022-07-20
L0001627,693,Branch,9019.77,0,0.0,1791.13,2,21148.18,2023-08-13
L0001628,685,Branch,15319.29,0,0.0,5029.86,2,11463.37,2021-11-15
L0001629,617,Branch,11049.21,0,0.0,2252.39,4,19519.67,2024-11-16
L0001630,746,Online,15443.61,0,0.0,787.27,3,2541.69,2024-11-09
L0001631,690,Branch,58213.52,0,0.0,2124.66,2,4434.41,2025-11-05
L0001632,683,Online,54672.08,1,23975.31,-7225.29,4,19667.03,2022-12-20
L0001633,639,Broker,58662.62,0,0.0,1647.31,4,13955.82,2026-03-23
L0001634,772,Branch,44224.71,1,30503.73,-26217.57,2,9790.94,2021-09-02
L0001635,697,Online,13562.3,0,0.0,4565.98,1,14503.35,2022-07-29
L0001636,703,Broker,48443.99,0,0.0,5411.4,1,20853.6,2024-06-12
L0001637,849,Broker,8414.13,0,0.0,1041.8,4,2731.51,2021-11-17
L0001638,718,Online,27269.38,0,0.0,3791.27,3,7673.25,2024-06-30
L0001639,617,Broker,25164.09,0,0.0,3315.72,1,19916.46,2025-05-12
L0001640,747,Online,7319.6,0,0.0,871.84,1,4886.64,2023-03-27
L0001641,714,Branch,30009.13,0,0.0,2489.73,2,23021.89,2025-02-02
L0001642,680,Online,36905.79,0,0.0,7691.36,2,7217.66,2024-02-14
L0001643,709,Broker,58946.52,0,0.0,4439.44,4,4098.06,2025-01-30
L0001644,658,Online,43672.06,0,0.0,6708.22,4,15551.94,2024-08-23
L0001645,679,Broker,52979.56,0,0.0,10822.14,3,8479.51,2023-07-24
L0001646,701,Online,53344.57,0,0.0,3001.97,3,6095.83,2025-10-02
L0001647,630,Broker,54006.28,0,0.0,19250.15,1,4218.09,2022-11-07
L0001648,726,Broker,28766.3,0,0.0,721.33,3,1232.54,2025-12-03
L0001649,776,Online,6849.65,0,0.0,328.32,2,7671.51,2025-06-12
L0001650,-9999,Online,42895.35,0,0.0,4329.77,2,2013.3,2022-01-09
L0001651,742,Broker,20856.7,0,0.0,2703.44,4,11326.62,2022-08-11
L0001652,743,Online,35566.53,0,0.0,4554.89,1,11494.89,2022-05-15
L0001653,676,Online,13872.65,0,0.0,1161.24,2,26645.94,2025-07-08
L0001654,712,Broker,27923.9,0,0.0,2752.33,1,8429.48,2024-08-17
L0001655,702,Online,56697.37,0,0.0,3238.85,2,14046.8,2025-09-08
L0001656,737,Broker,47408.42,0,0.0,7001.49,4,8075.35,2022-05-31
L0001657,641,Broker,9757.61,0,0.0,3049.38,1,16177.59,2023-07-07
L0001658,662,Online,47564.93,0,0.0,14952.29,4,10772.34,2022-08-09
L0001659,681,Online,57693.05,0,0.0,15446.98,3,22646.85,2023-06-27
L0001660,665,Online,43227.9,0,0.0,8351.24,3,23469.61,2024-01-08
L0001661,697,Online,40850.67,0,0.0,5101.43,1,16582.04,2025-01-26
L0001662,642,Broker,22225.37,0,0.0,3639.5,4,16588.85,2024-09-13
L0001663,795,Branch,42774.13,0,0.0,1665.45,2,7222.49,2025-03-17
L0001664,734,Branch,8642.78,0,0.0,1540.81,3,0.0,2021-10-10
L0001665,757,Online,36547.39,0,0.0,1060.93,1,7266.87,2025-08-13
L0001666,622,Broker,31011.6,0,0.0,3294.27,2,24588.44,2025-06-21
L0001667,639,Online,35681.76,0,0.0,11843.04,2,12473.29,2023-01-20
L0001668,729,Broker,59856.89,0,0.0,5916.64,3,15192.42,2024-01-05
L0001669,711,Branch,49081.0,1,24987.94,-15086.73,2,10002.93,2022-05-14
L0001670,735,Online,46596.51,0,0.0,10771.04,1,9678.64,2022-04-09
L0001671,698,Branch,35836.03,0,0.0,9575.44,3,192.6,2021-12-05
L0001672,746,Broker,24990.13,0,0.0,2570.89,2,13605.9,2023-07-12
L0001673,655,Broker,33206.5,0,0.0,7463.95,3,22069.21,2023-10-24
L0001674,693,Branch,39282.51,0,0.0,10716.94,4,7530.31,2022-01-14
L0001675,660,Online,20626.38,0,0.0,4986.69,3,9537.05,2023-09-09
L0001676,723,Online,21024.2,0,0.0,1871.39,3,14716.1,2025-03-29
L0001677,636,Broker,27725.43,0,0.0,3558.34,2,17168.42,2025-04-04
L0001678,712,Branch,23933.42,0,0.0,4842.81,1,15911.32,2022-08-02
L0001679,645,Branch,52769.83,0,0.0,4033.23,2,16218.99,2025-09-18
L0001680,730,Branch,46528.54,0,0.0,4600.38,4,11486.45,2023-11-16
L0001681,735,Broker,48851.6,0,0.0,1098.96,2,12362.05,2025-11-12
L0001682,679,Online,21456.44,1,6895.21,-6271.62,2,16082.82,2026-01-15
L0001683,600,Online,37183.44,0,0.0,8636.65,1,20212.85,2024-06-22
L0001684,664,Broker,20967.85,0,0.0,5424.07,3,20136.63,2023-04-04
L0001685,634,Online,49356.83,0,0.0,8723.43,2,10977.35,2024-08-12
L0001686,605,Broker,32015.76,0,0.0,10358.54,3,35937.48,2023-09-23
L0001687,732,Branch,44716.35,0,0.0,5726.9,4,7795.82,2023-02-25
L0001688,640,Branch,23634.8,0,0.0,6174.98,4,16705.48,2023-11-26
L0001689,641,Online,46961.59,0,0.0,16382.6,2,27603.82,2022-09-06
L0001690,792,Branch,21758.94,0,0.0,2070.2,1,4316.82,2022-12-28
L0001691,668,Broker,58095.83,0,0.0,19254.87,3,20953.81,2022-02-10
L0001692,625,Branch,54391.1,0,0.0,21524.59,3,14277.38,2022-07-31
L0001693,718,Broker,51292.63,0,0.0,6930.98,1,15751.88,2023-08-24
L0001694,726,Branch,22307.0,0,0.0,2796.7,1,11445.15,2023-07-07
L0001695,696,Broker,33456.91,0,0.0,5635.36,4,5500.8,2023-10-28
L0001696,718,Online,6859.17,0,0.0,792.88,1,10576.14,2025-11-15
L0001697,635,Online,11637.14,0,0.0,883.69,2,14369.16,2026-01-10
L0001698,713,Branch,35793.27,0,0.0,3326.76,4,7321.54,2024-08-27
L0001699,658,Online,23557.63,0,0.0,1482.09,1,26182.05,2025-10-27
L0001700,-9999,Branch,47516.05,0,0.0,8071.09,2,17988.4,2022-02-24
L0001701,662,Branch,48466.33,0,0.0,18558.15,1,19731.77,2021-08-09
L0001702,700,Branch,42799.43,1,26615.25,-16913.7,1,14214.69,2022-06-22
L0001703,719,Branch,32888.96,0,0.0,5356.26,4,2824.79,2022-12-14
L0001704,623,Branch,54843.83,0,0.0,18164.35,1,17059.08,2023-04-05
L0001705,754,Broker,41383.69,0,0.0,3434.49,1,5732.52,2023-07-23
L0001706,728,Broker,40560.45,0,0.0,4256.74,1,15716.64,2024-02-07
L0001707,718,Broker,28567.11,0,0.0,3027.91,4,4070.66,2024-04-05
L0001708,759,Broker,51064.28,0,0.0,2312.49,3,5665.39,2024-05-11
L0001709,775,Broker,12929.64,0,0.0,1496.62,2,3396.13,2022-10-12
L0001710,638,Online,43851.7,0,0.0,3423.58,1,13023.51,2025-08-07
L0001711,780,Broker,12893.39,0,0.0,1132.06,2,3422.68,2022-06-01
L0001712,627,Broker,9431.5,0,0.0,1976.63,3,2983.81,2024-12-10
L0001713,669,Online,52920.39,0,0.0,9391.57,1,12145.85,2024-03-04
L0001714,733,Online,30015.32,0,0.0,5074.69,4,8595.53,2023-07-12
L0001715,747,Broker,43619.01,0,0.0,3616.5,4,15234.11,2023-11-23
L0001716,722,Broker,39502.53,0,0.0,1688.81,1,25867.54,2025-10-04
L0001717,767,Broker,28830.34,0,0.0,678.31,1,8626.7,2025-07-04
L0001718,647,Broker,41796.79,0,0.0,4038.78,1,18209.97,2025-06-14
L0001719,685,Broker,5974.35,0,0.0,1838.55,2,3239.77,2022-02-11
L0001720,735,Broker,18616.74,0,0.0,1138.26,1,7323.07,2025-07-22
L0001721,664,Online,37477.31,0,0.0,7287.95,4,0.0,2023-12-06
L0001722,605,Online,36821.96,0,0.0,7497.51,4,28261.1,2024-09-25
L0001723,737,Online,25944.61,0,0.0,1402.0,4,4205.0,2025-08-28
L0001724,722,Online,14414.06,0,0.0,3235.22,2,12891.11,2023-07-04
L0001725,672,Broker,43106.14,0,0.0,4739.46,1,12712.37,2024-12-19
L0001726,597,Online,35798.59,0,0.0,11439.48,3,30685.23,2023-10-20
L0001727,731,Broker,36769.38,0,0.0,6316.81,2,11613.99,2022-04-09
L0001728,753,Online,41515.2,0,0.0,5214.75,3,9977.96,2021-08-26
L0001729,762,Branch,44134.43,0,0.0,3239.76,3,8793.63,2022-10-16
L0001730,856,Broker,28164.15,0,0.0,693.73,4,3588.34,2026-01-02
L0001731,754,Online,51607.27,0,0.0,5470.16,1,1565.35,2022-01-24
L0001732,710,Branch,24611.84,0,0.0,1183.24,3,0.0,2025-12-06
L0001733,716,Branch,28167.87,0,0.0,5083.21,2,15981.39,2022-08-11
L0001734,760,Branch,28418.61,0,0.0,1010.91,1,6232.51,2025-04-30
L0001735,618,Broker,56486.1,1,28978.34,-19872.89,4,21658.57,2024-12-07
L0001736,757,Branch,25328.31,0,0.0,3101.02,2,2536.24,2021-11-09
L0001737,707,Broker,19961.06,0,0.0,1714.12,3,1719.7,2025-05-08
L0001738,672,Branch,39868.66,0,0.0,11044.43,3,15443.94,2022-10-03
L0001739,822,Branch,40353.19,0,0.0,1936.82,1,3725.87,2024-04-10
L0001740,777,Branch,59841.85,0,0.0,4476.9,3,9575.76,2022-12-30
L0001741,699,Branch,19819.15,0,0.0,5319.57,3,5259.2,2022-02-19
L0001742,769,Online,49795.67,0,0.0,3139.54,2,9297.48,2023-05-20
L0001743,686,Broker,10631.63,0,0.0,643.4,3,8737.99,2026-01-18
L0001744,686,Online,16638.13,0,0.0,5439.12,1,2043.53,2022-08-17
L0001745,734,Online,54241.3,1,38242.62,-30775.19,4,15452.04,2024-02-10
L0001746,591,Online,57777.06,0,0.0,17922.37,4,9043.84,2023-12-28
L0001747,743,Online,44725.29,0,0.0,1128.06,2,10785.93,2025-08-25
L0001748,791,Branch,40862.6,0,0.0,2787.75,1,11041.21,2023-03-13
L0001749,603,Branch,9852.17,0,0.0,1679.67,3,37153.49,2025-06-21
L0001750,-9999,Branch,7202.14,0,0.0,1216.08,3,19248.04,2025-01-04
L0001751,751,Branch,26795.19,0,0.0,3572.29,1,11672.78,2022-01-04
L0001752,713,Broker,22642.96,0,0.0,3437.21,1,14845.11,2023-07-17
L0001753,660,Online,23263.27,0,0.0,8325.77,4,18745.77,2021-12-31
L0001754,580,Online,51524.08,0,0.0,12023.64,4,15774.98,2024-09-26
L0001755,667,Online,9518.43,0,0.0,2112.19,3,15492.09,2023-11-11
L0001756,543,Branch,12491.8,0,0.0,1187.36,2,6569.62,2025-12-03
L0001757,742,Broker,23805.92,0,0.0,2640.51,4,13810.47,2023-01-13
L0001758,657,Online,25810.88,0,0.0,3906.87,4,16912.4,2024-08-17
L0001759,675,Branch,58705.79,0,0.0,6671.66,2,4191.49,2024-11-20
L0001760,669,Branch,25017.49,0,0.0,5576.31,4,20285.98,2023-08-17
L0001761,606,Branch,45300.69,0,0.0,16550.83,3,21091.02,2023-04-02
L0001762,720,Online,27535.4,0,0.0,6894.21,2,13304.02,2022-11-06
L0001763,752,Branch,12218.13,0,0.0,973.11,3,11635.19,2023-09-28
L0001764,746,Branch,16768.15,0,0.0,844.74,3,11285.61,2025-05-02
L0001765,710,Branch,13512.18,0,0.0,2068.65,3,7978.81,2024-03-03
L0001766,661,Broker,5735.42,0,0.0,680.56,4,8694.47,2025-12-04
L0001767,683,Branch,14267.12,0,0.0,4181.76,1,7050.9,2022-08-04
L0001768,672,Broker,53053.62,0,0.0,16580.1,2,11055.11,2022-04-10
L0001769,838,Broker,58124.04,0,0.0,5726.15,2,4095.26,2021-10-03
L0001770,780,Broker,52917.81,0,0.0,4775.04,3,3250.48,2022-06-29
L0001771,720,Online,20149.58,0,0.0,2016.31,3,7110.84,2025-01-18
L0001772,751,Broker,59863.83,0,0.0,6863.49,2,2280.69,2022-02-04
L0001773,657,Online,35816.01,0,0.0,13478.54,3,15087.86,2022-01-30
L0001774,642,Branch,40675.41,0,0.0,17709.41,4,22159.07,2021-10-24
L0001775,648,Branch,39969.36,0,0.0,8862.43,3,10475.66,2023-12-16
L0001776,699,Branch,14960.85,0,0.0,4275.36,4,14156.23,2021-07-31
L0001777,657,Branch,12734.01,0,0.0,5242.98,3,14315.06,2021-09-17
L0001778,690,Online,20242.25,0,0.0,2152.37,1,11665.55,2025-03-02
L0001779,589,Online,35014.11,0,0.0,12446.32,4,22334.03,2023-08-21
L0001780,660,Broker,18082.84,0,0.0,4004.15,2,21905.32,2023-09-01
L0001781,629,Broker,5001.58,0,0.0,2061.89,2,4506.73,2023-02-06
L0001782,675,Branch,31879.72,0,0.0,1204.82,1,11173.63,2025-12-03
L0001783,706,Branch,9080.0,0,0.0,1763.53,1,20579.02,2023-01-15
L0001784,718,Branch,42365.7,0,0.0,1396.8,2,13402.25,2025-12-15
L0001785,488,Broker,44756.95,1,15507.7,-7823.29,2,18663.91,2025-07-23
L0001786,688,Broker,52007.09,0,0.0,1316.37,3,12074.53,2026-03-07
L0001787,688,Online,24756.85,0,0.0,3925.35,1,9859.28,2024-10-02
L0001788,692,Online,32053.75,0,0.0,3325.91,1,6686.58,2025-03-24
L0001789,721,Online,30738.73,0,0.0,9444.34,3,1312.37,2021-10-29
L0001790,659,Branch,15004.29,0,0.0,3613.26,3,13761.82,2023-10-31
L0001791,637,Online,43692.74,0,0.0,16931.91,1,6205.2,2022-06-15
L0001792,725,Online,37670.32,0,0.0,1522.8,2,4570.18,2025-12-23
L0001793,655,Branch,12907.41,0,0.0,4539.06,2,28542.53,2022-05-25
L0001794,708,Online,50276.66,0,0.0,6820.05,1,1328.51,2024-09-28
L0001795,610,Broker,19651.96,1,14581.77,-6270.78,3,19815.94,2022-11-09
L0001796,702,Broker,26496.78,0,0.0,5080.43,2,12595.32,2023-03-04
L0001797,636,Online,18288.07,0,0.0,8263.1,3,24122.03,2021-11-25
L0001798,741,Broker,24582.17,0,0.0,2993.87,1,8692.35,2023-03-07
L0001799,751,Online,30468.25,0,0.0,1870.11,4,14037.58,2024-09-09
L0001800,-9999,Broker,47600.26,0,0.0,4254.76,4,7809.56,2025-03-28
L0001801,675,Broker,27537.34,1,11490.31,-6989.89,4,9770.43,2024-03-19
L0001802,695,Online,21230.16,1,9909.21,-2619.9,4,17859.87,2022-02-26
L0001803,653,Broker,41956.28,0,0.0,6383.19,3,16235.85,2024-09-27
L0001804,677,Online,13291.13,1,6648.11,-5858.23,3,10663.34,2025-12-05
L0001805,682,Broker,27975.85,0,0.0,6588.61,1,785.86,2022-12-15
L0001806,767,Broker,42519.13,1,25667.55,-21193.84,2,15226.3,2021-07-30
L0001807,682,Broker,5080.06,0,0.0,1968.09,1,7061.87,2021-12-06
L0001808,716,Online,25308.7,1,17115.05,-10812.01,1,13339.15,2023-01-17
L0001809,617,Branch,17195.14,0,0.0,5212.08,1,9894.86,2023-09-12
L0001810,645,Broker,5958.01,0,0.0,399.83,2,21947.17,2025-09-25
L0001811,722,Online,59670.97,0,0.0,10332.27,4,11979.29,2023-10-02
L0001812,733,Broker,19943.2,0,0.0,3624.88,2,15945.67,2022-01-23
L0001813,627,Branch,47870.12,0,0.0,15261.01,1,28258.77,2023-04-12
L0001814,692,Branch,57872.66,0,0.0,1508.88,3,21580.83,2026-01-12
L0001815,644,Online,27062.09,0,0.0,8692.86,2,11436.94,2022-11-29
L0001816,736,Online,41594.37,0,0.0,9133.81,3,8230.48,2022-06-02
L0001817,673,Branch,10626.37,1,4808.95,-3966.62,1,7673.76,2026-01-04
L0001818,618,Online,49913.29,0,0.0,23324.81,4,25862.83,2022-02-26
L0001819,674,Broker,34565.1,0,0.0,9786.11,3,10443.52,2022-08-19
L0001820,776,Online,46793.57,0,0.0,3012.33,4,3603.33,2023-07-16
L0001821,554,Broker,18190.57,1,5853.22,4383.87,1,22338.62,2022-08-20
L0001822,685,Online,53445.13,0,0.0,12739.42,1,15458.32,2023-09-15
L0001823,640,Branch,28709.84,0,0.0,6624.49,3,24795.05,2024-01-02
L0001824,774,Broker,34002.56,0,0.0,2922.2,3,11077.65,2022-12-05
L0001825,730,Branch,50568.46,0,0.0,4346.15,1,9218.86,2024-03-03
L0001826,751,Broker,58968.5,0,0.0,724.97,3,4363.04,2026-03-08
L0001827,688,Branch,16271.9,0,0.0,1173.81,3,6833.21,2025-09-20
L0001828,697,Branch,13795.43,0,0.0,4105.21,1,14603.94,2021-08-25
L0001829,706,Branch,15331.39,0,0.0,299.16,4,13944.32,2026-02-21
L0001830,661,Online,45733.25,0,0.0,5850.59,3,20469.52,2024-11-30
L0001831,718,Broker,56390.63,0,0.0,1350.43,3,10752.53,2025-12-29
L0001832,727,Broker,40246.15,0,0.0,1153.2,2,13165.89,2025-10-01
L0001833,695,Broker,7440.09,0,0.0,920.23,1,9034.22,2025-07-24
L0001834,770,Online,19984.88,0,0.0,1067.13,4,4087.15,2024-06-12
L0001835,753,Broker,43782.58,0,0.0,4327.58,1,8550.57,2022-10-19
L0001836,685,Online,47608.77,0,0.0,9804.04,3,16857.99,2024-01-22
L0001837,678,Branch,44756.78,1,18733.2,-17113.9,4,13163.14,2025-12-12
L0001838,621,Branch,54714.38,0,0.0,20369.47,4,7641.29,2022-11-02
L0001839,639,Branch,51114.87,1,16129.1,2923.71,2,26594.35,2022-07-27
L0001840,664,Broker,50463.08,0,0.0,18944.2,3,256.51,2021-09-13
L0001841,546,Online,9076.73,0,0.0,5767.54,4,32649.52,2022-04-19
L0001842,678,Broker,19413.08,1,7175.35,-860.62,1,15973.06,2021-12-12
L0001843,745,Branch,31399.08,0,0.0,1761.45,2,14454.93,2024-10-03
L0001844,649,Online,36070.55,0,0.0,14908.79,1,17648.09,2021-11-10
L0001845,640,Branch,5826.61,0,0.0,1663.72,4,21209.82,2023-09-09
L0001846,669,Online,8417.6,0,0.0,668.21,1,7238.19,2026-01-15
L0001847,749,Broker,17696.18,0,0.0,2478.22,4,7691.59,2022-02-01
L0001848,659,Online,49020.04,0,0.0,7490.83,1,25134.46,2024-08-27
L0001849,700,Online,37406.67,0,0.0,6496.88,1,9024.45,2024-05-27
L0001850,-9999,Broker,37346.06,1,11389.81,-6949.91,2,9976.56,2025-05-10
L0001851,657,Broker,21494.06,0,0.0,918.85,1,12422.42,2026-02-27
L0001852,779,Broker,17987.28,0,0.0,696.74,3,6523.58,2025-10-02
L0001853,697,Online,35885.6,0,0.0,13620.81,3,18229.31,2021-07-31
L0001854,711,Online,31587.26,0,0.0,7023.43,4,15760.5,2023-04-06
L0001855,638,Branch,35117.05,0,0.0,8268.4,2,25771.42,2024-01-15
L0001856,781,Branch,5145.76,0,0.0,150.63,3,9469.22,2025-03-08
L0001857,690,Branch,58838.26,0,0.0,13310.94,4,14944.05,2022-12-12
L0001858,613,Broker,36840.92,0,0.0,9384.99,4,8270.49,2024-02-03
L0001859,679,Online,12778.36,1,6772.23,-6208.53,1,13669.49,2026-02-07
L0001860,696,Broker,33658.45,0,0.0,8148.72,1,7507.26,2022-07-29
L0001861,731,Online,53859.84,0,0.0,6775.93,4,9541.46,2024-05-01
L0001862,663,Branch,43731.32,0,0.0,11667.09,2,10191.28,2023-02-03
L0001863,801,Broker,13915.89,0,0.0,788.49,2,4705.24,2023-11-27
L0001864,653,Branch,11788.51,0,0.0,4895.55,1,12784.85,2022-01-27
L0001865,736,Branch,25700.21,0,0.0,2511.07,3,5737.92,2023-11-30
L0001866,674,Broker,19905.92,0,0.0,952.27,4,15378.66,2025-11-16
L0001867,658,Broker,38224.35,0,0.0,14144.09,2,23519.45,2022-01-14
L0001868,608,Online,58217.91,0,0.0,3430.29,4,12816.16,2025-12-14
L0001869,605,Broker,7855.31,0,0.0,3194.18,1,14654.5,2023-05-18
L0001870,701,Broker,16555.53,0,0.0,4517.06,3,19339.36,2021-12-20
L0001871,820,Broker,53523.87,0,0.0,5231.55,1,8638.52,2021-10-14
L0001872,693,Online,26398.98,0,0.0,4526.22,2,20186.91,2024-05-01
L0001873,735,Broker,6324.14,0,0.0,961.64,1,14499.17,2023-07-25
L0001874,694,Branch,7330.47,0,0.0,1870.1,1,12857.03,2023-06-29
L0001875,690,Branch,23712.93,0,0.0,5864.89,4,10489.03,2022-11-22
L0001876,680,Online,36493.81,0,0.0,8972.71,4,10236.62,2023-09-21
L0001877,690,Online,58123.03,0,0.0,4069.27,3,12014.86,2025-09-30
L0001878,652,Online,15866.63,0,0.0,6129.88,3,18090.87,2021-12-23
L0001879,634,Online,10913.0,0,0.0,3066.23,3,16811.97,2024-01-05
L0001880,689,Broker,10359.23,0,0.0,2382.2,4,19273.75,2023-01-30
L0001881,776,Broker,14292.49,0,0.0,513.62,1,6193.35,2024-10-05
L0001882,691,Broker,7098.61,0,0.0,1050.27,1,14368.56,2024-10-13
L0001883,668,Online,28551.53,0,0.0,4249.08,3,17582.01,2024-08-20
L0001884,661,Branch,13476.74,0,0.0,3248.37,2,13637.71,2023-07-08
L0001885,704,Online,51164.49,0,0.0,18618.31,4,7151.77,2021-07-13
L0001886,697,Broker,42071.09,0,0.0,6802.71,4,18630.09,2023-10-17
L0001887,708,Online,30629.45,1,14281.1,-12947.31,3,7150.42,2025-11-11
L0001888,779,Branch,38576.26,0,0.0,918.98,2,4024.63,2025-05-03
L0001889,758,Online,32845.65,0,0.0,1900.56,1,15485.12,2024-04-23
L0001890,689,Branch,59763.95,0,0.0,3117.87,1,10376.51,2025-09-23
L0001891,688,Broker,42050.92,0,0.0,2862.24,4,15905.37,2025-07-15
L0001892,614,Branch,25121.01,0,0.0,5875.44,3,22810.31,2024-04-03
L0001893,712,Online,7270.46,0,0.0,1164.55,2,9473.03,2024-03-27
L0001894,806,Broker,40945.31,0,0.0,2277.71,4,4117.22,2024-01-10
L0001895,720,Broker,57052.5,0,0.0,12098.71,4,5827.37,2021-09-19
L0001896,710,Branch,26980.62,0,0.0,4159.81,3,0.0,2023-07-20
L0001897,644,Branch,50200.3,0,0.0,10957.9,4,16656.05,2024-02-08
L0001898,673,Branch,24204.94,0,0.0,3144.72,1,0.0,2024-10-25
L0001899,788,Online,20270.51,0,0.0,1727.53,3,6888.02,2022-06-28
L0001900,-9999,Broker,15023.52,0,0.0,1738.88,1,11841.66,2025-02-26
L0001901,738,Branch,34716.78,0,0.0,3065.97,2,7094.6,2023-12-31
L0001902,774,Online,19434.83,0,0.0,2063.66,1,5011.09,2021-10-12
L0001903,754,Online,26440.63,0,0.0,882.98,4,4981.6,2025-07-16
L0001904,703,Broker,13918.56,0,0.0,1111.61,3,8684.19,2025-05-28
L0001905,694,Branch,36452.08,0,0.0,6693.56,2,5806.72,2023-08-15
L0001906,724,Broker,52640.73,0,0.0,4858.27,1,12724.71,2024-06-15
L0001907,674,Branch,48883.11,0,0.0,8506.69,2,15767.97,2024-02-02
L0001908,607,Online,41505.54,0,0.0,16081.01,2,26338.82,2023-01-16
L0001909,692,Broker,12040.55,0,0.0,1338.84,2,5482.32,2025-02-16
L0001910,708,Broker,58729.3,0,0.0,7656.09,4,15581.68,2024-01-22
L0001911,690,Broker,37024.87,0,0.0,4116.78,3,11025.0,2024-09-27
L0001912,703,Branch,44024.3,0,0.0,2243.99,4,5852.74,2025-08-04
L0001913,691,Branch,32795.29,0,0.0,9788.92,3,14636.92,2021-11-23
L0001914,740,Branch,18950.42,1,10995.2,-8225.31,1,11199.55,2022-10-20
L0001915,621,Broker,27347.53,0,0.0,7386.33,2,33721.8,2023-12-31
L0001916,697,Broker,31426.75,0,0.0,1675.66,1,12448.85,2025-10-19
L0001917,704,Branch,59502.76,0,0.0,7192.43,4,8746.7,2024-04-01
L0001918,747,Branch,36172.66,0,0.0,1258.15,1,2007.43,2025-08-09
L0001919,828,Branch,37974.83,0,0.0,4070.24,2,8661.71,2021-11-22
L0001920,603,Online,29038.32,0,0.0,10300.44,3,18390.7,2023-06-17
L0001921,719,Branch,49073.38,0,0.0,6393.62,2,11017.46,2023-09-09
L0001922,754,Broker,14787.83,0,0.0,708.74,2,3732.77,2025-02-22
L0001923,724,Broker,19007.75,0,0.0,2256.12,1,7337.62,2024-01-29
L0001924,803,Broker,19626.01,0,0.0,1813.83,4,7083.75,2021-11-21
L0001925,599,Online,26778.79,1,9422.5,-281.25,4,15883.67,2023-07-30
L0001926,773,Online,13456.41,0,0.0,673.79,2,8995.47,2025-12-24
L0001927,658,Online,56837.12,0,0.0,18486.78,2,21195.97,2022-06-10
L0001928,737,Online,47671.42,0,0.0,4096.49,2,4094.42,2024-12-25
L0001929,700,Branch,51066.21,0,0.0,10130.37,1,13576.5,2023-01-04
L0001930,745,Online,34879.49,0,0.0,837.49,4,10759.72,2026-02-10
L0001931,681,Branch,26818.17,0,0.0,9037.34,1,11896.69,2021-09-22
L0001932,724,Online,26121.23,0,0.0,4072.28,4,7492.86,2024-01-31
L0001933,623,Broker,12986.52,0,0.0,2959.93,2,23577.94,2024-05-29
L0001934,639,Broker,8849.69,0,0.0,4126.04,4,16796.8,2021-11-23
L0001935,685,Branch,46803.16,0,0.0,844.39,2,9843.57,2026-03-08
L0001936,726,Branch,38368.39,0,0.0,1439.47,3,12212.35,2025-07-07
L0001937,729,Online,21057.65,0,0.0,1587.53,4,12325.68,2025-07-16
L0001938,740,Broker,12722.09,0,0.0,1784.8,3,6841.66,2023-05-09
L0001939,730,Broker,43574.64,0,0.0,4419.87,3,12045.58,2023-11-17
L0001940,650,Online,53230.01,0,0.0,19860.49,1,10684.39,2022-03-23
L0001941,730,Online,11361.77,0,0.0,1196.95,2,7052.95,2024-10-27
L0001942,747,Online,51807.49,0,0.0,2877.45,1,4364.95,2024-10-08
L0001943,645,Online,17960.42,0,0.0,3357.49,1,16134.4,2024-08-09
L0001944,849,Broker,33473.09,0,0.0,3095.5,4,3351.87,2021-12-18
L0001945,632,Broker,5874.51,0,0.0,1298.86,1,28467.1,2024-10-13
L0001946,620,Online,16539.38,0,0.0,4884.86,4,22303.47,2023-08-30
L0001947,711,Branch,29941.51,0,0.0,5403.14,2,12746.49,2023-02-14
L0001948,731,Branch,38006.02,0,0.0,2722.7,2,7632.54,2024-10-20
L0001949,644,Branch,37266.01,0,0.0,6827.68,4,12101.07,2024-06-15
L0001950,-9999,Online,58926.76,0,0.0,2318.77,4,0.0,2024-12-06
L0001951,764,Online,28867.73,0,0.0,2173.4,3,0.0,2022-11-21
L0001952,630,Broker,45748.81,0,0.0,12367.95,3,7980.59,2023-10-13
L0001953,751,Online,29857.41,0,0.0,1414.44,4,15481.73,2024-11-24
L0001954,698,Broker,16374.19,0,0.0,2419.62,2,8526.9,2024-05-13
L0001955,797,Broker,25695.61,0,0.0,845.36,4,7162.35,2024-11-01
L0001956,784,Online,58064.94,0,0.0,5001.05,2,6564.43,2022-07-26
L0001957,688,Broker,46856.77,0,0.0,4521.17,2,16866.91,2025-02-14
L0001958,695,Online,54192.08,0,0.0,3980.91,2,9727.97,2025-08-08
L0001959,700,Branch,38661.83,0,0.0,3744.93,3,11628.97,2024-11-24
L0001960,675,Broker,28478.22,0,0.0,3064.06,4,15974.63,2025-03-30
L0001961,782,Branch,40176.45,0,0.0,2459.73,1,5630.34,2023-11-30
L0001962,675,Branch,55364.36,0,0.0,7635.7,1,11818.63,2024-08-26
L0001963,775,Branch,22108.92,0,0.0,987.13,3,10175.46,2024-11-16
L0001964,671,Online,5848.63,1,4435.5,-3370.22,1,7480.37,2024-02-11
L0001965,702,Branch,32406.43,0,0.0,1115.18,1,9929.41,2025-12-24
L0001966,687,Branch,13786.82,0,0.0,2857.46,2,17897.35,2023-08-17
L0001967,666,Broker,41406.23,0,0.0,5288.16,1,13911.04,2024-10-19
L0001968,665,Online,12290.34,0,0.0,3462.82,1,8588.78,2023-01-15
L0001969,642,Branch,32428.71,0,0.0,8978.26,4,7221.23,2023-06-17
L0001970,686,Broker,26775.07,0,0.0,3104.07,4,13868.38,2024-10-19
L0001971,628,Broker,37173.92,0,0.0,10105.13,1,30941.0,2023-11-05
L0001972,714,Branch,39890.22,0,0.0,7345.1,4,20157.39,2022-09-14
L0001973,689,Online,28007.47,0,0.0,837.15,3,3177.04,2026-03-13
L0001974,675,Branch,35738.84,1,21655.0,-11902.63,4,11084.96,2022-09-18
L0001975,643,Branch,32409.35,0,0.0,3393.45,1,14130.91,2025-06-09
L0001976,682,Branch,8903.4,0,0.0,2259.75,2,11068.72,2023-05-29
L0001977,612,Online,8138.56,0,0.0,2503.4,1,8241.52,2024-01-19
L0001978,689,Online,21378.29,0,0.0,5065.84,3,21233.76,2023-08-13
L0001979,666,Online,27587.8,0,0.0,3229.92,4,17213.75,2025-03-04
L0001980,782,Online,55639.23,0,0.0,3431.68,1,5251.56,2023-11-07
L0001981,701,Online,48743.99,0,0.0,14427.21,4,7252.58,2022-07-13
L0001982,693,Branch,22422.29,0,0.0,2743.91,4,12219.92,2024-08-06
L0001983,715,Online,53591.82,0,0.0,2299.85,1,8893.22,2025-11-07
L0001984,760,Branch,43805.23,0,0.0,1397.62,3,8622.0,2025-03-12
L0001985,697,Broker,53956.45,0,0.0,6077.0,2,12344.94,2024-08-19
L0001986,689,Online,23259.79,0,0.0,688.75,4,4858.51,2026-03-15
L0001987,717,Broker,54624.15,0,0.0,11995.35,3,10569.14,2021-11-30
L0001988,777,Broker,6713.52,1,3396.82,-2358.18,4,5491.84,2021-11-21
L0001989,753,Branch,8400.34,0,0.0,427.01,4,3255.27,2025-05-04
L0001990,603,Online,54175.59,0,0.0,28990.9,2,17809.78,2021-10-16
L0001991,703,Branch,27032.18,0,0.0,7636.97,4,5747.12,2021-08-28
L0001992,715,Broker,25251.05,0,0.0,4956.14,3,9027.65,2022-09-03
L0001993,695,Broker,19108.75,0,0.0,5388.5,1,9712.82,2021-09-11
L0001994,632,Online,18840.77,0,0.0,7460.13,4,23308.09,2022-08-13
L0001995,696,Online,32756.56,0,0.0,12629.79,4,10001.53,2021-08-11
L0001996,717,Branch,19388.96,0,0.0,4591.55,4,2065.74,2021-12-29
L0001997,755,Branch,46926.34,0,0.0,1622.66,3,11702.36,2025-03-23
L0001998,628,Broker,9461.76,0,0.0,4442.67,4,16639.36,2022-01-17
L0001999,550,Branch,31281.88,1,23659.16,-17847.78,3,23887.65,2025-04-22
L0002000,-9999,Branch,14960.04,0,0.0,649.47,4,9886.65,2026-03-27
L0002001,714,Branch,22074.62,0,0.0,1380.4,2,12123.16,2025-07-14
L0002002,752,Broker,6498.59,1,4894.65,-3970.94,3,11523.63,2024-05-21
L0002003,659,Online,55030.34,0,0.0,20291.23,3,14296.33,2021-12-24
L0002004,765,Broker,28261.22,0,0.0,2025.91,1,5347.99,2023-08-09
L0002005,738,Online,31706.27,0,0.0,1985.28,1,8734.83,2025-05-25
L0002006,756,Online,54892.8,0,0.0,2337.02,1,5158.88,2024-12-24
L0002007,779,Branch,55310.36,0,0.0,4079.5,4,10421.71,2022-11-19
L0002008,704,Broker,51635.66,0,0.0,13618.24,3,3928.85,2021-08-13
L0002009,692,Broker,59938.22,0,0.0,1649.43,3,15144.23,2026-02-09
L0002010,606,Branch,40449.89,0,0.0,17808.61,3,19703.85,2022-08-27
L0002011,740,Broker,43973.29,0,0.0,6267.42,3,10030.33,2022-01-23
L0002012,752,Online,33813.74,0,0.0,2780.58,4,9462.92,2023-04-12
L0002013,706,Online,48116.44,1,21692.64,-13073.1,3,23573.17,2024-02-15
L0002014,753,Broker,34766.63,0,0.0,2363.97,1,5509.48,2024-02-16
L0002015,714,Online,56351.85,0,0.0,14840.69,1,7697.51,2022-08-15
L0002016,764,Online,58998.01,0,0.0,4302.52,4,6860.07,2023-02-23
L0002017,753,Branch,28777.53,0,0.0,908.3,2,4205.25,2025-11-02
L0002018,698,Online,35576.91,0,0.0,11020.28,1,5835.26,2022-07-21
L0002019,683,Broker,34915.23,0,0.0,9265.22,4,6299.33,2022-06-07
L0002020,728,Branch,25780.62,0,0.0,2987.6,1,5322.87,2023-09-18
L0002021,729,Online,44066.91,0,0.0,4800.99,1,5973.55,2024-08-22
L0002022,677,Broker,38181.73,0,0.0,3955.18,2,23412.45,2025-01-05
L0002023,599,Branch,53583.84,0,0.0,18748.17,2,24854.97,2023-07-05
L0002024,668,Broker,44949.99,0,0.0,2595.7,1,18987.84,2025-10-20
L0002025,589,Branch,59882.27,0,0.0,13061.14,1,11777.45,2024-09-03
L0002026,709,Branch,47388.42,0,0.0,6836.45,2,11035.11,2023-08-08
L0002027,670,Online,11736.27,0,0.0,1004.74,3,12001.67,2025-06-04
L0002028,748,Online,49885.4,0,0.0,2261.13,3,9258.96,2025-02-02
L0002029,717,Online,13062.5,0,0.0,3121.74,2,13540.51,2023-06-20
L0002030,716,Online,54235.02,0,0.0,3929.31,1,7952.11,2025-06-24
L0002031,680,Broker,36937.7,0,0.0,7139.52,1,11445.71,2023-08-10
L0002032,766,Broker,35567.24,0,0.0,1449.56,3,5794.49,2024-11-07
L0002033,733,Broker,38250.07,0,0.0,4121.87,2,4295.63,2023-07-18
L0002034,645,Branch,44984.56,0,0.0,1453.4,2,16249.73,2026-02-16
L0002035,680,Branch,32415.67,0,0.0,9463.94,4,8689.38,2022-03-06
L0002036,787,Broker,56214.94,0,0.0,968.45,1,4839.85,2025-12-18
L0002037,686,Online,59601.36,0,0.0,11011.47,3,9254.83,2024-05-29
L0002038,649,Broker,30250.89,0,0.0,2822.34,1,23135.01,2025-06-03
L0002039,716,Broker,7406.65,0,0.0,1316.81,2,8586.29,2023-01-01
L0002040,647,Broker,46271.03,0,0.0,8005.64,3,6190.78,2024-07-18
L0002041,724,Broker,44794.42,0,0.0,6178.28,4,0.0,2023-06-30
L0002042,674,Online,27161.23,0,0.0,9138.07,2,7117.24,2021-11-19
L0002043,702,Broker,58021.84,0,0.0,8333.45,3,13859.67,2023-11-21
L0002044,737,Broker,44973.03,0,0.0,6976.97,1,10580.73,2021-12-08
L0002045,708,Online,32957.73,0,0.0,1104.13,2,6712.42,2026-01-03
L0002046,702,Online,26903.67,0,0.0,5474.98,3,16031.37,2023-10-29
L0002047,705,Branch,21635.19,0,0.0,5994.22,1,15516.82,2021-09-28
L0002048,731,Broker,18582.46,0,0.0,2069.93,2,10697.3,2023-09-14
L0002049,725,Broker,42726.92,0,0.0,6377.89,1,5131.44,2022-11-28
L0002050,-9999,Broker,27960.58,0,0.0,8666.98,3,12884.3,2022-04-09
L0002051,737,Branch,56783.8,0,0.0,6465.9,3,3354.8,2023-03-07
L0002052,625,Branch,21040.41,1,16575.05,-12623.66,2,20431.78,2024-11-13
L0002053,737,Branch,8954.1,0,0.0,1659.28,3,17694.81,2022-04-04
L0002054,712,Online,7574.04,0,0.0,821.78,3,15032.82,2025-03-17
L0002055,673,Online,6788.8,0,0.0,1806.42,2,17942.62,2022-11-04
L0002056,743,Branch,48243.82,0,0.0,4615.26,3,20043.82,2023-05-21
L0002057,663,Branch,20316.87,0,0.0,1101.44,3,17166.68,2025-10-02
L0002058,795,Online,32086.33,0,0.0,2593.56,1,8075.24,2023-01-07
L0002059,558,Broker,52705.72,1,17479.41,5786.24,4,33424.72,2023-05-03
L0002060,637,Branch,21161.3,1,16855.33,-14491.17,2,0.0,2025-05-04
L0002061,663,Online,26441.02,0,0.0,7700.2,2,4316.79,2022-12-15
L0002062,766,Branch,32266.46,0,0.0,1352.68,2,8780.9,2024-10-03
L0002063,706,Branch,30894.94,0,0.0,2879.05,3,19885.64,2024-09-13
L0002064,692,Broker,36022.82,0,0.0,8378.62,1,6938.25,2022-09-25
L0002065,725,Online,53916.99,0,0.0,2996.1,1,4733.93,2025-08-03
L0002066,637,Broker,7450.36,0,0.0,1655.22,1,26156.85,2024-11-24
L0002067,727,Branch,22316.11,0,0.0,4356.64,4,7933.72,2021-12-09
L0002068,670,Online,31731.19,0,0.0,2537.03,2,19921.49,2025-08-19
L0002069,704,Branch,28982.2,0,0.0,5377.64,1,14871.68,2023-05-17
L0002070,702,Broker,17582.35,0,0.0,2235.12,3,19394.25,2024-05-06
L0002071,742,Broker,48823.84,0,0.0,2512.82,1,4712.28,2025-01-15
L0002072,740,Broker,29340.38,0,0.0,4697.59,3,5515.78,2021-11-23
L0002073,753,Broker,41922.85,0,0.0,4737.11,4,7.75,2022-05-01
L0002074,878,Broker,33816.39,0,0.0,2633.98,2,1329.01,2022-09-07
L0002075,821,Branch,45876.22,0,0.0,2331.02,3,4463.97,2023-12-20
L0002076,681,Broker,37543.69,0,0.0,1242.21,4,11967.43,2026-01-13
L0002077,651,Broker,58019.1,0,0.0,7061.41,3,22633.87,2025-02-13
L0002078,597,Broker,28191.25,1,18342.36,-6101.02,2,24082.28,2022-11-08
L0002079,689,Broker,32642.68,0,0.0,4144.96,2,19345.82,2024-09-30
L0002080,713,Online,37883.69,0,0.0,6976.06,1,14118.48,2023-11-13
L0002081,760,Online,26602.82,0,0.0,1419.28,3,8639.18,2024-04-04
L0002082,700,Branch,49056.86,0,0.0,3014.97,2,6117.0,2025-07-17
L0002083,683,Branch,31051.43,0,0.0,9917.15,3,12158.35,2021-11-12
L0002084,668,Branch,7026.17,1,3677.82,-925.46,4,14075.2,2021-10-26
L0002085,671,Broker,20584.67,0,0.0,2673.47,4,13513.17,2025-01-10
L0002086,718,Branch,50754.93,0,0.0,980.06,2,17943.75,2026-03-23
L0002087,654,Online,37881.73,0,0.0,15635.6,1,9104.35,2021-09-11
L0002088,714,Branch,37144.29,0,0.0,7114.88,3,6411.3,2022-06-21
L0002089,801,Branch,29839.03,0,0.0,2968.51,1,3186.35,2021-08-03
L0002090,764,Online,30816.89,1,23917.29,-23594.91,4,9468.13,2026-03-14
L0002091,776,Branch,44432.2,0,0.0,3513.13,2,268.68,2022-11-01
L0002092,723,Branch,45053.56,0,0.0,913.35,4,14835.55,2026-03-25
L0002093,581,Broker,27473.26,0,0.0,12124.92,4,17894.3,2023-02-16
L0002094,670,Online,37590.67,0,0.0,6871.12,3,13863.46,2024-02-03
L0002095,775,Branch,59912.71,0,0.0,4932.21,3,4375.12,2022-09-18
L0002096,709,Online,37450.76,0,0.0,1830.36,2,12095.12,2025-12-02
L0002097,656,Branch,47715.6,0,0.0,2435.25,3,15373.22,2025-12-14
L0002098,650,Branch,58256.25,0,0.0,20107.73,3,6764.51,2022-07-28
L0002099,672,Broker,16607.2,0,0.0,2886.44,1,13142.41,2024-04-26
L0002100,-9999,Broker,55784.34,0,0.0,15226.46,1,20777.94,2023-08-21
L0002101,756,Branch,17517.79,0,0.0,1179.65,3,8921.7,2023-10-31
L0002102,654,Online,10270.98,0,0.0,1489.68,3,14415.5,2025-05-18
L0002103,741,Broker,8572.03,0,0.0,1382.86,3,3312.29,2022-09-23
L0002104,609,Broker,7346.7,1,4389.46,-1093.76,3,17633.12,2022-09-07
L0002105,734,Broker,49371.86,0,0.0,7972.47,4,9790.75,2022-02-23
L0002106,777,Branch,39293.38,0,0.0,3268.94,1,2269.27,2022-11-18
L0002107,685,Online,18674.2,0,0.0,5131.65,4,26950.86,2023-04-27
L0002108,627,Branch,8339.83,1,5594.98,-1623.15,1,21758.77,2022-03-03
L0002109,664,Branch,26176.36,0,0.0,4704.8,3,24440.92,2024-04-06
L0002110,707,Branch,36428.92,0,0.0,8104.52,3,2612.91,2022-04-28
L0002111,749,Broker,53406.6,0,0.0,4537.76,4,10643.46,2023-06-24
L0002112,759,Branch,33335.87,0,0.0,1801.18,1,8871.53,2023-12-07
L0002113,693,Broker,17967.86,0,0.0,5023.97,3,18510.54,2022-02-24
L0002114,655,Branch,18084.09,0,0.0,2767.82,4,19079.22,2024-11-05
L0002115,617,Online,43583.79,1,22623.6,-5572.59,1,27183.72,2022-10-18
L0002116,683,Broker,13024.07,0,0.0,770.3,1,8388.4,2025-08-24
L0002117,674,Branch,6215.96,0,0.0,1202.71,4,15328.94,2024-05-19
L0002118,716,Branch,48955.31,0,0.0,10192.98,1,8423.19,2022-03-02
L0002119,677,Broker,15704.27,0,0.0,2811.67,1,18962.74,2023-12-10
L0002120,688,Broker,14711.6,0,0.0,3964.93,3,5798.49,2022-07-09
L0002121,680,Online,27162.4,1,21211.27,-15389.34,2,23100.62,2024-03-28
L0002122,703,Branch,38116.92,0,0.0,2831.44,3,13720.54,2025-05-02
L0002123,718,Branch,38250.73,0,0.0,2345.06,1,11544.72,2025-04-14
L0002124,737,Broker,38674.52,0,0.0,4536.72,3,7320.19,2023-02-09
L0002125,738,Branch,28674.81,0,0.0,2343.9,4,5277.88,2024-02-14
L0002126,699,Broker,42480.67,0,0.0,6260.21,1,12804.11,2023-12-20
L0002127,735,Online,28656.43,0,0.0,3372.3,4,3419.03,2024-06-25
L0002128,612,Broker,19628.99,0,0.0,6064.82,1,23267.43,2023-10-10
L0002129,635,Branch,36093.22,0,0.0,16086.71,1,22224.22,2021-10-22
L0002130,621,Online,7545.18,0,0.0,3979.94,4,12497.75,2022-01-25
L0002131,714,Broker,31091.96,0,0.0,1518.89,3,7685.76,2025-07-17
L0002132,728,Online,59311.96,0,0.0,9669.92,2,19380.6,2023-10-19
L0002133,643,Broker,47467.11,0,0.0,15710.99,4,2416.78,2022-11-25
L0002134,658,Branch,26381.55,0,0.0,6112.57,2,18109.11,2023-08-14
L0002135,757,Branch,57034.66,0,0.0,6174.13,1,0.0,2021-09-17
L0002136,687,Online,10007.53,0,0.0,2957.12,1,12054.31,2023-08-05
L0002137,687,Online,15380.29,0,0.0,1182.44,4,15149.93,2025-08-09
L0002138,717,Broker,57421.62,0,0.0,8141.32,2,16752.47,2023-05-31
L0002139,781,Branch,18589.61,0,0.0,287.78,4,5344.67,2025-12-22
L0002140,659,Branch,53055.0,0,0.0,18687.96,4,14069.29,2022-02-28
L0002141,695,Broker,23718.7,0,0.0,3234.37,2,12521.67,2024-06-22
L0002142,711,Broker,41660.38,0,0.0,3006.97,1,13222.4,2025-02-04
L0002143,810,Branch,20380.34,0,0.0,2131.79,4,5677.29,2022-03-23
L0002144,724,Branch,15561.61,0,0.0,397.43,3,6071.25,2025-11-04
L0002145,759,Online,5629.96,0,0.0,683.84,1,18708.12,2022-05-26
L0002146,619,Branch,38896.23,0,0.0,5335.34,1,16974.75,2025-04-03
L0002147,658,Online,5370.31,0,0.0,2402.15,2,14599.93,2021-10-23
L0002148,766,Broker,51133.21,1,32741.96,-30571.82,2,11915.65,2024-11-09
L0002149,683,Broker,16313.78,0,0.0,5362.09,1,11860.93,2021-10-16
L0002150,-9999,Broker,58561.8,0,0.0,16617.09,1,30320.58,2023-06-26
L0002151,765,Branch,58304.57,0,0.0,6101.61,3,9970.16,2021-09-01
L0002152,714,Branch,21206.4,0,0.0,472.36,1,19476.18,2026-01-23
L0002153,683,Broker,39414.34,0,0.0,6080.51,4,10927.77,2024-03-02
L0002154,726,Broker,37973.61,0,0.0,2312.98,3,6855.02,2025-03-09
L0002155,699,Branch,36424.35,0,0.0,6383.89,1,2349.51,2023-08-30
L0002156,710,Broker,46941.75,1,36602.15,-25617.92,3,16642.59,2021-10-03
L0002157,752,Branch,30901.39,0,0.0,2743.99,4,2882.27,2023-02-11
L0002158,723,Broker,39481.83,0,0.0,4128.75,4,11231.0,2024-04-06
L0002159,699,Branch,42189.55,0,0.0,1264.14,1,4693.11,2025-12-23
L0002160,669,Broker,34098.18,0,0.0,7099.94,2,14481.6,2023-11-04
L0002161,555,Online,48776.79,0,0.0,19782.64,4,21134.43,2023-08-20
L0002162,710,Broker,36867.34,0,0.0,8794.41,1,18155.03,2021-09-03
L0002163,742,Online,15609.26,0,0.0,1380.21,3,15291.68,2024-07-01
L0002164,575,Online,31310.25,0,0.0,9622.16,2,29911.32,2024-02-26
L0002165,672,Online,35622.96,0,0.0,5085.2,4,17520.75,2024-07-31
L0002166,740,Broker,45588.57,0,0.0,2592.52,1,11232.75,2024-12-13
L0002167,716,Online,39889.56,1,23227.62,-11606.61,4,13576.24,2022-03-31
L0002168,721,Branch,37878.35,1,26316.28,-24791.52,3,8454.52,2025-07-05
L0002169,691,Broker,54547.19,0,0.0,15233.87,1,5781.51,2021-12-13
L0002170,727,Online,6903.62,0,0.0,1433.02,2,10035.23,2024-01-10
L0002171,664,Branch,24238.09,0,0.0,8914.61,3,9955.84,2021-12-24
L0002172,739,Broker,16923.88,0,0.0,1153.71,2,10057.8,2024-12-22
L0002173,709,Online,39256.32,0,0.0,11709.03,1,3748.67,2022-04-14
L0002174,689,Branch,44104.76,0,0.0,5999.04,4,11679.2,2024-04-15
L0002175,621,Broker,17143.92,0,0.0,8143.25,3,25363.86,2022-02-07
L0002176,778,Branch,59592.9,0,0.0,2279.64,2,8015.45,2024-12-27
L0002177,759,Online,21927.96,0,0.0,2660.36,2,3109.94,2021-11-10
L0002178,694,Broker,42647.16,0,0.0,6840.66,1,15852.68,2023-12-22
L0002179,645,Broker,17113.77,0,0.0,3310.37,4,16208.1,2024-08-26
L0002180,721,Branch,25366.48,0,0.0,1137.91,3,7190.44,2025-08-24
L0002181,710,Branch,15813.69,1,7002.71,-2745.8,4,15374.04,2021-07-02
L0002182,737,Broker,23307.16,0,0.0,1139.74,3,7718.75,2025-08-13
L0002183,601,Broker,12466.7,0,0.0,6674.42,1,7329.4,2021-11-08
L0002184,675,Branch,6219.79,0,0.0,1220.87,3,20303.19,2024-03-29
L0002185,722,Branch,52609.61,0,0.0,3832.18,2,10135.43,2024-12-07
L0002186,722,Broker,8281.33,0,0.0,1345.71,3,9162.36,2023-11-27
L0002187,671,Branch,54783.25,0,0.0,14693.53,3,12853.31,2022-11-22
L0002188,604,Branch,6413.87,0,0.0,1881.15,4,20604.09,2024-07-06
L0002189,737,Broker,50705.92,0,0.0,4961.13,1,7079.88,2023-10-27
L0002190,677,Branch,34517.59,0,0.0,11604.62,3,20178.97,2021-11-05
L0002191,753,Branch,24901.89,0,0.0,2544.49,4,13095.31,2022-07-05
L0002192,697,Online,33335.63,1,13074.92,-2700.2,1,4975.94,2022-07-02
L0002193,700,Branch,32565.67,0,0.0,3287.98,1,9760.3,2024-12-20
L0002194,678,Online,30005.94,0,0.0,4051.59,1,14662.72,2024-08-24
L0002195,711,Broker,25620.53,0,0.0,2071.45,2,18253.91,2024-12-07
L0002196,723,Online,39649.62,0,0.0,9138.23,3,21776.4,2022-10-11
L0002197,758,Branch,27031.2,0,0.0,946.23,4,12026.21,2025-03-09
L0002198,604,Branch,9197.37,1,5878.2,-1313.24,2,21411.89,2022-03-30
L0002199,681,Branch,42275.04,0,0.0,5504.19,2,24343.98,2024-09-01
L0002200,-9999,Broker,15222.1,0,0.0,3572.76,4,11798.32,2023-06-16
L0002201,699,Broker,40988.75,0,0.0,5103.97,4,18088.87,2024-05-27
L0002202,683,Branch,19302.39,0,0.0,5825.56,3,8624.95,2022-03-16
L0002203,759,Branch,34341.45,0,0.0,2320.55,3,4457.69,2023-03-25
L0002204,706,Branch,27610.46,0,0.0,3940.05,2,19927.27,2024-01-03
L0002205,751,Online,45850.91,0,0.0,2799.02,1,2197.8,2024-02-13
L0002206,723,Online,13052.19,0,0.0,2828.0,3,13072.36,2023-02-05
L0002207,722,Online,17686.46,0,0.0,4260.86,4,15174.95,2022-10-26
L0002208,645,Branch,58429.66,0,0.0,17501.14,4,17230.7,2023-01-31
L0002209,707,Online,40345.37,1,24757.03,-18191.36,2,13970.24,2024-05-26
L0002210,723,Broker,41667.42,0,0.0,1363.29,2,12312.88,2025-11-18
L0002211,690,Online,36959.25,0,0.0,10188.74,2,17608.49,2023-02-17
L0002212,657,Branch,28637.33,1,13811.26,-1766.91,2,14918.17,2021-07-15
L0002213,677,Broker,41195.4,0,0.0,5611.47,3,5404.73,2024-07-09
L0002214,635,Online,37066.59,0,0.0,14977.25,2,13504.37,2022-05-25
L0002215,625,Online,37138.4,0,0.0,8712.03,2,15108.36,2024-04-02
L0002216,609,Broker,57045.51,1,27763.13,-24153.55,1,24194.18,2025-12-24
L0002217,646,Broker,10117.33,0,0.0,2870.18,2,9415.21,2023-09-23
L0002218,680,Branch,49215.72,0,0.0,15604.94,4,7262.15,2021-11-10
L0002219,672,Branch,5548.51,0,0.0,1521.72,1,22618.3,2023-07-29
L0002220,740,Branch,32401.22,0,0.0,1555.0,4,8829.33,2025-02-26
L0002221,799,Broker,8309.6,0,0.0,1139.5,4,4106.75,2022-11-16
L0002222,778,Broker,46365.37,0,0.0,632.07,1,11535.13,2025-10-23
L0002223,579,Broker,50497.51,0,0.0,3113.81,1,33874.61,2026-01-18
L0002224,726,Broker,48482.98,0,0.0,4131.61,2,6124.68,2024-07-14
L0002225,654,Broker,20472.7,0,0.0,2328.31,2,14651.46,2025-05-06
L0002226,649,Online,36726.79,0,0.0,12671.61,2,6387.5,2022-07-11
L0002227,719,Broker,10258.24,0,0.0,816.12,4,1846.91,2025-12-05
L0002228,745,Broker,19817.09,0,0.0,1856.17,1,12313.69,2023-05-06
L0002229,810,Branch,11790.92,0,0.0,1432.43,4,7741.59,2021-08-19
L0002230,696,Broker,9083.2,0,0.0,904.6,1,16883.76,2024-12-27
L0002231,681,Online,42065.1,0,0.0,15228.77,4,16811.92,2022-05-24
L0002232,738,Branch,23910.02,0,0.0,1125.42,2,7476.96,2025-10-23
L0002233,764,Branch,29360.79,0,0.0,839.5,1,6338.28,2025-05-12
L0002234,693,Broker,41771.62,0,0.0,5106.55,3,14070.15,2024-07-21
L0002235,652,Broker,35036.38,1,22259.39,-17747.72,2,15333.18,2025-01-19
L0002236,736,Broker,19710.11,0,0.0,3231.68,1,4762.96,2021-11-24
L0002237,698,Broker,9088.0,0,0.0,1951.23,4,16708.94,2022-11-04
L0002238,769,Branch,9111.88,0,0.0,1047.9,4,5205.3,2022-01-14
L0002239,686,Broker,49618.57,0,0.0,13244.56,4,12684.03,2022-06-11
L0002240,686,Broker,20903.58,0,0.0,1675.68,2,10134.92,2025-04-18
L0002241,781,Branch,56117.17,0,0.0,2270.66,1,2218.57,2024-08-15
L0002242,764,Online,24226.01,0,0.0,643.6,3,3110.7,2025-11-01
L0002243,727,Online,29401.37,0,0.0,7419.27,1,10594.76,2022-06-01
L0002244,617,Branch,19442.19,0,0.0,6823.12,3,15998.81,2023-05-17
L0002245,589,Branch,42986.55,0,0.0,13279.22,1,18348.24,2023-12-19
L0002246,671,Branch,5195.14,0,0.0,686.59,3,16299.61,2025-02-10
L0002247,779,Broker,44119.04,0,0.0,2519.89,4,10322.25,2023-09-25
L0002248,685,Broker,58405.32,0,0.0,5740.54,2,7917.2,2025-01-18
L0002249,678,Broker,22514.97,0,0.0,5986.82,1,16517.28,2022-11-17
L0002250,-9999,Broker,57725.6,0,0.0,2308.62,2,4032.78,2024-11-25
L0002251,731,Branch,45906.64,0,0.0,3433.94,3,14283.64,2024-10-14
L0002252,779,Broker,39931.07,0,0.0,4151.69,3,10864.44,2021-07-10
L0002253,707,Broker,58187.31,0,0.0,13364.23,3,3554.21,2022-01-27
L0002254,634,Online,22425.95,0,0.0,8362.37,2,24371.02,2022-09-13
L0002255,709,Branch,20176.78,0,0.0,4061.61,4,8188.94,2022-07-25
L0002256,700,Broker,10628.28,0,0.0,2904.05,2,19890.84,2022-02-09
L0002257,749,Online,7756.27,0,0.0,1317.75,3,8894.77,2022-06-04
L0002258,725,Broker,51487.54,0,0.0,7598.98,1,7241.29,2023-01-23
L0002259,659,Branch,8209.4,0,0.0,1426.3,2,1828.47,2024-10-23
L0002260,733,Broker,7526.19,0,0.0,1345.8,1,10624.08,2022-08-28
L0002261,771,Broker,54087.16,0,0.0,582.32,4,10788.37,2025-12-19
L0002262,705,Branch,34548.51,0,0.0,7545.09,4,3531.25,2022-08-22
L0002263,680,Branch,6603.15,0,0.0,1294.91,4,12301.7,2023-09-23
L0002264,754,Online,23651.18,0,0.0,2580.3,1,8933.7,2021-12-05
L0002265,686,Online,45330.84,0,0.0,10239.43,1,18134.66,2023-10-18
L0002266,646,Branch,25356.76,0,0.0,8914.14,4,18045.73,2022-07-14
L0002267,689,Broker,50759.61,0,0.0,2792.13,2,14523.58,2025-08-16
L0002268,682,Branch,49867.78,0,0.0,15920.9,3,17737.93,2021-10-02
L0002269,725,Branch,32817.44,0,0.0,1382.07,4,2684.22,2025-08-20
L0002270,709,Broker,24189.72,0,0.0,1313.47,2,6043.89,2025-10-12
L0002271,623,Branch,38027.3,0,0.0,9402.41,4,14133.32,2024-01-16
L0002272,672,Branch,16773.89,0,0.0,3584.46,3,17315.71,2023-12-02
L0002273,826,Branch,18354.12,0,0.0,1904.59,2,5229.12,2022-05-30
L0002274,717,Broker,47889.78,1,33254.88,-23520.29,2,19852.76,2022-02-15
L0002275,694,Online,58236.83,0,0.0,11323.66,1,17015.77,2024-01-30
L0002276,671,Branch,17265.65,0,0.0,3369.67,4,17391.66,2024-02-11
L0002277,691,Broker,20968.62,0,0.0,1731.24,3,4357.53,2025-06-07
L0002278,746,Broker,33050.03,0,0.0,3466.32,2,10938.41,2022-11-27
L0002279,735,Branch,21078.08,0,0.0,3503.3,3,14043.54,2021-12-06
L0002280,678,Branch,37094.43,0,0.0,12441.87,4,24605.75,2021-09-07
L0002281,687,Broker,50556.96,1,32679.3,-29290.13,3,16691.19,2025-06-12
L0002282,713,Branch,7607.03,0,0.0,618.09,4,13443.04,2025-08-28
L0002283,728,Branch,30580.3,0,0.0,2466.64,3,6136.82,2024-07-15
L0002284,703,Online,28091.39,0,0.0,7468.87,3,13769.07,2022-12-01
L0002285,605,Branch,8397.01,0,0.0,3499.41,4,6697.63,2022-10-31
L0002286,626,Broker,28901.67,0,0.0,11860.47,1,17265.6,2022-05-12
L0002287,645,Broker,15899.33,0,0.0,4998.44,1,13034.59,2023-04-15
L0002288,676,Broker,20940.05,0,0.0,971.2,3,17497.75,2026-02-19
L0002289,807,Online,11247.69,0,0.0,679.56,2,5280.52,2025-08-22
L0002290,689,Branch,52416.51,0,0.0,6217.66,2,12413.51,2024-09-17
L0002291,705,Broker,6575.62,0,0.0,235.81,2,11249.24,2026-03-08
L0002292,621,Branch,9669.7,0,0.0,804.42,2,19617.35,2025-09-08
L0002293,671,Online,7655.1,0,0.0,755.98,3,11352.36,2025-10-27
L0002294,681,Online,50305.96,0,0.0,9757.03,3,25938.71,2024-04-18
L0002295,700,Online,39624.18,0,0.0,3052.7,2,15113.1,2025-06-13
L0002296,735,Online,31434.63,0,0.0,1813.92,1,8103.4,2025-08-27
L0002297,560,Online,50589.95,0,0.0,32939.96,2,22265.71,2021-11-29
L0002298,659,Broker,59213.34,0,0.0,5763.87,1,12969.51,2025-04-12
L0002299,619,Broker,42800.39,0,0.0,8445.11,3,22556.32,2024-08-24
L0002300,-9999,Online,28084.54,0,0.0,8240.44,3,10892.84,2022-01-12
L0002301,657,Broker,53783.55,0,0.0,10111.62,2,12290.26,2024-04-05
L0002302,835,Branch,54939.13,0,0.0,3995.65,3,3070.25,2023-01-19
L0002303,724,Online,39460.58,0,0.0,7582.09,2,2509.3,2023-07-05
L0002304,634,Online,26237.68,0,0.0,10180.28,2,5957.56,2022-08-11
L0002305,716,Broker,10500.91,0,0.0,1197.58,1,8721.63,2024-09-09
L0002306,778,Branch,32337.22,0,0.0,1398.2,4,9927.57,2024-08-17
L0002307,753,Broker,24036.92,0,0.0,604.85,1,9036.05,2025-12-04
L0002308,777,Broker,40656.46,0,0.0,3873.75,1,8973.2,2022-02-10
L0002309,744,Broker,53682.95,0,0.0,4963.43,2,7723.57,2023-09-04
L0002310,653,Branch,53413.08,0,0.0,5835.45,1,11165.04,2025-04-27
L0002311,678,Online,37323.08,0,0.0,11748.63,2,17550.89,2022-02-28
L0002312,707,Broker,57441.29,0,0.0,13504.52,3,12897.44,2021-12-17
L0002313,716,Online,52449.67,0,0.0,7688.58,4,6307.7,2024-05-13
L0002314,770,Online,55776.32,0,0.0,1177.58,1,9324.28,2025-06-01
L0002315,656,Broker,33071.64,0,0.0,5682.02,3,14368.2,2024-05-01
L0002316,718,Online,13866.33,0,0.0,3003.97,4,1549.35,2023-07-27
L0002317,748,Online,52265.7,0,0.0,4428.98,2,8694.24,2023-05-02
L0002318,669,Branch,41875.14,0,0.0,5524.42,3,4032.59,2024-11-02
L0002319,688,Branch,10769.02,0,0.0,2524.01,2,20808.68,2022-10-14
L0002320,617,Broker,57820.17,0,0.0,24288.74,1,8217.1,2022-07-22
L0002321,687,Branch,15950.01,0,0.0,2593.44,2,17135.41,2024-03-08
L0002322,648,Broker,36982.6,0,0.0,14150.72,1,22943.78,2022-03-17
L0002323,680,Broker,45747.94,1,23059.87,-7684.48,4,0.0,2021-07-09
L0002324,652,Branch,14743.86,0,0.0,2803.97,3,16774.88,2024-08-05
L0002325,621,Online,19166.28,0,0.0,1792.37,3,17184.2,2025-09-13
L0002326,628,Online,49124.15,0,0.0,20066.69,1,12281.13,2022-05-19
L0002327,769,Online,37412.56,0,0.0,1583.64,1,6037.3,2024-11-12
L0002328,660,Branch,45838.56,0,0.0,17614.12,4,17601.04,2021-10-30
L0002329,701,Online,32880.75,0,0.0,5826.73,2,8827.15,2024-04-05
L0002330,770,Online,44791.38,0,0.0,2137.36,1,2331.2,2024-03-31
L0002331,721,Branch,50667.15,0,0.0,2529.42,2,9050.28,2025-07-13
L0002332,702,Branch,8095.86,0,0.0,1672.32,4,11030.67,2023-10-28
L0002333,748,Online,33208.11,0,0.0,3889.06,2,7835.11,2022-05-10
L0002334,733,Online,13717.23,0,0.0,3217.1,3,12526.37,2023-01-12
L0002335,824,Branch,34107.67,0,0.0,3156.89,4,0.0,2022-02-27
L0002336,647,Branch,22083.21,0,0.0,6460.19,3,2626.51,2023-03-02
L0002337,694,Broker,25925.61,0,0.0,1533.38,2,13018.99,2025-07-01
L0002338,696,Branch,46324.43,0,0.0,3704.57,2,8242.68,2025-04-28
L0002339,673,Broker,40334.66,0,0.0,6515.41,3,16053.65,2024-05-24
L0002340,707,Branch,50669.16,0,0.0,4326.74,3,10948.3,2024-11-13
L0002341,614,Online,14283.84,0,0.0,3235.94,3,12826.9,2024-08-16
L0002342,629,Online,31886.93,0,0.0,3684.15,2,6015.2,2025-04-08
L0002343,716,Branch,33349.76,0,0.0,5480.62,4,12827.16,2023-03-03
L0002344,765,Online,20945.84,1,6285.17,-4187.81,4,11214.42,2021-11-22
L0002345,765,Broker,21145.33,0,0.0,1588.68,1,5893.44,2023-06-25
L0002346,731,Branch,46743.82,0,0.0,2005.5,3,17838.85,2025-05-04
L0002347,714,Branch,22253.77,0,0.0,3208.96,1,21697.5,2023-08-07
L0002348,745,Online,48408.67,1,31712.23,-29921.8,3,4447.63,2025-04-26
L0002349,740,Broker,58424.53,0,0.0,5181.95,1,10995.75,2023-10-12
L0002350,-9999,Branch,23811.4,0,0.0,8477.58,1,18466.27,2022-09-14
L0002351,722,Broker,37035.43,0,0.0,5924.8,2,10945.97,2023-01-29
L0002352,725,Broker,44851.62,0,0.0,7103.25,2,10434.95,2022-08-30
L0002353,769,Broker,49613.64,0,0.0,2915.1,3,6996.22,2023-07-30
L0002354,791,Branch,36165.85,0,0.0,2256.61,4,2280.17,2024-02-23
L0002355,588,Online,46547.48,0,0.0,11339.59,1,39399.58,2024-07-19
L0002356,723,Online,35948.76,0,0.0,6253.67,2,6803.9,2023-10-28
L0002357,704,Branch,55151.56,0,0.0,2803.13,4,3102.87,2025-09-23
L0002358,668,Online,11899.01,0,0.0,4268.75,2,6506.62,2021-11-22
L0002359,590,Broker,28791.97,0,0.0,6842.24,4,31231.01,2024-08-02
L0002360,735,Branch,22370.23,0,0.0,1612.76,3,10369.28,2024-09-10
L0002361,717,Branch,59241.93,0,0.0,5573.01,3,10539.18,2024-07-03
L0002362,703,Online,56163.15,0,0.0,2837.48,2,17403.46,2025-11-02
L0002363,682,Broker,5774.41,0,0.0,1620.66,3,11413.27,2022-09-06
L0002364,777,Branch,50912.48,0,0.0,2675.87,1,2659.56,2023-12-29
L0002365,684,Online,47175.97,0,0.0,12827.05,3,6834.64,2023-05-29
L0002366,658,Online,45228.14,0,0.0,1437.8,4,11599.03,2026-02-02
L0002367,784,Online,20547.51,0,0.0,809.9,1,3563.25,2025-01-20
L0002368,730,Branch,26038.47,0,0.0,4908.96,1,11464.65,2021-12-18
L0002369,675,Broker,12813.65,0,0.0,3432.85,1,22427.56,2022-10-28
L0002370,638,Online,36879.26,0,0.0,2300.41,2,17085.05,2025-10-20
L0002371,649,Branch,49599.92,0,0.0,11012.84,3,0.0,2023-12-20
L0002372,662,Branch,30505.82,0,0.0,10660.64,1,19396.37,2022-02-25
L0002373,690,Branch,48462.54,0,0.0,9407.86,4,17891.96,2023-05-07
L0002374,727,Branch,27947.41,0,0.0,2953.32,1,9540.86,2024-04-22
L0002375,695,Online,40202.65,0,0.0,2421.34,3,11695.7,2025-09-15
L0002376,737,Broker,47877.9,0,0.0,4902.06,2,0.0,2023-07-22
L0002377,753,Branch,54905.91,0,0.0,4754.07,3,6677.14,2023-03-09
L0002378,608,Online,13571.84,0,0.0,5310.84,1,10523.23,2023-03-24
L0002379,637,Branch,49089.9,0,0.0,6211.75,2,20659.3,2025-03-02
L0002380,739,Branch,31233.72,0,0.0,3686.28,2,2471.94,2023-05-26
L0002381,681,Broker,45522.83,0,0.0,7573.19,3,26863.48,2024-02-08
L0002382,628,Online,57588.45,0,0.0,5265.1,3,19472.54,2025-08-03
L0002383,719,Branch,11332.78,0,0.0,2359.01,3,13804.11,2022-08-04
L0002384,647,Online,41473.54,0,0.0,14549.07,2,10638.44,2022-08-22
L0002385,686,Online,55327.21,0,0.0,22627.12,4,13174.73,2021-09-27
L0002386,744,Broker,25251.68,0,0.0,1246.5,4,12410.13,2025-05-18
L0002387,738,Branch,29417.56,0,0.0,2076.03,4,7730.92,2024-05-01
L0002388,636,Online,34391.12,1,23843.52,-13643.29,1,10156.4,2023-06-26
L0002389,663,Branch,31254.8,0,0.0,6834.93,3,6435.89,2023-11-15
L0002390,811,Broker,12564.3,0,0.0,1219.24,1,5810.12,2022-09-14
L0002391,785,Broker,52884.14,0,0.0,4551.26,1,7154.95,2022-09-12
L0002392,697,Broker,57120.48,0,0.0,3732.59,3,9221.35,2025-05-13
L0002393,684,Broker,24292.38,0,0.0,4037.68,4,12386.96,2024-01-15
L0002394,773,Broker,29951.93,0,0.0,986.26,3,7527.82,2025-03-03
L0002395,751,Online,38613.06,0,0.0,4368.47,3,3321.84,2022-02-08
L0002396,668,Branch,13333.46,0,0.0,2237.78,2,16191.1,2024-05-12
L0002397,770,Broker,19834.78,0,0.0,1342.55,3,10080.81,2024-05-06
L0002398,778,Branch,47082.12,0,0.0,3541.44,3,6355.54,2022-09-23
L0002399,717,Broker,26959.15,0,0.0,6298.57,1,9291.32,2021-10-14
L0002400,-9999,Online,8082.1,0,0.0,3201.09,3,10442.06,2021-10-16
L0002401,763,Broker,31879.7,0,0.0,2167.44,4,6259.41,2023-12-27
L0002402,616,Branch,42416.96,0,0.0,16402.88,2,19231.68,2022-11-12
L0002403,555,Broker,58225.21,1,23773.17,14902.08,1,28739.73,2021-11-15
L0002404,713,Branch,5712.67,0,0.0,1204.49,3,14206.87,2023-05-29
L0002405,701,Broker,38483.04,0,0.0,10352.09,4,12413.88,2021-09-13
L0002406,609,Online,41120.03,0,0.0,9735.77,2,13192.32,2024-05-27
L0002407,786,Broker,25393.84,0,0.0,2267.91,4,7314.91,2022-04-12
L0002408,681,Broker,23059.75,0,0.0,4832.04,2,10240.21,2023-06-15
L0002409,620,Online,40911.56,0,0.0,5430.42,3,20305.73,2025-03-13
L0002410,637,Broker,41350.26,0,0.0,17299.98,3,12536.93,2022-02-05
L0002411,776,Broker,19586.27,0,0.0,1894.94,2,6683.44,2022-06-06
L0002412,641,Branch,42898.91,0,0.0,15910.62,1,6045.64,2022-06-06
L0002413,672,Online,23695.35,0,0.0,7659.74,4,17235.74,2022-02-14
L0002414,755,Online,16702.38,0,0.0,1849.53,3,6603.54,2021-11-21
L0002415,665,Branch,13193.08,0,0.0,4687.05,2,0.0,2021-12-26
L0002416,751,Broker,39824.22,0,0.0,5136.97,4,3644.03,2021-12-11
L0002417,672,Broker,53246.85,0,0.0,17028.35,1,19754.11,2022-02-06
L0002418,623,Broker,16014.25,0,0.0,3425.51,2,21450.63,2024-08-13
L0002419,799,Broker,32734.1,0,0.0,2495.51,4,9141.65,2022-11-07
L0002420,679,Branch,20950.36,0,0.0,4855.8,4,7288.05,2023-05-04
L0002421,676,Branch,48067.45,0,0.0,16496.44,3,2147.37,2021-08-31
L0002422,604,Branch,43470.98,0,0.0,22655.05,1,18944.4,2021-12-16
L0002423,699,Broker,59345.4,0,0.0,8839.49,2,7308.35,2023-12-20
L0002424,744,Branch,42860.12,0,0.0,2147.55,3,8652.7,2024-12-16
L0002425,749,Broker,45389.28,0,0.0,6513.58,4,6931.07,2021-07-21
L0002426,664,Online,49276.58,0,0.0,3702.71,3,16852.12,2025-07-04
L0002427,770,Online,28982.12,0,0.0,2918.69,1,11774.48,2021-09-04
L0002428,706,Online,19642.21,0,0.0,6255.34,3,1572.0,2022-02-23
L0002429,675,Online,11189.2,0,0.0,1649.01,3,0.0,2025-01-14
L0002430,739,Online,17088.99,0,0.0,1260.97,4,9761.5,2025-07-06
L0002431,693,Branch,56853.16,0,0.0,14887.29,2,18432.89,2022-03-04
L0002432,697,Broker,55405.66,0,0.0,6205.86,1,1296.04,2024-08-03
L0002433,706,Broker,19470.11,0,0.0,1570.25,2,6587.76,2025-04-12
L0002434,706,Online,32586.92,0,0.0,9338.69,2,14639.72,2022-09-16
L0002435,698,Online,46378.31,0,0.0,8458.68,4,9427.32,2024-03-03
L0002436,732,Online,51203.58,0,0.0,11424.91,3,1334.5,2022-07-08
L0002437,667,Broker,25510.3,0,0.0,4414.14,2,5141.63,2024-04-16
L0002438,674,Broker,45766.27,0,0.0,1139.03,4,12337.77,2026-01-31
L0002439,669,Online,24581.93,0,0.0,4039.28,4,24502.65,2024-05-03
L0002440,748,Broker,45011.81,1,27932.43,-23438.16,4,21617.07,2022-11-17
L0002441,613,Online,20345.17,0,0.0,6201.53,2,5507.12,2023-09-02
L0002442,737,Online,55143.32,0,0.0,4033.67,3,4794.04,2025-03-16
L0002443,688,Broker,35605.59,0,0.0,4474.51,3,17650.57,2024-07-29
L0002444,687,Broker,13371.56,0,0.0,621.36,3,15853.07,2026-01-31
L0002445,733,Broker,10066.64,0,0.0,1485.29,2,16508.25,2023-04-14
L0002446,696,Online,7678.71,1,2317.25,-1003.3,4,10953.2,2024-04-21
L0002447,789,Broker,49565.01,0,0.0,3078.03,1,9545.39,2023-08-12
L0002448,636,Online,46117.01,0,0.0,9830.73,3,2234.93,2024-04-22
L0002449,734,Broker,34389.99,0,0.0,813.34,2,15970.3,2026-01-06
L0002450,-9999,Branch,55230.79,0,0.0,22323.83,4,9691.26,2022-07-11
L0002451,739,Broker,24681.78,0,0.0,1917.35,2,6638.55,2024-08-10
L0002452,693,Broker,39763.21,1,16226.18,-13163.72,3,15318.99,2025-03-04
L0002453,820,Broker,27319.64,0,0.0,2098.7,3,3119.83,2022-08-04
L0002454,687,Branch,29639.79,0,0.0,7923.04,3,4214.18,2022-04-02
L0002455,764,Online,48551.4,0,0.0,5021.68,2,13299.96,2021-09-08
L0002456,737,Broker,30632.33,0,0.0,4425.01,2,3494.43,2022-05-04
L0002457,693,Online,8027.54,1,3145.04,-2840.2,2,7634.48,2026-03-23
L0002458,741,Online,19573.52,0,0.0,793.12,4,6441.43,2025-08-07
L0002459,728,Online,49235.13,0,0.0,5634.7,3,7039.48,2024-08-21
L0002460,778,Online,28811.3,0,0.0,442.54,1,7681.62,2025-12-08
L0002461,686,Broker,58637.33,0,0.0,2302.4,3,10392.96,2025-12-21
L0002462,690,Branch,44703.94,0,0.0,12966.25,1,9634.67,2021-11-28
L0002463,646,Broker,39074.15,0,0.0,8518.0,3,20175.15,2024-02-24
L0002464,687,Branch,37358.43,0,0.0,6509.51,3,10280.29,2023-10-06
L0002465,638,Branch,58895.77,0,0.0,4490.76,1,12599.75,2025-09-18
L0002466,666,Branch,23706.83,0,0.0,7830.4,1,8647.44,2022-04-18
L0002467,666,Online,45769.87,0,0.0,14092.8,4,12539.06,2022-07-02
L0002468,643,Online,6861.8,0,0.0,1378.47,1,28828.06,2024-08-20
L0002469,708,Broker,17657.86,0,0.0,434.02,3,0.0,2026-01-09
L0002470,753,Branch,30930.68,0,0.0,952.37,3,10157.88,2025-07-24
L0002471,686,Branch,50195.96,0,0.0,7384.88,1,13227.17,2024-04-21
L0002472,637,Online,10202.01,1,6197.34,-1854.2,1,26070.46,2022-07-12
L0002473,697,Branch,56068.51,0,0.0,15326.24,1,12972.78,2021-11-12
L0002474,742,Branch,25086.29,0,0.0,3567.21,4,9252.13,2022-01-10
L0002475,756,Online,34976.69,0,0.0,1638.34,1,9532.86,2025-02-11
L0002476,585,Online,10893.82,1,7236.96,-3603.25,4,19221.94,2024-01-03
L0002477,617,Online,16184.09,0,0.0,7033.59,4,493.48,2022-07-09
L0002478,679,Broker,20875.36,0,0.0,2478.13,1,25653.95,2024-10-29
L0002479,852,Online,45348.39,0,0.0,931.08,3,2569.43,2025-09-27
L0002480,605,Online,14156.92,0,0.0,6672.21,3,25789.02,2022-04-13
L0002481,702,Broker,49084.36,0,0.0,7208.5,2,6932.5,2023-10-16
L0002482,724,Broker,13645.66,0,0.0,2525.27,4,12590.84,2022-06-08
L0002483,560,Broker,12025.66,1,4238.46,1644.25,1,9222.98,2023-02-03
L0002484,653,Broker,48967.92,0,0.0,17195.72,4,9927.18,2022-05-09
L0002485,750,Online,26546.76,0,0.0,2199.48,4,1901.27,2023-04-12
L0002486,688,Online,13759.43,0,0.0,3350.46,2,6102.84,2023-07-27
L0002487,666,Branch,40034.38,0,0.0,11679.71,2,28089.68,2022-10-03
L0002488,671,Broker,17576.39,1,12358.19,-6246.55,2,19852.39,2022-02-10
L0002489,686,Broker,22754.4,0,0.0,1998.13,3,7559.79,2025-04-18
L0002490,692,Broker,37521.56,0,0.0,10033.02,1,7896.62,2022-03-04
L0002491,638,Online,21730.68,0,0.0,4248.37,4,21301.71,2024-08-09
L0002492,671,Online,28602.57,0,0.0,5128.43,2,6635.46,2024-01-01
L0002493,678,Online,29736.98,0,0.0,1419.25,4,9749.01,2025-12-24
L0002494,674,Online,52754.67,0,0.0,12987.92,4,29465.0,2023-01-31
L0002495,681,Broker,52530.25,0,0.0,15463.06,3,22154.81,2022-02-15
L0002496,722,Branch,7018.53,0,0.0,1542.64,2,8898.69,2021-12-18
L0002497,789,Online,25529.12,0,0.0,888.56,1,4621.27,2025-03-03
L0002498,754,Branch,52890.17,0,0.0,2879.71,3,2855.39,2024-05-11
L0002499,749,Online,58947.61,0,0.0,8033.05,1,11826.17,2021-07-30
L0002500,-9999,Branch,42859.27,0,0.0,2281.72,1,18600.89,2025-10-01
L0002501,629,Online,16798.91,0,0.0,3303.92,3,17223.78,2024-09-12
L0002502,734,Broker,54298.43,0,0.0,3798.75,3,10090.36,2024-09-18
L0002503,746,Broker,14021.05,0,0.0,1125.09,1,18804.4,2024-01-14
L0002504,729,Online,45309.11,0,0.0,9755.27,3,2519.21,2022-10-04
L0002505,693,Broker,12342.65,0,0.0,1817.43,2,15120.71,2024-10-04
L0002506,736,Branch,9284.66,0,0.0,647.8,3,3730.09,2025-02-18
L0002507,721,Broker,19239.33,0,0.0,1994.31,1,11825.17,2024-05-06
L0002508,718,Broker,10041.43,0,0.0,1539.48,4,11045.71,2023-04-18
L0002509,800,Branch,47376.2,0,0.0,817.01,1,3764.91,2025-10-23
L0002510,742,Branch,57357.82,0,0.0,4513.5,4,9305.93,2024-03-15
L0002511,686,Online,55172.63,0,0.0,22991.71,2,15443.11,2021-07-11
L0002512,652,Broker,27304.58,0,0.0,6492.66,2,12864.12,2023-09-30
L0002513,792,Online,26527.1,0,0.0,756.23,1,11665.95,2025-04-05
L0002514,745,Broker,51702.49,0,0.0,1215.44,2,6907.7,2025-12-02
L0002515,665,Broker,59387.45,1,43705.54,-32216.55,3,16825.7,2023-12-06
L0002516,618,Branch,39487.72,0,0.0,10946.46,2,7948.51,2023-12-20
L0002517,676,Broker,31321.86,0,0.0,5469.46,4,15742.94,2024-02-12
L0002518,666,Broker,54608.62,0,0.0,5315.46,4,9422.85,2025-03-01
L0002519,683,Broker,24189.87,0,0.0,5204.38,1,10357.09,2023-04-06
L0002520,766,Branch,26182.98,0,0.0,2667.59,1,4602.56,2022-05-17
L0002521,743,Online,23973.22,0,0.0,3701.87,4,2732.47,2021-10-24
L0002522,667,Online,13169.7,0,0.0,1108.02,2,9366.49,2025-06-21
L0002523,685,Online,31570.87,0,0.0,6634.96,2,17734.93,2024-02-07
L0002524,655,Branch,10728.0,0,0.0,3582.03,4,7095.35,2022-11-11
L0002525,652,Broker,37334.66,0,0.0,9781.37,3,8103.3,2023-06-06
L0002526,749,Broker,51049.86,0,0.0,3050.78,2,911.79,2024-05-08
L0002527,857,Broker,12006.56,0,0.0,161.32,4,4527.12,2025-10-13
L0002528,648,Branch,15448.34,0,0.0,5406.49,2,31960.58,2022-09-14
L0002529,729,Branch,18042.31,0,0.0,983.9,3,10696.6,2025-11-07
L0002530,669,Branch,13926.89,0,0.0,4346.44,2,10409.31,2022-06-18
L0002531,698,Online,12388.4,0,0.0,3278.39,2,7974.75,2023-01-11
L0002532,687,Branch,36337.84,0,0.0,4366.42,2,17566.89,2024-10-17
L0002533,729,Branch,34585.17,0,0.0,7161.91,3,14541.31,2021-07-28
L0002534,596,Branch,5243.76,0,0.0,828.99,2,9244.53,2025-09-21
L0002535,688,Branch,41694.29,0,0.0,2377.35,4,12318.54,2025-09-07
L0002536,615,Branch,52690.69,0,0.0,24782.4,4,17672.05,2022-02-07
L0002537,687,Online,12775.61,0,0.0,1827.76,2,5784.78,2025-03-22
L0002538,693,Broker,39593.17,0,0.0,6564.45,2,6333.17,2023-10-15
L0002539,768,Online,11335.69,0,0.0,1302.03,1,3147.7,2022-03-26
L0002540,616,Online,51879.86,0,0.0,9386.21,4,17630.06,2024-10-28
L0002541,737,Broker,18944.93,0,0.0,2545.23,2,10223.65,2023-01-11
L0002542,575,Branch,25320.45,0,0.0,16344.75,2,13545.46,2021-08-21
L0002543,677,Broker,43469.09,0,0.0,4030.9,4,11564.19,2025-03-09
L0002544,659,Online,23118.19,0,0.0,6897.91,1,21195.7,2022-12-27
L0002545,672,Branch,36185.18,0,0.0,10311.56,4,25654.56,2022-08-30
L0002546,700,Broker,33674.56,0,0.0,7816.98,2,15673.54,2022-08-17
L0002547,673,Online,58690.89,0,0.0,2532.15,1,13203.94,2025-12-01
L0002548,652,Branch,58479.91,0,0.0,9550.83,2,26757.05,2024-08-15
L0002549,757,Branch,47907.53,0,0.0,4742.76,3,7815.65,2022-06-23
L0002550,-9999,Branch,17577.42,0,0.0,1766.1,1,7744.88,2024-04-15
L0002551,748,Online,35431.81,0,0.0,4270.81,1,8804.4,2022-03-15
L0002552,724,Online,51586.06,0,0.0,3541.56,2,14342.56,2025-05-10
L0002553,680,Branch,52909.63,0,0.0,10269.07,2,6759.1,2023-08-15
L0002554,713,Broker,40956.7,1,18159.8,-8061.26,2,16807.03,2021-08-14
L0002555,729,Branch,37307.98,0,0.0,6539.86,4,14218.45,2021-12-26
L0002556,677,Broker,29595.52,0,0.0,1540.03,1,11389.12,2025-10-30
L0002557,714,Broker,28212.32,0,0.0,4088.39,2,22051.47,2023-09-01
L0002558,662,Online,51063.13,0,0.0,7351.67,2,5401.83,2024-09-06
L0002559,657,Branch,24845.93,0,0.0,6007.72,3,17852.26,2023-07-15
L0002560,711,Branch,13630.11,0,0.0,2600.65,3,14790.28,2022-08-15
L0002561,755,Branch,51160.33,0,0.0,5911.88,1,7293.34,2021-08-13
L0002562,747,Branch,33933.02,0,0.0,3549.98,2,11918.31,2023-04-05
L0002563,784,Online,6346.58,0,0.0,440.42,1,3286.19,2023-02-07
L0002564,745,Branch,48572.15,0,0.0,5842.4,1,10821.52,2022-06-09
L0002565,702,Branch,41709.12,0,0.0,10413.56,4,6343.12,2022-02-03
L0002566,648,Branch,17666.0,1,10017.85,-2361.36,3,18297.68,2021-10-28
L0002567,603,Online,41106.11,1,13723.79,3681.94,1,40581.66,2022-11-07
L0002568,745,Broker,40672.85,0,0.0,3968.78,3,2059.3,2023-05-01
L0002569,747,Branch,24116.88,0,0.0,2700.15,2,9235.39,2022-12-02
L0002570,742,Branch,24127.35,0,0.0,1794.51,2,11330.49,2024-05-03
L0002571,720,Broker,32112.47,0,0.0,5512.94,1,2761.68,2022-08-28
L0002572,705,Online,19007.9,0,0.0,5182.51,2,10371.78,2023-02-03
L0002573,675,Broker,32746.02,0,0.0,9630.6,2,0.0,2022-05-16
L0002574,625,Broker,14696.07,0,0.0,4705.27,1,14498.69,2023-06-21
L0002575,767,Branch,29604.31,0,0.0,1196.49,3,4291.37,2025-04-12
L0002576,717,Branch,53952.58,0,0.0,5297.41,1,11829.7,2024-07-11
L0002577,707,Branch,38846.43,0,0.0,1407.82,4,7636.49,2026-01-13
L0002578,672,Branch,51234.36,1,21548.36,-6396.63,4,11064.58,2022-07-05
L0002579,794,Broker,12159.23,0,0.0,1280.17,1,10480.23,2021-09-17
L0002580,764,Branch,14158.91,0,0.0,835.19,1,10438.84,2023-12-06
L0002581,758,Branch,6117.61,0,0.0,787.49,4,15970.59,2024-03-03
L0002582,615,Branch,22789.07,0,0.0,2985.08,3,13859.22,2025-06-18
L0002583,722,Online,34375.86,0,0.0,1747.57,1,8267.89,2025-11-04
L0002584,630,Broker,45054.4,0,0.0,4958.84,1,0.0,2025-06-14
L0002585,701,Online,5977.74,0,0.0,1267.34,1,19291.98,2024-04-20
L0002586,662,Broker,7825.61,0,0.0,2603.49,3,11987.99,2022-08-18
L0002587,690,Broker,11652.94,0,0.0,1238.02,3,16173.66,2024-10-03
L0002588,784,Broker,52653.29,0,0.0,1130.32,3,6842.31,2025-11-24
L0002589,736,Branch,10213.26,0,0.0,1011.09,4,12607.96,2024-06-04
L0002590,592,Branch,33266.81,0,0.0,1480.5,3,9739.2,2026-03-13
L0002591,740,Broker,34973.72,0,0.0,1186.68,4,6799.91,2025-09-22
L0002592,701,Online,11059.09,0,0.0,1115.78,1,9609.75,2025-09-12
L0002593,735,Branch,56580.43,0,0.0,1894.01,4,5833.29,2025-07-20
L0002594,659,Broker,28315.28,1,14374.67,-3677.73,4,5202.68,2021-10-07
L0002595,704,Broker,33126.23,0,0.0,1057.2,2,14587.37,2025-10-31
L0002596,639,Branch,23090.09,0,0.0,3767.19,3,12432.48,2024-10-29
L0002597,651,Broker,13832.35,0,0.0,799.92,2,13471.76,2026-01-26
L0002598,786,Branch,57181.34,0,0.0,1231.27,3,8392.08,2025-06-25
L0002599,662,Broker,44990.27,0,0.0,7563.4,1,19837.94,2024-05-27
L0002600,-9999,Branch,42932.51,0,0.0,4878.78,2,6843.27,2024-10-12
L0002601,732,Online,38462.98,0,0.0,10527.3,3,9749.65,2021-10-12
L0002602,784,Broker,46282.41,0,0.0,1580.5,3,2469.49,2025-04-13
L0002603,715,Broker,34348.18,0,0.0,8065.67,3,13711.58,2021-09-10
L0002604,721,Online,42476.43,0,0.0,12580.34,3,9499.3,2021-12-20
L0002605,682,Branch,11638.92,0,0.0,536.35,4,25036.09,2025-10-11
L0002606,687,Branch,38540.73,0,0.0,3068.61,4,13233.72,2025-04-11
L0002607,755,Branch,23950.54,0,0.0,2396.98,3,13218.88,2022-11-20
L0002608,666,Broker,37267.69,0,0.0,8548.05,2,9129.06,2023-08-29
L0002609,768,Broker,9920.47,0,0.0,1124.48,1,4753.07,2023-04-11
L0002610,723,Branch,13866.82,0,0.0,1528.12,1,11018.75,2024-06-30
L0002611,648,Branch,40881.05,0,0.0,8080.23,3,21750.7,2024-03-30
L0002612,756,Online,32486.84,0,0.0,3369.1,3,11667.34,2022-06-14
L0002613,686,Online,15086.24,0,0.0,4109.1,3,19097.25,2023-04-29
L0002614,662,Online,16405.39,0,0.0,6227.93,4,19896.95,2021-12-16
L0002615,718,Branch,24079.7,0,0.0,2880.64,1,12175.13,2024-01-23
L0002616,727,Broker,14705.65,0,0.0,2241.25,3,17300.1,2023-08-13
L0002617,590,Broker,41894.81,0,0.0,19821.29,3,12659.96,2022-08-24
L0002618,681,Broker,20393.66,0,0.0,6975.78,2,15180.41,2021-10-29
L0002619,688,Branch,45112.62,0,0.0,5314.68,1,6574.36,2024-09-19
L0002620,679,Broker,11108.44,0,0.0,677.78,1,4034.22,2025-12-24
L0002621,738,Branch,56529.61,1,22255.92,-15573.85,3,9171.32,2023-01-09
L0002622,705,Online,13475.58,0,0.0,1600.93,1,7869.97,2025-05-10
L0002623,575,Online,45814.44,0,0.0,23578.91,4,10153.75,2022-08-01
L0002624,680,Branch,23610.58,0,0.0,6549.27,3,14446.94,2022-07-09
L0002625,762,Online,14508.24,0,0.0,1120.18,3,9982.31,2022-08-03
L0002626,764,Online,36150.6,0,0.0,4135.29,4,4206.7,2021-07-14
L0002627,690,Online,51223.65,0,0.0,6678.03,1,9478.86,2024-12-19
L0002628,709,Online,9978.75,0,0.0,3595.02,4,15229.91,2021-08-06
L0002629,548,Branch,38735.99,0,0.0,8304.31,4,19405.8,2025-01-01
L0002630,612,Online,31499.04,0,0.0,16918.25,2,20385.34,2021-08-13
L0002631,680,Broker,59323.25,0,0.0,16612.62,1,9499.76,2022-05-05
L0002632,724,Broker,59825.26,0,0.0,4636.7,4,12318.56,2024-08-05
L0002633,660,Online,46417.08,0,0.0,7278.39,3,15889.9,2024-08-30
L0002634,728,Branch,41657.84,0,0.0,7497.17,4,5843.16,2021-11-06
L0002635,671,Online,15084.54,0,0.0,4436.76,2,1522.93,2022-11-13
L0002636,695,Branch,45480.69,0,0.0,6581.52,3,0.0,2024-03-09
L0002637,604,Online,49468.14,0,0.0,6447.85,1,26620.88,2025-05-14
L0002638,684,Broker,37717.21,0,0.0,2986.41,3,14974.14,2025-04-13
L0002639,673,Branch,16134.47,0,0.0,4174.74,3,13009.2,2022-11-29
L0002640,699,Broker,52145.97,0,0.0,3946.77,3,16880.28,2025-04-29
L0002641,734,Online,5823.99,1,1837.24,-775.29,3,12041.73,2023-03-12
L0002642,617,Branch,38436.24,0,0.0,5964.01,3,24468.15,2025-01-13
L0002643,695,Online,43687.44,0,0.0,4911.4,1,16354.67,2025-02-12
L0002644,694,Branch,13490.45,0,0.0,3029.13,4,6834.73,2023-01-31
L0002645,623,Branch,7134.02,0,0.0,1814.21,1,16712.71,2024-05-23
L0002646,805,Broker,40879.56,0,0.0,4415.07,2,324.09,2021-07-05
L0002647,671,Broker,7799.94,0,0.0,3096.74,4,2436.06,2021-12-22
L0002648,669,Online,46817.2,0,0.0,14055.49,2,15400.8,2022-06-27
L0002649,705,Branch,27234.71,0,0.0,6534.72,2,12298.76,2022-04-29
L0002650,-9999,Online,28692.35,0,0.0,3200.52,3,10621.63,2025-03-09
L0002651,717,Broker,22155.44,0,0.0,3706.28,2,4834.13,2023-03-12
L0002652,716,Online,46976.14,0,0.0,10818.19,2,13613.42,2023-01-09
L0002653,677,Broker,50307.73,0,0.0,8853.1,1,13569.72,2023-12-27
L0002654,652,Online,52066.07,0,0.0,1377.66,3,10745.83,2026-03-28
L0002655,706,Online,47959.28,0,0.0,4321.48,4,13097.38,2025-05-28
L0002656,755,Broker,17504.67,0,0.0,276.34,2,7983.38,2026-03-12
L0002657,661,Broker,45468.97,0,0.0,15179.03,2,15206.42,2022-04-11
L0002658,663,Broker,5892.81,0,0.0,2452.77,3,6563.69,2021-06-30
L0002659,699,Branch,32137.89,0,0.0,3102.39,3,10785.03,2025-01-29
L0002660,578,Branch,43497.76,0,0.0,6701.37,3,19822.14,2025-04-15
L0002661,735,Branch,14729.47,0,0.0,1227.9,2,8312.36,2024-04-25
L0002662,703,Online,52307.28,0,0.0,2399.84,1,20696.04,2025-11-01
L0002663,804,Branch,38613.05,0,0.0,1375.3,4,4550.16,2024-11-13
L0002664,708,Branch,54969.83,0,0.0,10470.96,1,11719.77,2022-10-20
L0002665,782,Online,39622.34,0,0.0,1588.78,4,2633.61,2024-12-04
L0002666,600,Branch,28744.32,1,13430.17,-3473.39,2,11624.24,2023-08-12
L0002667,741,Branch,25224.92,0,0.0,4016.0,2,9042.11,2021-08-17
L0002668,739,Branch,57679.99,0,0.0,3797.24,2,4502.11,2024-06-16
L0002669,733,Branch,5187.4,0,0.0,644.87,3,9490.75,2025-08-18
L0002670,628,Online,50184.14,0,0.0,4351.71,4,16774.66,2025-08-04
L0002671,594,Broker,14889.47,0,0.0,4425.19,1,15472.76,2024-02-27
L0002672,634,Online,36374.74,0,0.0,5007.53,4,14706.69,2025-02-17
L0002673,698,Online,54978.99,0,0.0,5712.24,2,6887.35,2025-03-20
L0002674,637,Broker,11667.64,0,0.0,1700.59,4,15803.63,2025-05-01
L0002675,722,Online,53478.6,0,0.0,5939.02,2,5787.89,2024-09-18
L0002676,764,Broker,21755.71,0,0.0,1414.36,1,4071.07,2023-12-29
L0002677,731,Online,33116.6,0,0.0,4765.66,2,15964.37,2024-02-19
L0002678,725,Online,40827.21,0,0.0,4902.9,1,8869.82,2024-08-28
L0002679,704,Broker,32797.6,0,0.0,698.3,2,12085.27,2026-03-17
L0002680,658,Branch,28840.41,0,0.0,11045.18,4,20312.42,2021-11-17
L0002681,685,Branch,41144.8,1,19073.32,-14245.53,1,15342.98,2024-09-03
L0002682,744,Broker,25480.74,0,0.0,4148.32,3,11574.73,2021-09-19
L0002683,673,Branch,17825.95,0,0.0,6545.69,1,9587.15,2021-09-04
L0002684,608,Broker,54514.53,1,20766.89,-4721.71,1,32145.59,2023-11-20
L0002685,828,Online,32138.52,0,0.0,563.12,3,8279.66,2025-08-11
L0002686,704,Online,9415.13,0,0.0,3383.45,4,21081.52,2021-11-10
L0002687,672,Online,11034.57,0,0.0,1163.92,1,25898.52,2025-04-10
L0002688,817,Branch,59328.85,0,0.0,716.19,1,4413.92,2026-02-20
L0002689,665,Branch,8817.17,0,0.0,1721.42,3,12706.17,2024-07-02
L0002690,636,Online,27484.01,0,0.0,7489.58,2,9206.84,2023-09-19
L0002691,666,Broker,45480.92,0,0.0,13070.04,2,12887.8,2022-10-10
L0002692,656,Broker,46823.2,0,0.0,1501.37,2,12627.6,2026-02-06
L0002693,712,Branch,55099.75,0,0.0,2869.1,3,9747.86,2025-07-27
L0002694,780,Online,26826.15,0,0.0,2954.86,3,255.83,2021-07-14
L0002695,651,Branch,25576.25,0,0.0,8755.7,3,14063.92,2022-09-17
L0002696,695,Broker,59003.29,0,0.0,16654.6,1,16877.38,2021-10-27
L0002697,653,Broker,28089.15,0,0.0,3154.77,1,20469.64,2025-02-01
L0002698,666,Broker,5402.12,0,0.0,572.14,2,11024.04,2025-05-08
L0002699,697,Online,58850.48,0,0.0,3558.25,2,13501.54,2025-10-04
L0002700,-9999,Branch,28525.87,0,0.0,2948.88,3,20318.5,2025-02-06
L0002701,714,Online,54490.27,0,0.0,6878.98,1,9901.18,2024-09-25
L0002702,651,Online,5018.91,0,0.0,1555.01,3,6696.41,2023-12-25
L0002703,716,Branch,31552.38,0,0.0,5514.54,1,9962.46,2022-12-03
L0002704,654,Online,40016.51,0,0.0,11124.03,1,11729.34,2023-04-10
L0002705,729,Online,40741.44,1,31343.36,-23202.81,4,14453.57,2023-04-13
L0002706,644,Online,56063.52,0,0.0,4394.98,4,16757.68,2025-08-30
L0002707,741,Branch,26146.14,1,13036.08,-11123.5,4,15294.53,2024-10-10
L0002708,687,Online,59848.76,0,0.0,11883.38,1,8655.86,2024-03-27
L0002709,752,Branch,31088.91,0,0.0,358.13,2,7450.48,2026-02-08
L0002710,667,Broker,51559.71,0,0.0,18803.1,3,5088.79,2021-10-07
L0002711,752,Branch,57370.58,0,0.0,919.88,3,10366.24,2026-01-27
L0002712,818,Branch,47352.37,0,0.0,2252.55,3,5826.11,2024-07-12
L0002713,761,Broker,35712.58,0,0.0,1524.56,1,5417.75,2025-02-05
L0002714,561,Broker,25097.74,1,13265.02,-2350.44,4,22625.4,2023-05-29
L0002715,733,Online,32913.47,0,0.0,3497.57,3,10831.67,2024-08-25
L0002716,702,Online,41598.82,0,0.0,9504.05,4,7786.82,2023-06-11
L0002717,665,Branch,18106.56,0,0.0,5434.05,4,7138.7,2022-08-08
L0002718,676,Online,49407.17,0,0.0,1621.43,2,10624.69,2025-12-31
L0002719,664,Broker,28164.05,0,0.0,3872.39,3,2748.87,2024-10-15
L0002720,785,Broker,50988.21,0,0.0,4777.69,1,9072.55,2021-10-14
L0002721,781,Branch,36632.21,0,0.0,2076.3,2,6623.47,2023-11-03
L0002722,713,Broker,24593.85,0,0.0,5682.46,3,16218.18,2021-09-08
L0002723,713,Broker,33843.92,0,0.0,7096.03,3,8967.24,2022-03-23
L0002724,752,Branch,32456.38,0,0.0,2237.74,1,12700.44,2024-03-12
L0002725,715,Branch,17559.61,0,0.0,3308.46,2,14377.72,2023-01-20
L0002726,611,Branch,24088.26,0,0.0,10447.93,3,14379.3,2022-07-07
L0002727,739,Online,7032.27,0,0.0,1926.62,4,12432.48,2022-05-20
L0002728,699,Broker,25091.66,0,0.0,434.44,1,9041.36,2026-03-17
L0002729,744,Online,14145.16,0,0.0,652.82,4,18183.04,2024-12-23
L0002730,772,Branch,10746.23,0,0.0,837.13,3,5079.73,2023-04-24
L0002731,652,Broker,31154.09,0,0.0,1932.69,3,23336.81,2025-10-13
L0002732,729,Online,45355.34,0,0.0,3739.86,3,5132.17,2025-02-11
L0002733,652,Broker,47558.92,0,0.0,15874.53,3,4189.4,2022-08-14
L0002734,580,Online,37919.13,0,0.0,17798.26,4,3495.47,2022-11-29
L0002735,687,Broker,39669.75,0,0.0,7254.75,1,8648.73,2023-09-27
L0002736,676,Branch,9511.28,1,6333.77,-2971.9,2,16181.33,2021-12-12
L0002737,737,Broker,21561.05,0,0.0,1433.75,1,9172.92,2025-02-24
L0002738,722,Broker,45520.29,0,0.0,4350.2,2,916.56,2024-05-16
L0002739,684,Online,22541.76,0,0.0,1249.0,3,15040.33,2025-12-28
L0002740,666,Online,9492.0,0,0.0,2576.79,3,21071.4,2023-04-12
L0002741,686,Broker,6610.66,0,0.0,1757.18,2,10997.35,2022-08-23
L0002742,701,Online,22923.01,1,9308.24,-2437.69,3,20831.29,2022-10-21
L0002743,599,Broker,8562.78,1,6638.01,-5146.14,4,24275.96,2025-03-30
L0002744,665,Broker,44617.28,0,0.0,2670.95,4,13828.97,2025-10-18
L0002745,740,Branch,7711.36,0,0.0,1356.52,3,8262.8,2021-11-28
L0002746,684,Online,29780.4,0,0.0,8646.23,3,11989.45,2023-04-15
L0002747,757,Broker,19949.96,0,0.0,1052.2,2,9547.02,2024-05-20
L0002748,736,Online,31228.68,0,0.0,3667.81,4,3734.35,2024-06-15
L0002749,656,Online,23464.95,0,0.0,7263.06,3,15244.6,2022-10-02
L0002750,-9999,Broker,31873.13,0,0.0,2432.11,3,9520.58,2022-11-22
L0002751,599,Branch,47212.96,0,0.0,16408.9,4,18163.66,2023-07-22
L0002752,634,Broker,46077.1,0,0.0,10109.92,3,21099.92,2024-03-17
L0002753,700,Branch,31395.98,0,0.0,2756.21,1,17406.08,2025-02-03
L0002754,811,Broker,48825.16,0,0.0,1979.25,1,6201.27,2024-07-23
L0002755,738,Branch,14933.91,0,0.0,1098.15,3,11842.09,2025-05-06
L0002756,749,Branch,38006.31,0,0.0,2364.2,3,5182.6,2024-07-10
L0002757,705,Broker,23619.72,0,0.0,4948.7,3,8140.7,2022-10-03
L0002758,668,Branch,57561.07,0,0.0,6087.56,4,15080.93,2025-02-14
L0002759,695,Branch,18123.87,0,0.0,3595.41,4,13832.48,2023-04-07
L0002760,727,Branch,43662.07,0,0.0,2695.88,2,2731.37,2024-12-24
L0002761,679,Broker,13535.92,0,0.0,4262.35,1,6588.6,2022-05-11
L0002762,725,Online,7455.75,0,0.0,1202.99,4,11128.55,2024-07-20
L0002763,677,Broker,27079.77,0,0.0,5668.86,4,14841.76,2023-07-10
L0002764,752,Branch,28992.54,0,0.0,852.46,1,14559.72,2025-09-21
L0002765,580,Broker,42542.37,0,0.0,14573.13,3,17371.29,2023-10-25
L0002766,750,Broker,16002.74,0,0.0,2542.18,4,1795.01,2021-08-02
L0002767,673,Online,40795.15,1,22203.28,-9385.54,2,17631.45,2022-03-21
L0002768,774,Broker,31022.06,0,0.0,815.9,4,8291.65,2026-01-21
L0002769,836,Broker,21409.54,0,0.0,1065.47,3,2958.08,2025-03-17
L0002770,777,Branch,41308.53,0,0.0,3376.61,2,8801.85,2022-09-29
L0002771,628,Broker,49867.03,0,0.0,13296.94,2,14792.18,2023-11-22
L0002772,621,Branch,58317.98,0,0.0,16414.65,1,7815.29,2023-10-23
L0002773,838,Online,27733.16,0,0.0,1828.61,2,157.77,2023-07-11
L0002774,725,Branch,16407.96,0,0.0,3104.78,4,10269.89,2022-04-09
L0002775,608,Online,54026.88,0,0.0,4368.88,1,32214.8,2025-10-14
L0002776,694,Branch,6053.15,0,0.0,768.97,1,17936.92,2025-11-26
L0002777,696,Branch,51812.06,0,0.0,2249.27,1,14183.67,2025-11-02
L0002778,645,Branch,12980.49,0,0.0,4411.23,1,9711.4,2023-01-19
L0002779,675,Online,8664.18,0,0.0,1276.24,1,14968.46,2025-01-21
L0002780,562,Online,31509.52,1,11899.28,-7333.38,4,26934.63,2025-06-11
L0002781,732,Branch,44404.47,0,0.0,4261.22,4,13760.62,2023-12-09
L0002782,630,Online,24328.99,0,0.0,8553.73,1,16923.87,2022-11-23
L0002783,689,Branch,18932.79,0,0.0,1679.62,4,19984.77,2025-03-05
L0002784,711,Branch,27754.5,0,0.0,3689.78,1,16068.66,2024-01-11
L0002785,690,Online,8892.26,1,3422.6,231.74,3,15379.47,2021-07-10
L0002786,726,Branch,24228.38,1,12247.4,-9612.61,2,11311.05,2024-05-07
L0002787,694,Branch,35357.81,0,0.0,6577.92,2,11102.65,2023-05-26
L0002788,673,Online,41001.69,0,0.0,5215.21,4,12482.17,2024-09-01
L0002789,739,Online,10400.84,0,0.0,245.53,1,10678.71,2026-01-16
L0002790,614,Branch,44091.54,0,0.0,21997.79,4,23238.91,2021-11-18
L0002791,781,Branch,43081.0,0,0.0,811.74,4,2239.87,2025-12-14
L0002792,684,Online,21475.91,0,0.0,1154.64,2,15258.61,2025-12-20
L0002793,643,Branch,54840.2,1,24454.13,-18623.29,3,14032.11,2025-04-24
L0002794,746,Broker,49525.99,0,0.0,718.92,3,6343.43,2026-03-15
L0002795,788,Online,51031.54,0,0.0,4707.45,2,4374.84,2022-03-02
L0002796,747,Branch,11512.76,0,0.0,1459.06,4,1534.74,2021-12-22
L0002797,734,Branch,58163.0,0,0.0,7531.21,1,16312.69,2023-01-23
L0002798,718,Broker,40509.14,0,0.0,811.23,3,14167.28,2026-02-16
L0002799,685,Branch,8773.98,0,0.0,1214.79,3,10609.72,2024-08-18
L0002800,-9999,Online,18048.02,0,0.0,5859.72,2,9271.44,2022-01-22
L0002801,730,Online,35111.52,0,0.0,10117.23,2,11680.9,2021-08-04
L0002802,680,Branch,22362.87,0,0.0,1540.67,4,6392.16,2025-07-10
L0002803,709,Broker,49489.14,0,0.0,5907.07,2,15931.54,2024-04-18
L0002804,698,Broker,33166.78,0,0.0,4930.81,3,5462.29,2023-12-30
L0002805,713,Branch,21540.88,0,0.0,1294.79,1,13569.52,2025-08-10
L0002806,667,Branch,33301.83,0,0.0,8340.99,2,16321.44,2023-04-13
L0002807,740,Online,22609.42,0,0.0,351.53,1,9376.09,2026-03-16
L0002808,701,Online,24620.07,0,0.0,4087.15,2,16363.8,2024-05-26
L0002809,703,Online,57809.43,0,0.0,7238.99,4,20678.26,2024-10-16
L0002810,732,Broker,12751.9,0,0.0,2079.65,2,16005.88,2023-04-21
L0002811,699,Online,51658.14,0,0.0,13450.59,3,8282.69,2023-02-28
L0002812,674,Branch,39605.25,0,0.0,1149.42,3,23337.23,2026-02-16
L0002813,706,Online,9145.81,0,0.0,2471.68,1,13455.12,2022-10-31
L0002814,752,Broker,18724.22,0,0.0,2029.82,4,9542.5,2022-03-14
L0002815,728,Online,56526.08,0,0.0,8588.45,4,9151.96,2023-12-10
L0002816,691,Branch,33332.88,0,0.0,9175.1,2,12600.78,2022-02-08
L0002817,651,Broker,7910.82,0,0.0,2629.13,1,17286.56,2023-04-22
L0002818,722,Broker,43859.2,0,0.0,7803.03,2,9277.56,2022-05-24
L0002819,734,Branch,38706.72,0,0.0,1618.55,1,768.36,2025-07-04
L0002820,643,Online,5636.53,0,0.0,1475.23,3,22161.84,2024-06-22
L0002821,795,Branch,31067.56,0,0.0,3040.19,1,5751.0,2022-02-26
L0002822,732,Branch,47931.67,0,0.0,7358.92,3,9504.97,2022-05-04
L0002823,729,Online,30211.27,0,0.0,6847.26,1,7035.81,2022-09-05
L0002824,739,Online,36557.78,0,0.0,8831.96,3,10511.4,2022-01-24
L0002825,731,Online,37616.64,0,0.0,2480.62,4,5140.61,2025-06-28
L0002826,597,Online,24890.84,0,0.0,7160.16,2,21053.14,2024-01-12
L0002827,759,Online,24028.11,0,0.0,1891.62,1,8560.05,2023-03-24
L0002828,571,Branch,56916.78,1,45352.65,-31655.45,3,17649.72,2024-09-14
L0002829,733,Branch,30163.87,0,0.0,5959.28,4,6936.35,2021-07-29
L0002830,655,Branch,51155.28,0,0.0,6818.67,4,13561.21,2024-12-15
L0002831,640,Online,56796.88,0,0.0,25745.52,2,27468.54,2021-07-06
L0002832,661,Branch,34876.39,0,0.0,12590.36,3,16597.79,2021-12-06
L0002833,723,Branch,53942.08,0,0.0,4661.17,4,8994.9,2024-07-02
L0002834,674,Broker,46286.7,0,0.0,1732.73,2,21961.74,2025-12-31
L0002835,710,Online,23112.69,0,0.0,7237.79,3,12225.86,2022-01-10
L0002836,644,Branch,13011.69,0,0.0,5410.33,2,12233.35,2021-11-07
L0002837,648,Branch,10741.59,0,0.0,3820.37,4,15871.67,2022-07-17
L0002838,703,Broker,43026.27,0,0.0,5925.55,2,12142.1,2024-02-20
L0002839,751,Broker,19760.24,0,0.0,1716.09,1,2257.0,2023-07-03
L0002840,737,Broker,44775.02,0,0.0,3122.63,3,7993.79,2024-06-02
L0002841,619,Branch,5105.19,0,0.0,703.59,4,23021.63,2025-07-07
L0002842,777,Branch,27634.9,0,0.0,674.57,3,6154.25,2025-11-23
L0002843,611,Broker,12069.08,0,0.0,1533.64,3,12313.01,2025-09-29
L0002844,618,Branch,43599.96,0,0.0,16071.45,1,21758.76,2022-12-10
L0002845,702,Broker,56671.6,0,0.0,6396.28,1,8967.75,2024-07-18
L0002846,681,Branch,14578.71,0,0.0,2603.19,2,28739.93,2024-02-07
L0002847,667,Branch,53967.75,0,0.0,9457.16,3,17586.42,2024-04-30
L0002848,668,Broker,54206.26,0,0.0,8051.19,4,17483.35,2024-07-02
L0002849,738,Online,36872.11,0,0.0,575.1,3,14045.04,2026-03-26
L0002850,-9999,Broker,26789.23,0,0.0,2511.24,1,0.0,2022-08-21
L0002851,598,Branch,5386.11,0,0.0,2905.2,1,19505.35,2022-03-18
L0002852,659,Online,25325.49,0,0.0,1723.83,1,8248.3,2025-08-25
L0002853,597,Online,13002.25,0,0.0,886.1,1,21666.37,2026-01-17
L0002854,841,Broker,20313.22,0,0.0,629.08,3,4028.4,2025-03-15
L0002855,595,Broker,13919.7,0,0.0,1008.41,2,3214.91,2025-11-10
L0002856,774,Broker,12405.62,1,7175.51,-6319.72,3,8640.33,2023-02-21
L0002857,654,Online,12005.9,0,0.0,4178.93,1,642.8,2022-10-18
L0002858,773,Broker,24453.64,0,0.0,2362.89,4,2875.38,2021-11-23
L0002859,796,Online,30268.18,0,0.0,2817.09,2,9286.87,2022-04-05
L0002860,787,Branch,25125.93,0,0.0,1623.04,1,7025.73,2023-09-13
L0002861,686,Broker,16730.65,0,0.0,5341.24,1,13456.06,2021-08-24
L0002862,611,Branch,54523.76,0,0.0,29739.67,3,23472.7,2021-07-06
L0002863,776,Branch,40365.88,0,0.0,455.99,2,3213.07,2026-01-27
L0002864,723,Broker,46389.53,0,0.0,2750.53,1,14580.07,2025-04-09
L0002865,748,Online,58982.43,0,0.0,2886.45,3,3953.83,2024-10-01
L0002866,667,Broker,48909.83,0,0.0,18047.58,1,17782.04,2021-08-16
L0002867,573,Online,9952.68,0,0.0,1779.04,4,36851.77,2025-02-19
L0002868,639,Online,44109.77,0,0.0,3892.99,2,25869.15,2025-07-02
L0002869,638,Online,11412.65,1,8326.3,-3521.66,4,15987.79,2022-05-13
L0002870,690,Broker,14457.75,0,0.0,1345.03,1,11193.7,2025-04-21
L0002871,784,Broker,56626.49,0,0.0,4288.2,3,8909.72,2022-10-11
L0002872,650,Broker,18126.98,0,0.0,1880.32,1,14121.07,2025-05-28
L0002873,617,Broker,27532.08,0,0.0,1627.28,1,16553.71,2025-12-31
L0002874,632,Online,13357.2,0,0.0,3275.28,2,13965.09,2023-12-05
L0002875,707,Branch,27328.6,0,0.0,5739.34,4,1678.69,2022-06-06
L0002876,632,Online,55212.94,0,0.0,4088.74,4,16298.81,2025-09-24
L0002877,737,Branch,34535.71,0,0.0,3539.96,1,10781.77,2023-10-16
L0002878,608,Online,28900.96,0,0.0,3822.75,2,11023.4,2025-04-05
L0002879,577,Broker,26465.49,1,12265.96,2518.8,1,29072.88,2022-03-06
L0002880,732,Branch,56202.22,0,0.0,5772.2,1,10309.14,2023-09-26
L0002881,746,Broker,44527.86,0,0.0,3135.86,2,10840.0,2024-04-17
L0002882,693,Broker,58101.51,0,0.0,13495.17,4,14400.04,2022-09-04
L0002883,771,Online,40606.17,0,0.0,3783.2,3,2303.57,2022-05-12
L0002884,721,Online,42957.61,0,0.0,1821.9,3,10222.93,2025-12-23
L0002885,679,Branch,15863.7,1,9432.31,-6895.96,3,17080.96,2024-08-18
L0002886,658,Online,57572.32,1,26197.84,-24138.84,3,25331.3,2026-02-08
L0002887,696,Online,5075.26,0,0.0,1538.03,1,14556.49,2023-04-08
L0002888,633,Branch,45230.18,0,0.0,1102.27,3,11941.77,2026-03-26
L0002889,656,Broker,23502.49,0,0.0,946.13,1,17867.0,2026-02-22
L0002890,744,Broker,29962.34,0,0.0,2120.64,4,12378.1,2024-04-06
L0002891,686,Branch,45635.76,0,0.0,13182.06,3,25755.78,2022-01-01
L0002892,659,Online,21273.45,0,0.0,4398.72,1,25816.63,2024-02-19
L0002893,716,Branch,17862.68,0,0.0,2835.7,4,13730.93,2023-07-27
L0002894,629,Branch,54511.71,0,0.0,25234.75,4,11413.68,2021-10-26
L0002895,696,Branch,26906.47,0,0.0,5792.55,4,8912.66,2023-01-18
L0002896,637,Online,5772.29,0,0.0,985.91,3,15415.64,2024-10-20
L0002897,720,Online,43597.48,0,0.0,5205.73,1,4531.35,2024-08-23
L0002898,676,Online,13350.28,1,10103.4,-7460.68,3,15656.47,2023-11-23
L0002899,765,Online,50853.87,0,0.0,3058.97,3,10204.94,2023-08-21
L0002900,-9999,Branch,49652.41,0,0.0,15937.34,4,11909.34,2022-10-06
L0002901,771,Online,48260.75,0,0.0,5004.92,3,7491.01,2021-09-20
L0002902,677,Broker,29848.02,0,0.0,10496.34,3,3768.83,2021-07-26
L0002903,724,Online,50083.75,0,0.0,14992.0,3,7787.5,2021-09-28
L0002904,628,Broker,12825.82,0,0.0,6432.28,2,31936.43,2021-09-30
L0002905,646,Broker,39905.33,0,0.0,15706.53,2,8560.39,2022-01-18
L0002906,723,Online,21881.98,1,7678.05,-6165.45,3,11889.7,2025-09-11
L0002907,635,Broker,57187.37,0,0.0,21299.94,4,32643.49,2022-07-04
L0002908,763,Online,11309.47,1,6741.64,-5726.72,4,13152.31,2023-09-09
L0002909,625,Broker,40397.02,0,0.0,11476.98,3,10813.87,2023-10-14
L0002910,715,Branch,43787.5,0,0.0,8443.43,2,13981.56,2022-06-12
L0002911,769,Online,58256.31,0,0.0,2040.85,3,9501.84,2024-11-04
L0002912,646,Broker,22980.32,0,0.0,8668.43,3,15602.52,2022-03-26
L0002913,688,Online,32857.91,0,0.0,13759.57,1,11871.34,2021-08-15
L0002914,754,Branch,19563.38,0,0.0,323.22,1,8071.44,2025-10-26
L0002915,612,Online,15622.29,0,0.0,7885.08,2,15683.9,2022-01-06
L0002916,713,Branch,53233.15,0,0.0,6715.94,4,9810.78,2024-01-13
L0002917,610,Online,49894.81,0,0.0,11732.99,1,4541.07,2024-05-08
L0002918,714,Broker,22851.8,1,14734.8,-12000.79,3,6167.09,2024-06-29
L0002919,770,Broker,19295.13,0,0.0,688.2,1,9680.64,2026-02-04
L0002920,629,Online,16289.3,0,0.0,1480.44,1,0.0,2025-07-22
L0002921,624,Broker,54435.99,0,0.0,11687.06,2,17784.85,2024-05-02
L0002922,727,Online,43228.5,0,0.0,4234.58,2,17402.76,2024-11-09
L0002923,664,Branch,11828.66,0,0.0,2478.01,4,15957.96,2023-11-14
L0002924,673,Online,45415.3,0,0.0,11894.73,1,14155.59,2022-11-13
L0002925,702,Broker,15257.29,0,0.0,2554.64,4,15989.0,2023-11-14
L0002926,636,Broker,17562.87,0,0.0,5494.81,3,18089.93,2023-05-30
L0002927,669,Broker,55666.97,0,0.0,4656.51,3,6608.56,2025-05-01
L0002928,626,Online,32598.71,0,0.0,7769.99,1,26525.67,2024-02-13
L0002929,691,Branch,48800.83,0,0.0,4835.03,4,26219.23,2024-11-16
L0002930,835,Branch,35725.4,0,0.0,1506.92,4,899.4,2024-05-29
L0002931,694,Online,19632.21,0,0.0,4681.33,2,16981.9,2023-07-13
L0002932,679,Online,58235.94,0,0.0,19479.09,3,6128.88,2021-08-28
L0002933,720,Broker,39773.32,1,15412.95,-9055.0,4,16852.69,2023-02-06
L0002934,706,Online,47468.98,0,0.0,16644.02,3,2352.13,2021-09-04
L0002935,636,Broker,58882.9,0,0.0,7135.26,4,24144.75,2025-03-19
L0002936,722,Branch,20287.07,0,0.0,2115.26,4,11005.13,2024-01-06
L0002937,687,Branch,50404.95,0,0.0,14851.43,4,14482.87,2021-12-26
L0002938,730,Broker,46402.61,0,0.0,4797.88,3,11302.56,2023-12-23
L0002939,731,Online,9837.75,0,0.0,2070.97,1,8621.82,2023-02-17
L0002940,731,Online,55625.6,0,0.0,8349.31,3,13735.91,2023-12-10
L0002941,687,Online,53535.14,0,0.0,14514.69,2,12527.46,2023-04-24
L0002942,681,Online,12449.25,0,0.0,2628.51,2,23706.24,2024-05-08
L0002943,644,Broker,43552.56,0,0.0,16261.36,3,17993.55,2022-05-18
L0002944,810,Broker,30033.51,0,0.0,2787.73,2,4000.79,2022-02-18
L0002945,753,Online,13392.26,0,0.0,1688.99,4,3699.74,2022-07-05
L0002946,681,Branch,58528.82,0,0.0,12866.08,1,12365.41,2023-04-20
L0002947,770,Branch,49286.15,0,0.0,575.39,4,4630.19,2026-01-19
L0002948,645,Branch,38744.22,0,0.0,13797.41,1,0.0,2022-07-20
L0002949,663,Online,34222.2,0,0.0,12929.11,2,13265.91,2021-10-28
L0002950,-9999,Branch,21052.32,0,0.0,3685.96,3,27490.52,2024-02-22
L0002951,741,Broker,19881.38,0,0.0,257.18,3,7715.48,2026-03-02
L0002952,757,Online,51389.37,0,0.0,3026.42,4,4732.62,2024-03-25
L0002953,651,Online,50420.7,0,0.0,5258.52,3,15201.26,2025-04-16
L0002954,706,Branch,6614.79,0,0.0,1535.76,2,19711.7,2022-10-01
L0002955,720,Online,6016.99,0,0.0,1033.94,1,7627.34,2025-04-26
L0002956,763,Broker,35671.8,0,0.0,2782.79,2,6483.74,2022-12-01
L0002957,660,Branch,25703.25,0,0.0,8164.02,1,20059.43,2022-08-16
L0002958,684,Branch,38757.81,1,30699.59,-18725.21,2,9823.15,2021-12-18
L0002959,763,Branch,10869.3,0,0.0,930.14,1,7558.48,2023-10-26
L0002960,647,Branch,16396.78,0,0.0,2727.05,3,14170.36,2024-08-10
L0002961,712,Online,49100.2,0,0.0,10297.66,4,21464.25,2023-06-19
L0002962,621,Online,51847.77,0,0.0,9713.75,1,14261.31,2024-09-25
L0002963,634,Branch,46403.74,0,0.0,20452.34,3,18507.65,2021-11-20
L0002964,777,Broker,33270.07,0,0.0,1040.91,1,5408.62,2024-12-30
L0002965,650,Broker,45851.57,1,19722.9,-9159.26,2,25889.0,2023-10-24
L0002966,567,Broker,33118.49,0,0.0,9567.25,1,1668.48,2024-05-24
L0002967,711,Online,59857.46,0,0.0,3517.5,1,11579.85,2025-09-03
L0002968,782,Broker,32368.4,0,0.0,2524.48,4,9870.04,2022-12-20
L0002969,728,Online,46565.99,0,0.0,7644.78,2,15068.78,2023-10-22
L0002970,749,Broker,50308.56,0,0.0,4871.54,2,8574.78,2022-11-07
L0002971,697,Branch,42670.6,0,0.0,9027.41,3,13775.65,2022-12-29
L0002972,753,Online,47648.54,0,0.0,821.74,2,7582.09,2026-03-18
L0002973,719,Broker,34098.67,0,0.0,2079.37,3,12141.95,2025-04-30
L0002974,667,Broker,38720.8,0,0.0,2337.78,3,13269.8,2025-09-22
L0002975,775,Branch,55655.89,0,0.0,4060.61,1,5997.07,2023-01-04
L0002976,690,Branch,13998.47,0,0.0,812.37,1,11796.93,2025-12-20
L0002977,724,Online,53903.34,0,0.0,9429.94,2,11617.33,2023-10-18
L0002978,784,Broker,56447.52,0,0.0,4231.02,3,4977.25,2023-01-30
L0002979,716,Online,7168.02,0,0.0,1274.56,1,12082.81,2024-07-12
L0002980,747,Branch,58180.52,1,42638.43,-40423.39,2,12823.35,2025-02-15
L0002981,771,Broker,59955.96,0,0.0,997.11,1,0.0,2025-09-14
L0002982,734,Online,23264.73,0,0.0,1321.56,2,10062.08,2025-06-01
L0002983,683,Branch,24935.79,0,0.0,1924.45,3,10122.15,2025-07-12
L0002984,790,Branch,31170.84,0,0.0,1159.39,1,7875.36,2025-07-03
L0002985,606,Branch,44883.51,0,0.0,7621.82,1,15799.0,2024-12-14
L0002986,703,Branch,59295.32,0,0.0,12432.9,3,8129.85,2022-09-15
L0002987,698,Branch,35383.52,0,0.0,5866.88,1,10068.69,2023-08-30
L0002988,731,Branch,10743.9,0,0.0,988.85,1,16834.08,2025-01-21
L0002989,643,Broker,26455.99,0,0.0,3582.77,4,23723.54,2025-03-05
L0002990,732,Online,9200.0,0,0.0,1131.52,1,14222.12,2024-11-17
L0002991,704,Branch,16152.27,0,0.0,1966.81,4,12983.41,2024-04-12
L0002992,730,Broker,53198.0,0,0.0,1526.45,3,16671.58,2025-11-23
L0002993,652,Online,43873.97,0,0.0,7824.91,1,26617.37,2024-05-22
L0002994,684,Online,42723.58,0,0.0,2898.99,1,16619.67,2025-10-17
L0002995,623,Online,17998.1,1,11899.03,-5627.68,1,19582.59,2023-05-23
L0002996,588,Branch,34729.42,0,0.0,11581.19,2,13099.3,2023-10-18
L0002997,676,Online,49087.58,0,0.0,7321.93,2,8768.84,2024-06-28
L0002998,798,Online,5207.66,0,0.0,572.34,3,7575.17,2022-02-09
L0002999,694,Branch,27029.68,0,0.0,7563.2,1,13435.5,2022-01-30
L0003000,-9999,Broker,22927.88,0,0.0,4931.54,1,14469.18,2023-08-22
L0003001,683,Branch,46518.69,1,31997.79,-28913.08,3,20771.16,2025-08-13
L0003002,714,Online,36387.14,0,0.0,4442.18,2,13577.64,2024-11-19
L0003003,650,Branch,16677.27,0,0.0,7161.55,4,18418.33,2021-10-26
L0003004,683,Broker,11653.37,0,0.0,790.18,3,4800.09,2026-01-18
L0003005,820,Broker,32826.28,0,0.0,2359.18,3,3686.92,2023-07-05
L0003006,863,Branch,51857.41,0,0.0,2224.97,2,2425.67,2024-11-09
L0003007,707,Branch,35206.53,0,0.0,4283.83,1,7479.82,2024-03-18
L0003008,551,Online,11034.17,0,0.0,4971.78,1,13238.26,2023-09-11
L0003009,835,Online,22028.34,0,0.0,2354.04,2,4623.0,2021-07-08
L0003010,649,Branch,46178.32,0,0.0,18892.79,4,8502.51,2021-10-07
L0003011,732,Broker,25115.27,0,0.0,3278.26,3,9200.36,2023-05-13
L0003012,747,Branch,12406.38,0,0.0,1745.89,1,9639.43,2022-11-09
L0003013,799,Branch,32653.37,0,0.0,1534.82,2,11934.85,2024-05-02
L0003014,742,Online,19540.21,0,0.0,2955.66,1,3568.24,2021-08-26
L0003015,711,Broker,26404.22,0,0.0,2196.01,2,14027.03,2025-01-07
L0003016,641,Online,43180.22,0,0.0,16874.91,3,1155.78,2022-03-17
L0003017,712,Broker,50920.1,0,0.0,3226.82,3,9834.66,2025-05-26
L0003018,714,Broker,13280.36,0,0.0,1672.33,1,14920.26,2024-07-29
L0003019,736,Branch,34687.99,1,18339.52,-13501.04,3,10832.21,2022-10-01
L0003020,720,Broker,13906.21,0,0.0,2413.35,4,11469.37,2023-01-30
L0003021,720,Branch,10432.68,0,0.0,1942.36,2,13381.07,2023-04-30
L0003022,683,Branch,24393.71,0,0.0,2243.2,3,22878.87,2025-05-29
L0003023,693,Online,20711.12,0,0.0,1690.31,4,2855.12,2025-07-13
L0003024,746,Broker,47244.93,0,0.0,6732.25,1,0.0,2021-11-19
L0003025,759,Online,9010.92,0,0.0,416.49,3,6220.15,2026-01-10
L0003026,796,Online,21421.92,0,0.0,559.67,2,10795.6,2025-12-02
L0003027,744,Broker,54058.97,0,0.0,7126.13,1,7300.95,2022-02-23
L0003028,632,Online,56480.82,0,0.0,10577.73,2,18248.4,2024-07-01
L0003029,707,Branch,58982.46,0,0.0,1515.88,1,17610.95,2026-01-08
L0003030,645,Broker,49977.67,0,0.0,18571.52,2,16178.62,2022-05-13
L0003031,747,Broker,42675.46,0,0.0,5777.15,3,1179.2,2021-12-19
L0003032,658,Online,41113.94,0,0.0,1961.55,2,11027.85,2025-12-16
L0003033,676,Branch,19274.91,0,0.0,5872.86,2,17979.65,2022-03-23
L0003034,642,Broker,38461.87,0,0.0,17639.18,4,10771.1,2021-07-06
L0003035,674,Online,17959.87,0,0.0,3486.04,1,15893.44,2023-10-10
L0003036,633,Broker,49200.97,0,0.0,16702.02,4,19338.78,2023-01-04
L0003037,546,Online,10434.83,0,0.0,7911.56,1,26112.42,2021-08-12
L0003038,760,Online,42252.24,0,0.0,1937.89,2,5061.78,2024-09-22
L0003039,723,Branch,24601.42,0,0.0,4234.26,2,24104.28,2022-06-12
L0003040,704,Online,9434.49,0,0.0,2970.86,1,15167.9,2022-03-15
L0003041,818,Online,7432.57,0,0.0,680.92,2,1622.97,2024-11-02
L0003042,718,Broker,52018.34,0,0.0,5503.74,4,13169.64,2024-03-21
L0003043,757,Broker,14324.6,0,0.0,512.68,3,8353.84,2025-03-19
L0003044,695,Online,38875.91,0,0.0,12636.99,4,5445.44,2022-05-31
L0003045,712,Online,23496.55,0,0.0,7299.12,2,11334.97,2022-02-19
L0003046,647,Branch,13256.06,0,0.0,2164.51,4,14912.27,2024-09-10
L0003047,635,Broker,26292.58,0,0.0,10374.34,2,18123.28,2022-06-27
L0003048,844,Branch,42376.99,0,0.0,2648.29,1,4643.54,2023-09-28
L0003049,737,Online,53408.63,0,0.0,9783.73,4,13071.01,2023-02-04
L0003050,-9999,Branch,33419.04,0,0.0,2457.61,3,7435.53,2024-08-09
L0003051,748,Broker,19725.15,0,0.0,2838.0,1,11328.68,2021-09-08
L0003052,628,Online,6382.34,1,4577.89,-3778.86,4,14032.75,2025-06-16
L0003053,679,Broker,53443.66,0,0.0,17958.38,1,0.0,2021-08-05
L0003054,728,Online,45919.88,0,0.0,3478.65,3,14785.83,2025-04-11
L0003055,728,Online,35433.1,0,0.0,10726.12,4,3784.05,2021-07-26
L0003056,725,Online,38417.77,0,0.0,7977.82,3,4836.99,2023-04-07
L0003057,634,Online,41326.64,0,0.0,4727.41,4,22586.16,2025-05-27
L0003058,701,Online,54080.97,0,0.0,6525.3,3,10126.38,2024-12-24
L0003059,652,Branch,9205.45,0,0.0,1053.29,4,13706.02,2025-08-19
L0003060,701,Branch,41749.05,0,0.0,10853.47,1,12492.16,2021-12-18
L0003061,742,Branch,32408.2,0,0.0,4438.13,2,7112.96,2022-01-12
L0003062,685,Branch,26037.19,1,12033.32,-10638.05,3,5931.06,2025-09-30
L0003063,708,Broker,43342.54,0,0.0,8421.52,2,12512.86,2022-09-19
L0003064,743,Broker,6378.86,0,0.0,181.38,4,7852.35,2025-07-31
L0003065,618,Branch,37969.75,0,0.0,15686.88,1,7523.93,2022-07-13
L0003066,640,Online,31505.79,0,0.0,4790.66,1,17435.7,2024-12-07
L0003067,745,Online,59940.47,0,0.0,3361.02,1,17295.7,2024-09-14
L0003068,696,Broker,17506.76,0,0.0,4208.4,2,16583.78,2022-06-29
L0003069,707,Online,54635.9,0,0.0,19327.65,1,22895.24,2021-08-08
L0003070,667,Broker,49104.93,0,0.0,2323.33,1,5424.36,2025-12-15
L0003071,800,Online,52322.85,0,0.0,2756.32,2,2665.16,2024-04-17
L0003072,711,Online,55791.06,0,0.0,3097.9,1,4987.74,2025-09-19
L0003073,738,Online,17698.37,0,0.0,3780.68,4,15157.86,2023-01-12
L0003074,744,Online,25466.38,0,0.0,3140.99,4,13667.93,2022-06-15
L0003075,736,Online,10112.74,0,0.0,702.45,2,4672.05,2025-07-25
L0003076,646,Branch,41898.37,0,0.0,9064.36,1,8674.57,2024-01-19
L0003077,716,Branch,5250.03,0,0.0,1672.69,3,13948.42,2021-11-14
L0003078,695,Broker,39211.48,0,0.0,2282.92,2,17089.92,2025-08-20
L0003079,720,Branch,53188.81,0,0.0,9804.58,1,6443.62,2022-05-20
L0003080,624,Online,55497.04,0,0.0,18466.5,1,26162.44,2023-03-30
L0003081,702,Branch,12073.54,0,0.0,3136.8,2,10675.06,2022-04-27
L0003082,736,Branch,18907.41,0,0.0,3395.43,4,14432.88,2021-08-20
L0003083,662,Online,40497.92,0,0.0,1506.88,4,19272.67,2026-01-12
L0003084,763,Online,15507.17,0,0.0,1453.17,1,17992.25,2022-11-20
L0003085,755,Branch,5877.18,0,0.0,631.95,1,8785.52,2024-05-28
L0003086,644,Broker,36438.26,0,0.0,9964.8,1,28804.01,2023-07-22
L0003087,718,Broker,43944.54,0,0.0,7887.07,2,16112.47,2022-08-14
L0003088,614,Online,10186.81,0,0.0,1584.68,4,6281.36,2025-04-10
L0003089,749,Online,32035.38,0,0.0,3471.29,1,5433.38,2023-01-24
L0003090,755,Branch,16921.97,1,12015.05,-11547.7,2,7182.38,2025-09-28
L0003091,617,Online,37098.29,0,0.0,3677.75,4,13396.24,2025-07-03
L0003092,688,Broker,25019.67,0,0.0,3486.79,4,6920.77,2024-05-28
L0003093,757,Broker,10998.83,0,0.0,251.85,3,9105.2,2026-03-28
L0003094,660,Branch,19946.27,0,0.0,2988.37,1,24156.16,2024-09-08
L0003095,617,Broker,37749.68,0,0.0,19900.86,3,13394.66,2021-08-06
L0003096,696,Branch,28950.03,0,0.0,8444.43,2,9312.86,2021-07-30
L0003097,655,Broker,37862.02,0,0.0,12837.45,2,27609.41,2022-05-10
L0003098,708,Online,52131.82,0,0.0,5169.09,3,18310.76,2025-03-06
L0003099,677,Branch,55823.6,0,0.0,11478.9,2,12515.18,2023-08-11
L0003100,-9999,Online,55256.09,0,0.0,19479.35,1,20864.09,2021-09-06
L0003101,789,Branch,25820.8,0,0.0,1711.17,4,5662.04,2023-05-27
L0003102,702,Branch,59083.25,0,0.0,1378.72,2,3582.24,2026-03-25
L0003103,644,Branch,51270.79,0,0.0,2844.59,1,0.0,2025-11-07
L0003104,698,Branch,44753.27,0,0.0,2734.93,1,9906.94,2025-06-21
L0003105,665,Online,51929.55,0,0.0,3086.11,1,12730.15,2025-10-20
L0003106,811,Branch,21185.03,0,0.0,527.06,1,4568.99,2025-11-18
L0003107,770,Broker,53043.61,0,0.0,3285.46,1,8429.66,2023-06-23
L0003108,655,Branch,35885.82,0,0.0,3194.94,2,16146.01,2025-06-04
L0003109,667,Online,6964.08,0,0.0,2865.44,1,17099.6,2022-01-26
L0003110,625,Branch,24964.27,0,0.0,10795.31,1,26216.27,2022-05-16
L0003111,787,Branch,49341.17,0,0.0,1890.89,1,7382.95,2024-12-28
L0003112,690,Broker,25794.32,0,0.0,4935.66,1,21648.33,2023-07-02
L0003113,770,Broker,55873.06,0,0.0,3138.69,2,16248.46,2023-09-24
L0003114,697,Online,13670.92,0,0.0,2758.13,1,6642.75,2024-01-29
L0003115,731,Online,59213.5,0,0.0,9184.57,2,6946.19,2023-11-19
L0003116,687,Broker,9474.81,0,0.0,2516.16,1,18482.49,2022-06-09
L0003117,710,Branch,9878.17,0,0.0,2808.91,2,19610.47,2021-12-04
L0003118,621,Broker,22083.61,0,0.0,4824.33,4,21404.41,2024-07-19
L0003119,697,Broker,39759.01,0,0.0,1998.67,3,8194.13,2025-09-23
L0003120,700,Online,44771.55,0,0.0,4662.33,4,10135.98,2025-03-19
L0003121,754,Broker,39686.9,0,0.0,2211.44,2,11321.33,2024-02-11
L0003122,662,Branch,53114.41,0,0.0,7452.36,4,21868.87,2024-09-08
L0003123,700,Online,53669.95,0,0.0,12124.68,2,8912.77,2023-08-04
L0003124,708,Online,33278.49,0,0.0,9296.84,4,19480.4,2022-08-29
L0003125,627,Broker,42272.33,1,20743.85,-14917.46,1,21138.88,2025-02-03
L0003126,721,Online,27222.29,0,0.0,7713.64,2,8492.49,2022-01-07
L0003127,700,Broker,58685.66,0,0.0,9622.39,2,10613.28,2023-09-04
L0003128,671,Online,58361.77,0,0.0,4634.5,1,9599.26,2025-06-16
L0003129,718,Branch,54085.99,0,0.0,11408.69,3,7658.98,2021-12-21
L0003130,687,Broker,7403.51,0,0.0,2535.52,3,15670.44,2021-10-02
L0003131,766,Branch,23312.01,0,0.0,2368.66,4,6007.55,2021-08-26
L0003132,659,Online,34761.1,0,0.0,2299.13,2,6765.03,2025-09-14
L0003133,704,Branch,40346.13,0,0.0,4711.33,2,7478.59,2024-04-17
L0003134,730,Branch,20769.19,1,7161.74,-5942.61,4,10363.77,2025-08-16
L0003135,817,Broker,32859.61,0,0.0,2980.39,2,4348.57,2022-03-28
L0003136,654,Online,42438.04,1,16845.08,-13893.27,2,16817.77,2025-10-02
L0003137,788,Branch,6728.98,0,0.0,941.65,3,12258.96,2022-01-06
L0003138,610,Online,54816.82,0,0.0,19180.4,1,8637.89,2023-05-12
L0003139,637,Branch,19077.25,0,0.0,1064.71,1,15065.7,2026-01-30
L0003140,657,Broker,10534.58,0,0.0,4258.44,1,13943.55,2021-08-20
L0003141,739,Broker,39368.59,0,0.0,4483.48,1,7676.38,2023-01-15
L0003142,737,Branch,18948.63,0,0.0,1618.99,1,19268.58,2024-02-19
L0003143,617,Broker,56215.29,0,0.0,4224.76,3,11642.21,2025-10-11
L0003144,739,Broker,54216.66,0,0.0,1036.34,2,10316.65,2026-03-19
L0003145,690,Online,25796.57,0,0.0,6675.23,4,7332.04,2023-07-11
L0003146,729,Broker,13591.24,1,8784.66,-7905.24,2,5376.45,2025-06-07
L0003147,694,Broker,44905.86,0,0.0,4389.91,3,11590.15,2025-01-26
L0003148,741,Broker,21501.43,0,0.0,2533.3,3,10160.35,2022-09-22
L0003149,679,Online,44816.24,1,15220.59,-14037.35,2,14711.59,2026-02-05
L0003150,-9999,Branch,14828.24,0,0.0,1025.41,2,9828.72,2025-04-14
L0003151,721,Online,22253.41,0,0.0,4622.49,2,1214.21,2023-05-27
L0003152,676,Broker,9460.74,0,0.0,3742.41,2,13063.41,2021-06-30
L0003153,645,Broker,38052.92,0,0.0,13232.11,2,17294.58,2022-08-07
L0003154,714,Broker,17827.42,0,0.0,3034.29,3,16851.71,2022-12-15
L0003155,772,Branch,48892.34,0,0.0,5175.55,1,5294.41,2021-09-26
L0003156,704,Broker,9821.25,0,0.0,758.91,2,10479.11,2025-02-22
L0003157,718,Broker,14048.81,0,0.0,2814.67,4,12671.15,2022-12-14
L0003158,671,Online,7062.93,0,0.0,2115.49,2,5920.31,2022-07-28
L0003159,593,Broker,7402.31,0,0.0,4653.66,1,16654.48,2021-10-15
L0003160,543,Online,24496.57,0,0.0,16679.11,2,29861.56,2021-12-12
L0003161,657,Online,21572.07,0,0.0,7010.34,4,12265.67,2022-07-04
L0003162,693,Branch,41319.37,0,0.0,3634.83,4,17135.35,2025-02-21
L0003163,751,Online,9625.97,0,0.0,683.1,2,12432.92,2024-09-21
L0003164,786,Branch,12973.47,0,0.0,1136.69,4,5079.51,2022-08-07
L0003165,686,Broker,15212.8,0,0.0,2538.91,4,7953.32,2024-02-19
L0003166,710,Branch,15203.95,0,0.0,2819.93,4,9293.95,2022-10-09
L0003167,661,Branch,28494.45,0,0.0,9650.13,3,20854.16,2022-05-06
L0003168,576,Online,57535.96,0,0.0,24742.33,2,17362.77,2023-03-12
L0003169,708,Broker,45443.29,0,0.0,8681.18,1,14489.18,2022-12-14
L0003170,694,Broker,49280.76,0,0.0,11296.1,4,13495.65,2022-09-06
L0003171,744,Broker,34849.62,0,0.0,2251.93,4,8761.5,2024-08-06
L0003172,692,Branch,38348.59,0,0.0,4524.79,1,18017.72,2024-09-19
L0003173,744,Branch,33074.7,0,0.0,4978.22,3,11750.27,2021-10-17
L0003174,738,Branch,59162.06,0,0.0,7864.2,4,10331.94,2022-09-08
L0003175,724,Broker,30909.27,0,0.0,5721.31,4,9559.39,2022-02-12
L0003176,689,Online,44721.32,0,0.0,17951.0,4,8280.11,2021-08-30
L0003177,543,Online,19568.85,0,0.0,10211.47,4,23482.8,2023-02-18
L0003178,717,Branch,49462.84,0,0.0,4747.07,4,20771.48,2024-07-15
L0003179,676,Online,38950.43,0,0.0,5936.59,2,22931.31,2024-05-30
L0003180,705,Broker,27779.67,0,0.0,4867.99,1,8054.6,2023-06-18
L0003181,635,Online,57495.88,0,0.0,2079.09,4,22760.14,2026-02-19
L0003182,564,Online,19024.92,0,0.0,5429.21,3,10456.8,2024-06-09
L0003183,694,Branch,26220.74,0,0.0,3798.99,3,12483.88,2024-05-18
L0003184,814,Broker,25786.62,0,0.0,1606.61,2,2059.78,2024-05-21
L0003185,670,Broker,20852.07,0,0.0,3388.6,4,15895.43,2024-04-29
L0003186,739,Broker,15864.06,0,0.0,1567.15,2,13067.17,2023-10-22
L0003187,683,Branch,10727.4,0,0.0,3816.82,1,5803.59,2021-11-13
L0003188,761,Branch,7239.0,0,0.0,979.73,3,3656.78,2023-04-27
L0003189,681,Branch,50924.71,0,0.0,6390.24,3,13320.71,2024-08-01
L0003190,714,Online,36594.32,0,0.0,6257.46,3,15186.72,2024-02-07
L0003191,661,Broker,49341.33,0,0.0,1996.28,3,6017.66,2026-01-27
L0003192,652,Broker,35386.66,1,23130.13,-17636.12,2,10189.59,2024-09-24
L0003193,665,Online,22434.22,0,0.0,790.86,2,8676.18,2026-01-03
L0003194,641,Broker,42912.3,0,0.0,1551.57,3,8518.56,2026-03-04
L0003195,729,Branch,58360.8,0,0.0,11471.57,1,15618.7,2021-07-12
L0003196,711,Online,50905.22,0,0.0,6847.19,1,18417.41,2024-07-06
L0003197,688,Branch,22586.36,0,0.0,6563.69,1,6706.61,2022-03-12
L0003198,677,Online,44596.21,0,0.0,14321.56,1,23965.01,2022-01-22
L0003199,714,Online,49360.6,1,22168.37,-15657.23,4,10267.12,2024-07-30
L0003200,-9999,Broker,48644.2,0,0.0,11803.01,1,25260.05,2022-01-08
L0003201,709,Online,40605.75,0,0.0,11569.5,2,17482.54,2022-07-11
L0003202,673,Broker,46618.87,0,0.0,1041.02,3,22207.78,2026-03-08
L0003203,581,Branch,28017.94,0,0.0,15838.06,2,11492.1,2022-01-09
L0003204,760,Online,17405.09,0,0.0,989.74,3,11273.13,2025-03-31
L0003205,727,Branch,6259.56,0,0.0,506.08,2,10473.53,2024-10-19
L0003206,817,Online,15768.18,0,0.0,1450.5,1,1301.9,2022-12-22
L0003207,701,Branch,16054.88,0,0.0,2583.32,4,12234.2,2023-09-20
L0003208,683,Broker,49789.53,0,0.0,15963.44,3,14267.42,2021-08-05
L0003209,589,Broker,39119.72,0,0.0,5733.39,1,11505.76,2025-04-06
L0003210,708,Broker,16891.51,1,13042.46,-8833.47,2,5198.09,2021-10-01
L0003211,750,Online,36910.85,1,14414.03,-11646.7,4,6932.09,2023-09-06
L0003212,734,Branch,8692.17,0,0.0,1143.33,3,12611.07,2024-04-27
L0003213,678,Broker,31752.36,1,14450.99,-10694.93,4,19455.01,2024-11-24
L0003214,738,Broker,9446.78,0,0.0,746.77,4,11092.44,2025-08-11
L0003215,764,Broker,16202.19,1,7990.14,-7140.3,4,13478.99,2024-10-04
L0003216,609,Broker,46203.8,1,16542.37,-958.56,3,9341.8,2023-06-03
L0003217,717,Branch,29271.6,0,0.0,3676.7,4,3893.66,2024-02-29
L0003218,654,Branch,12881.67,0,0.0,5300.05,4,18439.95,2021-07-27
L0003219,647,Branch,53676.01,0,0.0,3629.8,2,22002.57,2025-10-17
L0003220,726,Branch,45724.96,1,26197.86,-20625.94,4,14312.63,2023-08-14
L0003221,700,Branch,52844.29,0,0.0,3661.91,4,18279.56,2025-04-15
L0003222,737,Branch,18746.19,0,0.0,2817.4,2,10679.18,2022-03-25
L0003223,608,Online,45507.54,0,0.0,21249.89,4,30675.13,2022-05-02
L0003224,659,Online,53512.26,0,0.0,1969.27,3,30622.18,2026-01-23
L0003225,640,Broker,29743.62,0,0.0,8229.72,4,8698.6,2023-07-22
L0003226,575,Broker,6161.9,0,0.0,2458.82,2,14618.76,2023-12-29
L0003227,721,Online,34606.37,1,20334.11,-19400.89,4,6238.89,2026-03-17
L0003228,721,Broker,11020.68,0,0.0,2397.03,3,4048.37,2021-07-15
L0003229,712,Branch,59370.37,0,0.0,10795.34,1,17024.56,2022-11-15
L0003230,758,Online,41853.32,0,0.0,2726.12,3,15150.73,2024-01-30
L0003231,671,Branch,12697.53,0,0.0,3407.69,4,16131.54,2023-04-17
L0003232,653,Online,39544.65,0,0.0,5143.31,1,8149.23,2025-01-09
L0003233,612,Broker,12809.9,1,6631.95,-91.53,2,19889.61,2021-11-24
L0003234,661,Online,55682.31,0,0.0,18853.77,4,16564.52,2022-04-12
L0003235,719,Branch,40389.16,0,0.0,3575.04,3,2985.19,2024-08-06
L0003236,695,Broker,35709.23,0,0.0,5668.48,2,1280.19,2024-01-01
L0003237,645,Online,33063.41,0,0.0,3967.83,1,16647.52,2025-03-12
L0003238,641,Branch,49915.71,0,0.0,14173.28,4,9906.95,2023-06-04
L0003239,677,Online,7835.86,0,0.0,2872.46,2,11741.91,2022-02-18
L0003240,625,Broker,14557.36,1,7540.38,-1276.21,4,14338.34,2022-05-12
L0003241,700,Branch,59899.6,0,0.0,15392.29,3,3832.79,2021-12-25
L0003242,673,Online,6399.07,0,0.0,957.91,4,14388.71,2025-08-13
L0003243,757,Online,34971.17,0,0.0,2281.67,4,11726.91,2023-09-27
L0003244,683,Online,23343.6,0,0.0,5836.9,1,17498.63,2023-10-04
L0003245,676,Branch,46611.18,0,0.0,7659.37,2,15733.06,2024-03-08
L0003246,678,Broker,38803.32,0,0.0,7901.17,4,26291.53,2023-08-10
L0003247,659,Broker,53701.73,0,0.0,21251.56,3,16102.0,2021-08-21
L0003248,782,Broker,47218.94,0,0.0,3566.82,1,4826.54,2022-09-24
L0003249,698,Broker,19150.06,0,0.0,1413.87,2,14041.67,2025-09-07
L0003250,-9999,Branch,55361.2,0,0.0,5488.61,4,11280.77,2021-12-19
L0003251,755,Branch,37180.83,0,0.0,3712.24,1,1920.49,2022-05-14
L0003252,716,Broker,6462.35,0,0.0,697.43,4,7978.38,2024-03-18
L0003253,712,Broker,30780.81,0,0.0,6863.66,3,10745.13,2022-01-14
L0003254,812,Online,59030.86,0,0.0,4212.16,1,6791.68,2023-01-30
L0003255,737,Branch,5771.41,0,0.0,661.98,1,9410.47,2023-06-23
L0003256,606,Broker,40158.59,1,23325.75,-6739.55,1,26300.17,2022-11-21
L0003257,723,Branch,47984.33,0,0.0,1134.36,2,7731.65,2026-01-02
L0003258,701,Branch,43580.58,1,19006.19,-12222.0,1,9120.44,2023-10-31
L0003259,692,Branch,16274.26,0,0.0,1281.75,1,9549.08,2025-09-17
L0003260,629,Online,5512.99,0,0.0,2578.48,2,7283.77,2022-08-25
L0003261,733,Online,8000.12,0,0.0,620.02,3,8372.31,2025-10-04
L0003262,696,Branch,12849.37,0,0.0,1738.09,1,17373.46,2024-03-21
L0003263,695,Branch,10670.3,0,0.0,2795.72,3,22256.35,2022-08-06
L0003264,789,Broker,54335.05,0,0.0,2878.21,4,4745.33,2024-03-03
L0003265,772,Branch,49842.87,0,0.0,3874.44,4,5474.07,2022-10-08
L0003266,713,Broker,37699.6,0,0.0,6362.94,1,7075.82,2023-02-27
L0003267,768,Online,27167.55,0,0.0,1009.22,3,11028.81,2025-03-09
L0003268,698,Broker,26825.59,0,0.0,6045.64,4,19917.61,2022-07-30
L0003269,771,Branch,24970.24,0,0.0,1009.27,4,6591.24,2024-11-16
L0003270,769,Online,49018.78,0,0.0,4790.02,2,3458.18,2021-08-16
L0003271,692,Branch,14160.83,0,0.0,3910.89,2,11388.56,2022-01-19
L0003272,621,Online,11525.16,0,0.0,6332.07,3,7840.51,2021-07-11
L0003273,789,Online,19548.33,0,0.0,1443.65,4,7017.4,2023-01-07
L0003274,703,Broker,35937.81,0,0.0,4284.91,2,16124.12,2024-06-15
L0003275,772,Broker,16382.39,0,0.0,1159.97,2,7756.43,2023-09-28
L0003276,533,Branch,29616.45,0,0.0,4387.24,4,19511.98,2025-07-16
L0003277,696,Broker,9975.99,0,0.0,2360.53,1,19460.92,2022-10-21
L0003278,760,Broker,50004.41,0,0.0,1693.92,1,8275.24,2025-03-01
L0003279,656,Branch,35315.61,0,0.0,5578.51,3,18861.28,2024-08-31
L0003280,646,Broker,11191.47,0,0.0,4327.82,1,14942.25,2022-05-31
L0003281,725,Online,19496.68,0,0.0,700.16,2,13214.62,2025-12-31
L0003282,730,Online,40102.56,0,0.0,9861.09,2,8395.77,2022-04-02
L0003283,555,Broker,5578.04,0,0.0,2586.16,3,13979.85,2023-12-01
L0003284,705,Branch,42884.42,0,0.0,3363.59,2,4545.14,2025-03-28
L0003285,665,Branch,57124.64,0,0.0,10502.33,3,6376.91,2024-02-04
L0003286,738,Online,43597.86,0,0.0,6211.9,1,2316.94,2023-12-23
L0003287,770,Broker,19599.32,0,0.0,1401.32,1,0.0,2024-01-02
L0003288,660,Branch,41301.06,0,0.0,10288.15,2,7637.54,2023-05-01
L0003289,791,Broker,25356.86,0,0.0,2839.31,3,8305.76,2022-01-14
L0003290,747,Branch,58278.8,0,0.0,8008.78,1,4237.27,2021-07-27
L0003291,656,Online,32698.67,0,0.0,6750.06,2,14041.02,2024-02-19
L0003292,796,Broker,40167.31,0,0.0,1113.95,3,5204.2,2025-06-25
L0003293,634,Branch,40230.41,0,0.0,19036.59,4,9166.23,2021-07-22
L0003294,796,Online,45277.18,0,0.0,3282.86,3,6937.88,2023-04-09
L0003295,700,Branch,36322.71,0,0.0,3316.67,4,15581.3,2024-11-21
L0003296,666,Broker,26967.47,0,0.0,10152.8,4,15072.17,2021-07-07
L0003297,757,Broker,59059.08,0,0.0,4154.31,2,10188.75,2023-07-28
L0003298,711,Online,5831.58,0,0.0,2400.78,4,10159.15,2021-11-02
L0003299,660,Broker,5030.81,0,0.0,1116.3,3,22281.99,2024-05-16
L0003300,-9999,Branch,36746.37,0,0.0,1859.33,4,4484.08,2024-09-15
L0003301,599,Online,34670.79,1,17052.01,-4148.62,4,25378.22,2023-04-08
L0003302,697,Online,9310.46,0,0.0,2108.08,4,9555.34,2023-11-15
L0003303,700,Broker,50160.61,0,0.0,8207.18,2,8438.51,2023-09-22
L0003304,688,Branch,6619.3,0,0.0,2242.88,1,11861.29,2022-01-07
L0003305,698,Branch,55222.8,0,0.0,1939.32,1,7221.38,2025-11-30
L0003306,666,Broker,32276.76,0,0.0,7435.38,2,2996.71,2023-07-30
L0003307,768,Broker,16500.15,0,0.0,393.17,2,10485.32,2026-02-26
L0003308,742,Online,45229.84,0,0.0,1379.85,3,8624.06,2025-07-07
L0003309,665,Broker,34375.71,1,21738.33,-19946.56,3,22829.24,2025-12-09
L0003310,767,Broker,43206.02,0,0.0,1350.37,1,8526.27,2025-03-16
L0003311,638,Broker,26922.88,0,0.0,5077.72,2,17260.42,2024-07-31
L0003312,729,Branch,37964.19,0,0.0,2014.49,1,14549.12,2025-05-27
L0003313,771,Online,23600.21,0,0.0,1552.04,1,6436.98,2023-12-10
L0003314,728,Broker,25462.1,0,0.0,1966.89,4,4487.52,2024-08-30
L0003315,710,Online,34830.17,0,0.0,5264.94,1,11363.21,2024-07-05
L0003316,679,Broker,39128.81,0,0.0,7286.1,3,19412.62,2023-11-08
L0003317,703,Online,49414.37,0,0.0,15209.1,1,10692.67,2022-05-17
L0003318,697,Online,38614.36,0,0.0,10090.13,2,3620.99,2023-03-16
L0003319,734,Broker,23568.17,0,0.0,4198.75,3,16456.26,2022-02-07
L0003320,651,Broker,6462.17,0,0.0,2387.02,1,7564.33,2022-09-29
L0003321,701,Branch,8092.35,0,0.0,401.56,3,11935.74,2025-10-08
L0003322,741,Online,39573.02,0,0.0,5028.69,4,2268.14,2022-06-15
L0003323,706,Branch,40557.97,0,0.0,3319.79,1,6764.45,2025-01-02
L0003324,724,Online,51285.91,0,0.0,8117.76,4,7928.04,2023-12-02
L0003325,706,Branch,19358.05,1,13753.89,-10682.62,4,10890.56,2023-09-04
L0003326,690,Online,28647.14,0,0.0,3958.68,1,13503.57,2024-12-12
L0003327,809,Branch,22570.54,0,0.0,2297.08,4,6889.86,2021-07-16
L0003328,691,Online,36351.27,0,0.0,13619.48,1,13060.05,2021-11-17
L0003329,719,Broker,14155.35,0,0.0,1508.04,3,3690.92,2024-09-05
L0003330,750,Broker,29233.11,0,0.0,293.87,2,7729.2,2026-03-03
L0003331,792,Branch,52883.03,0,0.0,5657.36,3,0.0,2021-08-05
L0003332,722,Branch,50184.27,0,0.0,10086.92,3,14633.14,2021-10-26
L0003333,675,Broker,20644.23,0,0.0,6958.47,1,5938.36,2021-11-09
L0003334,753,Branch,45506.62,1,31622.43,-28738.82,1,9260.62,2024-02-28
L0003335,537,Online,5628.79,0,0.0,3149.26,4,17801.89,2023-04-30
L0003336,807,Broker,6836.14,0,0.0,597.26,4,1369.51,2026-01-01
L0003337,708,Online,5799.3,0,0.0,552.56,2,7619.88,2025-10-25
L0003338,659,Online,52520.96,0,0.0,14928.83,4,11023.44,2022-12-16
L0003339,767,Branch,45699.79,0,0.0,1286.76,2,17936.53,2025-03-16
L0003340,654,Online,50768.58,0,0.0,4766.57,1,20331.74,2025-06-05
L0003341,696,Online,25500.52,0,0.0,1706.88,2,16046.42,2025-10-21
L0003342,659,Branch,46257.5,1,28258.19,-13173.39,4,14942.43,2022-06-11
L0003343,650,Online,18410.33,0,0.0,8183.68,2,5883.69,2021-07-28
L0003344,740,Online,56318.04,0,0.0,7063.45,3,5009.26,2022-09-08
L0003345,717,Branch,57739.11,0,0.0,8174.7,1,16713.87,2023-05-11
L0003346,638,Online,45518.46,0,0.0,16802.27,1,23867.58,2022-08-06
L0003347,817,Branch,6555.89,0,0.0,820.62,4,1145.75,2024-05-02
L0003348,654,Online,32849.93,0,0.0,10562.06,3,17577.93,2022-10-03
L0003349,720,Branch,6462.71,0,0.0,1222.91,3,4460.74,2022-09-22
L0003350,-9999,Online,5871.73,0,0.0,2383.78,1,13649.08,2023-03-22
L0003351,692,Online,12666.61,0,0.0,3608.21,1,4338.81,2022-12-11
L0003352,699,Branch,42812.22,0,0.0,9946.55,4,15140.72,2022-07-17
L0003353,732,Online,21249.27,1,12178.1,-10851.41,3,3706.63,2025-05-25
L0003354,766,Online,7457.29,1,3537.7,-2857.05,1,11337.4,2022-01-03
L0003355,715,Branch,44239.21,0,0.0,1288.22,3,16376.5,2025-12-21
L0003356,712,Online,19862.22,0,0.0,2174.19,1,8489.78,2024-11-07
L0003357,753,Broker,13994.17,1,10113.46,-8609.17,3,5765.64,2023-08-03
L0003358,679,Branch,45183.76,0,0.0,11400.08,3,20356.03,2022-12-21
L0003359,665,Online,5379.12,0,0.0,1917.13,4,14782.05,2022-04-19
L0003360,725,Broker,47888.84,0,0.0,2145.24,1,22418.14,2025-07-28
L0003361,761,Online,50616.74,0,0.0,1454.76,2,10968.74,2025-04-26
L0003362,688,Branch,7198.67,0,0.0,2615.37,4,14875.13,2021-08-09
L0003363,687,Broker,43103.74,0,0.0,4807.38,3,4735.07,2024-11-29
L0003364,684,Online,32454.45,0,0.0,11831.98,2,12863.31,2022-03-04
L0003365,654,Branch,17055.58,0,0.0,2138.23,1,18046.6,2025-03-23
L0003366,713,Online,6968.25,0,0.0,2232.77,1,17371.57,2022-09-19
L0003367,759,Online,13219.08,0,0.0,1137.64,2,2215.89,2023-06-30
L0003368,625,Branch,12111.45,0,0.0,2018.29,1,11417.87,2024-11-06
L0003369,661,Branch,10470.6,0,0.0,3569.33,1,9406.84,2022-04-05
L0003370,633,Branch,40318.02,0,0.0,2701.27,2,14515.53,2025-10-27
L0003371,638,Branch,51786.78,0,0.0,5260.3,3,12431.44,2025-05-09
L0003372,721,Broker,58283.44,0,0.0,4331.83,2,13130.2,2024-12-11
L0003373,754,Branch,39897.5,0,0.0,2341.38,1,10478.67,2024-03-30
L0003374,673,Broker,32978.14,0,0.0,7164.79,2,7747.76,2023-07-11
L0003375,762,Online,13033.59,0,0.0,782.72,2,7216.55,2025-03-10
L0003376,604,Online,17972.94,0,0.0,8272.07,3,22969.53,2022-08-12
L0003377,751,Online,48179.81,0,0.0,5540.32,2,8875.79,2022-05-24
L0003378,670,Online,10374.93,0,0.0,2632.21,3,9847.03,2023-10-16
L0003379,685,Broker,6975.36,0,0.0,2170.94,2,8758.58,2022-02-25
L0003380,683,Branch,18151.98,0,0.0,1585.32,4,16871.23,2025-07-19
L0003381,729,Broker,38516.02,0,0.0,487.97,2,7426.08,2026-03-18
L0003382,698,Branch,26033.23,0,0.0,3451.59,2,9928.37,2024-05-29
L0003383,701,Broker,32163.35,0,0.0,7526.22,4,8764.64,2022-07-04
L0003384,673,Online,13647.42,0,0.0,2327.67,3,29554.96,2024-05-11
L0003385,715,Branch,27322.77,0,0.0,1546.92,2,4537.59,2025-06-07
L0003386,666,Branch,47014.06,0,0.0,4198.06,4,14065.53,2025-05-02
L0003387,793,Branch,7325.24,0,0.0,988.8,2,7558.57,2022-11-07
L0003388,755,Broker,13623.89,0,0.0,1569.71,4,16256.45,2022-09-20
L0003389,719,Online,41206.06,0,0.0,12810.05,1,11285.11,2021-09-04
L0003390,732,Broker,7247.29,0,0.0,904.82,3,15140.3,2023-06-25
L0003391,726,Branch,35019.51,0,0.0,3237.84,4,10438.44,2024-05-22
L0003392,696,Online,14689.13,0,0.0,614.43,4,16205.72,2025-12-31
L0003393,645,Broker,37135.72,0,0.0,10248.29,3,13421.87,2023-05-21
L0003394,666,Online,21237.46,0,0.0,7901.29,3,11306.83,2021-08-17
L0003395,740,Broker,26599.5,0,0.0,3991.98,2,1776.11,2022-02-20
L0003396,744,Branch,5710.87,0,0.0,207.32,4,8563.26,2026-03-08
L0003397,611,Online,43344.01,0,0.0,8832.63,4,28436.84,2024-09-14
L0003398,740,Broker,10103.3,1,4241.1,-2985.33,1,17498.79,2023-01-20
L0003399,740,Broker,36025.88,0,0.0,1703.48,2,9176.26,2025-01-23
L0003400,-9999,Online,31431.43,0,0.0,4484.51,2,11129.6,2024-11-08
L0003401,746,Online,45046.09,0,0.0,1983.65,4,3994.22,2025-04-15
L0003402,659,Branch,46313.12,0,0.0,2421.65,1,5340.18,2025-12-23
L0003403,793,Branch,49660.52,0,0.0,4726.89,1,6906.38,2021-11-16
L0003404,611,Branch,5296.4,0,0.0,1400.69,2,9756.14,2024-02-01
L0003405,746,Broker,54816.78,0,0.0,5359.12,3,8222.82,2023-01-26
L0003406,617,Broker,48067.82,1,16353.06,-13673.89,1,21397.78,2025-12-18
L0003407,800,Broker,51105.83,0,0.0,2584.47,2,1807.68,2024-02-28
L0003408,792,Broker,17516.52,0,0.0,1497.3,4,5664.85,2023-06-09
L0003409,651,Branch,30142.01,0,0.0,8959.77,2,9397.91,2023-03-06
L0003410,747,Online,35856.26,0,0.0,2936.28,4,3501.59,2023-10-15
L0003411,673,Branch,5001.56,1,2864.77,-2192.66,4,14055.6,2026-01-16
L0003412,664,Branch,52375.21,0,0.0,3590.4,3,27172.06,2025-08-05
L0003413,693,Online,17042.29,0,0.0,1753.69,2,9442.35,2025-03-26
L0003414,736,Online,26867.75,0,0.0,6079.53,3,3803.47,2022-09-21
L0003415,625,Online,32116.47,0,0.0,4532.21,4,21370.27,2025-02-17
L0003416,680,Broker,31698.03,0,0.0,9864.86,3,15646.58,2022-01-22
L0003417,589,Broker,47400.76,1,22313.39,2241.61,2,24531.51,2022-04-05
L0003418,735,Broker,45302.51,0,0.0,7771.48,2,5538.77,2021-08-29
L0003419,733,Broker,57242.41,0,0.0,1128.13,3,13731.47,2026-01-10
L0003420,594,Branch,22354.43,0,0.0,1879.69,4,29438.54,2025-10-11
L0003421,632,Branch,22446.95,0,0.0,5676.03,4,17372.37,2024-01-18
L0003422,689,Branch,42783.76,0,0.0,5840.86,2,11934.69,2024-05-24
L0003423,772,Broker,52336.42,0,0.0,2442.66,3,13206.51,2024-08-27
L0003424,766,Branch,6100.16,1,2448.08,-1435.42,1,15199.35,2021-10-28
L0003425,618,Broker,32393.37,1,10048.62,-2370.8,4,17648.67,2024-04-22
L0003426,820,Branch,17089.38,0,0.0,1180.05,3,3797.41,2023-08-07
L0003427,722,Broker,31836.08,0,0.0,2139.36,3,17873.99,2025-04-04
L0003428,688,Online,57955.86,0,0.0,12580.94,3,12900.55,2023-12-02
L0003429,703,Branch,13023.26,0,0.0,1009.95,4,6985.2,2025-10-24
L0003430,684,Online,46847.03,0,0.0,12893.82,4,4931.44,2023-05-21
L0003431,656,Branch,48457.85,0,0.0,5868.21,3,3757.31,2025-01-04
L0003432,745,Online,28806.43,0,0.0,2386.79,3,4765.53,2023-11-16
L0003433,558,Online,13788.44,1,5259.44,3755.07,3,31567.28,2021-11-27
L0003434,617,Broker,9439.94,0,0.0,4067.74,3,11893.71,2022-07-10
L0003435,596,Broker,31879.37,0,0.0,1744.74,4,30467.5,2026-02-09
L0003436,639,Online,8186.81,0,0.0,3295.42,1,11233.36,2022-03-23
L0003437,641,Branch,29086.22,0,0.0,7780.91,1,21597.85,2023-08-10
L0003438,634,Branch,22952.77,1,17340.47,-11996.69,3,20423.78,2024-04-15
L0003439,749,Branch,36251.72,0,0.0,3846.91,1,15752.07,2023-01-24
L0003440,752,Broker,55106.77,0,0.0,2971.65,4,2427.65,2024-06-19
L0003441,672,Broker,51185.95,0,0.0,10785.05,2,15402.92,2023-09-11
L0003442,640,Broker,36853.77,0,0.0,11676.71,2,9259.7,2023-01-16
L0003443,645,Branch,39314.46,0,0.0,11835.5,4,23419.21,2023-03-29
L0003444,749,Online,37901.95,0,0.0,1586.03,1,13477.68,2025-01-31
L0003445,827,Broker,44736.3,0,0.0,1769.02,2,3961.92,2024-09-16
L0003446,625,Broker,51494.51,0,0.0,7038.17,4,21991.66,2025-03-29
L0003447,680,Online,8820.55,0,0.0,3110.96,1,4857.32,2022-08-30
L0003448,703,Broker,38063.12,0,0.0,3112.47,3,4683.73,2024-12-12
L0003449,773,Broker,52602.76,0,0.0,3317.28,1,9191.68,2023-07-06
L0003450,-9999,Online,30884.24,0,0.0,4883.63,4,13301.85,2024-07-23
L0003451,673,Branch,44684.88,0,0.0,12147.42,4,10820.32,2022-10-24
L0003452,760,Online,31517.76,0,0.0,2888.51,2,8900.37,2022-01-13
L0003453,792,Branch,41536.28,0,0.0,3002.45,3,10272.43,2022-12-25
L0003454,736,Online,26667.14,1,16316.11,-11269.79,3,11159.42,2023-05-23
L0003455,650,Branch,48136.8,0,0.0,8055.63,1,12450.97,2024-08-28
L0003456,706,Online,27526.83,0,0.0,5339.15,4,10032.47,2023-12-07
L0003457,691,Online,40302.24,0,0.0,6806.69,1,3467.78,2024-07-28
L0003458,764,Branch,53642.23,0,0.0,956.07,1,3213.56,2025-12-21
L0003459,757,Online,33678.85,0,0.0,2153.04,3,11196.59,2023-07-05
L0003460,686,Broker,36348.78,0,0.0,10338.64,3,10985.64,2022-02-28
L0003461,651,Branch,28263.36,0,0.0,8783.14,2,6855.7,2023-01-02
L0003462,637,Online,50758.94,0,0.0,21400.69,4,14995.33,2022-01-21
L0003463,715,Branch,52868.45,0,0.0,10234.09,4,10686.24,2022-05-11
L0003464,737,Branch,41572.07,0,0.0,2845.53,3,11246.62,2024-06-03
L0003465,573,Branch,11987.93,0,0.0,1685.39,1,36640.97,2025-07-15
L0003466,664,Branch,16853.02,1,10122.69,-7167.57,3,16818.3,2024-07-18
L0003467,702,Branch,10345.8,0,0.0,616.44,2,13154.41,2026-01-21
L0003468,782,Broker,50911.58,0,0.0,1040.55,1,2380.03,2025-08-27
L0003469,659,Online,23353.26,0,0.0,4258.21,3,15970.67,2024-05-10
L0003470,668,Online,49733.04,0,0.0,9470.55,2,17263.62,2024-01-28
L0003471,626,Online,50314.16,1,31743.8,-10257.4,1,4760.98,2022-04-10
L0003472,743,Online,6222.94,0,0.0,925.92,4,5556.59,2022-04-06
L0003473,655,Branch,43195.06,0,0.0,13625.4,2,15746.06,2022-09-19
L0003474,621,Online,6926.36,0,0.0,3415.41,2,17860.37,2022-06-24
L0003475,617,Broker,50660.63,0,0.0,11811.33,2,9527.43,2024-04-08
L0003476,789,Online,18878.21,1,12839.03,-11566.03,4,6471.65,2023-03-10
L0003477,727,Online,7005.59,0,0.0,1801.21,4,13310.7,2022-12-30
L0003478,717,Branch,47206.99,0,0.0,4235.81,4,14451.32,2024-08-23
L0003479,650,Broker,15206.44,0,0.0,1155.57,4,14096.77,2025-12-24
L0003480,629,Broker,37570.85,0,0.0,16495.74,4,29141.82,2022-01-21
L0003481,753,Branch,8293.59,0,0.0,1097.59,1,5300.36,2021-11-27
L0003482,749,Online,54526.23,0,0.0,4572.47,1,8896.72,2023-08-04
L0003483,762,Online,49387.04,0,0.0,2556.78,3,2079.32,2024-03-13
L0003484,618,Online,8698.15,0,0.0,5022.46,3,28176.52,2021-08-30
L0003485,648,Broker,36356.24,0,0.0,9695.99,1,15462.06,2023-07-21
L0003486,797,Online,9720.48,0,0.0,884.04,3,3326.51,2022-08-06
L0003487,680,Broker,43962.54,0,0.0,5533.89,3,19387.75,2024-10-04
L0003488,667,Online,7867.88,0,0.0,2595.39,4,12634.53,2022-04-03
L0003489,634,Online,6775.3,0,0.0,2066.03,1,12048.02,2023-12-27
L0003490,723,Broker,31001.11,0,0.0,4990.48,2,3683.11,2022-11-27
L0003491,735,Online,23653.21,0,0.0,2333.59,2,15948.86,2024-09-21
L0003492,611,Online,6370.83,0,0.0,304.15,2,14048.57,2026-01-30
L0003493,735,Branch,52663.52,0,0.0,8484.09,3,5581.56,2022-02-26
L0003494,711,Branch,58533.26,0,0.0,2112.98,1,888.99,2025-11-08
L0003495,636,Branch,23987.48,0,0.0,3472.98,4,2444.74,2025-01-07
L0003496,601,Branch,55812.48,0,0.0,14838.64,1,12548.53,2024-03-20
L0003497,695,Broker,52029.29,0,0.0,11523.25,1,9356.05,2022-11-22
L0003498,682,Online,19074.58,0,0.0,2754.18,2,10334.93,2025-02-27
L0003499,704,Broker,42685.81,0,0.0,8215.92,4,4093.99,2023-02-28
L0003500,-9999,Branch,45709.98,0,0.0,9635.32,1,7749.46,2024-11-16
L0003501,654,Branch,5059.05,0,0.0,2344.66,2,31957.01,2021-07-31
L0003502,752,Online,57275.08,0,0.0,6070.46,2,8835.2,2022-05-30
L0003503,646,Online,5715.58,0,0.0,1511.78,1,20242.28,2024-06-04
L0003504,741,Branch,10429.59,0,0.0,879.39,3,21451.17,2023-12-03
L0003505,634,Online,31264.15,0,0.0,2374.19,3,15427.79,2025-09-30
L0003506,716,Branch,26286.4,0,0.0,3251.41,2,3038.44,2024-02-04
L0003507,750,Broker,29391.05,0,0.0,929.86,3,5982.67,2025-12-06
L0003508,667,Branch,53404.88,0,0.0,12519.44,3,21119.43,2023-05-12
L0003509,716,Online,41032.52,0,0.0,4448.75,2,11177.84,2024-11-15
L0003510,732,Online,43584.43,0,0.0,11223.63,2,9932.87,2021-12-03
L0003511,721,Broker,53420.51,0,0.0,2383.02,2,12500.57,2025-06-24
L0003512,720,Broker,8891.74,0,0.0,1142.4,1,11414.76,2023-12-10
L0003513,654,Branch,20966.88,0,0.0,5107.46,3,17980.36,2023-08-30
L0003514,685,Online,22987.25,0,0.0,5657.66,1,21528.79,2023-08-08
L0003515,692,Branch,47772.43,0,0.0,4241.59,4,17237.83,2025-02-13
L0003516,682,Branch,49809.26,0,0.0,5533.11,4,7716.09,2024-12-10
L0003517,745,Broker,23276.14,0,0.0,1709.54,3,9482.06,2024-05-05
L0003518,705,Branch,54621.28,0,0.0,7750.06,1,20709.53,2023-12-11
L0003519,671,Branch,59429.94,0,0.0,1591.01,1,14045.71,2026-02-07
L0003520,685,Branch,39858.83,0,0.0,10507.33,1,13048.22,2022-06-05
L0003521,643,Broker,13527.7,0,0.0,4412.42,3,15669.86,2022-10-31
L0003522,699,Broker,50649.5,0,0.0,3031.33,1,12670.78,2025-07-17
L0003523,635,Broker,21499.26,0,0.0,1409.08,4,14357.77,2026-01-04
L0003524,704,Broker,12120.79,0,0.0,425.15,1,12312.47,2026-01-29
L0003525,666,Broker,41960.9,0,0.0,12757.19,1,14975.27,2022-07-22
L0003526,665,Branch,14435.4,0,0.0,1451.48,3,4023.53,2025-07-15
L0003527,660,Broker,5212.9,1,1984.08,-549.68,4,17865.33,2024-04-11
L0003528,736,Broker,51864.66,1,33562.93,-26652.88,4,1078.48,2022-09-03
L0003529,734,Branch,55682.51,0,0.0,9269.01,2,3082.17,2021-10-27
L0003530,737,Broker,39031.01,0,0.0,3977.4,3,13117.04,2023-07-15
L0003531,725,Broker,30818.86,0,0.0,3273.07,2,16264.29,2023-11-16
L0003532,690,Online,22038.25,0,0.0,5575.3,4,15794.91,2023-05-25
L0003533,672,Branch,17660.25,1,6805.21,-1618.45,1,15600.6,2022-10-14
L0003534,674,Branch,19284.04,0,0.0,1107.46,4,25083.71,2025-12-11
L0003535,630,Broker,11442.17,0,0.0,644.48,1,14996.04,2026-03-25
L0003536,704,Branch,38518.64,0,0.0,3453.21,1,13541.29,2024-10-11
L0003537,672,Branch,44740.66,0,0.0,979.53,3,15037.11,2026-03-09
L0003538,665,Online,16926.69,0,0.0,1668.04,1,18085.51,2025-06-08
L0003539,666,Broker,17935.72,1,6151.8,-3303.38,4,15905.95,2024-08-12
L0003540,658,Online,16802.88,0,0.0,3194.39,2,6525.63,2024-05-23
L0003541,648,Broker,8629.36,0,0.0,2962.69,2,23448.96,2023-03-20
L0003542,656,Online,19014.7,0,0.0,7908.87,4,4062.82,2021-10-28
L0003543,696,Online,41595.88,0,0.0,7787.07,1,17497.65,2024-03-21
L0003544,649,Branch,50825.23,0,0.0,17057.2,4,13905.95,2022-08-16
L0003545,630,Online,7872.43,0,0.0,2351.71,1,28624.24,2023-11-12
L0003546,741,Branch,45590.71,0,0.0,4693.53,1,8991.1,2023-06-20
L0003547,739,Broker,16934.67,0,0.0,750.18,4,13108.66,2025-12-06
L0003548,610,Online,14113.92,0,0.0,3933.41,2,15480.56,2023-12-26
L0003549,637,Branch,11791.79,0,0.0,1077.57,3,18840.41,2025-07-01
L0003550,-9999,Online,42780.08,0,0.0,19283.39,4,3847.3,2022-02-01
L0003551,671,Branch,41359.99,0,0.0,13087.44,3,2860.35,2022-03-24
L0003552,671,Broker,46558.29,0,0.0,16472.94,1,7020.12,2021-09-07
L0003553,691,Online,59646.74,0,0.0,19882.04,3,108.04,2022-05-20
L0003554,722,Broker,35103.26,0,0.0,5656.76,4,11086.13,2022-09-12
L0003555,723,Branch,15150.04,0,0.0,752.24,4,11579.52,2025-08-21
L0003556,626,Broker,10432.18,0,0.0,936.07,3,16753.37,2025-09-30
L0003557,686,Broker,19259.51,0,0.0,2702.49,1,8329.09,2024-06-24
L0003558,634,Branch,17010.3,0,0.0,1098.81,4,12142.2,2025-11-13
L0003559,702,Online,51148.98,0,0.0,9706.61,2,8034.34,2024-01-01
L0003560,724,Broker,12227.15,0,0.0,2524.43,1,4741.28,2022-04-13
L0003561,698,Branch,24466.3,0,0.0,4770.97,3,14370.65,2023-05-09
L0003562,769,Online,35036.98,0,0.0,1345.11,4,1915.58,2025-05-26
L0003563,705,Online,29988.03,0,0.0,3582.72,2,17265.51,2024-12-20
L0003564,719,Branch,16192.79,0,0.0,2396.59,3,10361.37,2023-06-27
L0003565,729,Broker,45442.46,0,0.0,2162.2,4,10558.01,2025-05-14
L0003566,697,Broker,15697.04,0,0.0,1576.12,3,11091.2,2025-04-25
L0003567,738,Online,29039.86,0,0.0,473.3,1,0.0,2026-03-07
L0003568,766,Broker,34379.58,0,0.0,2607.5,1,2725.77,2023-04-22
L0003569,597,Online,6119.25,0,0.0,2386.07,2,8066.37,2023-07-22
L0003570,715,Broker,50382.85,0,0.0,10766.64,4,20310.39,2022-02-18
L0003571,702,Branch,20753.4,1,10318.03,-8198.6,1,17854.75,2024-08-26
L0003572,778,Branch,14266.27,0,0.0,1249.82,4,10255.35,2022-08-05
L0003573,675,Branch,21928.35,0,0.0,5266.26,4,11551.36,2023-04-04
L0003574,814,Branch,40450.21,0,0.0,1645.98,2,4932.12,2025-02-23
L0003575,673,Branch,50757.71,0,0.0,2405.46,4,4160.1,2025-12-06
L0003576,674,Online,27031.59,0,0.0,9743.43,4,23876.38,2021-09-02
L0003577,754,Online,55351.72,0,0.0,6096.7,2,10224.98,2022-02-23
L0003578,738,Broker,15463.92,0,0.0,1125.36,3,11018.13,2024-04-13
L0003579,714,Branch,34762.03,0,0.0,3481.48,2,7973.17,2024-09-18
L0003580,772,Branch,15060.25,0,0.0,1189.57,1,9187.64,2022-08-17
L0003581,715,Branch,13674.78,0,0.0,3496.48,2,14433.59,2021-07-14
L0003582,740,Online,22644.87,0,0.0,2359.91,1,6801.28,2023-04-16
L0003583,617,Broker,45316.26,0,0.0,8120.31,4,28802.66,2024-10-19
L0003584,685,Branch,22722.48,0,0.0,880.02,4,0.0,2026-02-07
L0003585,607,Branch,40539.4,0,0.0,2395.76,4,30855.36,2026-01-04
L0003586,745,Broker,48383.5,0,0.0,1322.22,4,7702.24,2025-07-25
L0003587,715,Online,59399.45,0,0.0,18934.9,2,12325.42,2021-09-07
L0003588,653,Broker,24494.7,1,15732.91,-5730.41,1,2479.1,2021-09-10
L0003589,687,Online,33705.7,0,0.0,1454.61,4,26012.37,2025-12-21
L0003590,744,Branch,44601.89,0,0.0,846.88,3,9614.14,2026-03-10
L0003591,665,Branch,40410.84,0,0.0,5200.81,2,8613.95,2024-10-29
L0003592,650,Broker,28789.06,0,0.0,4078.69,2,14633.97,2024-11-14
L0003593,774,Broker,33535.33,0,0.0,1985.39,1,5353.52,2024-03-19
L0003594,750,Broker,56767.65,0,0.0,1951.51,3,9695.31,2025-03-12
L0003595,720,Online,36813.96,0,0.0,9156.26,1,15613.97,2022-10-05
L0003596,694,Broker,41515.95,0,0.0,8855.64,3,13077.8,2022-12-17
L0003597,631,Branch,21117.77,0,0.0,1486.58,4,21126.02,2025-11-20
L0003598,669,Branch,47143.16,0,0.0,6179.14,2,19642.27,2024-09-27
L0003599,699,Broker,28904.49,0,0.0,4208.81,3,12914.09,2024-01-23
L0003600,-9999,Broker,12424.01,0,0.0,740.01,3,7715.81,2025-06-28
L0003601,750,Branch,25409.75,0,0.0,2877.13,1,15345.06,2022-08-02
L0003602,737,Online,38899.06,0,0.0,8385.86,3,8178.74,2022-09-26
L0003603,692,Online,50339.01,0,0.0,3936.0,2,7573.79,2025-07-06
L0003604,674,Branch,31396.07,0,0.0,5161.75,3,13317.21,2024-05-24
L0003605,724,Online,40076.61,0,0.0,2573.84,2,10658.65,2025-06-01
L0003606,749,Branch,6787.15,0,0.0,1158.75,3,6288.41,2022-11-23
L0003607,679,Online,32189.87,0,0.0,1710.74,1,14702.24,2025-10-03
L0003608,699,Branch,5566.97,0,0.0,1270.43,3,8027.87,2023-04-02
L0003609,726,Branch,32112.14,0,0.0,4973.78,1,11495.98,2022-12-13
L0003610,718,Branch,26866.51,0,0.0,4717.87,1,10025.64,2022-08-29
L0003611,759,Online,21396.99,0,0.0,1882.69,3,4932.83,2022-08-14
L0003612,671,Branch,16670.1,0,0.0,1007.1,3,7780.18,2025-12-16
L0003613,791,Online,33600.81,0,0.0,1915.56,3,4978.9,2024-02-08
L0003614,697,Online,51035.25,0,0.0,15274.22,2,2168.65,2022-09-30
L0003615,745,Broker,41806.89,0,0.0,5566.39,1,11579.3,2022-01-21
L0003616,685,Branch,26676.05,0,0.0,724.77,4,11060.08,2026-01-30
L0003617,669,Broker,44847.99,0,0.0,15412.17,4,13427.51,2021-11-08
L0003618,751,Broker,39128.97,0,0.0,1038.95,1,9658.27,2025-05-31
L0003619,704,Broker,40604.93,0,0.0,1141.6,2,11413.57,2025-12-18
L0003620,571,Broker,58582.94,0,0.0,31836.63,2,22870.65,2022-06-03
L0003621,711,Broker,36548.17,0,0.0,5390.29,4,18088.05,2023-10-21
L0003622,719,Online,34507.33,0,0.0,2068.56,1,7026.78,2025-09-03
L0003623,747,Branch,37145.67,0,0.0,2912.59,2,5955.78,2024-01-12
L0003624,687,Branch,38619.57,0,0.0,920.02,2,19037.83,2026-03-28
L0003625,583,Broker,16083.15,1,9531.23,-245.13,3,26555.98,2021-12-02
L0003626,638,Branch,10956.28,0,0.0,4515.66,3,8790.09,2022-04-28
L0003627,706,Online,40831.51,0,0.0,10275.05,2,17746.44,2023-02-07
L0003628,657,Broker,57855.11,0,0.0,20064.78,1,16546.06,2022-04-13
L0003629,660,Branch,58938.5,0,0.0,6233.7,3,7769.0,2025-03-15
L0003630,706,Online,21944.31,0,0.0,6756.44,4,13056.05,2022-05-06
L0003631,747,Broker,51020.76,1,31273.78,-28836.1,2,13642.28,2024-11-07
L0003632,767,Broker,33751.21,0,0.0,3534.52,3,7516.65,2022-01-20
L0003633,753,Online,31121.92,0,0.0,3862.83,3,8108.81,2021-11-27
L0003634,694,Branch,57725.01,0,0.0,1407.1,4,5427.88,2026-03-22
L0003635,710,Online,40638.47,0,0.0,4274.57,4,20509.22,2024-12-26
L0003636,712,Branch,25316.19,0,0.0,3839.37,1,606.73,2023-09-25
L0003637,605,Broker,41517.26,0,0.0,18411.01,4,26144.1,2022-08-02
L0003638,695,Broker,30193.92,0,0.0,3080.74,2,15836.54,2024-12-07
L0003639,651,Broker,13161.78,0,0.0,5725.93,1,9753.6,2021-07-05
L0003640,793,Online,50335.47,0,0.0,3768.49,4,4646.39,2023-03-11
L0003641,680,Broker,54956.96,0,0.0,1872.48,4,6512.85,2026-01-30
L0003642,713,Broker,6958.23,0,0.0,1397.33,4,15017.38,2023-11-01
L0003643,718,Online,16244.19,0,0.0,546.5,1,8744.63,2026-02-22
L0003644,697,Branch,43796.31,0,0.0,1817.64,1,14525.53,2025-12-17
L0003645,637,Broker,23399.09,0,0.0,4211.48,2,13768.39,2024-07-14
L0003646,532,Online,40087.78,0,0.0,31352.9,1,27376.3,2021-07-04
L0003647,724,Broker,48782.99,0,0.0,3213.42,3,10903.93,2025-02-08
L0003648,693,Broker,59866.78,0,0.0,9218.74,3,8958.43,2023-12-06
L0003649,704,Branch,26539.3,0,0.0,3129.66,2,12966.96,2024-04-29
L0003650,-9999,Broker,51722.64,1,17015.17,-12449.35,3,22026.7,2025-07-22
L0003651,680,Online,11352.66,0,0.0,3763.9,3,12987.94,2023-01-22
L0003652,638,Broker,13162.86,0,0.0,3708.73,4,13103.74,2023-10-30
L0003653,646,Branch,45479.39,0,0.0,14183.52,3,7625.93,2022-12-16
L0003654,641,Branch,46501.41,0,0.0,7405.76,3,14991.05,2024-10-14
L0003655,691,Broker,53534.19,0,0.0,11300.86,1,7003.33,2023-02-11
L0003656,702,Broker,19503.45,0,0.0,3602.0,4,6426.63,2023-08-23
L0003657,736,Online,35852.98,0,0.0,8256.09,1,10076.6,2022-05-07
L0003658,711,Broker,53003.44,0,0.0,1300.07,1,13591.17,2026-01-09
L0003659,605,Online,21315.61,0,0.0,8206.29,2,35734.38,2023-03-25
L0003660,801,Online,32691.95,0,0.0,2499.74,1,8131.13,2023-05-26
L0003661,728,Branch,30839.15,0,0.0,5807.08,1,2777.27,2022-02-06
L0003662,707,Branch,53222.32,0,0.0,1609.23,3,13526.37,2025-12-20
L0003663,728,Broker,10138.63,0,0.0,425.77,1,9277.16,2026-01-04
L0003664,692,Online,26210.04,0,0.0,3222.0,1,15355.88,2025-02-19
L0003665,719,Branch,31585.67,0,0.0,3164.98,4,12477.25,2024-04-23
L0003666,666,Online,44052.36,0,0.0,5092.3,1,24070.55,2025-01-06
L0003667,658,Online,31269.28,0,0.0,12680.59,1,24643.03,2021-07-11
L0003668,743,Branch,21758.34,1,13102.5,-12469.61,4,13098.43,2025-10-25
L0003669,649,Online,11865.75,0,0.0,1329.29,2,20285.27,2025-04-08
L0003670,614,Online,49638.96,0,0.0,10294.87,2,13194.11,2024-07-23
L0003671,679,Online,40934.41,1,25781.8,-22627.75,3,15755.5,2025-07-11
L0003672,733,Branch,54520.59,0,0.0,7603.55,4,15187.52,2022-08-04
L0003673,685,Broker,53508.49,0,0.0,15308.45,3,3736.08,2022-03-29
L0003674,679,Broker,39544.35,0,0.0,13013.72,4,18018.25,2021-10-15
L0003675,646,Online,12135.49,0,0.0,2200.3,4,22379.08,2024-06-07
L0003676,617,Online,36423.05,0,0.0,16455.65,2,11946.28,2022-03-08
L0003677,588,Broker,5333.13,0,0.0,3073.3,2,14373.26,2021-10-26
L0003678,694,Branch,10605.86,0,0.0,984.18,3,11325.96,2025-02-25
L0003679,658,Online,19020.36,0,0.0,5070.21,3,20133.38,2023-03-24
L0003680,658,Broker,22866.63,0,0.0,539.78,4,14158.15,2026-03-26
L0003681,718,Branch,11507.31,0,0.0,1329.05,3,11995.59,2023-12-28
L0003682,731,Broker,23759.0,0,0.0,647.71,4,3249.6,2026-02-10
L0003683,760,Broker,48314.61,0,0.0,4294.87,3,9439.91,2022-05-08
L0003684,686,Broker,5196.11,0,0.0,1845.93,2,10989.47,2022-01-25
L0003685,629,Online,44685.83,0,0.0,9653.78,3,17631.44,2024-04-20
L0003686,731,Branch,6239.39,0,0.0,1635.02,2,13145.08,2021-08-22
L0003687,668,Online,46382.59,0,0.0,15553.18,1,11926.25,2021-12-31
L0003688,715,Online,38859.5,0,0.0,2054.76,3,14409.43,2025-10-19
L0003689,675,Branch,33076.08,0,0.0,9986.59,1,23943.02,2022-03-16
L0003690,726,Branch,59766.5,0,0.0,6518.6,4,12164.4,2023-12-05
L0003691,723,Broker,6410.75,0,0.0,1111.38,4,15716.1,2024-02-19
L0003692,725,Branch,56219.13,0,0.0,1854.51,4,4829.32,2025-11-17
L0003693,673,Broker,51633.86,0,0.0,3642.24,1,11604.94,2025-08-27
L0003694,717,Broker,29638.39,0,0.0,2608.69,2,10246.65,2024-10-21
L0003695,646,Broker,30041.2,0,0.0,689.27,3,19598.0,2026-03-04
L0003696,710,Branch,23506.68,0,0.0,4713.61,1,14308.21,2022-06-30
L0003697,760,Broker,55255.65,0,0.0,4211.11,3,10548.0,2022-11-06
L0003698,754,Broker,13288.0,0,0.0,1466.24,1,18973.14,2021-12-11
L0003699,751,Broker,24924.29,0,0.0,1743.47,4,2519.39,2023-11-01
L0003700,-9999,Broker,48064.93,0,0.0,1599.08,4,1385.8,2025-08-30
L0003701,558,Branch,8079.03,0,0.0,3599.16,2,14713.69,2023-09-02
L0003702,668,Branch,34499.65,0,0.0,6862.61,2,16604.69,2023-12-17
L0003703,811,Branch,13995.68,0,0.0,1112.64,3,3286.17,2023-06-04
L0003704,654,Branch,58519.78,0,0.0,12496.25,4,14429.78,2023-12-18
L0003705,626,Broker,30572.64,0,0.0,8888.76,1,9911.04,2023-08-09
L0003706,773,Online,35668.53,0,0.0,3544.92,2,8524.42,2022-04-19
L0003707,691,Broker,47360.13,0,0.0,4910.88,3,27402.14,2024-10-08
L0003708,697,Broker,10335.74,0,0.0,2134.91,1,19669.04,2023-04-28
L0003709,669,Online,5423.02,0,0.0,822.27,4,13675.68,2025-08-21
L0003710,644,Branch,9454.94,0,0.0,2040.13,1,5663.21,2024-06-14
L0003711,684,Branch,26231.25,0,0.0,1809.03,4,9767.14,2025-08-03
L0003712,622,Broker,46337.52,0,0.0,11573.15,2,23912.71,2024-01-28
L0003713,744,Branch,20391.24,0,0.0,1508.81,3,7403.56,2024-08-19
L0003714,681,Branch,16870.74,1,13278.66,-10883.65,4,13777.61,2024-07-06
L0003715,663,Broker,43146.84,0,0.0,10309.84,4,16267.51,2023-07-29
L0003716,693,Branch,13230.28,0,0.0,1668.73,3,12870.37,2024-07-06
L0003717,663,Broker,31779.49,0,0.0,11981.76,4,17921.98,2021-10-21
L0003718,704,Online,41028.65,0,0.0,10428.08,3,4890.85,2023-02-08
L0003719,702,Online,12506.26,0,0.0,3115.07,1,10073.38,2023-04-22
L0003720,660,Branch,18217.26,0,0.0,4281.11,3,14764.61,2023-09-12
L0003721,736,Online,52145.85,0,0.0,10301.54,2,10560.44,2022-12-15
L0003722,690,Online,52503.81,0,0.0,17277.52,3,2397.27,2022-06-29
L0003723,714,Broker,32473.61,0,0.0,1625.16,3,8614.42,2025-10-11
L0003724,645,Branch,37934.15,0,0.0,7524.39,2,7335.73,2024-04-11
L0003725,620,Broker,20813.29,0,0.0,7765.87,1,19471.83,2022-12-15
L0003726,711,Branch,17638.08,0,0.0,2064.96,2,9321.41,2024-07-29
L0003727,744,Branch,47762.36,1,21302.85,-17842.64,1,3877.83,2024-03-30
L0003728,708,Online,30406.84,0,0.0,6950.0,3,21037.54,2023-04-26
L0003729,844,Branch,28577.41,0,0.0,1536.58,3,2769.66,2024-01-22
L0003730,738,Broker,31593.86,0,0.0,2517.6,1,3203.1,2024-03-06
L0003731,777,Online,32431.57,0,0.0,662.22,1,12289.93,2025-10-02
L0003732,693,Branch,24801.33,0,0.0,4506.93,2,10076.05,2023-10-17
L0003733,703,Branch,40741.91,0,0.0,10346.84,4,16380.31,2021-12-17
L0003734,740,Branch,17454.76,0,0.0,2549.5,3,6711.92,2022-07-19
L0003735,766,Online,30324.49,0,0.0,2836.49,2,8353.52,2022-03-05
L0003736,622,Branch,13772.54,0,0.0,6373.43,4,28247.38,2022-04-05
L0003737,653,Branch,37640.75,0,0.0,2276.66,3,14235.48,2025-10-12
L0003738,702,Broker,22307.5,0,0.0,2892.54,4,13312.5,2024-05-26
L0003739,777,Branch,58780.95,0,0.0,4556.01,3,2096.66,2022-12-25
L0003740,722,Branch,39510.42,0,0.0,6770.73,4,11300.75,2022-10-18
L0003741,630,Branch,36679.05,0,0.0,5916.43,3,7515.59,2024-12-03
L0003742,721,Branch,14238.29,0,0.0,1505.22,3,12471.57,2024-02-09
L0003743,645,Online,21415.72,0,0.0,5420.35,4,9985.83,2023-08-08
L0003744,667,Broker,15723.27,0,0.0,682.46,4,27170.7,2025-12-20
L0003745,695,Branch,30621.13,0,0.0,8696.34,4,11921.91,2021-12-25
L0003746,654,Branch,19647.6,0,0.0,6434.74,2,20250.39,2022-07-22
L0003747,764,Branch,37478.69,0,0.0,2193.17,1,8517.97,2024-02-07
L0003748,728,Broker,6102.81,1,3059.65,-2559.96,2,15012.76,2025-06-30
L0003749,682,Online,49970.98,0,0.0,16718.51,1,10728.28,2022-09-30
L0003750,-9999,Broker,23677.82,0,0.0,1342.49,2,3808.16,2024-10-29
L0003751,697,Broker,51178.32,0,0.0,13029.07,1,19479.11,2022-03-14
L0003752,752,Broker,58282.73,0,0.0,3281.68,2,4508.73,2024-07-01
L0003753,606,Branch,23045.58,0,0.0,8098.63,3,15008.0,2023-06-21
L0003754,692,Online,24181.56,0,0.0,6833.52,4,13730.26,2023-01-21
L0003755,680,Online,54845.96,0,0.0,23487.56,1,16305.66,2021-08-01
L0003756,693,Broker,19173.24,0,0.0,2013.48,1,15564.62,2024-11-12
L0003757,736,Branch,24557.5,0,0.0,1840.46,2,4678.29,2024-09-14
L0003758,637,Branch,50435.54,0,0.0,16940.93,4,27748.24,2022-12-24
L0003759,640,Branch,53900.47,0,0.0,1316.71,4,2587.83,2026-03-04
L0003760,659,Branch,16524.33,0,0.0,893.07,1,15611.0,2025-10-03
L0003761,699,Online,28331.66,0,0.0,9535.48,3,13761.44,2022-04-16
L0003762,775,Online,52424.31,1,34813.95,-32960.71,2,9964.46,2024-09-23
L0003763,692,Online,43349.36,1,29968.96,-16393.36,4,0.0,2022-08-10
L0003764,684,Branch,25809.76,0,0.0,7442.69,1,14128.18,2022-05-27
L0003765,614,Branch,50831.18,0,0.0,21321.06,1,26668.86,2022-08-05
L0003766,712,Branch,30122.93,0,0.0,3534.76,1,4947.93,2024-04-29
L0003767,722,Online,35833.92,0,0.0,2116.3,2,14561.98,2025-08-07
L0003768,821,Branch,27076.66,0,0.0,2448.36,3,1786.12,2022-08-23
L0003769,644,Online,35533.19,1,21198.34,-14658.78,1,14586.85,2024-07-21
L0003770,675,Broker,7352.12,0,0.0,528.27,3,10311.77,2025-10-21
L0003771,665,Branch,13466.47,0,0.0,1559.69,2,12851.39,2025-06-03
L0003772,669,Branch,43397.55,0,0.0,15878.92,1,15314.17,2021-09-19
L0003773,818,Online,42015.89,0,0.0,1373.84,4,5396.11,2025-06-14
L0003774,634,Online,27138.76,0,0.0,11505.21,4,12627.16,2022-03-03
L0003775,587,Online,43413.12,0,0.0,15360.76,2,11674.84,2023-08-23
L0003776,701,Online,50762.21,0,0.0,15169.28,4,8623.4,2022-07-22
L0003777,755,Broker,47449.51,0,0.0,2753.65,4,3613.24,2024-03-04
L0003778,648,Online,8701.74,0,0.0,2669.14,3,11155.13,2023-04-03
L0003779,726,Broker,58435.9,0,0.0,8987.37,1,7849.38,2022-11-14
L0003780,610,Online,13124.11,0,0.0,4550.67,4,0.0,2023-07-26
L0003781,768,Branch,58769.68,0,0.0,5121.39,4,7181.52,2022-04-11
L0003782,654,Online,52774.81,0,0.0,9698.24,1,8570.28,2024-04-27
L0003783,684,Broker,9112.2,0,0.0,858.83,1,7531.43,2025-12-24
L0003784,698,Broker,11132.07,0,0.0,2514.89,1,14690.63,2022-08-13
L0003785,713,Online,35459.61,0,0.0,8752.29,1,8791.58,2023-01-27
L0003786,650,Broker,40315.96,0,0.0,15612.73,4,11469.3,2022-01-27
L0003787,681,Broker,34380.82,0,0.0,7935.51,3,10523.25,2023-03-09
L0003788,756,Broker,54584.43,0,0.0,5039.53,3,15802.89,2022-07-11
L0003789,592,Branch,45431.71,0,0.0,16958.95,1,20655.19,2023-05-24
L0003790,677,Branch,18309.81,0,0.0,6223.51,4,12347.28,2021-12-31
L0003791,683,Broker,43130.04,0,0.0,7179.56,4,14456.77,2023-12-18
L0003792,641,Broker,31960.72,0,0.0,13564.9,3,10855.18,2021-11-06
L0003793,746,Online,6838.43,0,0.0,994.86,2,7500.32,2022-07-01
L0003794,628,Online,34812.22,1,11856.27,-7777.14,4,16737.33,2025-04-07
L0003795,825,Online,44278.5,0,0.0,3296.39,2,5040.14,2022-10-25
L0003796,642,Broker,33138.92,0,0.0,12272.66,2,10734.06,2022-07-25
L0003797,652,Online,43952.15,1,17802.99,-12345.12,3,22907.15,2025-01-12
L0003798,623,Branch,17111.41,0,0.0,690.46,2,2946.44,2026-03-22
L0003799,693,Broker,16939.04,0,0.0,4593.64,4,13054.27,2022-03-18
L0003800,-9999,Branch,46847.35,0,0.0,12853.67,3,13421.93,2021-12-18
L0003801,687,Branch,26927.36,0,0.0,8104.39,4,11501.37,2021-12-06
L0003802,765,Branch,15464.79,0,0.0,1630.0,3,8175.24,2021-09-16
L0003803,724,Broker,30537.27,0,0.0,4136.25,1,1537.11,2023-04-23
L0003804,676,Online,10526.06,0,0.0,3932.07,2,23294.72,2021-11-15
L0003805,654,Branch,16030.46,0,0.0,2044.73,4,19676.92,2025-02-13
L0003806,706,Branch,17283.39,0,0.0,3483.5,1,13468.22,2023-01-12
L0003807,624,Broker,22151.84,0,0.0,2930.37,3,18104.99,2025-04-08
L0003808,642,Broker,14341.27,0,0.0,4716.16,2,16096.56,2023-02-03
L0003809,641,Broker,6294.48,0,0.0,3301.32,3,14619.71,2021-07-07
L0003810,753,Branch,45204.35,0,0.0,2873.42,2,10280.71,2024-04-13
L0003811,689,Broker,56927.79,0,0.0,6560.91,2,16894.19,2024-08-28
L0003812,737,Branch,28513.25,0,0.0,3835.97,2,3942.16,2022-10-21
L0003813,735,Broker,37458.33,0,0.0,1396.13,1,9981.38,2025-07-18
L0003814,813,Branch,34386.18,0,0.0,456.44,1,6376.09,2026-02-19
L0003815,722,Online,10897.38,1,3347.85,-732.24,4,17907.96,2022-11-30
L0003816,694,Online,28605.34,0,0.0,10294.22,4,18067.18,2022-01-08
L0003817,757,Branch,24621.99,0,0.0,2032.07,1,4103.39,2023-02-24
L0003818,728,Broker,24413.78,0,0.0,864.05,4,9115.17,2025-10-16
L0003819,674,Broker,10308.14,0,0.0,2440.99,2,13128.0,2023-04-10
L0003820,718,Online,18119.29,0,0.0,2028.34,2,12362.39,2024-12-31
L0003821,685,Branch,15020.76,0,0.0,844.71,2,14937.58,2026-01-17
L0003822,707,Branch,56746.49,0,0.0,12395.49,3,17502.15,2022-05-24
L0003823,611,Online,33088.25,0,0.0,4439.68,4,14637.28,2025-05-02
L0003824,714,Broker,33170.17,0,0.0,670.41,2,5146.63,2026-02-20
L0003825,746,Branch,45277.56,0,0.0,3464.92,4,15071.37,2024-02-17
L0003826,673,Branch,35168.39,1,13800.81,-10782.17,1,12779.33,2025-06-12
L0003827,695,Online,16990.66,0,0.0,5993.39,2,1300.08,2022-04-14
L0003828,673,Broker,10453.94,0,0.0,2412.29,1,12268.29,2023-12-14
L0003829,691,Online,47002.03,0,0.0,3697.81,4,631.52,2025-08-16
L0003830,698,Online,43402.19,0,0.0,12301.34,2,10340.82,2022-11-26
L0003831,715,Branch,30062.48,0,0.0,6545.48,3,14102.9,2022-01-20
L0003832,667,Broker,30052.19,0,0.0,4215.59,1,15938.43,2024-08-10
L0003833,757,Branch,59843.9,0,0.0,4513.11,2,11665.89,2023-04-30
L0003834,748,Branch,25071.2,0,0.0,1602.22,3,7446.49,2024-06-03
L0003835,653,Broker,20071.07,0,0.0,7741.26,2,20116.72,2022-03-23
L0003836,753,Broker,23272.58,0,0.0,1773.0,4,7875.06,2024-04-14
L0003837,741,Online,42441.65,0,0.0,5901.18,1,10831.77,2022-03-11
L0003838,621,Broker,43396.27,0,0.0,1549.75,2,18364.73,2026-03-20
L0003839,765,Branch,23601.57,0,0.0,2127.95,1,8886.02,2022-03-26
L0003840,715,Broker,42376.71,0,0.0,4252.41,4,6967.4,2024-06-16
L0003841,715,Broker,56038.43,0,0.0,11544.5,2,19772.44,2022-03-26
L0003842,670,Broker,49381.2,0,0.0,7989.57,4,18940.24,2024-04-05
L0003843,654,Branch,5642.79,0,0.0,2299.43,3,23897.58,2022-04-06
L0003844,684,Branch,42007.91,0,0.0,8432.35,3,6593.82,2023-07-25
L0003845,603,Broker,59512.92,0,0.0,15388.92,1,16050.3,2024-03-02
L0003846,738,Branch,37182.39,0,0.0,605.25,3,13397.31,2026-02-04
L0003847,669,Broker,13717.69,0,0.0,4416.92,2,0.0,2022-09-06
L0003848,681,Branch,56706.6,0,0.0,2397.16,2,0.0,2025-12-05
L0003849,777,Branch,54742.95,0,0.0,1220.14,3,13546.85,2025-06-14
L0003850,-9999,Branch,33626.8,0,0.0,5521.04,4,8889.06,2023-01-02
L0003851,691,Branch,5629.3,0,0.0,1445.63,2,8698.37,2022-11-21
L0003852,651,Broker,27993.7,0,0.0,9955.09,3,15707.67,2022-05-16
L0003853,689,Branch,25979.99,0,0.0,7872.96,4,9080.32,2021-09-19
L0003854,703,Branch,31332.32,0,0.0,446.77,2,19900.33,2026-03-11
L0003855,609,Branch,49199.44,0,0.0,15124.53,3,15637.25,2023-09-16
L0003856,636,Broker,15285.33,0,0.0,6460.48,3,13106.94,2022-03-16
L0003857,709,Branch,50117.19,0,0.0,8108.42,3,7912.92,2023-04-06
L0003858,649,Branch,36796.23,0,0.0,5336.96,1,13703.46,2024-11-16
L0003859,653,Online,11491.32,0,0.0,2617.81,2,17489.32,2024-04-13
L0003860,771,Online,28790.74,0,0.0,1991.44,4,3096.26,2023-02-25
L0003861,774,Branch,56608.28,0,0.0,5985.63,1,7829.07,2021-08-19
L0003862,734,Branch,20558.64,1,11302.73,-7565.38,4,9403.67,2021-12-07
L0003863,685,Online,24275.21,0,0.0,1440.71,3,14014.65,2025-12-11
L0003864,744,Branch,59409.41,0,0.0,4242.85,4,6530.71,2024-02-16
L0003865,771,Broker,26187.42,0,0.0,2771.05,4,8111.58,2022-02-15
L0003866,650,Online,30912.13,0,0.0,8684.83,2,17170.78,2023-05-11
L0003867,727,Online,48213.12,0,0.0,13500.62,3,1791.17,2021-11-12
L0003868,643,Broker,16173.99,0,0.0,4437.3,1,14168.52,2023-09-11
L0003869,673,Broker,46426.23,0,0.0,6957.9,2,24586.93,2024-06-22
L0003870,691,Broker,46429.9,0,0.0,9856.83,4,8498.48,2023-03-04
L0003871,636,Online,26410.95,0,0.0,2650.34,2,21041.67,2025-08-06
L0003872,734,Online,52903.1,0,0.0,9366.48,2,9064.92,2023-05-04
L0003873,680,Branch,45921.24,0,0.0,14890.01,3,993.96,2021-09-26
L0003874,733,Branch,46827.66,0,0.0,7966.53,1,14160.03,2021-11-03
L0003875,655,Broker,25237.11,0,0.0,6125.64,1,18994.95,2023-07-17
L0003876,598,Broker,22740.84,0,0.0,10441.52,1,13726.14,2022-08-04
L0003877,647,Branch,22788.19,0,0.0,8065.13,3,11918.61,2022-07-05
L0003878,633,Online,35314.35,0,0.0,1168.56,4,2900.81,2026-03-29
L0003879,750,Branch,18486.64,0,0.0,1462.57,4,8707.83,2023-12-03
L0003880,706,Branch,6945.4,1,5434.11,-3667.86,4,24519.74,2022-01-08
L0003881,693,Broker,32984.49,0,0.0,9622.57,3,9998.94,2021-09-02
L0003882,633,Online,13919.38,0,0.0,1095.67,2,21349.34,2025-12-05
L0003883,687,Broker,13134.56,0,0.0,2083.62,3,19313.16,2024-07-04
L0003884,730,Online,49843.1,0,0.0,13234.11,2,9014.22,2022-01-16
L0003885,665,Branch,21268.28,0,0.0,5234.74,1,6143.73,2023-04-15
L0003886,602,Broker,27043.82,0,0.0,15031.28,4,13524.11,2021-09-12
L0003887,693,Online,53536.12,0,0.0,19203.98,1,10347.75,2022-01-19
L0003888,702,Online,51206.42,0,0.0,8298.96,4,6146.57,2024-05-20
L0003889,871,Branch,25156.7,0,0.0,334.97,4,1170.93,2026-02-18
L0003890,785,Branch,24734.11,0,0.0,1212.27,1,8268.46,2024-02-23
L0003891,609,Broker,43696.73,0,0.0,20829.95,4,18484.98,2022-03-03
L0003892,758,Online,22255.16,0,0.0,2365.91,3,7155.29,2021-08-17
L0003893,816,Broker,58754.22,1,20226.99,-14509.04,4,788.24,2022-01-25
L0003894,723,Online,23008.08,0,0.0,1211.17,1,7887.4,2025-08-24
L0003895,674,Online,19173.28,0,0.0,3720.42,3,18194.04,2024-01-31
L0003896,736,Online,13224.3,0,0.0,3835.78,1,16532.06,2021-07-23
L0003897,733,Branch,28559.87,0,0.0,489.22,2,6369.88,2026-01-05
L0003898,737,Online,16167.9,0,0.0,548.37,2,15781.05,2026-03-14
L0003899,684,Online,25096.17,0,0.0,10876.93,3,16422.26,2021-08-13
L0003900,-9999,Online,55902.23,0,0.0,4079.8,2,6809.56,2023-03-27
L0003901,658,Broker,40419.87,0,0.0,11084.89,4,11714.08,2023-02-17
L0003902,727,Broker,57739.75,0,0.0,1060.53,2,6798.68,2026-01-05
L0003903,636,Branch,26430.06,0,0.0,11296.0,2,19590.78,2021-12-12
L0003904,714,Online,14992.42,0,0.0,2468.89,1,10890.24,2024-05-18
L0003905,811,Branch,41848.03,0,0.0,4296.53,4,5463.72,2021-10-10
L0003906,695,Branch,36686.03,0,0.0,2577.28,3,20096.84,2025-06-07
L0003907,547,Online,21356.96,0,0.0,5029.41,3,32521.4,2024-11-06
L0003908,690,Branch,17553.76,0,0.0,4642.42,2,6303.83,2022-06-17
L0003909,688,Branch,59200.67,0,0.0,15615.3,2,12878.45,2022-05-23
L0003910,754,Online,6129.09,0,0.0,821.21,1,17626.59,2022-08-29
L0003911,669,Branch,26388.72,1,8988.02,148.02,1,25004.27,2021-12-10
L0003912,720,Broker,20649.87,0,0.0,4824.37,3,10776.37,2021-07-02
L0003913,701,Branch,11304.01,0,0.0,818.85,1,14686.04,2025-08-02
L0003914,553,Branch,36886.24,0,0.0,20601.61,4,29781.02,2022-08-15
L0003915,689,Branch,20359.12,0,0.0,4722.04,2,7585.36,2022-11-03
L0003916,703,Broker,20198.92,0,0.0,1578.69,4,7998.75,2025-07-11
L0003917,686,Branch,29265.4,0,0.0,4340.93,2,11653.47,2024-06-11
L0003918,704,Online,57349.17,0,0.0,5111.7,4,2527.72,2025-04-26
L0003919,798,Branch,30354.15,0,0.0,1345.7,1,2674.5,2024-12-19
L0003920,573,Online,45138.98,0,0.0,18993.29,3,28441.7,2023-04-01
L0003921,686,Branch,34506.61,0,0.0,6164.58,3,13880.46,2023-11-19
L0003922,611,Online,38105.76,0,0.0,3510.93,4,16625.74,2025-08-10
L0003923,644,Online,39835.38,0,0.0,14227.95,2,14835.13,2022-08-07
L0003924,787,Branch,31939.6,0,0.0,1832.48,1,5482.25,2023-10-25
L0003925,639,Branch,33329.71,0,0.0,2119.56,3,4987.85,2025-11-25
L0003926,717,Online,50553.17,0,0.0,12989.93,3,9635.84,2022-08-08
L0003927,743,Broker,43653.34,0,0.0,3110.11,1,11513.24,2024-03-10
L0003928,694,Broker,57182.09,0,0.0,8904.11,3,11788.72,2023-11-08
L0003929,669,Branch,15076.07,0,0.0,1771.34,3,10877.3,2025-01-02
L0003930,674,Online,13445.09,0,0.0,1513.6,4,19688.24,2025-02-05
L0003931,719,Online,57259.39,0,0.0,10232.61,4,11977.2,2023-10-16
L0003932,575,Branch,39434.47,0,0.0,10198.36,1,28081.71,2024-07-27
L0003933,587,Branch,48458.64,0,0.0,1676.17,4,8311.29,2026-03-03
L0003934,665,Branch,29335.88,0,0.0,5003.29,3,7174.52,2024-04-02
L0003935,620,Branch,48285.84,0,0.0,5624.61,1,15488.36,2025-05-29
L0003936,694,Branch,29063.06,0,0.0,2840.55,4,10567.33,2025-01-11
L0003937,661,Branch,38777.81,0,0.0,4095.21,1,3864.25,2025-03-20
L0003938,718,Broker,12292.69,0,0.0,2006.7,4,15224.68,2023-07-30
L0003939,734,Online,39813.86,0,0.0,1785.66,1,14177.1,2025-09-05
L0003940,613,Broker,51076.43,1,16214.43,-5286.07,3,13028.89,2024-07-05
L0003941,666,Branch,8818.14,0,0.0,1195.53,2,21313.2,2025-06-09
L0003942,663,Online,35814.93,0,0.0,6232.63,1,15516.1,2024-05-01
L0003943,650,Branch,58871.18,0,0.0,22149.27,4,13278.91,2022-02-17
L0003944,666,Branch,55564.64,0,0.0,14929.0,3,12380.07,2023-01-28
L0003945,765,Online,56408.72,0,0.0,5073.4,4,3484.39,2022-01-13
L0003946,718,Online,21897.89,0,0.0,737.01,3,2810.72,2026-01-26
L0003947,670,Broker,9828.5,0,0.0,2313.96,3,7454.5,2023-09-27
L0003948,760,Broker,38502.07,0,0.0,290.78,3,7471.32,2026-03-24
L0003949,742,Branch,13057.32,0,0.0,1487.16,2,10489.09,2023-03-14
L0003950,-9999,Broker,16503.23,0,0.0,1332.58,2,5669.54,2025-05-07
L0003951,773,Branch,13802.44,0,0.0,1087.72,4,4625.51,2023-01-30
L0003952,702,Online,16455.61,0,0.0,6013.19,2,10825.25,2021-09-05
L0003953,674,Branch,26962.37,0,0.0,1869.6,3,13423.79,2025-10-15
L0003954,621,Broker,28347.59,0,0.0,12715.39,1,24883.26,2022-03-12
L0003955,677,Online,11191.8,0,0.0,2810.69,1,17375.49,2023-07-07
L0003956,660,Broker,46892.8,0,0.0,16764.62,3,0.0,2022-02-27
L0003957,719,Broker,31958.05,0,0.0,6042.42,4,14709.2,2022-07-09
L0003958,804,Branch,14217.96,0,0.0,969.46,2,8344.55,2023-12-22
L0003959,739,Broker,47042.97,0,0.0,6823.98,2,13868.59,2022-05-23
L0003960,703,Online,9863.1,0,0.0,1152.62,2,13773.17,2025-07-19
L0003961,697,Branch,51647.69,0,0.0,11288.18,1,10148.52,2022-11-05
L0003962,670,Broker,19299.36,0,0.0,7372.07,4,18745.91,2021-07-17
L0003963,683,Online,46972.0,0,0.0,20348.99,3,17505.51,2021-07-28
L0003964,686,Broker,48974.7,0,0.0,1627.13,3,9882.17,2026-02-07
L0003965,692,Broker,12042.67,0,0.0,2654.58,1,10387.51,2023-02-18
L0003966,698,Broker,49812.6,0,0.0,13080.33,4,18230.33,2021-11-26
L0003967,726,Broker,35952.79,0,0.0,3839.71,4,3648.66,2024-02-02
L0003968,676,Online,38139.74,0,0.0,8788.87,2,14568.64,2023-05-15
L0003969,707,Branch,13476.56,0,0.0,2727.74,1,12106.65,2023-04-06
L0003970,639,Branch,45392.25,0,0.0,10021.79,3,9201.39,2024-03-21
L0003971,685,Branch,34525.59,0,0.0,1044.74,2,3557.98,2026-01-13
L0003972,653,Broker,32463.34,0,0.0,9278.73,1,20660.09,2023-03-28
L0003973,665,Broker,40566.66,0,0.0,8643.74,4,7638.59,2023-10-27
L0003974,679,Broker,26197.81,0,0.0,3795.79,3,18969.55,2024-06-05
L0003975,689,Online,29584.18,0,0.0,7088.02,1,14661.08,2023-08-19
L0003976,701,Broker,10809.82,0,0.0,3477.28,4,4561.97,2021-08-07
L0003977,666,Online,43686.05,0,0.0,1671.09,3,9750.47,2025-12-30
L0003978,780,Branch,23597.88,0,0.0,1091.41,3,4725.16,2024-11-28
L0003979,813,Broker,35636.34,0,0.0,2017.36,1,6021.09,2023-09-03
L0003980,693,Broker,21181.45,0,0.0,4024.25,3,5515.2,2023-08-08
L0003981,749,Branch,20244.23,1,8517.76,-5593.7,4,1997.82,2021-09-11
L0003982,635,Branch,25318.91,0,0.0,12147.03,1,17735.47,2021-07-09
L0003983,646,Broker,6056.63,0,0.0,2471.17,3,17790.4,2021-12-01
L0003984,607,Broker,45996.77,0,0.0,23221.33,4,16263.66,2022-01-29
L0003985,709,Online,57931.77,0,0.0,6142.63,4,11293.1,2024-12-22
L0003986,683,Broker,55884.11,0,0.0,17937.78,2,16837.7,2021-08-12
L0003987,721,Branch,32567.67,0,0.0,4296.61,3,11824.81,2023-06-15
L0003988,719,Broker,43332.2,0,0.0,5146.67,1,11247.43,2023-12-01
L0003989,715,Branch,44173.06,0,0.0,9839.18,3,3169.87,2021-11-01
L0003990,652,Broker,50453.41,1,27428.18,-8074.99,3,13320.49,2021-12-16
L0003991,633,Online,52599.32,0,0.0,23583.61,3,16546.17,2021-11-24
L0003992,747,Branch,55276.53,0,0.0,709.09,2,0.0,2026-01-20
L0003993,717,Broker,59332.94,0,0.0,1231.17,3,10927.3,2026-01-05
L0003994,690,Online,41723.48,0,0.0,14985.82,1,5093.82,2022-03-15
L0003995,651,Branch,42841.12,0,0.0,14575.54,2,15531.69,2022-08-08
L0003996,610,Online,36673.93,0,0.0,7467.92,2,32110.19,2024-08-15
L0003997,696,Branch,14806.71,0,0.0,1954.23,1,18873.68,2024-06-20
L0003998,739,Branch,36959.5,0,0.0,2306.35,2,9924.01,2024-08-26
L0003999,737,Branch,52814.22,0,0.0,571.97,1,12072.29,2026-03-02
L0004000,-9999,Online,54191.65,0,0.0,784.53,4,1728.3,2026-02-23
L0004001,710,Online,20547.95,0,0.0,5905.52,2,15606.33,2022-05-10
L0004002,686,Online,18361.56,0,0.0,1592.7,1,13279.69,2025-08-15
L0004003,616,Broker,38432.39,0,0.0,6462.56,3,16500.99,2024-12-11
L0004004,734,Online,42179.38,0,0.0,7779.74,3,4749.0,2023-05-19
L0004005,763,Broker,55428.9,0,0.0,4536.31,3,10186.25,2022-06-26
L0004006,642,Branch,33461.97,0,0.0,11976.34,4,20374.56,2022-07-26
L0004007,716,Online,8369.54,1,5207.72,-3649.63,1,14384.09,2024-01-14
L0004008,622,Online,31479.3,0,0.0,13507.11,2,16578.91,2022-05-31
L0004009,682,Branch,46263.89,1,18656.99,-17244.28,4,8351.5,2026-01-17
L0004010,676,Branch,8150.82,0,0.0,1672.94,1,15105.33,2024-02-23
L0004011,676,Branch,22845.01,1,7590.34,-727.21,2,28565.69,2022-03-22
L0004012,750,Broker,29082.52,0,0.0,3232.87,4,8405.25,2022-04-08
L0004013,677,Broker,13352.43,0,0.0,1897.28,1,5585.28,2025-01-19
L0004014,774,Online,44485.85,0,0.0,2596.61,3,10206.9,2024-01-17
L0004015,680,Branch,35547.72,0,0.0,9314.98,2,11379.56,2022-10-18
L0004016,713,Broker,21298.72,0,0.0,3761.24,3,8756.83,2023-03-13
L0004017,694,Broker,23086.98,0,0.0,4902.15,2,9958.98,2023-01-11
L0004018,740,Online,21410.4,1,13852.65,-13372.45,2,8096.45,2025-12-01
L0004019,775,Branch,8061.72,0,0.0,389.85,3,9314.29,2025-01-28
L0004020,757,Broker,55491.98,1,41015.19,-39043.49,1,8616.94,2025-02-09
L0004021,673,Online,28384.25,0,0.0,10155.74,4,20819.33,2021-09-08
L0004022,692,Broker,56954.25,0,0.0,9485.21,1,14997.25,2023-10-11
L0004023,665,Branch,31896.51,0,0.0,11840.69,4,18465.61,2021-11-23
L0004024,730,Broker,12910.35,0,0.0,2007.34,3,4714.43,2022-12-22
L0004025,684,Online,6163.66,0,0.0,2171.01,4,15539.35,2023-05-12
L0004026,689,Broker,14853.76,0,0.0,731.79,1,3318.18,2025-09-30
L0004027,684,Online,25001.91,0,0.0,8439.66,1,23014.58,2022-08-20
L0004028,658,Online,19217.96,0,0.0,581.65,2,17480.56,2026-02-10
L0004029,699,Online,20347.2,0,0.0,4618.0,3,12731.98,2023-07-02
L0004030,625,Branch,17209.97,0,0.0,8187.97,2,28656.62,2021-11-30
L0004031,720,Broker,26141.42,0,0.0,3967.39,3,12261.55,2023-05-18
L0004032,645,Broker,40091.75,1,14837.57,-1287.57,2,20814.03,2022-10-16
L0004033,709,Broker,35988.37,0,0.0,5806.14,4,10226.54,2023-05-10
L0004034,664,Broker,10845.11,0,0.0,931.94,2,12049.51,2025-05-24
L0004035,629,Online,59788.04,0,0.0,29130.33,4,6971.1,2021-07-10
L0004036,741,Broker,10577.99,0,0.0,1052.4,1,4623.47,2023-04-21
L0004037,700,Broker,17254.36,0,0.0,4766.6,4,8856.74,2021-07-14
L0004038,761,Broker,49394.46,0,0.0,4406.77,4,13166.62,2022-02-27
L0004039,627,Branch,58499.65,0,0.0,20938.64,3,34285.83,2022-12-15
L0004040,665,Branch,22495.17,0,0.0,6764.62,4,0.0,2022-08-28
L0004041,726,Broker,5536.23,0,0.0,611.51,1,18547.19,2025-09-06
L0004042,628,Online,53665.15,0,0.0,10671.21,3,28307.76,2024-07-19
L0004043,689,Broker,45145.51,0,0.0,10948.52,4,16033.22,2022-08-19
L0004044,785,Broker,21937.04,0,0.0,755.48,4,7186.2,2025-11-12
L0004045,707,Broker,47021.98,1,19656.84,-13312.64,1,15080.87,2023-12-18
L0004046,675,Broker,7464.79,1,4083.13,-3189.48,2,18642.43,2024-11-06
L0004047,690,Broker,11159.1,0,0.0,2763.19,1,13486.55,2023-04-10
L0004048,697,Broker,43554.69,0,0.0,7810.41,4,670.56,2023-07-18
L0004049,640,Online,57400.02,0,0.0,4011.47,1,8375.2,2025-09-24
L0004050,-9999,Broker,26001.78,0,0.0,2595.68,1,6462.24,2022-02-03
L0004051,737,Broker,38097.64,0,0.0,2855.0,4,13285.85,2024-07-05
L0004052,741,Broker,22074.27,0,0.0,2304.24,2,9362.14,2023-11-04
L0004053,672,Broker,28506.88,0,0.0,10541.85,4,7525.25,2021-07-11
L0004054,734,Branch,19078.84,0,0.0,350.27,4,9345.0,2026-01-01
L0004055,729,Broker,33317.4,0,0.0,2871.09,1,7403.29,2024-05-26
L0004056,623,Online,24649.66,0,0.0,3748.19,3,16816.93,2025-02-09
L0004057,640,Online,10750.46,0,0.0,2388.86,3,15612.36,2024-02-10
L0004058,683,Online,52349.05,0,0.0,7676.73,2,12218.5,2024-11-28
L0004059,688,Online,58294.43,0,0.0,18359.53,1,15161.19,2022-10-24
L0004060,673,Online,47006.09,0,0.0,4866.83,3,21434.89,2025-01-01
L0004061,762,Branch,22602.05,0,0.0,741.69,3,8663.04,2025-05-09
L0004062,697,Online,31169.43,0,0.0,12098.06,2,16985.37,2021-08-08
L0004063,697,Branch,5186.53,0,0.0,1047.21,4,11836.59,2024-12-04
L0004064,653,Broker,38529.0,0,0.0,7490.33,1,3506.9,2024-03-07
L0004065,832,Broker,54312.89,0,0.0,2137.18,2,3000.98,2024-10-29
L0004066,738,Branch,55062.75,0,0.0,5488.07,4,20818.86,2023-06-07
L0004067,798,Branch,27258.78,0,0.0,1629.46,2,5453.51,2023-11-11
L0004068,678,Branch,58255.56,0,0.0,5762.95,3,9519.52,2025-01-05
L0004069,614,Online,59334.89,0,0.0,10685.52,2,28631.1,2024-11-11
L0004070,688,Broker,5032.5,0,0.0,461.01,3,6434.45,2026-01-25
L0004071,791,Branch,9931.27,0,0.0,448.32,4,5012.53,2026-01-17
L0004072,655,Broker,37526.78,0,0.0,2859.31,4,4579.04,2025-08-09
L0004073,728,Branch,16212.44,0,0.0,3252.06,4,2840.31,2021-12-29
L0004074,726,Online,20943.57,0,0.0,4997.6,4,9016.2,2022-09-29
L0004075,791,Branch,58643.24,0,0.0,621.42,2,6136.69,2026-01-15
L0004076,659,Broker,38549.0,0,0.0,2745.22,2,15325.17,2025-08-18
L0004077,720,Online,33010.82,0,0.0,10109.07,1,13555.23,2021-09-14
L0004078,639,Broker,33407.29,0,0.0,13931.83,3,27936.24,2021-12-22
L0004079,677,Broker,53566.24,0,0.0,17946.04,1,18570.89,2021-09-12
L0004080,673,Online,53613.89,0,0.0,14181.58,1,13704.66,2022-11-15
L0004081,725,Broker,34335.64,0,0.0,972.66,4,9755.74,2026-02-01
L0004082,818,Broker,17394.58,0,0.0,901.0,4,1097.29,2023-12-20
L0004083,628,Branch,48076.06,0,0.0,3483.91,4,16009.4,2025-10-16
L0004084,686,Broker,14744.48,0,0.0,1865.96,1,9887.73,2024-12-24
L0004085,707,Online,41168.18,1,28876.24,-26988.02,3,0.0,2025-12-11
L0004086,664,Branch,37573.9,0,0.0,13410.94,3,8036.53,2022-01-04
L0004087,700,Branch,37017.18,0,0.0,3407.41,2,19880.17,2024-12-17
L0004088,726,Branch,15843.79,1,11815.57,-9526.09,1,16784.42,2022-12-22
L0004089,692,Online,19837.02,0,0.0,5986.48,2,4427.32,2022-10-03
L0004090,743,Branch,34895.83,0,0.0,2783.53,2,10872.0,2024-05-10
L0004091,706,Online,19499.29,0,0.0,2673.4,1,8528.28,2024-09-21
L0004092,760,Broker,24749.41,0,0.0,1353.04,1,9305.4,2024-10-06
L0004093,772,Online,43137.96,0,0.0,3368.6,4,6179.86,2022-08-30
L0004094,736,Online,25413.12,0,0.0,2754.67,1,5728.71,2024-08-23
L0004095,671,Branch,58327.32,0,0.0,1631.73,1,22746.17,2026-03-29
L0004096,751,Online,22442.91,0,0.0,1391.94,2,2598.61,2024-02-15
L0004097,720,Branch,58279.13,0,0.0,10435.33,2,19625.29,2022-06-06
L0004098,733,Broker,58075.18,0,0.0,9093.68,4,6546.54,2022-03-24
L0004099,730,Broker,24973.77,0,0.0,4294.36,4,7219.47,2022-02-25
L0004100,-9999,Online,44345.23,0,0.0,19026.04,2,17928.71,2022-01-11
L0004101,797,Online,36914.25,0,0.0,1142.68,1,4044.58,2025-09-07
L0004102,594,Broker,25671.14,1,13946.17,-4039.48,4,33898.86,2023-04-17
L0004103,581,Broker,55971.69,1,18434.24,4784.93,4,11489.52,2023-03-14
L0004104,748,Broker,51373.75,0,0.0,1322.72,1,13641.65,2025-11-03
L0004105,593,Online,11199.78,0,0.0,3336.53,2,26313.88,2024-01-21
L0004106,712,Online,51368.66,0,0.0,5597.63,1,4510.22,2025-01-04
L0004107,698,Broker,11919.64,0,0.0,1447.72,3,7671.95,2024-10-11
L0004108,643,Branch,57630.06,0,0.0,7501.14,1,12730.36,2025-01-20
L0004109,661,Broker,37507.64,0,0.0,5275.86,4,13721.99,2024-11-10
L0004110,716,Online,58469.6,0,0.0,14379.57,2,12383.29,2022-11-18
L0004111,681,Broker,26541.21,0,0.0,5926.21,3,18739.99,2023-03-27
L0004112,701,Branch,20255.22,0,0.0,3962.97,4,10819.88,2022-12-06
L0004113,788,Branch,32899.76,0,0.0,3707.6,4,11363.56,2021-07-24
L0004114,673,Branch,18657.45,0,0.0,2792.59,2,15427.59,2024-06-11
L0004115,745,Branch,26638.75,0,0.0,2841.24,4,2677.23,2023-05-14
L0004116,746,Branch,21790.57,0,0.0,2223.53,2,8692.98,2023-04-01
L0004117,708,Branch,32438.51,0,0.0,5755.15,2,16408.31,2023-03-26
L0004118,598,Broker,43130.53,0,0.0,13923.02,2,16020.27,2023-10-02
L0004119,687,Online,15596.2,0,0.0,4159.43,1,9799.26,2023-07-22
L0004120,670,Online,11822.89,0,0.0,2602.19,3,8984.25,2023-10-17
L0004121,683,Online,17774.55,0,0.0,4280.03,3,10255.4,2023-12-21
L0004122,670,Broker,44769.64,0,0.0,14371.63,4,21740.35,2022-03-09
L0004123,737,Broker,42194.48,0,0.0,4658.24,4,4959.86,2023-06-09
L0004124,680,Broker,39154.48,0,0.0,1118.37,3,10119.29,2026-02-22
L0004125,672,Online,50227.81,0,0.0,17266.03,4,15838.74,2021-10-05
L0004126,677,Broker,8618.65,0,0.0,1271.92,1,4609.03,2024-09-21
L0004127,701,Online,49694.76,0,0.0,3618.61,2,11911.78,2025-08-13
L0004128,729,Branch,53143.28,0,0.0,9635.34,3,10311.11,2021-11-26
L0004129,606,Broker,55693.55,0,0.0,16346.34,1,24444.18,2023-11-21
L0004130,674,Branch,5362.38,0,0.0,919.29,4,15221.54,2025-01-09
L0004131,772,Online,32464.96,0,0.0,1564.87,3,3489.54,2024-04-25
L0004132,759,Broker,37378.72,0,0.0,1624.31,1,5923.26,2024-10-11
L0004133,734,Online,48053.69,0,0.0,2017.09,2,11759.74,2025-11-13
L0004134,554,Broker,12325.15,1,4358.36,-1821.59,3,27223.87,2025-01-28
L0004135,762,Online,46011.64,0,0.0,3432.84,4,5001.77,2023-01-23
L0004136,724,Branch,54228.76,0,0.0,10994.94,3,19679.48,2021-10-15
L0004137,776,Online,9434.53,0,0.0,259.76,3,6992.56,2025-10-30
L0004138,675,Online,25502.4,0,0.0,9089.13,3,19976.7,2021-09-21
L0004139,824,Online,9376.35,0,0.0,454.84,3,1538.93,2025-03-19
L0004140,775,Online,53101.52,0,0.0,4882.61,4,11820.27,2021-11-18
L0004141,730,Online,21188.08,0,0.0,2755.09,3,10521.86,2024-05-12
L0004142,741,Online,54308.94,0,0.0,7232.43,2,14373.9,2022-04-11
L0004143,669,Branch,57295.64,0,0.0,12512.74,3,13720.85,2023-07-25
L0004144,715,Online,48682.44,1,23754.9,-8270.73,1,8185.97,2021-10-05
L0004145,653,Broker,58095.05,0,0.0,8582.34,4,11393.83,2024-10-21
L0004146,710,Branch,42178.21,0,0.0,2332.63,3,5694.4,2025-06-05
L0004147,735,Branch,45413.47,0,0.0,836.14,4,19970.52,2026-03-09
L0004148,703,Online,31352.69,0,0.0,3669.51,4,6314.28,2025-01-12
L0004149,724,Broker,39697.42,0,0.0,2897.17,2,13410.51,2024-10-12
L0004150,-9999,Branch,15127.3,0,0.0,4942.99,4,12415.97,2022-10-15
L0004151,801,Online,52209.41,0,0.0,3704.48,4,5858.36,2023-02-24
L0004152,681,Broker,36057.13,0,0.0,5802.06,4,15144.43,2024-03-15
L0004153,665,Broker,27548.48,0,0.0,1897.13,3,15090.37,2025-08-07
L0004154,729,Broker,50060.65,0,0.0,9045.63,1,6217.19,2022-01-28
L0004155,611,Online,48704.16,0,0.0,21391.19,3,22035.52,2022-07-16
L0004156,770,Online,44914.35,0,0.0,3142.51,4,8514.37,2023-07-03
L0004157,640,Broker,8780.59,0,0.0,3381.3,3,28488.78,2022-12-04
L0004158,768,Branch,40090.83,0,0.0,1400.93,2,4682.42,2024-10-08
L0004159,735,Online,6253.38,0,0.0,1238.84,1,11212.84,2023-11-12
L0004160,690,Online,36376.03,0,0.0,7482.04,4,8835.72,2023-12-04
L0004161,722,Online,6948.03,1,3304.23,-3041.54,2,3979.69,2026-03-24
L0004162,663,Online,13686.39,0,0.0,4533.8,2,12744.73,2022-09-15
L0004163,738,Online,41020.46,0,0.0,6580.35,3,7118.49,2023-09-05
L0004164,744,Broker,51375.94,0,0.0,5641.6,3,5044.31,2023-02-22
L0004165,661,Online,22610.28,0,0.0,8787.55,1,13705.21,2021-11-26
L0004166,740,Broker,11843.3,0,0.0,509.68,1,9170.08,2025-04-06
L0004167,712,Branch,39002.94,0,0.0,5183.1,4,14920.17,2023-12-31
L0004168,613,Online,55468.96,0,0.0,26852.35,3,20509.47,2021-12-31
L0004169,698,Broker,22834.75,0,0.0,5557.15,4,9928.35,2022-06-19
L0004170,741,Online,24783.66,1,13813.68,-12739.17,1,17174.09,2025-07-09
L0004171,693,Online,54483.88,0,0.0,18890.53,3,15311.54,2022-03-30
L0004172,673,Online,9857.53,1,5286.72,-3408.15,1,16390.2,2023-11-02
L0004173,660,Online,16970.38,0,0.0,2513.1,4,20712.4,2024-10-31
L0004174,754,Online,11061.26,0,0.0,940.92,1,3200.09,2024-07-06
L0004175,740,Broker,16022.92,0,0.0,230.53,1,8052.81,2026-03-18
L0004176,839,Branch,30201.21,0,0.0,2502.85,1,4005.28,2022-08-30
L0004177,722,Broker,21916.54,1,12686.06,-9565.76,1,9589.3,2023-08-10
L0004178,712,Broker,47787.31,0,0.0,7340.24,4,15509.69,2023-05-08
L0004179,650,Online,17966.91,1,7953.75,-6597.82,2,11743.12,2025-12-17
L0004180,745,Branch,48998.15,0,0.0,1294.67,2,7864.83,2025-09-07
L0004181,693,Online,24496.39,0,0.0,2357.61,4,17176.2,2025-07-02
L0004182,799,Branch,58221.8,0,0.0,2941.33,3,9182.47,2023-12-25
L0004183,680,Branch,32374.39,0,0.0,1332.4,2,8686.25,2025-11-24
L0004184,785,Branch,29794.98,0,0.0,708.18,1,8039.24,2025-04-12
L0004185,743,Branch,49833.86,0,0.0,4333.3,1,9179.42,2023-08-16
L0004186,681,Online,12667.26,0,0.0,3701.64,3,17089.32,2023-08-07
L0004187,714,Broker,55149.66,0,0.0,9006.41,2,13130.42,2023-02-03
L0004188,660,Online,52258.27,0,0.0,19763.92,3,16306.38,2021-10-04
L0004189,779,Branch,41379.89,0,0.0,2508.93,3,9634.8,2023-06-29
L0004190,768,Branch,48745.75,0,0.0,1632.52,4,8141.42,2024-10-27
L0004191,657,Online,42203.46,0,0.0,6550.52,4,8698.75,2024-09-11
L0004192,739,Broker,40068.01,0,0.0,3724.7,4,21351.14,2023-08-20
L0004193,728,Branch,50563.19,0,0.0,4935.98,3,104.4,2024-03-02
L0004194,701,Online,58408.83,0,0.0,21040.98,2,18057.85,2021-10-23
L0004195,667,Branch,31952.06,0,0.0,8501.83,2,10679.59,2023-01-16
L0004196,692,Branch,51424.55,0,0.0,7119.29,4,12414.13,2024-04-15
L0004197,675,Online,31989.1,0,0.0,4421.63,3,13096.86,2024-08-14
L0004198,722,Broker,40792.49,0,0.0,7093.2,3,11431.54,2022-07-03
L0004199,643,Online,29468.86,0,0.0,9110.13,2,9887.28,2023-01-15
L0004200,-9999,Broker,55395.74,0,0.0,12540.05,2,24381.39,2024-04-17
L0004201,619,Online,31278.84,0,0.0,7014.77,1,21142.65,2024-06-01
L0004202,754,Broker,19251.91,0,0.0,759.84,3,10761.51,2025-04-05
L0004203,714,Branch,46150.24,0,0.0,5996.24,4,0.0,2023-11-04
L0004204,639,Branch,42253.36,0,0.0,14595.45,4,17465.53,2022-10-18
L0004205,679,Online,43706.34,0,0.0,4394.76,2,19709.14,2025-02-14
L0004206,643,Online,22624.96,0,0.0,6867.81,3,9843.97,2023-05-20
L0004207,740,Branch,35030.61,0,0.0,4808.88,1,10233.62,2022-05-01
L0004208,734,Branch,22461.35,0,0.0,2245.92,1,15444.24,2023-10-21
L0004209,764,Branch,46582.61,0,0.0,2860.8,2,3177.9,2023-08-31
L0004210,725,Branch,19125.54,0,0.0,2735.06,4,10817.23,2023-02-19
L0004211,817,Broker,16159.78,0,0.0,1898.96,4,4734.36,2022-01-20
L0004212,746,Online,58087.66,0,0.0,5920.2,1,16154.05,2023-01-12
L0004213,691,Online,39624.94,0,0.0,12914.63,3,22172.51,2022-08-10
L0004214,671,Branch,51159.05,0,0.0,7713.67,2,9627.33,2024-07-18
L0004215,722,Online,51457.53,0,0.0,7483.03,4,10783.36,2024-04-07
L0004216,792,Branch,26145.15,0,0.0,1238.44,3,7307.92,2024-11-24
L0004217,728,Branch,37668.14,0,0.0,6439.93,1,6627.54,2022-05-22
L0004218,763,Broker,20999.65,0,0.0,1491.4,3,837.16,2023-09-27
L0004219,728,Broker,33271.62,0,0.0,3104.36,4,15127.15,2024-02-14
L0004220,693,Online,35768.8,0,0.0,3409.88,2,14371.61,2025-04-09
L0004221,683,Broker,30800.49,0,0.0,2334.72,4,25904.37,2025-07-29
L0004222,723,Broker,32750.51,0,0.0,4974.39,4,9362.05,2022-11-14
L0004223,623,Branch,25080.62,0,0.0,5449.78,2,21667.77,2024-06-02
L0004224,714,Branch,14071.19,0,0.0,817.16,2,8641.44,2025-06-12
L0004225,710,Branch,36436.72,1,13752.89,-8232.85,3,14533.16,2023-06-08
L0004226,674,Online,17323.2,0,0.0,4441.03,4,5621.5,2022-12-01
L0004227,691,Branch,54897.85,0,0.0,4603.11,4,10151.63,2025-03-02
L0004228,660,Branch,57677.94,0,0.0,17721.65,3,16297.86,2022-08-25
L0004229,676,Branch,9660.45,0,0.0,3178.34,3,8909.72,2022-04-11
L0004230,680,Online,21228.54,1,9306.84,-8278.47,1,16999.5,2026-01-26
L0004231,703,Branch,50777.21,0,0.0,2721.14,3,4921.86,2025-07-23
L0004232,675,Online,8251.05,0,0.0,1760.6,1,14215.95,2023-12-15
L0004233,633,Broker,7204.32,0,0.0,2907.27,1,20642.84,2022-08-15
L0004234,778,Branch,31122.82,0,0.0,1447.99,4,3936.4,2024-09-07
L0004235,758,Broker,33972.92,0,0.0,3127.72,1,10354.92,2022-07-31
L0004236,732,Broker,22117.73,0,0.0,1690.05,4,17834.15,2024-08-16
L0004237,726,Broker,54414.38,0,0.0,8752.26,4,8949.07,2022-07-05
L0004238,727,Online,19448.01,0,0.0,2032.04,4,13487.73,2024-12-18
L0004239,731,Online,59343.41,0,0.0,12349.86,2,9009.12,2022-11-27
L0004240,688,Branch,28539.29,0,0.0,3535.99,1,11511.24,2024-07-25
L0004241,710,Branch,48542.18,0,0.0,1874.09,2,7568.38,2025-11-05
L0004242,783,Broker,8494.41,0,0.0,516.76,3,9174.58,2024-10-13
L0004243,702,Branch,41439.98,0,0.0,9677.32,3,19034.48,2022-06-10
L0004244,693,Broker,51632.67,0,0.0,8006.28,2,5343.41,2023-12-13
L0004245,638,Branch,27814.89,0,0.0,5337.5,1,10493.81,2024-06-04
L0004246,752,Branch,16817.43,0,0.0,895.74,4,6737.74,2025-08-31
L0004247,690,Broker,46113.62,0,0.0,1814.73,4,17734.21,2025-12-19
L0004248,725,Broker,24814.41,0,0.0,4398.07,3,9280.63,2022-09-21
L0004249,693,Online,6926.8,0,0.0,2973.11,1,8997.9,2021-08-17
L0004250,-9999,Online,24228.02,0,0.0,6974.26,4,10527.89,2022-12-06
L0004251,717,Online,18603.54,0,0.0,4068.9,2,14992.38,2023-03-21
L0004252,680,Online,54247.17,0,0.0,15179.81,3,12552.3,2023-04-08
L0004253,692,Branch,30647.27,1,13177.81,-11251.55,3,8309.97,2025-08-21
L0004254,611,Branch,40409.38,0,0.0,3820.05,1,16193.44,2025-08-17
L0004255,693,Broker,58201.38,0,0.0,1629.64,1,6770.71,2026-01-22
L0004256,699,Online,56588.2,0,0.0,10892.92,2,3202.53,2024-01-15
L0004257,688,Broker,56281.6,0,0.0,12529.17,4,16192.96,2023-01-17
L0004258,830,Broker,21251.69,0,0.0,2184.66,2,5069.64,2022-05-14
L0004259,595,Branch,49397.34,0,0.0,6561.68,3,17321.49,2025-05-26
L0004260,756,Branch,55948.23,0,0.0,5307.22,4,593.85,2022-05-22
L0004261,712,Branch,19446.0,0,0.0,3319.43,3,9239.53,2023-01-02
L0004262,754,Online,49513.29,0,0.0,5881.58,4,12077.41,2021-09-20
L0004263,739,Branch,19330.64,0,0.0,1437.9,1,9995.47,2024-05-26
L0004264,774,Online,32870.88,0,0.0,2692.59,1,10352.89,2022-08-06
L0004265,664,Broker,56170.3,0,0.0,11391.56,4,4612.5,2023-11-06
L0004266,704,Branch,20792.16,0,0.0,1637.81,2,10237.42,2025-06-22
L0004267,683,Broker,18094.42,0,0.0,6022.09,1,19121.27,2021-08-20
L0004268,695,Broker,27844.37,0,0.0,3745.02,1,14152.74,2024-07-28
L0004269,723,Broker,57106.71,0,0.0,9290.36,4,7606.42,2022-08-17
L0004270,676,Broker,11816.75,0,0.0,1534.48,4,3578.95,2024-09-25
L0004271,715,Online,59383.98,0,0.0,4721.0,2,11231.11,2025-04-13
L0004272,722,Broker,31728.15,0,0.0,5962.98,1,11907.02,2022-02-05
L0004273,713,Broker,55641.6,0,0.0,5448.65,2,18338.56,2024-08-28
L0004274,642,Online,55111.09,0,0.0,4403.26,4,24702.49,2025-08-19
L0004275,726,Broker,8379.71,0,0.0,1343.26,2,10120.15,2023-01-16
L0004276,654,Branch,7115.23,0,0.0,535.17,4,14628.26,2026-02-05
L0004277,832,Online,55111.54,0,0.0,2565.18,4,3280.24,2024-06-18
L0004278,694,Broker,35629.21,0,0.0,2111.32,2,10971.61,2025-07-10
L0004279,755,Online,22491.37,0,0.0,1853.38,4,7948.86,2023-08-17
L0004280,702,Online,6467.54,0,0.0,2179.24,3,11308.48,2022-04-07
L0004281,723,Broker,46773.31,0,0.0,7511.91,4,8105.33,2022-11-20
L0004282,800,Branch,58769.65,0,0.0,644.87,4,2273.47,2026-02-12
L0004283,599,Branch,10048.18,0,0.0,2490.59,4,14737.94,2024-05-18
L0004284,778,Broker,29253.5,0,0.0,2258.09,3,6617.54,2022-08-02
L0004285,749,Broker,19943.12,0,0.0,1875.31,4,12498.0,2023-07-25
L0004286,748,Broker,28795.32,0,0.0,1813.49,1,11179.17,2024-04-23
L0004287,707,Broker,58229.84,0,0.0,8259.29,2,16211.47,2023-11-21
L0004288,715,Branch,22957.8,0,0.0,1175.47,2,8960.94,2025-08-14
L0004289,794,Broker,49832.63,0,0.0,3371.82,2,3474.14,2023-08-14
L0004290,642,Branch,44252.01,0,0.0,19901.23,4,30425.88,2021-08-24
L0004291,698,Broker,24434.0,0,0.0,5244.6,3,9769.19,2023-01-15
L0004292,714,Broker,7284.31,0,0.0,1265.33,1,89.95,2023-12-11
L0004293,725,Broker,14253.81,0,0.0,757.78,4,8380.28,2025-05-09
L0004294,689,Broker,26993.83,0,0.0,7730.78,2,11606.32,2022-02-04
L0004295,652,Broker,54359.49,0,0.0,16553.61,1,17905.02,2022-12-23
L0004296,694,Branch,31701.23,0,0.0,4740.88,4,15131.13,2024-01-11
L0004297,681,Branch,24014.77,0,0.0,3809.91,3,22133.53,2024-05-02
L0004298,689,Online,27196.54,1,13206.54,-1954.78,4,17471.31,2021-07-22
L0004299,736,Broker,35191.39,0,0.0,2236.81,3,6724.42,2024-12-19
L0004300,-9999,Branch,52375.2,0,0.0,5691.8,4,16824.85,2024-06-01
L0004301,761,Broker,29156.56,0,0.0,311.75,3,13298.73,2026-01-17
L0004302,740,Online,13137.33,0,0.0,662.06,1,12488.52,2025-04-18
L0004303,730,Branch,21496.78,1,16886.84,-13568.4,3,7805.04,2022-10-26
L0004304,754,Online,51695.92,0,0.0,3574.82,3,12352.91,2023-11-17
L0004305,644,Branch,38742.23,0,0.0,14086.77,2,5171.63,2022-06-20
L0004306,631,Online,22186.94,1,10094.87,-1997.89,1,26099.62,2022-11-21
L0004307,658,Broker,34282.41,0,0.0,11439.91,4,26471.29,2022-06-28
L0004308,660,Online,24821.47,0,0.0,9329.96,1,24048.33,2021-11-29
L0004309,618,Broker,21257.66,1,12198.06,-9390.17,3,13711.97,2025-05-20
L0004310,757,Branch,19442.0,0,0.0,1957.49,3,9037.07,2022-03-25
L0004311,711,Online,40772.5,0,0.0,11230.92,1,6176.69,2022-07-10
L0004312,734,Online,16708.92,0,0.0,1738.33,4,10165.78,2025-02-05
L0004313,741,Branch,33294.33,0,0.0,1089.92,2,6369.43,2025-09-14
L0004314,809,Online,9711.92,0,0.0,853.01,3,2243.56,2022-02-12
L0004315,694,Online,7989.46,0,0.0,1653.69,3,11144.08,2024-09-21
L0004316,628,Branch,24551.39,0,0.0,11853.57,1,12174.75,2021-09-03
L0004317,771,Broker,53190.81,0,0.0,4700.71,1,6754.36,2022-01-01
L0004318,790,Broker,16522.96,0,0.0,1296.35,4,5224.71,2024-02-19
L0004319,532,Online,13421.6,0,0.0,10615.47,2,27869.59,2021-07-04
L0004320,682,Online,16727.25,0,0.0,1295.16,4,6630.37,2025-08-10
L0004321,688,Online,34718.48,0,0.0,7758.97,3,10072.12,2023-10-27
L0004322,607,Broker,10959.33,1,5816.7,-3225.6,4,19749.96,2024-07-21
L0004323,667,Branch,26795.79,0,0.0,9530.13,1,19121.73,2022-01-22
L0004324,684,Broker,18463.59,0,0.0,2402.48,1,8209.58,2024-08-31
L0004325,802,Online,10220.26,0,0.0,734.76,3,8375.76,2025-03-06
L0004326,721,Broker,14672.66,0,0.0,1249.98,3,8781.17,2024-07-21
L0004327,761,Broker,34212.35,0,0.0,1869.84,4,8939.91,2024-01-06
L0004328,646,Online,46974.57,0,0.0,17135.31,1,20350.16,2022-06-25
L0004329,637,Branch,19575.12,0,0.0,3298.12,2,15498.75,2024-09-05
L0004330,662,Broker,48412.22,0,0.0,2355.29,2,10888.18,2025-11-02
L0004331,603,Online,34007.44,0,0.0,16904.77,3,15980.82,2022-03-11
L0004332,586,Broker,36134.35,1,13796.82,146.4,2,18731.5,2023-05-06
L0004333,699,Online,17817.63,1,11415.02,-10707.27,3,2905.72,2026-01-31
L0004334,693,Broker,13718.71,0,0.0,2937.23,1,13569.51,2022-12-27
L0004335,700,Online,54798.12,0,0.0,20914.02,3,9943.34,2021-07-12
L0004336,675,Broker,15306.58,0,0.0,5510.97,4,26641.95,2021-09-22
L0004337,661,Broker,42275.78,0,0.0,9785.61,4,16149.4,2023-08-18
L0004338,776,Broker,51451.34,0,0.0,1797.77,4,9727.82,2025-02-27
L0004339,770,Online,37530.78,0,0.0,3713.94,3,8129.07,2022-01-10
L0004340,755,Broker,38997.19,0,0.0,700.82,3,6771.65,2025-09-24
L0004341,684,Branch,58168.81,0,0.0,1835.6,1,8140.39,2026-02-25
L0004342,665,Online,20785.72,0,0.0,6288.84,3,13034.19,2022-08-04
L0004343,738,Online,30158.67,0,0.0,4558.82,1,6439.08,2023-11-19
L0004344,795,Online,28219.16,0,0.0,2791.34,4,4844.44,2022-04-24
L0004345,748,Branch,50431.21,0,0.0,3135.06,4,17968.2,2024-04-06
L0004346,688,Broker,52490.74,0,0.0,2540.08,2,13715.67,2025-10-30
L0004347,686,Broker,41532.09,0,0.0,6734.09,3,13583.68,2024-02-05
L0004348,722,Online,53021.28,0,0.0,16606.82,1,10160.67,2021-07-24
L0004349,799,Broker,5310.2,1,2385.14,-1750.41,4,4871.79,2021-07-06
L0004350,-9999,Broker,20459.14,0,0.0,1032.45,4,7413.12,2024-06-22
L0004351,684,Broker,41051.83,0,0.0,9883.25,1,10160.01,2022-12-03
L0004352,720,Branch,8971.29,0,0.0,978.22,1,15524.65,2025-04-24
L0004353,661,Broker,40725.02,0,0.0,3836.84,3,17548.4,2025-05-30
L0004354,762,Broker,58836.09,0,0.0,5994.17,4,7287.46,2021-10-16
L0004355,689,Broker,53672.75,0,0.0,12430.09,1,7076.62,2022-10-13
L0004356,785,Broker,8522.46,0,0.0,442.58,4,3953.24,2026-01-31
L0004357,739,Online,52458.56,0,0.0,8058.04,2,13817.12,2023-08-07
L0004358,703,Online,47717.7,0,0.0,3137.08,3,12829.06,2025-09-18
L0004359,649,Broker,54395.39,1,18978.27,-13461.05,4,26948.52,2025-05-27
L0004360,702,Branch,41107.76,0,0.0,8444.39,3,9860.41,2022-11-15
L0004361,686,Online,35147.75,0,0.0,8935.25,2,6929.72,2023-06-17
L0004362,660,Online,9293.92,0,0.0,3857.88,1,20168.76,2021-07-19
L0004363,692,Branch,39704.56,0,0.0,8862.23,4,3059.99,2022-11-08
L0004364,703,Branch,14740.15,0,0.0,1783.94,4,18094.4,2024-04-27
L0004365,600,Broker,43774.87,0,0.0,18969.09,2,19345.98,2022-10-26
L0004366,637,Online,53874.34,0,0.0,11102.41,3,26962.41,2024-05-29
L0004367,710,Broker,34817.07,0,0.0,7909.96,3,0.0,2021-12-11
L0004368,631,Online,22545.54,0,0.0,3652.98,3,5721.45,2025-01-08
L0004369,775,Broker,47084.89,0,0.0,4321.69,1,6660.53,2021-12-01
L0004370,701,Broker,28393.69,0,0.0,2986.36,1,9368.74,2024-08-13
L0004371,717,Branch,30781.42,0,0.0,5175.25,1,9788.59,2022-11-02
L0004372,593,Branch,11598.18,0,0.0,793.09,2,14230.73,2026-01-21
L0004373,725,Broker,7877.35,1,4059.1,-3582.63,3,10809.68,2026-01-02
L0004374,676,Online,26946.31,0,0.0,1659.29,1,24745.47,2025-11-07
L0004375,725,Broker,50533.0,0,0.0,7650.87,1,3114.69,2022-10-06
L0004376,722,Online,14807.63,1,4603.88,-2376.27,1,12882.79,2024-06-25
L0004377,760,Branch,58781.14,0,0.0,5829.87,2,4586.0,2021-08-05
L0004378,803,Broker,21091.26,0,0.0,1643.9,2,5644.86,2023-08-01
L0004379,781,Branch,14693.82,0,0.0,1542.55,4,9241.89,2021-11-14
L0004380,705,Broker,32142.16,0,0.0,4218.32,1,17273.67,2024-02-26
L0004381,685,Online,36213.97,0,0.0,12784.92,3,6312.36,2022-05-11
L0004382,676,Broker,7043.79,0,0.0,1704.42,2,12743.54,2023-08-26
L0004383,646,Broker,11173.37,0,0.0,2558.08,4,13730.3,2024-06-08
L0004384,697,Online,22491.98,0,0.0,2658.86,4,12611.11,2025-02-07
L0004385,751,Broker,46828.13,0,0.0,4575.16,4,1406.65,2022-10-19
L0004386,687,Branch,46404.81,0,0.0,3744.5,1,4199.04,2025-03-05
L0004387,649,Online,40293.41,0,0.0,16761.28,3,16587.96,2021-09-13
L0004388,675,Broker,21338.12,0,0.0,1446.07,1,13521.56,2025-11-17
L0004389,637,Online,24111.36,0,0.0,1105.43,3,5833.59,2026-01-08
L0004390,721,Online,44601.41,1,31660.74,-21017.36,3,16759.33,2022-10-13
L0004391,735,Branch,26675.98,0,0.0,3874.13,1,5179.14,2022-11-07
L0004392,679,Online,35399.63,0,0.0,4811.05,3,11273.93,2024-08-15
L0004393,813,Online,57382.94,0,0.0,2022.59,3,4186.19,2024-09-14
L0004394,729,Broker,34065.91,0,0.0,2715.43,1,3802.05,2024-08-28
L0004395,757,Broker,23534.61,0,0.0,2475.42,2,14320.13,2022-08-12
L0004396,668,Broker,11087.9,0,0.0,3759.17,1,13750.53,2022-03-14
L0004397,713,Branch,57008.46,0,0.0,8873.46,1,7813.05,2023-05-18
L0004398,669,Online,30730.65,0,0.0,5372.95,1,23388.86,2024-05-17
L0004399,696,Broker,49096.0,0,0.0,8956.06,4,10376.71,2023-06-29
L0004400,-9999,Branch,35270.43,0,0.0,6495.84,4,16400.4,2023-01-05
L0004401,637,Broker,53984.06,0,0.0,10721.82,3,22420.22,2024-06-20
L0004402,615,Broker,10981.21,0,0.0,1631.35,2,22406.05,2025-06-13
L0004403,702,Branch,32442.48,0,0.0,5280.63,4,10402.31,2023-08-01
L0004404,720,Branch,33589.64,0,0.0,5561.14,2,18499.05,2022-09-16
L0004405,718,Broker,19105.36,0,0.0,3856.53,1,20434.38,2022-04-23
L0004406,704,Online,20648.62,0,0.0,3766.03,3,9169.64,2024-01-15
L0004407,794,Broker,43644.01,0,0.0,1008.08,4,8074.6,2025-05-17
L0004408,620,Broker,11847.7,0,0.0,6225.76,2,15392.35,2021-09-26
L0004409,735,Broker,8596.58,0,0.0,889.32,2,8049.06,2024-02-03
L0004410,641,Broker,36522.97,1,26659.49,-12017.0,3,17514.89,2022-02-23
L0004411,737,Broker,53252.14,0,0.0,3796.35,1,8564.93,2024-08-11
L0004412,712,Online,55765.43,0,0.0,15228.06,2,17992.48,2022-08-17
L0004413,734,Branch,35774.56,0,0.0,4569.56,3,7302.69,2023-01-05
L0004414,755,Branch,58201.24,0,0.0,1853.42,1,9890.44,2025-04-04
L0004415,731,Broker,39311.86,0,0.0,5838.6,1,16757.19,2022-07-27
L0004416,738,Online,21155.84,0,0.0,4561.95,2,18692.37,2022-10-03
L0004417,739,Online,55168.74,0,0.0,8479.13,4,16832.79,2023-07-31
L0004418,711,Branch,31196.21,0,0.0,5107.59,4,19665.1,2023-06-13
L0004419,752,Online,17363.59,0,0.0,1945.16,2,6162.89,2022-11-05
L0004420,720,Branch,16189.8,0,0.0,2930.63,1,5999.0,2022-09-22
L0004421,678,Online,55235.77,0,0.0,10654.61,2,12068.97,2023-10-02
L0004422,607,Broker,33558.47,0,0.0,7284.2,3,11142.27,2024-07-20
L0004423,699,Branch,23227.2,0,0.0,2283.82,2,11390.37,2025-02-25
L0004424,628,Online,52230.81,0,0.0,19961.14,1,23514.74,2022-09-27
L0004425,700,Branch,32126.45,0,0.0,7477.49,1,16500.86,2022-08-24
L0004426,647,Branch,15301.63,1,7024.46,-5816.13,4,17385.17,2025-09-29
L0004427,785,Broker,57960.66,0,0.0,5020.34,2,9063.8,2022-06-27
L0004428,666,Online,31080.77,0,0.0,10319.79,4,21528.32,2022-04-21
L0004429,714,Branch,49931.18,0,0.0,10949.15,1,3148.38,2021-12-06
L0004430,792,Branch,15192.39,0,0.0,905.16,1,7277.33,2024-06-22
L0004431,754,Broker,40895.4,0,0.0,869.36,2,12622.44,2025-11-03
L0004432,751,Broker,45264.04,0,0.0,4657.94,4,932.68,2022-10-03
L0004433,710,Branch,53487.46,0,0.0,2667.39,4,11216.4,2025-07-06
L0004434,584,Online,16083.72,0,0.0,8121.98,4,22350.34,2022-09-26
L0004435,549,Branch,58754.46,0,0.0,31182.26,1,16665.4,2022-11-24
L0004436,665,Branch,7717.4,0,0.0,2163.18,2,17179.6,2023-06-06
L0004437,724,Broker,35205.35,0,0.0,1288.36,3,9052.37,2025-10-14
L0004438,808,Branch,26464.4,0,0.0,1243.88,2,7225.11,2025-03-13
L0004439,701,Online,34453.76,0,0.0,8275.13,3,10767.89,2023-05-26
L0004440,616,Branch,26105.9,0,0.0,4013.81,1,12332.32,2025-02-20
L0004441,675,Branch,55085.26,0,0.0,13518.43,1,7787.0,2023-01-02
L0004442,660,Broker,44967.48,0,0.0,15058.51,1,21368.53,2022-05-13
L0004443,696,Branch,41618.03,0,0.0,9771.23,4,6988.71,2022-06-27
L0004444,703,Branch,46908.15,0,0.0,4055.56,1,6401.02,2024-12-18
L0004445,702,Branch,51079.78,0,0.0,13613.85,1,15583.92,2021-09-01
L0004446,852,Broker,57218.97,0,0.0,2915.57,1,1353.48,2024-04-14
L0004447,709,Broker,25924.75,0,0.0,1604.58,4,5300.29,2025-04-29
L0004448,750,Broker,19415.39,0,0.0,693.37,1,14081.83,2025-05-30
L0004449,668,Broker,33036.7,0,0.0,4564.23,1,11846.51,2024-08-30
L0004450,-9999,Branch,35166.09,0,0.0,2582.92,1,14379.22,2022-11-12
L0004451,706,Broker,11693.78,0,0.0,2274.59,1,11750.32,2023-02-20
L0004452,737,Branch,28982.04,0,0.0,4081.02,3,12267.79,2022-05-12
L0004453,685,Branch,31655.7,0,0.0,10700.16,4,7550.31,2021-07-05
L0004454,761,Online,43643.13,0,0.0,2392.55,3,16606.62,2023-12-04
L0004455,757,Broker,42956.08,0,0.0,4577.8,4,14855.65,2022-01-13
L0004456,693,Online,26726.23,0,0.0,8065.98,1,12224.6,2022-09-26
L0004457,708,Broker,49546.12,0,0.0,11148.2,1,16269.78,2022-02-07
L0004458,665,Branch,49363.57,0,0.0,2994.33,1,10184.21,2025-09-01
L0004459,693,Online,33243.33,0,0.0,3401.42,2,8731.67,2025-03-07
L0004460,607,Online,59371.45,0,0.0,13603.86,3,26018.28,2024-06-06
L0004461,727,Broker,29182.2,0,0.0,1983.77,4,10965.13,2025-02-01
L0004462,834,Branch,53214.2,0,0.0,1255.59,2,6194.36,2025-08-14
L0004463,733,Online,50011.21,0,0.0,10378.47,3,10472.1,2022-11-06
L0004464,734,Online,54365.6,0,0.0,11648.06,3,7405.49,2022-09-20
L0004465,695,Broker,49500.87,0,0.0,8078.72,4,20836.23,2023-11-19
L0004466,730,Branch,19141.5,0,0.0,1794.4,1,8053.92,2024-02-20
L0004467,647,Online,37846.96,0,0.0,944.5,2,13401.12,2026-03-25
L0004468,696,Broker,54144.38,0,0.0,11865.2,3,21904.56,2022-10-18
L0004469,648,Branch,39700.08,0,0.0,1993.08,1,9803.01,2026-01-08
L0004470,589,Online,25670.71,1,12703.29,-8519.32,4,25649.44,2025-04-15
L0004471,680,Online,36411.49,0,0.0,12186.17,2,23374.72,2022-09-16
L0004472,625,Online,12346.26,0,0.0,1427.15,1,26122.48,2025-06-20
L0004473,712,Broker,10034.23,0,0.0,749.24,1,20311.99,2025-01-17
L0004474,601,Online,54693.29,0,0.0,9828.01,1,14156.75,2024-12-04
L0004475,786,Branch,52309.83,0,0.0,1895.04,1,8024.96,2025-03-18
L0004476,710,Online,19379.55,0,0.0,1706.97,4,14527.41,2025-03-21
L0004477,742,Branch,12598.46,0,0.0,2242.41,2,14785.91,2022-01-08
L0004478,659,Online,26773.6,0,0.0,897.42,4,14498.17,2026-03-03
L0004479,729,Broker,46873.8,0,0.0,4660.84,3,13123.07,2024-03-24
L0004480,770,Broker,30629.2,0,0.0,2332.29,4,12415.08,2023-08-22
L0004481,784,Broker,16126.5,0,0.0,1966.06,2,14498.01,2021-08-22
L0004482,736,Broker,37598.02,0,0.0,1918.01,3,8488.85,2025-01-27
L0004483,640,Branch,9700.94,1,6838.81,-6098.75,2,19499.6,2025-11-29
L0004484,656,Branch,33772.14,1,18244.76,-13601.74,3,19962.01,2024-11-18
L0004485,670,Broker,19004.42,0,0.0,3682.01,4,11464.11,2024-01-06
L0004486,650,Branch,27176.56,0,0.0,6704.25,2,13251.69,2023-10-20
L0004487,656,Branch,39803.35,0,0.0,4252.37,2,29227.56,2025-04-25
L0004488,720,Broker,27412.21,0,0.0,4107.99,2,13852.68,2023-03-23
L0004489,633,Branch,9642.28,0,0.0,4673.97,4,11374.03,2021-09-08
L0004490,675,Broker,42865.83,0,0.0,8646.97,1,13073.79,2023-08-29
L0004491,752,Broker,49171.9,0,0.0,1301.37,2,9019.53,2025-07-26
L0004492,743,Branch,24110.44,0,0.0,1206.96,4,8824.25,2024-11-01
L0004493,710,Broker,39213.52,0,0.0,1883.31,2,2663.82,2025-09-25
L0004494,636,Branch,34077.66,0,0.0,3154.12,3,10734.41,2025-07-12
L0004495,729,Branch,43616.33,0,0.0,7651.6,1,9193.14,2021-12-21
L0004496,739,Online,44008.6,0,0.0,10308.72,4,2982.13,2022-01-02
L0004497,564,Online,59319.77,0,0.0,20844.3,2,24539.97,2023-12-14
L0004498,615,Online,35932.55,0,0.0,13827.64,4,1412.12,2022-11-17
L0004499,660,Branch,11095.55,0,0.0,1499.9,4,20070.43,2024-12-21
L0004500,-9999,Online,32389.24,0,0.0,1492.44,2,14476.57,2025-12-23
L0004501,741,Broker,11422.14,0,0.0,1802.5,3,7592.55,2022-09-16
L0004502,654,Online,56033.46,0,0.0,13828.79,3,15047.47,2023-08-02
L0004503,805,Branch,46834.77,0,0.0,3150.5,4,3853.23,2023-07-08
L0004504,844,Online,45125.24,0,0.0,2449.48,2,4257.03,2024-02-14
L0004505,709,Online,20783.98,0,0.0,6651.35,4,12930.74,2021-12-03
L0004506,734,Broker,53704.95,0,0.0,6838.16,2,14165.85,2023-01-20
L0004507,687,Branch,14006.16,0,0.0,557.23,2,10568.12,2025-11-29
L0004508,630,Online,57510.58,0,0.0,19256.96,2,16628.01,2023-02-12
L0004509,667,Broker,33684.31,0,0.0,6049.73,1,21067.26,2024-02-12
L0004510,664,Broker,26161.23,0,0.0,4715.08,3,15746.57,2024-03-03
L0004511,778,Online,32225.87,1,9992.59,-7712.1,1,5434.98,2022-12-19
L0004512,681,Branch,39992.51,1,13881.82,-3496.27,1,14353.35,2022-08-13
L0004513,691,Branch,58581.4,0,0.0,6014.74,3,7427.18,2024-10-05
L0004514,759,Broker,50985.27,0,0.0,2855.0,2,3758.62,2024-03-18
L0004515,711,Broker,44281.11,0,0.0,10271.51,1,10715.57,2021-11-17
L0004516,660,Online,11759.41,0,0.0,4625.05,3,12482.19,2021-11-13
L0004517,787,Broker,49619.73,0,0.0,4580.42,4,5391.25,2022-01-14
L0004518,629,Online,26910.56,0,0.0,2059.02,4,17486.66,2025-10-22
L0004519,697,Online,58072.72,0,0.0,2115.57,2,13057.49,2026-01-18
L0004520,722,Broker,18351.21,0,0.0,567.35,3,9543.09,2026-02-08
L0004521,738,Broker,51858.86,0,0.0,4734.83,3,9898.56,2023-10-12
L0004522,746,Branch,33671.84,0,0.0,4735.38,1,6921.45,2021-09-14
L0004523,691,Broker,32262.76,0,0.0,8876.5,3,16464.42,2022-01-02
L0004524,702,Broker,35480.59,0,0.0,4750.58,2,13244.06,2024-04-02
L0004525,811,Online,19324.78,0,0.0,1378.91,2,7975.96,2023-05-19
L0004526,739,Online,52599.3,0,0.0,3817.23,3,6079.44,2025-03-16
L0004527,744,Branch,33718.98,0,0.0,3779.03,3,13584.1,2023-02-16
L0004528,709,Branch,28206.92,0,0.0,6966.54,1,19172.91,2021-08-18
L0004529,748,Broker,45533.34,0,0.0,4769.43,4,5307.92,2022-10-01
L0004530,693,Online,33352.53,0,0.0,3889.71,2,5387.97,2025-02-17
L0004531,619,Branch,53793.04,1,22656.35,4201.5,4,18965.17,2021-09-11
L0004532,754,Online,29884.87,0,0.0,2054.42,4,4224.06,2023-11-28
L0004533,731,Branch,14720.1,0,0.0,2800.07,3,9130.5,2022-04-06
L0004534,665,Branch,41218.23,0,0.0,8683.23,3,13112.89,2023-11-06
L0004535,810,Broker,50028.59,0,0.0,1613.13,4,5891.5,2025-05-22
L0004536,591,Branch,11243.84,0,0.0,4685.67,3,24575.29,2023-05-15
L0004537,749,Branch,20481.06,0,0.0,2669.94,1,10831.69,2022-08-08
L0004538,768,Broker,55588.76,0,0.0,2281.27,2,18544.04,2024-05-31
L0004539,769,Online,43601.21,0,0.0,3279.07,3,11362.39,2023-05-17
L0004540,739,Online,41825.33,0,0.0,8093.87,1,12564.45,2022-10-29
L0004541,695,Branch,29480.3,0,0.0,7989.42,2,11578.41,2022-01-31
L0004542,809,Online,42818.99,0,0.0,3517.36,2,7696.63,2022-10-19
L0004543,678,Broker,47887.86,0,0.0,13317.62,2,19554.36,2022-07-16
L0004544,773,Branch,10644.11,0,0.0,1192.56,2,9147.81,2022-09-07
L0004545,625,Broker,36441.14,0,0.0,13588.28,4,21415.51,2022-10-14
L0004546,626,Broker,31356.38,0,0.0,5801.21,3,15715.02,2024-10-06
L0004547,638,Branch,53353.36,0,0.0,14095.79,1,8833.74,2023-08-31
L0004548,679,Branch,55618.82,0,0.0,19049.49,1,22462.55,2021-07-16
L0004549,680,Broker,42627.4,0,0.0,4479.9,2,14490.84,2024-12-13
L0004550,-9999,Online,14071.23,0,0.0,2784.59,2,980.79,2024-08-20
L0004551,700,Branch,46072.29,0,0.0,12756.35,4,16659.88,2021-07-01
L0004552,724,Broker,15506.24,0,0.0,806.7,2,13258.0,2025-06-13
L0004553,736,Branch,50305.49,0,0.0,3927.53,2,10637.68,2024-06-26
L0004554,742,Branch,16895.4,0,0.0,700.95,4,5525.9,2025-11-29
L0004555,579,Online,8646.17,0,0.0,5716.59,3,0.0,2021-09-04
L0004556,825,Branch,33044.55,0,0.0,1848.95,2,5556.73,2023-12-07
L0004557,766,Branch,33555.29,0,0.0,3358.76,3,2955.71,2021-12-29
L0004558,742,Broker,57902.59,0,0.0,7972.23,3,8351.13,2022-02-26
L0004559,662,Online,57935.68,0,0.0,22659.55,3,17802.81,2021-08-28
L0004560,771,Broker,53550.22,0,0.0,2574.58,4,9056.52,2024-04-16
L0004561,667,Branch,24151.4,0,0.0,6270.65,4,6593.57,2023-01-23
L0004562,694,Branch,18139.14,0,0.0,3542.27,1,21590.2,2023-08-05
L0004563,755,Broker,56622.75,0,0.0,2557.8,2,10069.31,2024-10-11
L0004564,796,Branch,52039.59,0,0.0,1322.71,4,8977.15,2025-09-24
L0004565,721,Online,57671.8,0,0.0,5268.57,4,13982.56,2025-02-12
L0004566,658,Online,20442.21,0,0.0,2751.92,4,24352.36,2024-12-14
L0004567,831,Online,52148.34,0,0.0,4860.22,1,1334.42,2021-12-08
L0004568,686,Branch,43656.24,0,0.0,3601.29,2,15015.0,2025-05-20
L0004569,660,Online,6277.76,0,0.0,2766.74,4,11960.74,2021-07-03
L0004570,740,Online,45546.65,0,0.0,3822.1,2,3439.34,2023-11-21
L0004571,716,Branch,17737.9,0,0.0,3959.62,4,6557.29,2021-09-03
L0004572,774,Branch,29102.36,0,0.0,949.27,2,15594.04,2025-04-20
L0004573,677,Branch,24824.23,0,0.0,4844.21,1,17249.22,2023-09-24
L0004574,684,Broker,27650.48,0,0.0,1942.83,1,16865.39,2025-07-25
L0004575,598,Branch,48183.18,0,0.0,5261.46,3,17750.83,2025-07-15
L0004576,704,Broker,12552.96,0,0.0,1674.01,2,23940.49,2024-07-11
L0004577,726,Online,39005.2,0,0.0,7655.12,1,6631.26,2023-04-28
L0004578,722,Online,25377.36,0,0.0,5393.02,1,15373.05,2023-04-30
L0004579,700,Branch,12115.64,0,0.0,3436.25,1,14002.66,2021-08-14
L0004580,644,Broker,6143.34,0,0.0,1450.22,1,15754.12,2023-12-08
L0004581,648,Online,25871.27,0,0.0,11117.62,3,16253.97,2021-10-27
L0004582,789,Broker,41952.38,0,0.0,2613.82,3,2954.6,2023-09-28
L0004583,752,Broker,50565.91,0,0.0,4424.48,2,10064.67,2023-05-14
L0004584,704,Broker,38950.34,0,0.0,10594.64,1,12370.63,2021-07-19
L0004585,665,Broker,9201.22,0,0.0,1324.24,1,6762.26,2024-09-04
L0004586,696,Broker,22770.98,0,0.0,5065.32,3,22080.07,2022-11-28
L0004587,630,Online,11367.92,0,0.0,5107.0,2,23539.5,2022-01-27
L0004588,614,Broker,53924.06,0,0.0,12602.66,3,17838.61,2024-05-29
L0004589,701,Broker,28464.23,0,0.0,726.42,2,10881.93,2026-01-31
L0004590,723,Online,5210.48,0,0.0,484.94,4,7007.9,2026-01-14
L0004591,722,Broker,9193.32,0,0.0,1176.24,1,104.92,2024-11-29
L0004592,694,Broker,10432.17,0,0.0,2229.49,3,443.21,2023-10-24
L0004593,755,Online,16953.46,0,0.0,1505.76,3,10413.03,2023-01-31
L0004594,685,Branch,38323.4,0,0.0,10579.05,1,8365.59,2022-05-10
L0004595,570,Online,26897.31,0,0.0,3328.01,1,6781.06,2025-07-13
L0004596,656,Branch,57153.71,0,0.0,16315.37,4,23009.37,2023-01-29
L0004597,666,Branch,38270.68,0,0.0,7037.99,3,8759.35,2024-03-27
L0004598,581,Online,12956.03,0,0.0,6179.35,4,15345.99,2023-01-06
L0004599,765,Broker,58255.3,0,0.0,5872.31,3,5831.5,2021-08-24
L0004600,-9999,Broker,13826.5,0,0.0,3466.21,1,22894.44,2023-12-01
L0004601,699,Broker,28030.0,0,0.0,6112.53,3,13719.04,2022-11-28
L0004602,609,Broker,19832.35,1,9426.21,-3011.64,3,23021.2,2023-09-06
L0004603,614,Broker,25836.59,1,14100.23,-1245.85,1,10814.47,2021-12-07
L0004604,603,Online,9030.48,0,0.0,2770.27,2,8536.06,2024-01-04
L0004605,752,Broker,8424.48,0,0.0,1196.05,1,9230.04,2022-07-07
L0004606,636,Broker,30075.83,0,0.0,6997.46,1,17141.91,2024-01-31
L0004607,705,Broker,50002.89,0,0.0,717.17,3,7894.95,2026-03-28
L0004608,762,Online,30045.36,0,0.0,2089.19,1,9210.4,2023-09-06
L0004609,796,Broker,23886.23,0,0.0,506.49,1,8297.93,2025-10-11
L0004610,744,Branch,23242.7,0,0.0,1137.8,1,5532.5,2025-07-28
L0004611,781,Branch,13087.97,0,0.0,1170.07,1,6377.91,2023-12-09
L0004612,740,Online,19100.46,0,0.0,1003.31,2,6243.91,2025-02-01
L0004613,704,Online,30845.92,0,0.0,1173.85,1,11261.39,2026-02-28
L0004614,735,Broker,39520.75,0,0.0,3562.36,4,11197.72,2023-12-14
L0004615,689,Online,45088.36,0,0.0,11525.16,1,23838.42,2023-06-27
L0004616,722,Branch,22728.39,0,0.0,1465.88,2,1108.99,2025-06-15
L0004617,682,Branch,50363.04,0,0.0,10193.2,3,17433.87,2023-06-02
L0004618,718,Broker,30732.37,0,0.0,2351.72,3,8524.77,2024-11-18
L0004619,741,Branch,34693.75,0,0.0,5079.06,4,14409.41,2022-03-13
L0004620,658,Broker,51818.41,0,0.0,2596.19,3,31700.8,2025-11-28
L0004621,840,Online,35794.04,0,0.0,523.35,2,4059.05,2025-11-30
L0004622,700,Online,38507.47,0,0.0,1149.38,4,14562.98,2026-03-06
L0004623,639,Branch,11803.33,0,0.0,4954.86,2,8606.71,2022-02-23
L0004624,694,Branch,25992.73,0,0.0,1062.9,1,16341.45,2025-10-08
L0004625,641,Online,32974.76,0,0.0,5077.74,2,11236.78,2024-10-16
L0004626,626,Broker,48781.41,0,0.0,12292.79,3,14435.7,2024-01-12
L0004627,650,Branch,57673.85,0,0.0,20098.79,4,9718.73,2022-06-10
L0004628,656,Branch,56366.73,0,0.0,2781.29,3,9367.3,2025-12-15
L0004629,721,Broker,14945.98,0,0.0,1036.79,2,6877.47,2025-07-23
L0004630,807,Broker,15223.59,1,9884.64,-9502.02,4,4937.37,2026-03-11
L0004631,711,Broker,58831.86,0,0.0,11452.08,2,16193.59,2022-08-03
L0004632,707,Branch,11630.18,0,0.0,2497.82,2,3629.26,2023-04-27
L0004633,730,Online,42392.0,1,29904.05,-24911.15,4,7906.85,2024-06-12
L0004634,726,Branch,34130.85,0,0.0,6330.29,1,8978.33,2022-03-15
L0004635,673,Online,28670.73,0,0.0,9732.68,3,15613.68,2021-11-26
L0004636,683,Branch,59154.46,0,0.0,11660.87,2,8562.64,2023-08-27
L0004637,653,Broker,39155.21,0,0.0,5529.86,2,7887.44,2024-12-03
L0004638,769,Branch,18544.7,0,0.0,1813.75,2,4996.19,2022-10-08
L0004639,723,Online,10061.05,0,0.0,1218.88,3,8220.71,2025-01-19
L0004640,699,Online,57622.54,1,38726.91,-30723.27,2,18400.28,2024-09-19
L0004641,591,Broker,34420.63,0,0.0,1638.88,4,9823.22,2026-02-11
L0004642,619,Broker,22718.47,0,0.0,6079.84,1,7956.3,2024-02-17
L0004643,709,Broker,36654.51,0,0.0,8331.64,4,14496.3,2022-02-04
L0004644,720,Online,27535.28,1,9585.09,-6910.45,1,14126.36,2025-03-11
L0004645,735,Broker,43008.43,0,0.0,3297.0,2,13864.7,2024-08-27
L0004646,551,Online,41041.11,0,0.0,10163.23,2,15472.98,2024-10-02
L0004647,599,Online,43468.52,0,0.0,18165.05,3,21119.83,2022-12-01
L0004648,739,Branch,19853.99,0,0.0,2736.77,3,8389.64,2023-01-13
L0004649,728,Online,27550.78,0,0.0,5587.67,2,0.0,2023-03-02
L0004650,-9999,Online,51243.46,0,0.0,13518.27,2,9197.24,2021-09-25
L0004651,708,Branch,40577.15,0,0.0,9721.77,1,21830.23,2021-10-07
L0004652,672,Broker,34499.62,0,0.0,2753.58,2,23446.64,2025-05-22
L0004653,674,Branch,48469.09,0,0.0,5933.02,1,22222.45,2024-10-24
L0004654,683,Broker,49362.25,0,0.0,11675.12,1,9038.52,2022-12-04
L0004655,686,Broker,45757.34,0,0.0,13972.82,3,14224.18,2021-10-24
L0004656,700,Branch,15064.78,0,0.0,2781.65,4,9238.58,2023-10-03
L0004657,745,Online,40021.83,0,0.0,3093.27,1,8261.19,2023-12-22
L0004658,678,Branch,34211.26,0,0.0,8202.33,1,15652.88,2023-01-23
L0004659,540,Online,22054.93,0,0.0,11634.76,3,27079.02,2023-01-28
L0004660,718,Branch,45514.29,0,0.0,5859.26,1,10345.56,2023-11-02
L0004661,680,Broker,44095.43,0,0.0,10726.04,2,15749.38,2022-12-27
L0004662,769,Online,44317.29,0,0.0,858.68,2,267.7,2025-11-12
L0004663,605,Online,37532.32,1,22785.99,-7038.6,4,15502.27,2022-10-26
L0004664,794,Branch,49049.29,0,0.0,4057.81,2,6574.0,2022-09-04
L0004665,673,Branch,55414.74,0,0.0,14042.96,2,9240.63,2023-01-26
L0004666,671,Broker,35982.81,0,0.0,11057.07,1,21010.72,2022-04-24
L0004667,717,Online,38730.88,1,30466.67,-29061.9,4,4427.86,2026-02-10
L0004668,733,Online,51964.0,0,0.0,12988.7,2,9625.33,2022-01-23
L0004669,681,Branch,16019.93,0,0.0,2471.55,4,14765.72,2024-05-07
L0004670,661,Online,41180.65,0,0.0,6464.7,3,12941.46,2024-08-13
L0004671,831,Branch,33210.59,0,0.0,3409.4,2,1820.75,2021-11-14
L0004672,742,Branch,9340.24,0,0.0,481.01,4,3775.09,2025-06-10
L0004673,698,Broker,29794.93,0,0.0,1703.7,1,11839.98,2025-10-17
L0004674,692,Online,42715.46,0,0.0,12420.38,4,14617.43,2022-12-10
L0004675,587,Broker,53212.81,1,19008.78,-11577.7,3,29007.53,2025-05-10
L0004676,731,Online,42824.71,0,0.0,12050.38,1,10275.22,2021-10-11
L0004677,643,Online,47516.79,0,0.0,3341.58,4,12839.98,2025-10-15
L0004678,751,Broker,47510.29,0,0.0,3014.25,2,688.11,2024-04-24
L0004679,632,Broker,6670.37,0,0.0,1098.73,4,12151.9,2025-03-21
L0004680,789,Branch,24067.11,0,0.0,1091.47,3,2754.75,2024-06-15
L0004681,649,Online,19755.43,0,0.0,2124.14,2,19856.98,2025-06-01
L0004682,766,Broker,30482.31,0,0.0,1524.05,2,6105.56,2024-09-20
L0004683,589,Branch,28332.41,0,0.0,7793.69,4,30814.07,2024-05-06
L0004684,739,Branch,18517.14,0,0.0,638.58,2,5792.45,2025-08-15
L0004685,668,Broker,8835.52,0,0.0,1239.51,3,12262.15,2024-08-27
L0004686,739,Broker,55638.08,0,0.0,1276.03,1,12602.51,2025-12-12
L0004687,718,Branch,22083.19,0,0.0,3532.89,4,11364.56,2023-06-29
L0004688,676,Online,5043.77,1,2069.12,-1071.98,1,18856.0,2024-07-08
L0004689,739,Broker,47473.29,0,0.0,6761.92,3,9503.06,2022-04-22
L0004690,635,Branch,11200.42,0,0.0,3278.3,3,15912.57,2023-10-24
L0004691,800,Broker,40067.36,0,0.0,710.12,2,6218.84,2025-12-21
L0004692,719,Branch,6612.57,0,0.0,800.94,2,9931.66,2023-11-03
L0004693,760,Branch,7490.43,0,0.0,637.89,4,4157.04,2022-07-03
L0004694,763,Branch,23344.11,0,0.0,1918.31,2,9607.69,2023-01-11
L0004695,699,Branch,56842.99,0,0.0,8507.2,2,1477.16,2023-12-17
L0004696,750,Online,28665.22,0,0.0,2395.27,3,8019.5,2023-04-28
L0004697,697,Broker,46407.19,0,0.0,5773.78,2,16957.3,2024-05-18
L0004698,793,Broker,26503.09,0,0.0,2227.88,2,6910.74,2022-08-16
L0004699,722,Online,11029.84,0,0.0,1087.77,2,9420.07,2025-04-04
L0004700,-9999,Broker,39995.4,0,0.0,13678.23,2,13208.02,2021-10-06
L0004701,712,Online,52897.97,0,0.0,4894.02,3,8325.87,2025-02-18
L0004702,715,Broker,25206.03,0,0.0,3615.93,3,14142.27,2023-11-26
L0004703,712,Branch,13307.87,0,0.0,2461.13,4,10341.18,2022-10-19
L0004704,666,Online,26313.14,0,0.0,3039.48,3,23731.06,2025-01-13
L0004705,789,Branch,31380.39,0,0.0,766.11,2,7076.07,2025-12-13
L0004706,675,Branch,6285.25,0,0.0,2137.58,2,11326.93,2022-09-29
L0004707,725,Branch,25622.05,0,0.0,2933.03,4,10771.66,2024-01-01
L0004708,762,Online,54324.39,0,0.0,1930.62,1,11754.94,2024-11-24
L0004709,756,Broker,20147.07,0,0.0,1550.89,4,468.86,2023-10-18
L0004710,696,Online,43139.62,0,0.0,10701.33,4,20112.38,2023-05-14
L0004711,693,Branch,59242.79,0,0.0,15106.72,2,7833.15,2022-04-29
L0004712,757,Branch,50123.21,0,0.0,1128.53,2,7594.39,2025-09-21
L0004713,782,Online,57342.02,0,0.0,4068.54,2,10850.12,2023-04-18
L0004714,664,Branch,19265.05,0,0.0,7253.75,4,15861.88,2021-12-13
L0004715,641,Branch,42275.05,0,0.0,10363.68,2,7060.58,2023-10-22
L0004716,721,Branch,49207.43,0,0.0,3590.82,1,17463.12,2025-01-07
L0004717,592,Broker,21680.24,1,11321.92,362.29,3,22166.16,2022-02-12
L0004718,625,Branch,18412.41,0,0.0,710.58,4,20055.32,2026-02-07
L0004719,635,Branch,43569.43,0,0.0,5622.44,4,12282.04,2025-02-10
L0004720,691,Broker,53006.48,0,0.0,8071.55,2,12806.57,2024-02-15
L0004721,636,Broker,38271.76,0,0.0,9413.35,4,16376.54,2023-12-29
L0004722,687,Online,34689.67,0,0.0,4232.29,3,7711.96,2025-03-10
L0004723,709,Branch,53255.32,0,0.0,2210.11,4,16224.19,2025-09-20
L0004724,713,Online,10525.59,0,0.0,1738.16,3,21436.75,2024-04-21
L0004725,754,Broker,49064.02,0,0.0,2305.73,1,4789.28,2024-12-18
L0004726,622,Branch,26087.36,0,0.0,4932.17,4,15847.1,2024-10-27
L0004727,720,Broker,23872.23,0,0.0,1128.0,2,12931.32,2025-07-14
L0004728,755,Branch,22242.9,0,0.0,2570.95,2,10599.4,2022-04-24
L0004729,676,Branch,24204.37,0,0.0,3204.51,2,17716.74,2024-08-29
L0004730,706,Branch,44020.95,0,0.0,1987.4,2,814.94,2025-10-07
L0004731,697,Online,8138.13,0,0.0,2633.8,2,10451.53,2022-10-21
L0004732,743,Online,53167.51,0,0.0,4174.51,3,14017.54,2023-12-12
L0004733,643,Branch,18864.41,0,0.0,2909.22,4,17751.57,2024-12-30
L0004734,675,Online,26340.78,1,20737.04,-19273.79,4,24534.45,2025-10-18
L0004735,689,Broker,53457.8,0,0.0,3731.15,3,12843.08,2025-05-14
L0004736,701,Online,43046.15,0,0.0,10996.64,1,6708.08,2023-02-25
L0004737,640,Branch,40352.26,0,0.0,15564.75,2,19212.15,2022-04-05
L0004738,606,Online,40533.64,0,0.0,2803.91,2,5659.73,2025-12-22
L0004739,684,Branch,58399.17,0,0.0,19032.1,1,16618.32,2021-08-13
L0004740,760,Broker,55374.58,0,0.0,3159.39,4,11827.36,2023-12-18
L0004741,592,Broker,19570.95,0,0.0,9323.02,4,3214.09,2022-09-15
L0004742,617,Broker,30332.07,1,14289.08,-2810.92,4,14039.99,2022-12-15
L0004743,677,Branch,6858.88,0,0.0,2477.1,2,18514.69,2022-05-06
L0004744,745,Branch,20518.98,0,0.0,2915.97,1,8964.43,2022-05-08
L0004745,591,Online,33538.25,0,0.0,1972.06,2,3365.7,2026-01-12
L0004746,765,Online,5467.15,1,4336.68,-3867.06,2,13628.31,2022-06-22
L0004747,679,Broker,29283.45,0,0.0,4372.18,3,16296.6,2024-06-17
L0004748,637,Branch,42718.16,0,0.0,13340.6,3,20954.46,2023-03-11
L0004749,694,Online,19874.37,0,0.0,1715.95,1,7813.93,2025-05-07
L0004750,-9999,Online,28213.69,0,0.0,2223.3,2,3069.19,2023-07-24
L0004751,812,Broker,31847.1,0,0.0,2431.87,1,6629.65,2022-09-29
L0004752,737,Online,39023.28,0,0.0,3197.9,3,15778.35,2024-12-20
L0004753,740,Broker,16624.44,0,0.0,2104.64,2,6814.63,2022-07-16
L0004754,664,Broker,52215.19,0,0.0,13306.8,3,16844.6,2023-04-11
L0004755,780,Branch,52711.89,0,0.0,985.01,1,1688.25,2025-09-26
L0004756,735,Online,19710.52,0,0.0,3235.31,4,6482.71,2023-07-29
L0004757,710,Online,58246.67,1,28756.26,-24189.62,4,10334.39,2025-06-30
L0004758,730,Branch,31910.15,0,0.0,2388.48,1,13867.08,2024-11-04
L0004759,676,Broker,30472.03,0,0.0,5268.22,3,27036.7,2024-01-08
L0004760,709,Broker,15189.28,0,0.0,3636.09,2,14590.72,2022-03-02
L0004761,689,Branch,23768.23,0,0.0,2794.82,4,9389.36,2024-11-08
L0004762,683,Broker,18286.34,0,0.0,2559.57,4,22258.01,2024-06-13
L0004763,674,Broker,47899.84,0,0.0,11083.5,1,7578.18,2023-04-29
L0004764,649,Branch,37352.88,0,0.0,15440.64,2,6150.6,2021-09-27
L0004765,770,Broker,54386.69,0,0.0,5273.61,2,4902.99,2022-02-04
L0004766,842,Online,50997.66,0,0.0,1160.16,3,5088.72,2025-09-11
L0004767,724,Online,6305.12,0,0.0,2238.29,4,11605.56,2022-02-05
L0004768,692,Broker,16428.29,0,0.0,4927.49,3,21784.49,2021-12-24
L0004769,713,Branch,53274.72,0,0.0,647.25,4,0.0,2026-03-26
L0004770,729,Online,37852.25,0,0.0,9006.77,3,8975.78,2022-08-08
L0004771,695,Online,16555.13,0,0.0,4157.53,1,5960.27,2023-08-19
L0004772,615,Broker,29568.72,1,11347.57,-6513.65,1,25327.51,2024-12-12
L0004773,712,Online,16581.33,0,0.0,2089.74,3,9784.45,2025-01-22
L0004774,657,Online,10098.52,0,0.0,2381.2,1,14853.01,2024-03-10
L0004775,723,Online,14984.45,0,0.0,1367.82,4,15535.25,2025-08-21
L0004776,692,Broker,52683.98,0,0.0,6516.92,1,3209.13,2024-06-10
L0004777,758,Online,29618.19,0,0.0,1405.33,3,10116.24,2024-04-17
L0004778,742,Online,21511.79,0,0.0,2506.03,2,1885.27,2023-05-15
L0004779,674,Online,8000.09,0,0.0,1299.0,1,10653.28,2024-06-15
L0004780,714,Broker,23820.32,0,0.0,5346.04,1,9375.05,2022-02-01
L0004781,728,Online,31101.98,0,0.0,6426.37,4,8928.34,2023-04-11
L0004782,797,Broker,45063.99,0,0.0,1121.57,4,5047.72,2025-06-29
L0004783,731,Online,43561.8,1,27530.23,-26228.51,2,10023.71,2026-01-10
L0004784,675,Broker,39540.85,0,0.0,6343.88,1,13025.06,2024-03-11
L0004785,737,Branch,45606.65,0,0.0,2068.89,4,7637.31,2025-06-17
L0004786,840,Branch,54190.47,0,0.0,861.01,1,6608.33,2025-09-23
L0004787,689,Broker,56251.71,0,0.0,4384.37,2,13939.22,2025-05-16
L0004788,790,Branch,57493.23,0,0.0,1173.77,4,9041.72,2025-09-02
L0004789,685,Broker,41474.15,0,0.0,8495.34,2,10741.89,2023-06-07
L0004790,746,Broker,45981.05,0,0.0,5492.13,4,9311.47,2022-06-12
L0004791,707,Broker,12059.65,0,0.0,2700.9,2,14346.39,2022-10-02
L0004792,676,Broker,24130.5,0,0.0,8134.84,4,10219.31,2021-11-28
L0004793,692,Branch,58346.72,1,25871.58,-12755.44,3,14468.49,2022-11-08
L0004794,694,Online,24575.35,1,19499.79,-16213.45,2,8282.38,2025-01-02
L0004795,780,Broker,7704.35,0,0.0,956.49,2,6988.62,2022-04-23
L0004796,637,Online,50118.91,0,0.0,2102.05,1,17843.87,2026-01-10
L0004797,696,Broker,20939.91,0,0.0,1435.18,3,8732.4,2025-09-01
L0004798,700,Branch,6338.55,0,0.0,1383.53,4,20305.19,2024-03-17
L0004799,671,Branch,46458.55,0,0.0,1501.59,3,5116.64,2026-01-02
L0004800,-9999,Branch,5817.18,0,0.0,2484.78,1,16265.2,2022-11-30
L0004801,688,Broker,21366.21,0,0.0,1501.34,3,11386.41,2025-07-27
L0004802,630,Branch,47088.33,0,0.0,14137.08,1,9239.73,2023-06-13
L0004803,625,Broker,40939.94,1,17448.34,-5537.05,4,11606.76,2023-09-11
L0004804,789,Branch,53837.01,1,29644.39,-26557.98,3,6046.3,2023-09-27
L0004805,644,Branch,12104.21,0,0.0,3554.1,3,17253.16,2023-08-30
L0004806,699,Branch,8291.8,0,0.0,2307.62,2,5689.73,2022-03-11
L0004807,651,Broker,38118.46,0,0.0,6625.31,1,10593.55,2024-06-20
L0004808,631,Online,37680.97,0,0.0,12084.85,3,23378.17,2023-03-30
L0004809,776,Broker,50109.79,0,0.0,1346.81,3,7548.85,2025-06-20
L0004810,752,Broker,12832.49,0,0.0,1441.79,3,9964.66,2022-06-19
L0004811,632,Online,39895.18,0,0.0,1145.55,1,10376.81,2026-03-28
L0004812,823,Online,58557.94,0,0.0,2779.65,3,9151.32,2024-03-23
L0004813,786,Broker,34146.82,0,0.0,1663.76,4,3575.85,2024-07-02
L0004814,698,Broker,31475.21,0,0.0,8019.62,4,9969.93,2022-02-15
L0004815,695,Broker,18403.98,0,0.0,508.83,4,9781.5,2026-02-13
L0004816,762,Online,10287.48,1,5132.8,-4447.81,3,7677.98,2023-07-15
L0004817,691,Broker,34959.39,1,24824.39,-17519.91,1,17627.19,2023-03-31
L0004818,701,Broker,47681.79,0,0.0,2367.3,1,8000.42,2025-09-28
L0004819,713,Branch,40860.93,0,0.0,5785.34,1,12209.39,2023-09-22
L0004820,735,Online,47737.76,0,0.0,9200.36,3,7102.44,2022-12-26
L0004821,719,Online,12843.93,0,0.0,1573.74,2,5858.91,2024-10-05
L0004822,752,Online,48093.75,0,0.0,808.36,2,9959.73,2025-10-03
L0004823,818,Broker,39265.32,0,0.0,4177.14,1,5101.01,2021-10-19
L0004824,649,Broker,13893.5,0,0.0,5581.88,4,21403.03,2022-04-10
L0004825,776,Broker,40599.42,0,0.0,1717.36,2,8278.27,2024-07-11
L0004826,720,Online,57560.67,0,0.0,7918.19,3,10547.17,2024-05-21
L0004827,771,Branch,21083.66,0,0.0,2279.96,4,7012.41,2022-03-22
L0004828,640,Broker,25499.74,0,0.0,9990.91,1,17459.21,2022-04-20
L0004829,657,Online,44777.63,0,0.0,17346.91,3,12335.64,2021-11-30
L0004830,753,Online,7429.44,0,0.0,1391.36,4,13329.72,2021-08-11
L0004831,701,Online,34305.61,0,0.0,2675.36,4,14211.52,2025-08-13
L0004832,629,Broker,54600.74,0,0.0,11770.42,2,29495.95,2024-04-12
L0004833,712,Branch,8417.19,0,0.0,1855.48,1,15935.48,2023-05-25
L0004834,773,Branch,57536.53,0,0.0,4126.33,4,6868.31,2023-01-27
L0004835,777,Branch,35419.69,0,0.0,3373.51,1,8129.91,2021-11-16
L0004836,731,Branch,44890.65,1,21816.44,-14528.19,4,14440.43,2022-05-08
L0004837,667,Branch,58595.57,0,0.0,11447.62,4,17193.94,2023-12-01
L0004838,713,Broker,29986.12,1,19755.63,-15068.94,2,8832.98,2023-05-07
L0004839,725,Online,11184.92,0,0.0,918.62,3,4579.17,2025-09-05
L0004840,791,Branch,6144.93,0,0.0,1016.84,2,6129.62,2021-10-16
L0004841,734,Broker,19726.79,0,0.0,2641.53,4,9195.75,2022-10-15
L0004842,670,Online,49806.94,0,0.0,7608.24,4,9346.86,2024-06-17
L0004843,682,Broker,51803.79,0,0.0,7743.45,1,5680.61,2024-04-09
L0004844,748,Broker,5800.23,0,0.0,719.05,3,10838.16,2023-07-10
L0004845,742,Online,8757.25,0,0.0,1240.52,4,13808.69,2022-01-27
L0004846,645,Broker,49734.64,1,30280.58,-17548.94,3,17754.7,2023-08-01
L0004847,712,Branch,54566.34,0,0.0,11727.78,2,16506.35,2022-03-19
L0004848,704,Online,9849.13,0,0.0,2627.63,2,16750.01,2023-04-03
L0004849,674,Broker,54210.15,0,0.0,11999.56,1,19092.3,2023-05-02
L0004850,-9999,Online,6103.12,0,0.0,523.86,2,7737.1,2023-03-24
L0004851,703,Online,51505.9,0,0.0,11710.82,3,23565.11,2023-07-03
L0004852,738,Online,16787.19,1,5112.19,-4574.01,2,14334.39,2026-03-14
L0004853,789,Online,19559.72,0,0.0,821.05,1,9120.44,2024-05-15
L0004854,690,Online,27702.64,0,0.0,1924.91,1,15913.99,2025-10-18
L0004855,660,Online,26005.02,0,0.0,1833.77,4,18448.65,2025-10-09
L0004856,697,Online,6588.91,0,0.0,1801.15,2,0.0,2023-03-09
L0004857,671,Branch,25908.07,0,0.0,1321.37,2,18471.05,2025-10-19
L0004858,640,Online,36622.66,0,0.0,5079.84,3,17828.26,2025-01-10
L0004859,711,Broker,28073.46,0,0.0,6399.09,1,5371.64,2022-02-18
L0004860,710,Broker,36340.53,0,0.0,4165.99,4,12613.05,2024-05-18
L0004861,673,Online,49370.34,0,0.0,6567.3,2,20898.66,2024-09-20
L0004862,775,Branch,15800.99,0,0.0,478.17,2,7409.45,2026-01-19
L0004863,740,Online,52047.36,0,0.0,2731.96,2,7982.46,2025-01-01
L0004864,605,Branch,43759.49,0,0.0,24302.3,1,14132.96,2021-08-25
L0004865,695,Online,52549.61,0,0.0,19152.36,3,17330.37,2021-12-24
L0004866,696,Branch,7050.99,0,0.0,1169.84,3,7404.47,2024-05-30
L0004867,641,Online,25411.93,0,0.0,9235.94,4,24119.07,2022-09-28
L0004868,705,Broker,36342.09,0,0.0,9228.03,4,12118.66,2021-11-03
L0004869,697,Broker,47501.37,0,0.0,3728.11,1,307.37,2025-02-08
L0004870,682,Broker,45446.18,0,0.0,12654.67,1,11673.22,2022-05-07
L0004871,675,Branch,28927.16,0,0.0,8287.08,3,11932.45,2022-06-20
L0004872,748,Branch,34681.04,0,0.0,2311.82,4,6757.51,2024-07-19
L0004873,712,Online,20612.69,0,0.0,2904.29,3,14207.52,2024-10-08
L0004874,694,Broker,7991.93,0,0.0,744.8,1,11885.98,2026-01-15
L0004875,733,Branch,15181.41,0,0.0,1285.62,1,8577.05,2025-03-24
L0004876,588,Online,25794.98,0,0.0,7603.46,4,19936.28,2024-03-21
L0004877,686,Broker,34673.0,0,0.0,2356.73,1,2560.76,2025-07-10
L0004878,600,Branch,32333.99,0,0.0,4423.16,4,14766.52,2025-04-06
L0004879,684,Online,31066.75,0,0.0,11143.88,3,19069.32,2022-04-12
L0004880,800,Online,24085.63,0,0.0,243.02,3,2947.68,2025-12-19
L0004881,700,Branch,40507.36,0,0.0,9244.48,4,11150.08,2022-06-25
L0004882,775,Broker,24604.48,0,0.0,1016.92,2,3652.33,2025-06-08
L0004883,700,Broker,22321.54,0,0.0,2909.67,2,1368.36,2024-07-23
L0004884,698,Branch,38660.0,0,0.0,6185.6,3,18211.1,2023-11-25
L0004885,593,Online,23336.05,0,0.0,1126.19,1,21062.18,2026-03-27
L0004886,656,Branch,16873.68,0,0.0,3786.12,3,23968.53,2023-11-16
L0004887,663,Broker,33319.53,0,0.0,5286.24,3,14449.88,2024-07-22
L0004888,753,Broker,44081.15,1,16251.54,-15369.98,2,8688.27,2025-11-30
L0004889,698,Online,17832.8,0,0.0,3597.85,3,11433.88,2024-01-20
L0004890,674,Broker,14002.98,0,0.0,3537.67,4,6839.04,2023-03-09
L0004891,665,Branch,7794.63,0,0.0,2600.14,4,17812.52,2022-09-04
L0004892,641,Branch,38817.78,0,0.0,17874.93,4,15148.81,2021-07-07
L0004893,584,Branch,48133.31,0,0.0,6864.17,2,0.0,2025-05-01
L0004894,773,Branch,11065.93,0,0.0,949.73,1,4513.26,2024-07-23
L0004895,666,Broker,6444.28,0,0.0,782.48,4,9455.17,2025-08-10
L0004896,628,Branch,6299.04,0,0.0,2297.51,1,13849.29,2023-08-13
L0004897,654,Branch,28661.3,0,0.0,8577.56,4,1855.96,2023-02-15
L0004898,715,Online,53196.13,0,0.0,7657.23,1,11414.54,2024-06-11
L0004899,737,Online,43243.6,0,0.0,4672.71,3,11469.91,2024-08-24
L0004900,-9999,Branch,28606.81,0,0.0,1814.73,1,11751.85,2023-04-16
L0004901,624,Broker,57361.19,0,0.0,2791.02,4,16688.94,2026-01-11
L0004902,635,Branch,49956.46,0,0.0,9695.5,3,21214.19,2024-06-27
L0004903,739,Branch,48403.14,0,0.0,7348.04,1,7760.09,2021-12-16
L0004904,644,Branch,40410.17,0,0.0,8649.31,1,19763.31,2024-02-28
L0004905,700,Broker,34578.5,0,0.0,3107.38,3,18331.0,2025-01-02
L0004906,720,Online,7299.98,0,0.0,862.35,1,9064.36,2025-06-03
L0004907,669,Branch,16306.04,0,0.0,1219.07,2,28624.39,2025-10-28
L0004908,672,Online,55947.05,1,31709.71,-12615.06,3,12178.15,2021-11-16
L0004909,722,Online,16180.54,0,0.0,4673.85,1,2041.31,2022-02-04
L0004910,646,Broker,50639.48,0,0.0,20643.27,3,2394.05,2021-11-13
L0004911,635,Broker,24441.13,0,0.0,4155.53,1,22460.95,2024-10-02
L0004912,685,Branch,21784.92,0,0.0,7190.29,1,16092.63,2021-10-30
L0004913,676,Online,25823.67,0,0.0,3891.54,4,5504.18,2024-06-07
L0004914,678,Branch,44730.8,0,0.0,2366.64,3,12245.43,2025-10-26
L0004915,733,Online,41634.87,0,0.0,3395.27,3,11250.6,2025-01-01
L0004916,628,Branch,26574.39,0,0.0,7383.72,2,13174.14,2023-09-21
L0004917,728,Online,55342.31,0,0.0,15374.87,3,14053.37,2021-11-01
L0004918,596,Broker,53308.77,1,35947.66,-29776.99,2,25751.19,2025-07-24
L0004919,752,Online,53903.77,0,0.0,5976.57,1,10018.31,2022-05-20
L0004920,725,Branch,16454.47,0,0.0,3205.24,3,8180.23,2022-01-15
L0004921,623,Branch,33780.42,0,0.0,16287.77,1,14839.16,2021-11-30
L0004922,730,Broker,6477.43,0,0.0,759.09,3,14963.49,2023-05-25
L0004923,682,Online,37791.14,0,0.0,8502.1,1,8897.51,2023-11-16
L0004924,615,Broker,50777.6,0,0.0,9631.55,2,22558.08,2024-09-30
L0004925,767,Broker,42025.0,0,0.0,761.99,4,6043.41,2025-09-26
L0004926,732,Branch,46506.77,0,0.0,5233.8,4,6857.1,2023-08-19
L0004927,683,Branch,36969.85,0,0.0,1754.78,1,25140.84,2025-12-24
L0004928,757,Broker,21124.65,0,0.0,1486.97,4,2122.97,2023-09-13
L0004929,702,Online,30848.63,0,0.0,4306.57,1,7528.89,2024-08-09
L0004930,665,Broker,7603.93,0,0.0,2309.93,2,19571.4,2022-10-09
L0004931,686,Online,55507.73,0,0.0,8077.18,1,13961.71,2024-10-28
L0004932,763,Broker,46530.24,0,0.0,4700.99,2,4712.56,2021-12-30
L0004933,701,Broker,27734.01,0,0.0,6986.54,4,23982.9,2022-04-06
L0004934,639,Online,30440.76,0,0.0,4264.81,4,1583.22,2025-01-07
L0004935,710,Broker,16667.64,0,0.0,1763.27,4,13457.99,2024-09-10
L0004936,556,Branch,48031.87,0,0.0,29256.91,1,28623.77,2022-03-30
L0004937,763,Online,30147.9,0,0.0,1103.88,4,9051.64,2025-01-26
L0004938,671,Online,9626.91,0,0.0,3040.18,1,15322.39,2022-04-30
L0004939,726,Branch,33348.72,0,0.0,1756.56,1,5227.94,2025-04-27
L0004940,746,Branch,37922.96,0,0.0,5672.02,4,7352.04,2021-08-25
L0004941,667,Branch,45042.21,0,0.0,7040.61,2,15994.28,2024-07-13
L0004942,781,Online,58173.75,1,18312.59,-12561.32,4,10654.81,2021-07-02
L0004943,735,Branch,38623.66,0,0.0,1089.25,3,11663.92,2025-12-28
L0004944,752,Online,18320.1,0,0.0,2369.87,4,13311.82,2021-11-18
L0004945,673,Branch,17148.24,0,0.0,4656.13,4,14386.1,2023-01-26
L0004946,721,Online,5316.96,0,0.0,1418.45,3,16031.6,2022-06-06
L0004947,759,Broker,12003.21,0,0.0,604.81,2,11933.12,2025-12-20
L0004948,665,Online,25771.33,0,0.0,2392.27,2,19700.94,2025-04-12
L0004949,718,Broker,28227.08,0,0.0,4396.48,1,11969.12,2023-04-17
L0004950,-9999,Branch,45851.28,0,0.0,3604.9,2,7116.07,2022-10-23
L0004951,662,Branch,16461.99,0,0.0,491.0,1,22916.69,2026-03-20
L0004952,692,Broker,44330.47,0,0.0,11086.21,2,22369.48,2022-07-08
L0004953,713,Broker,49817.12,0,0.0,7187.28,2,8143.52,2023-08-29
L0004954,612,Broker,9364.43,0,0.0,1991.81,3,27381.23,2024-12-21
L0004955,762,Online,9830.93,0,0.0,609.73,1,4723.52,2025-07-14
L0004956,665,Online,54378.79,0,0.0,14949.67,1,12867.25,2022-12-01
L0004957,779,Branch,11359.11,0,0.0,816.42,3,6668.68,2024-02-19
L0004958,703,Online,28757.25,0,0.0,1921.51,1,23920.13,2025-08-30
L0004959,714,Broker,35010.45,0,0.0,5269.38,3,17662.88,2023-07-21
L0004960,629,Online,39258.26,0,0.0,3338.43,4,24468.83,2025-09-01
L0004961,754,Broker,13792.39,0,0.0,1709.69,3,9680.89,2022-05-09
L0004962,761,Online,49339.48,0,0.0,1146.35,1,9530.29,2025-08-22
L0004963,709,Branch,22269.55,0,0.0,4780.17,2,6761.25,2022-07-03
L0004964,788,Broker,14639.71,0,0.0,508.89,2,6684.98,2025-04-26
L0004965,722,Branch,33804.22,0,0.0,864.19,2,10630.72,2026-01-23
L0004966,658,Broker,12460.13,0,0.0,3467.93,3,10569.27,2023-06-27
L0004967,685,Online,29205.79,0,0.0,8083.51,2,12676.14,2023-05-12
L0004968,683,Branch,32276.24,0,0.0,9871.07,4,13807.1,2021-11-28
L0004969,600,Broker,50287.2,1,31958.1,-22621.44,4,25679.58,2024-11-11
L0004970,758,Broker,26294.8,0,0.0,1343.73,3,4699.15,2024-10-24
L0004971,739,Online,25843.11,1,17119.98,-10306.89,3,15245.87,2021-07-07
L0004972,671,Broker,35517.89,0,0.0,9796.05,2,9949.58,2022-10-09
L0004973,678,Broker,18057.73,0,0.0,1168.04,1,15699.92,2025-12-04
L0004974,672,Broker,52002.42,0,0.0,11564.79,2,15315.44,2023-06-04
L0004975,594,Branch,20435.03,0,0.0,9413.29,2,24389.34,2022-09-08
L0004976,788,Branch,16778.22,0,0.0,1535.6,3,6765.27,2022-11-14
L0004977,686,Online,16202.08,0,0.0,5489.58,1,12162.01,2022-08-10
L0004978,766,Online,7676.36,1,3379.23,-2102.63,1,15379.79,2021-10-07
L0004979,690,Broker,45202.5,0,0.0,12730.32,4,20780.54,2021-12-16
L0004980,652,Branch,39685.37,0,0.0,16268.57,2,15738.64,2021-09-08
L0004981,744,Broker,17212.29,0,0.0,1171.91,4,6836.04,2025-04-20
L0004982,774,Broker,7428.5,0,0.0,390.73,3,387.48,2024-07-09
L0004983,742,Branch,19184.93,0,0.0,1850.57,2,4747.4,2023-12-12
L0004984,514,Broker,17738.87,1,9146.53,-4216.79,3,32480.79,2024-12-11
L0004985,744,Broker,8012.5,0,0.0,655.5,1,9821.96,2024-03-27
L0004986,764,Broker,5983.19,0,0.0,421.82,4,13714.29,2025-02-26
L0004987,845,Branch,18744.66,0,0.0,1627.04,3,2849.29,2022-09-08
L0004988,746,Broker,11136.73,0,0.0,1041.24,2,1225.15,2025-01-13
L0004989,678,Broker,46307.12,1,28813.91,-14198.93,4,7906.2,2022-01-10
L0004990,746,Broker,41810.12,0,0.0,543.36,3,6959.89,2026-02-23
L0004991,576,Branch,37141.78,1,29160.13,-17778.81,4,24255.89,2024-03-15
L0004992,700,Branch,57995.57,0,0.0,14561.59,1,2913.81,2022-02-25
L0004993,643,Broker,54453.96,0,0.0,13264.38,3,13479.73,2023-11-01
L0004994,658,Online,38930.09,1,28089.17,-21949.02,1,26877.66,2024-08-30
L0004995,693,Branch,6763.32,0,0.0,611.48,1,11655.39,2026-02-01
L0004996,638,Online,23180.96,0,0.0,3164.71,2,13229.64,2025-02-05
L0004997,719,Branch,27044.12,0,0.0,1672.6,2,15870.0,2025-02-23
L0004998,760,Branch,54530.95,0,0.0,2774.97,1,4600.14,2023-12-30
L0004999,629,Broker,31970.46,0,0.0,13193.06,3,18200.52,2022-04-25
L0005000,-9999,Branch,36372.48,0,0.0,6225.17,3,14462.01,2024-04-17
L0005001,668,Broker,56574.6,0,0.0,8544.88,4,13576.95,2024-07-14
L0005002,675,Broker,11518.16,0,0.0,1665.65,2,20411.07,2024-08-02
L0005003,677,Online,32422.39,1,11092.69,-4874.78,3,14385.16,2023-10-28
L0005004,781,Online,22169.95,0,0.0,1332.34,1,7950.21,2024-08-23
L0005005,624,Online,13622.94,0,0.0,1196.11,4,10929.58,2025-09-04
L0005006,783,Broker,46779.22,0,0.0,4697.75,3,4123.34,2021-08-09
L0005007,726,Branch,55680.22,0,0.0,3156.62,4,14103.71,2025-02-14
L0005008,778,Branch,45246.53,0,0.0,2248.94,4,3152.54,2024-02-15
L0005009,713,Branch,27798.6,0,0.0,5212.25,1,13932.92,2022-09-04
L0005010,703,Online,34041.78,0,0.0,2228.26,1,20809.6,2025-07-31
L0005011,651,Broker,16668.67,0,0.0,5698.59,3,18172.69,2022-11-27
L0005012,630,Online,36009.2,0,0.0,6301.84,4,22055.88,2024-10-26
L0005013,709,Broker,46799.15,0,0.0,1384.77,4,8433.07,2026-02-11
L0005014,782,Online,31858.03,0,0.0,2283.63,3,12706.19,2023-04-10
L0005015,756,Broker,46534.6,0,0.0,1620.2,1,16881.28,2025-05-27
L0005016,793,Broker,5825.3,0,0.0,1011.68,3,6217.51,2022-11-12
L0005017,636,Branch,28565.53,0,0.0,4624.46,3,14186.67,2024-10-23
L0005018,703,Broker,24904.95,0,0.0,4152.18,4,17212.46,2023-08-30
L0005019,604,Branch,19921.27,0,0.0,9916.65,1,26249.79,2022-03-20
L0005020,752,Online,14335.42,0,0.0,1196.02,4,4282.58,2024-04-04
L0005021,711,Broker,30168.12,1,14028.49,-11758.36,3,14975.14,2025-04-05
L0005022,636,Branch,54172.11,0,0.0,4143.91,4,28311.97,2025-09-10
L0005023,771,Online,54991.84,0,0.0,1762.68,3,4507.58,2025-02-06
L0005024,679,Online,35402.73,1,21497.36,-17442.34,1,18001.44,2024-12-07
L0005025,639,Branch,33143.1,0,0.0,9376.63,2,14244.77,2023-07-13
L0005026,725,Online,31302.58,0,0.0,7819.24,4,14582.75,2022-07-27
L0005027,702,Broker,46607.58,0,0.0,6099.59,4,12099.25,2024-04-29
L0005028,644,Online,8160.18,0,0.0,2575.61,3,11636.55,2023-03-27
L0005029,751,Online,43232.75,0,0.0,5563.28,2,11711.64,2021-08-07
L0005030,824,Branch,23355.1,1,8595.2,-7217.85,2,6417.8,2024-09-13
L0005031,664,Branch,44521.77,0,0.0,7835.82,2,2773.18,2024-03-27
L0005032,733,Branch,36616.88,0,0.0,2017.3,3,12138.32,2024-12-25
L0005033,738,Branch,57457.41,0,0.0,8774.67,4,10761.92,2021-12-06
L0005034,697,Branch,13321.95,0,0.0,2430.97,2,10824.99,2023-11-13
L0005035,653,Broker,56957.15,1,20389.68,2848.9,1,6217.97,2021-09-22
L0005036,588,Branch,57248.42,0,0.0,11009.14,3,23392.09,2024-12-10
L0005037,749,Online,53725.03,0,0.0,6117.29,4,9311.1,2022-07-24
L0005038,739,Online,45478.18,0,0.0,7531.17,4,13560.31,2023-06-16
L0005039,713,Online,42649.25,0,0.0,10917.0,3,9995.27,2022-09-05
L0005040,716,Broker,22692.58,0,0.0,3756.11,1,11057.87,2023-02-27
L0005041,734,Broker,47339.86,0,0.0,7582.12,1,10466.49,2022-02-01
L0005042,853,Online,37984.25,0,0.0,3639.75,1,0.0,2021-12-10
L0005043,843,Online,21199.18,0,0.0,586.93,1,3759.07,2025-07-17
L0005044,647,Branch,57683.85,0,0.0,16678.36,3,6239.4,2023-03-23
L0005045,792,Branch,13880.83,0,0.0,955.37,2,3545.88,2024-08-29
L0005046,703,Branch,5047.88,0,0.0,628.18,1,19502.35,2024-12-04
L0005047,660,Online,20398.99,0,0.0,7365.52,1,11008.34,2022-04-07
L0005048,752,Branch,50121.69,0,0.0,5025.31,3,11146.11,2022-09-13
L0005049,768,Broker,27674.87,0,0.0,3144.85,1,9924.75,2021-08-28
L0005050,-9999,Branch,51182.94,0,0.0,3372.96,1,15003.83,2025-02-05
L0005051,684,Broker,25233.56,0,0.0,6675.15,2,12706.35,2022-07-31
L0005052,680,Online,13564.29,0,0.0,5657.82,1,28862.24,2022-03-02
L0005053,581,Online,56677.62,0,0.0,5756.49,4,18916.1,2025-09-13
L0005054,758,Online,47433.17,0,0.0,2912.05,4,10850.55,2023-09-09
L0005055,674,Broker,57728.34,0,0.0,13480.09,1,11728.25,2023-04-18
L0005056,684,Online,19207.03,0,0.0,7518.56,1,24500.92,2022-02-06
L0005057,762,Branch,10098.37,1,5149.01,-4134.75,2,6671.14,2021-12-17
L0005058,625,Branch,30495.69,0,0.0,1741.92,3,23794.05,2026-01-13
L0005059,733,Broker,35589.96,0,0.0,5575.5,1,9105.71,2022-05-21
L0005060,637,Broker,19992.47,0,0.0,2263.61,3,24398.32,2025-06-05
L0005061,595,Branch,53472.47,1,39519.75,-13549.27,1,13675.55,2022-06-19
L0005062,606,Online,8330.62,0,0.0,2103.18,2,22945.1,2024-06-18
L0005063,751,Broker,23439.3,0,0.0,808.31,2,15552.39,2026-01-07
L0005064,716,Broker,31970.41,0,0.0,5807.6,2,2147.82,2022-08-21
L0005065,690,Online,49095.44,0,0.0,9004.85,3,10900.95,2024-04-17
L0005066,837,Broker,32990.39,0,0.0,3491.58,1,2970.98,2022-01-03
L0005067,688,Branch,36666.88,0,0.0,10766.11,2,26521.68,2021-11-27
L0005068,738,Online,18400.89,1,11858.03,-7664.16,3,10760.63,2022-09-19
L0005069,710,Branch,6630.15,0,0.0,1369.9,4,10991.03,2022-12-04
L0005070,600,Branch,27431.28,0,0.0,6948.73,1,23996.47,2024-04-23
L0005071,677,Branch,44673.55,0,0.0,12080.42,2,14019.85,2022-09-30
L0005072,694,Broker,41039.55,1,17713.16,-5509.65,4,22023.74,2021-07-06
L0005073,614,Branch,36486.21,0,0.0,6424.17,1,21984.07,2024-11-02
L0005074,712,Broker,44956.19,0,0.0,5342.9,3,10735.76,2024-01-23
L0005075,698,Branch,42594.83,1,15119.41,-4878.12,2,6728.01,2022-04-28
L0005076,739,Branch,50429.69,0,0.0,1765.82,4,4753.72,2025-09-20
L0005077,720,Branch,40931.63,0,0.0,9018.41,3,13065.6,2021-09-28
L0005078,708,Broker,15932.39,0,0.0,501.04,4,2186.45,2025-11-08
L0005079,741,Broker,15059.55,0,0.0,742.53,2,3965.1,2025-04-25
L0005080,731,Branch,21327.43,1,6423.9,-4837.12,3,8001.05,2024-10-01
L0005081,622,Broker,57740.26,0,0.0,4937.23,3,20371.95,2025-09-13
L0005082,735,Branch,32963.59,0,0.0,709.29,2,9793.64,2026-02-23
L0005083,673,Online,7284.35,0,0.0,1981.55,3,18259.2,2022-09-01
L0005084,753,Branch,13128.26,0,0.0,320.55,3,10680.95,2025-12-05
L0005085,666,Online,43299.44,0,0.0,1127.25,1,17712.93,2026-02-17
L0005086,662,Branch,43672.54,0,0.0,15440.19,3,7069.06,2022-01-14
L0005087,664,Online,19206.5,0,0.0,3113.22,2,19326.47,2024-06-14
L0005088,661,Broker,43127.91,0,0.0,1852.72,2,17318.12,2026-01-13
L0005089,739,Branch,42473.53,0,0.0,4805.77,2,7565.93,2023-04-23
L0005090,752,Online,41353.03,0,0.0,3290.19,4,7479.26,2023-04-12
L0005091,662,Branch,16260.23,0,0.0,2999.1,1,9230.27,2024-03-10
L0005092,720,Branch,35860.23,0,0.0,3814.08,3,17077.76,2024-05-28
L0005093,611,Broker,12072.79,0,0.0,813.44,2,6359.82,2025-11-16
L0005094,627,Branch,44010.28,0,0.0,3831.17,1,22563.37,2025-08-29
L0005095,723,Branch,10105.37,0,0.0,1039.42,3,13916.45,2025-02-10
L0005096,753,Broker,24780.87,0,0.0,848.15,3,8516.65,2025-06-25
L0005097,706,Branch,11409.83,0,0.0,1906.08,1,19350.14,2023-06-07
L0005098,744,Broker,26690.45,0,0.0,2269.54,3,14195.62,2023-09-02
L0005099,630,Branch,26072.46,0,0.0,2551.63,4,14689.91,2025-08-01
L0005100,-9999,Branch,56169.06,0,0.0,10852.34,2,5545.77,2022-12-07
L0005101,651,Online,34100.83,0,0.0,13534.6,4,17559.17,2021-12-24
L0005102,754,Branch,24214.5,0,0.0,2563.3,4,8812.49,2022-09-25
L0005103,666,Broker,25109.91,0,0.0,2740.76,4,18536.66,2025-03-04
L0005104,655,Broker,29590.03,0,0.0,3487.06,4,9870.03,2025-01-07
L0005105,650,Branch,11448.04,0,0.0,5148.48,1,34058.19,2021-08-29
L0005106,717,Branch,58266.81,0,0.0,13663.18,3,5233.55,2021-07-21
L0005107,680,Branch,42506.62,0,0.0,8444.74,3,8987.94,2023-09-19
L0005108,600,Online,11144.9,0,0.0,6734.46,3,22579.48,2021-08-31
L0005109,670,Online,56139.24,0,0.0,2140.54,4,22362.15,2025-12-02
L0005110,620,Online,22117.36,0,0.0,11528.05,2,23487.65,2021-08-08
L0005111,736,Broker,54729.8,0,0.0,4826.65,4,6566.65,2024-03-29
L0005112,703,Broker,48686.52,0,0.0,963.22,3,9629.24,2026-03-24
L0005113,739,Branch,17430.64,0,0.0,1023.05,2,17089.66,2024-12-11
L0005114,732,Online,32968.43,0,0.0,7850.22,2,2319.47,2022-06-28
L0005115,678,Branch,24786.16,0,0.0,2718.62,1,3153.2,2025-02-19
L0005116,763,Branch,5894.61,0,0.0,1119.02,2,4430.69,2021-12-21
L0005117,734,Branch,44326.01,0,0.0,2431.52,1,7444.09,2025-01-25
L0005118,640,Online,22218.69,0,0.0,906.14,1,16019.44,2026-02-03
L0005119,702,Online,55228.35,1,35344.69,-18888.82,1,25527.99,2022-07-19
L0005120,632,Broker,8123.61,0,0.0,752.75,1,8624.82,2025-11-28
L0005121,717,Broker,36065.87,0,0.0,3036.22,2,11318.63,2024-11-29
L0005122,675,Online,43673.16,0,0.0,9545.98,2,15037.62,2023-06-20
L0005123,666,Broker,21918.03,0,0.0,7138.1,3,17585.78,2022-07-24
L0005124,703,Online,34072.24,0,0.0,6610.87,3,6295.51,2023-12-07
L0005125,644,Branch,51532.87,1,24125.96,-10947.96,3,20473.11,2023-08-09
L0005126,670,Online,55075.39,0,0.0,19666.49,3,8296.82,2021-09-23
L0005127,785,Broker,41192.76,0,0.0,2514.31,2,9417.46,2023-06-07
L0005128,759,Online,37653.81,0,0.0,2375.92,3,11515.5,2023-08-22
L0005129,725,Branch,33255.29,0,0.0,1251.61,3,6370.54,2025-11-22
L0005130,707,Broker,46687.44,0,0.0,10153.07,1,4716.05,2022-05-02
L0005131,696,Online,32791.13,0,0.0,739.54,2,11896.87,2026-03-06
L0005132,587,Branch,34771.42,0,0.0,18162.27,1,14539.67,2022-05-10
L0005133,552,Broker,48452.66,0,0.0,24265.49,3,14643.71,2023-01-29
L0005134,708,Broker,55786.42,0,0.0,9390.97,2,7008.43,2023-04-22
L0005135,749,Branch,29916.35,0,0.0,4088.69,4,6106.45,2021-06-30
L0005136,688,Broker,10760.0,0,0.0,1909.09,4,8001.1,2024-06-24
L0005137,722,Branch,46154.61,0,0.0,6432.76,4,13763.88,2023-05-08
L0005138,765,Branch,45358.49,0,0.0,376.15,3,5832.41,2026-02-08
L0005139,635,Online,37820.4,0,0.0,18140.69,2,7551.67,2021-07-01
L0005140,640,Online,28771.7,0,0.0,5011.62,3,16717.32,2024-09-01
L0005141,728,Broker,31489.34,0,0.0,2596.1,4,5487.79,2024-05-05
L0005142,675,Online,11982.07,0,0.0,2954.64,4,14736.44,2023-02-26
L0005143,650,Online,16373.14,0,0.0,3740.68,3,14774.07,2024-02-03
L0005144,650,Broker,36645.89,0,0.0,3874.99,2,14310.58,2025-05-21
L0005145,752,Branch,41510.03,0,0.0,2222.28,4,15461.06,2024-08-24
L0005146,623,Broker,41462.1,0,0.0,11469.06,3,15582.92,2023-11-13
L0005147,709,Branch,15909.47,1,10836.27,-9082.12,3,2700.61,2024-09-23
L0005148,746,Branch,47216.44,0,0.0,2330.69,1,8713.62,2025-01-30
L0005149,686,Online,20897.26,0,0.0,4181.84,3,10526.43,2024-02-09
L0005150,-9999,Online,59224.7,0,0.0,6364.45,1,9000.33,2024-12-22
L0005151,812,Broker,21028.6,0,0.0,1241.99,4,6445.44,2023-11-07
L0005152,737,Broker,17717.79,0,0.0,2416.05,3,15413.66,2023-01-03
L0005153,642,Branch,37504.83,0,0.0,17316.01,1,4943.76,2021-07-02
L0005154,768,Branch,26089.05,0,0.0,1603.54,3,7255.82,2023-10-31
L0005155,774,Branch,41492.13,0,0.0,1792.23,1,2738.54,2024-07-25
L0005156,659,Branch,40895.57,0,0.0,8228.34,3,25932.65,2024-01-02
L0005157,622,Broker,56491.04,0,0.0,16528.72,3,14930.27,2023-09-04
L0005158,716,Branch,30742.06,0,0.0,3958.46,1,14647.03,2023-09-15
L0005159,685,Broker,42719.64,0,0.0,7338.68,2,20405.5,2023-12-29
L0005160,686,Broker,28020.68,0,0.0,4751.74,3,15327.69,2024-02-12
L0005161,652,Broker,46627.61,0,0.0,6817.24,2,10811.88,2024-11-09
L0005162,680,Broker,25210.32,0,0.0,6410.59,1,6997.97,2022-12-26
L0005163,610,Online,21074.1,1,10048.38,-2048.59,3,25335.2,2023-03-05
L0005164,707,Broker,21752.21,0,0.0,726.12,2,5496.49,2025-11-26
L0005165,696,Broker,14440.36,0,0.0,4259.0,2,15114.86,2021-07-01
L0005166,714,Online,5952.89,0,0.0,239.43,3,19409.86,2025-12-28
L0005167,754,Online,17941.65,0,0.0,1774.08,4,11569.63,2023-06-11
L0005168,685,Broker,18854.57,0,0.0,4328.17,3,14555.25,2022-12-06
L0005169,679,Broker,38979.67,0,0.0,11691.4,4,13756.63,2022-02-07
L0005170,633,Online,53959.04,0,0.0,17545.0,4,11130.54,2023-02-25
L0005171,666,Branch,22043.04,0,0.0,7171.84,1,12236.83,2022-05-12
L0005172,731,Online,9740.67,0,0.0,2583.79,3,6127.43,2022-04-23
L0005173,627,Online,6351.82,0,0.0,2240.98,1,0.0,2023-08-10
L0005174,690,Branch,51884.51,0,0.0,13068.95,2,2137.28,2022-06-12
L0005175,742,Online,11438.6,0,0.0,2150.45,3,7887.18,2021-10-21
L0005176,640,Online,19290.09,0,0.0,9113.23,3,13781.95,2021-08-19
L0005177,664,Online,51839.07,0,0.0,15052.78,2,13442.04,2022-10-28
L0005178,562,Broker,31903.68,0,0.0,14619.11,3,17509.29,2023-03-22
L0005179,721,Branch,41553.41,0,0.0,1920.95,2,17485.28,2025-08-04
L0005180,716,Online,22405.24,0,0.0,4449.23,3,7766.25,2023-07-02
L0005181,686,Branch,11144.97,0,0.0,3635.64,1,9975.74,2021-11-13
L0005182,598,Branch,49296.01,1,17061.6,8088.25,2,19956.49,2022-03-29
L0005183,788,Broker,23048.73,0,0.0,1898.26,4,2724.41,2022-12-09
L0005184,602,Broker,58010.62,0,0.0,24400.7,4,14610.09,2022-11-28
L0005185,669,Broker,39183.32,0,0.0,12657.24,4,13438.81,2022-03-26
L0005186,685,Branch,48940.51,0,0.0,9418.49,2,7288.86,2023-08-06
L0005187,630,Broker,35793.73,0,0.0,7743.79,2,10565.02,2024-04-19
L0005188,748,Branch,47555.24,0,0.0,3516.91,2,13097.7,2024-01-05
L0005189,717,Broker,24225.47,0,0.0,5399.01,1,9234.31,2021-10-20
L0005190,581,Online,43010.03,0,0.0,13307.17,2,34407.86,2024-01-28
L0005191,740,Broker,20964.06,0,0.0,553.75,3,8659.84,2025-10-09
L0005192,765,Branch,43136.05,0,0.0,453.94,3,11983.39,2026-01-20
L0005193,720,Branch,24942.24,0,0.0,1146.89,4,11898.53,2025-11-28
L0005194,692,Branch,13821.78,0,0.0,3919.77,4,12783.84,2022-01-21
L0005195,683,Online,13553.37,0,0.0,1036.49,4,9966.49,2026-01-27
L0005196,688,Branch,45016.47,0,0.0,13448.04,1,14197.38,2021-11-29
L0005197,771,Online,47259.55,0,0.0,2321.71,3,11213.08,2024-05-31
L0005198,755,Broker,37452.19,0,0.0,797.4,1,14668.94,2025-07-09
L0005199,670,Branch,41926.57,0,0.0,9779.5,4,12116.35,2023-06-21
L0005200,-9999,Broker,22402.3,0,0.0,1786.83,4,6853.34,2023-04-09
L0005201,629,Broker,54390.94,0,0.0,9846.02,1,18967.81,2024-09-24
L0005202,686,Online,17520.09,0,0.0,4205.28,4,16761.54,2023-09-26
L0005203,692,Broker,8998.71,0,0.0,1797.62,1,12454.12,2024-01-19
L0005204,666,Branch,32783.3,0,0.0,8664.06,1,23923.31,2023-02-04
L0005205,745,Branch,13928.92,0,0.0,1688.35,3,15876.88,2022-06-09
L0005206,824,Online,11149.58,0,0.0,1111.81,2,5415.91,2021-12-07
L0005207,588,Online,50934.81,0,0.0,21969.34,4,18765.05,2022-12-20
L0005208,699,Broker,40724.16,0,0.0,7455.27,2,15791.45,2023-05-04
L0005209,721,Broker,12853.12,0,0.0,2826.99,3,19121.15,2022-02-06
L0005210,738,Branch,44057.92,0,0.0,4652.26,4,8379.02,2023-05-06
L0005211,734,Branch,15251.21,0,0.0,2554.83,3,14412.65,2022-01-17
L0005212,693,Online,9047.04,0,0.0,3489.76,2,15849.76,2021-11-20
L0005213,755,Branch,43662.76,0,0.0,5345.42,4,12352.35,2021-08-29
L0005214,724,Broker,28147.25,0,0.0,4199.85,4,10167.19,2023-03-30
L0005215,703,Broker,32797.08,0,0.0,6560.79,3,13478.41,2022-10-11
L0005216,668,Online,41422.98,1,13755.3,-4141.06,2,15025.58,2023-07-13
L0005217,641,Online,16614.47,0,0.0,4104.3,3,19835.11,2023-11-26
L0005218,778,Branch,29388.28,0,0.0,1086.63,4,5135.21,2025-06-07
L0005219,652,Broker,14447.07,0,0.0,805.91,1,9525.74,2025-12-04
L0005220,718,Branch,52412.54,0,0.0,3021.95,3,16205.58,2025-03-13
L0005221,693,Online,46078.67,0,0.0,5261.69,1,21442.66,2025-01-22
L0005222,714,Online,11899.63,0,0.0,4264.52,1,12305.64,2021-07-24
L0005223,667,Branch,36080.92,0,0.0,5052.74,2,19140.07,2024-10-27
L0005224,667,Broker,17941.07,0,0.0,431.73,2,15421.73,2026-03-29
L0005225,711,Online,17784.32,0,0.0,6039.6,2,10019.39,2021-11-14
L0005226,720,Branch,43860.49,0,0.0,2199.84,3,7501.47,2025-06-04
L0005227,678,Online,48154.62,0,0.0,11363.67,3,5682.5,2023-03-01
L0005228,658,Broker,18530.34,0,0.0,1032.82,4,10868.04,2026-01-09
L0005229,587,Broker,8224.8,1,6534.92,-1319.63,2,18137.68,2021-07-30
L0005230,750,Broker,25347.8,0,0.0,3311.96,3,10698.21,2021-11-12
L0005231,849,Broker,43866.45,0,0.0,3817.27,4,2605.98,2022-08-14
L0005232,695,Broker,24768.36,0,0.0,3619.55,2,11233.75,2024-04-23
L0005233,733,Branch,8229.48,0,0.0,1060.96,3,11838.02,2023-01-30
L0005234,653,Branch,38879.09,0,0.0,1560.05,3,11763.6,2026-01-22
L0005235,583,Online,32116.58,0,0.0,10260.22,4,10002.83,2023-12-14
L0005236,646,Branch,9802.89,1,6326.31,-2917.53,3,24900.47,2022-08-02
L0005237,701,Branch,8012.44,0,0.0,1750.47,3,17427.42,2023-03-05
L0005238,803,Online,56518.08,0,0.0,882.32,1,5289.6,2026-02-10
L0005239,651,Online,40193.33,0,0.0,6592.39,3,13793.64,2024-07-22
L0005240,761,Online,39677.03,0,0.0,2865.14,2,12508.7,2022-11-18
L0005241,738,Branch,55263.64,0,0.0,9158.61,3,15102.36,2021-10-26
L0005242,672,Branch,32967.65,1,19527.86,-9103.41,3,10995.66,2022-02-07
L0005243,744,Branch,31541.45,0,0.0,3883.14,3,7710.18,2022-08-01
L0005244,767,Branch,26319.49,0,0.0,2712.4,4,8331.0,2021-12-18
L0005245,632,Broker,55681.19,0,0.0,8710.12,3,10769.1,2024-11-17
L0005246,691,Branch,30488.5,0,0.0,3284.31,1,10962.4,2024-10-28
L0005247,716,Online,28106.71,0,0.0,4321.98,4,13203.08,2024-03-15
L0005248,810,Broker,22436.7,0,0.0,1940.17,2,7109.53,2022-04-13
L0005249,761,Branch,21667.73,0,0.0,1683.23,1,9233.49,2023-12-08
L0005250,-9999,Broker,16400.11,0,0.0,2018.57,4,7400.45,2021-08-29
L0005251,725,Online,38378.45,0,0.0,11240.92,1,11980.8,2021-11-26
L0005252,685,Branch,15760.11,0,0.0,1250.03,4,12241.32,2025-10-05
L0005253,710,Broker,57515.0,0,0.0,11111.87,3,20321.55,2022-08-31
L0005254,630,Broker,14417.34,0,0.0,5012.74,2,14743.0,2023-04-01
L0005255,718,Online,49988.6,0,0.0,8508.7,2,11756.22,2023-10-31
L0005256,693,Branch,49722.08,0,0.0,1298.72,4,11796.26,2026-03-27
L0005257,736,Online,24779.52,0,0.0,3625.92,1,13211.31,2023-11-16
L0005258,634,Branch,31626.36,0,0.0,1181.43,3,22180.72,2026-03-28
L0005259,769,Online,56689.58,0,0.0,3663.32,1,10714.67,2023-06-10
L0005260,669,Online,46848.67,0,0.0,1300.55,4,15822.57,2026-03-12
L0005261,690,Broker,41623.82,0,0.0,12208.99,2,12122.21,2021-12-06
L0005262,712,Online,21711.88,0,0.0,6599.71,4,13051.65,2022-05-05
L0005263,644,Branch,23122.32,0,0.0,7449.3,4,16115.23,2022-11-25
L0005264,718,Broker,49952.43,0,0.0,8261.55,4,3370.88,2022-12-03
L0005265,712,Broker,31883.12,0,0.0,5416.93,4,28112.31,2023-02-02
L0005266,711,Online,6017.32,0,0.0,2290.33,1,16028.37,2021-11-23
L0005267,769,Branch,20760.83,0,0.0,2115.81,4,6735.24,2022-05-20
L0005268,748,Broker,38463.81,0,0.0,4146.26,2,8423.51,2022-12-03
L0005269,748,Branch,21339.13,0,0.0,689.2,4,8405.92,2025-11-17
L0005270,700,Broker,28609.85,0,0.0,7261.98,2,5663.17,2022-02-01
L0005271,711,Broker,49082.94,0,0.0,5603.17,3,16342.13,2024-05-22
L0005272,721,Online,9059.52,0,0.0,2563.72,4,23947.55,2022-03-21
L0005273,679,Broker,13306.73,0,0.0,1208.58,3,18820.88,2025-06-26
L0005274,684,Branch,43940.55,0,0.0,3063.57,2,4402.35,2025-06-05
L0005275,645,Branch,54123.55,1,26232.61,-12251.87,4,23109.78,2023-08-27
L0005276,668,Branch,13000.65,0,0.0,955.42,4,10668.03,2025-08-09
L0005277,638,Online,36876.72,0,0.0,6695.51,2,10615.98,2024-07-04
L0005278,666,Branch,19083.44,1,5750.62,-2964.68,1,16835.74,2024-11-23
L0005279,640,Online,6062.03,0,0.0,1478.24,1,15295.11,2024-09-09
L0005280,757,Online,44579.62,0,0.0,1705.39,4,5285.06,2025-04-18
L0005281,672,Online,55805.38,0,0.0,9391.08,2,5460.29,2024-03-10
L0005282,667,Broker,34702.97,0,0.0,1064.54,1,18089.12,2026-03-01
L0005283,784,Branch,55354.22,0,0.0,4758.03,4,9314.34,2022-07-18
L0005284,700,Branch,56097.51,0,0.0,13566.57,4,7062.32,2022-03-26
L0005285,760,Branch,18591.03,0,0.0,2122.74,2,3871.99,2021-09-02
L0005286,684,Online,43188.52,0,0.0,10757.47,1,2769.37,2023-08-01
L0005287,765,Broker,25220.79,0,0.0,671.22,3,8587.55,2025-12-03
L0005288,756,Branch,27731.45,0,0.0,1450.81,3,17145.61,2024-03-29
L0005289,691,Branch,19770.13,0,0.0,933.66,3,17815.44,2026-02-22
L0005290,659,Branch,54825.77,0,0.0,16562.15,2,21492.8,2022-10-15
L0005291,714,Online,47740.25,0,0.0,7710.57,1,10071.77,2024-03-07
L0005292,814,Branch,5118.51,0,0.0,814.12,2,2135.21,2022-10-17
L0005293,729,Online,56580.34,0,0.0,11221.03,3,5409.02,2023-02-17
L0005294,793,Branch,19763.68,0,0.0,1494.3,2,8592.29,2023-10-13
L0005295,675,Branch,14044.95,0,0.0,4322.25,2,7680.79,2022-07-22
L0005296,674,Branch,16807.56,0,0.0,3063.72,1,2920.65,2024-05-21
L0005297,747,Broker,26230.4,0,0.0,1319.82,2,8793.0,2024-10-18
L0005298,728,Broker,16163.54,0,0.0,3421.13,4,8365.36,2021-07-03
L0005299,623,Branch,33696.34,0,0.0,17194.43,1,13344.19,2021-07-06
L0005300,-9999,Online,27612.54,0,0.0,4824.48,3,19906.13,2024-04-06
L0005301,652,Branch,25530.81,0,0.0,9810.12,2,16142.18,2022-02-02
L0005302,555,Broker,21154.2,1,13414.06,-1185.73,1,39790.04,2022-06-09
L0005303,621,Broker,56430.25,1,40245.11,-35128.91,2,14033.75,2025-08-24
L0005304,666,Online,45719.65,0,0.0,16019.59,3,13118.41,2021-12-15
L0005305,715,Branch,55963.03,0,0.0,3432.63,4,11189.47,2025-03-05
L0005306,727,Branch,27483.19,0,0.0,3019.41,4,9334.13,2023-09-25
L0005307,561,Online,46972.42,0,0.0,32502.09,4,30400.76,2021-07-07
L0005308,670,Online,41387.96,1,22833.62,-14148.25,4,0.0,2023-09-27
L0005309,640,Branch,46510.07,0,0.0,2622.44,1,28664.31,2025-11-06
L0005310,789,Online,53203.58,0,0.0,2116.67,4,4369.85,2024-12-26
L0005311,647,Broker,29938.94,0,0.0,12326.98,4,3877.72,2021-10-07
L0005312,663,Online,50123.1,0,0.0,19034.08,3,14532.79,2021-08-01
L0005313,667,Branch,14188.42,0,0.0,1652.38,4,14392.28,2025-01-12
L0005314,681,Broker,19052.09,0,0.0,4885.46,4,13061.67,2022-09-14
L0005315,648,Broker,54842.46,0,0.0,10388.93,2,16914.66,2024-04-18
L0005316,718,Branch,28212.75,0,0.0,1652.16,3,15817.69,2025-07-31
L0005317,636,Online,59810.09,0,0.0,11522.28,1,4746.72,2024-06-01
L0005318,615,Branch,32076.9,0,0.0,10239.4,3,12669.52,2023-08-21
L0005319,685,Broker,26704.14,0,0.0,8840.69,2,17956.13,2021-07-30
L0005320,621,Branch,36081.04,0,0.0,12883.84,1,19749.38,2023-02-18
L0005321,632,Branch,53219.29,0,0.0,12957.32,1,19881.32,2024-01-06
L0005322,636,Online,52858.5,0,0.0,1319.72,1,21005.01,2026-03-22
L0005323,855,Online,27907.34,1,11667.13,-10291.08,3,2941.44,2024-12-28
L0005324,703,Branch,54293.9,0,0.0,14308.73,3,17728.98,2021-10-08
L0005325,649,Broker,12610.95,0,0.0,5095.92,2,6223.59,2022-02-25
L0005326,773,Online,32011.6,0,0.0,3279.43,4,6005.98,2022-01-03
L0005327,779,Branch,28860.03,0,0.0,2315.89,4,5643.42,2022-07-14
L0005328,827,Online,21201.92,0,0.0,1110.31,2,1988.26,2024-08-23
L0005329,722,Broker,29184.51,0,0.0,2264.62,3,12136.87,2025-02-18
L0005330,718,Online,31827.9,0,0.0,3080.64,4,17831.66,2025-03-15
L0005331,732,Online,13832.97,0,0.0,2976.77,4,17181.7,2023-04-03
L0005332,694,Online,40058.16,0,0.0,8550.83,1,20096.98,2023-12-17
L0005333,668,Broker,48469.24,0,0.0,12993.44,3,7413.01,2023-01-08
L0005334,624,Branch,53314.5,0,0.0,17776.37,1,24591.12,2023-03-08
L0005335,654,Branch,14901.85,0,0.0,5369.05,1,19902.57,2022-03-06
L0005336,609,Broker,12833.93,1,3867.63,-457.71,3,14519.44,2024-02-28
L0005337,653,Online,34605.9,0,0.0,12179.14,1,10208.13,2022-06-09
L0005338,668,Branch,36731.11,0,0.0,1850.96,1,19874.87,2025-12-18
L0005339,778,Branch,21600.87,0,0.0,808.54,4,10813.92,2025-11-15
L0005340,688,Branch,32548.42,0,0.0,6518.12,3,13936.01,2023-05-15
L0005341,745,Branch,11248.68,0,0.0,1104.0,4,12412.09,2023-12-25
L0005342,653,Broker,58873.26,0,0.0,21067.28,4,17009.51,2022-04-05
L0005343,766,Online,34841.66,0,0.0,2338.3,3,7925.42,2023-10-29
L0005344,755,Online,7413.73,0,0.0,655.89,2,11200.74,2023-08-10
L0005345,643,Branch,29190.77,0,0.0,3929.28,3,16151.47,2025-02-14
L0005346,686,Broker,51574.17,0,0.0,12282.69,2,13516.06,2022-11-26
L0005347,814,Broker,28927.34,0,0.0,3141.13,1,3961.45,2021-08-12
L0005348,656,Online,59874.83,0,0.0,13214.29,4,20067.91,2023-11-04
L0005349,824,Branch,39381.01,0,0.0,4052.85,2,2046.97,2021-07-20
L0005350,-9999,Branch,22651.3,0,0.0,5164.57,4,8063.48,2023-03-29
L0005351,708,Broker,35289.35,0,0.0,3754.94,1,17593.98,2024-08-16
L0005352,681,Broker,10259.93,0,0.0,2320.09,2,5309.33,2023-05-05
L0005353,682,Online,28859.48,0,0.0,4696.21,4,15026.4,2024-08-21
L0005354,707,Broker,55426.2,0,0.0,6498.9,4,12577.18,2024-04-16
L0005355,713,Branch,25417.85,0,0.0,4181.18,3,4926.72,2023-05-09
L0005356,708,Online,30250.15,0,0.0,1352.41,2,6447.7,2025-11-22
L0005357,729,Online,23626.85,0,0.0,6618.78,1,11991.3,2021-12-11
L0005358,733,Online,16809.29,0,0.0,2048.82,2,9110.72,2024-06-18
L0005359,712,Online,10298.75,0,0.0,3783.97,3,16560.92,2021-07-01
L0005360,639,Broker,16601.46,0,0.0,893.52,2,8135.95,2026-01-11
L0005361,716,Broker,18570.99,0,0.0,3116.13,1,10398.92,2022-11-25
L0005362,673,Online,10732.57,0,0.0,1328.48,3,11999.05,2025-01-04
L0005363,662,Online,51531.36,0,0.0,12556.03,4,14790.2,2023-05-02
L0005364,681,Broker,30634.99,0,0.0,6585.43,4,12647.56,2023-04-02
L0005365,676,Branch,50276.13,0,0.0,13248.99,2,7025.15,2022-10-12
L0005366,557,Broker,7669.88,1,4151.37,-1790.58,4,25521.63,2024-09-20
L0005367,623,Branch,5662.56,0,0.0,329.3,3,12786.26,2026-02-22
L0005368,608,Broker,6963.14,1,5015.35,-1368.19,4,24955.49,2022-03-26
L0005369,788,Online,27477.45,0,0.0,622.04,2,1994.0,2025-08-30
L0005370,685,Broker,52420.17,0,0.0,8508.74,2,10623.86,2024-02-19
L0005371,714,Branch,15788.88,0,0.0,1680.8,2,20292.18,2024-12-01
L0005372,721,Online,14903.26,0,0.0,3788.33,2,6994.71,2022-12-17
L0005373,800,Online,49429.04,0,0.0,4450.41,2,2082.1,2022-03-22
L0005374,731,Branch,55542.46,0,0.0,7552.83,4,10924.34,2022-12-14
L0005375,679,Online,25333.44,0,0.0,3488.63,3,13378.99,2024-09-29
L0005376,632,Branch,11273.75,0,0.0,4382.86,1,11799.62,2022-09-07
L0005377,680,Online,20361.87,0,0.0,8049.54,1,18070.57,2022-04-17
L0005378,632,Online,53233.78,0,0.0,4869.41,2,15352.72,2025-07-21
L0005379,696,Branch,37758.92,0,0.0,2729.9,4,16020.9,2025-06-01
L0005380,748,Broker,13662.53,0,0.0,1282.98,1,10497.63,2023-08-11
L0005381,733,Broker,13099.96,0,0.0,1275.6,1,18018.97,2024-07-29
L0005382,607,Branch,22350.61,0,0.0,1088.44,4,25559.83,2026-02-27
L0005383,703,Broker,57042.22,0,0.0,5952.83,3,18664.83,2024-08-29
L0005384,859,Online,51218.39,0,0.0,3609.71,4,3104.21,2022-12-02
L0005385,819,Broker,52253.44,0,0.0,664.64,3,5547.58,2025-11-12
L0005386,690,Broker,10226.62,1,6712.4,-3656.8,2,6863.14,2021-11-17
L0005387,721,Broker,48980.19,0,0.0,7717.18,2,8674.32,2022-12-25
L0005388,717,Branch,57458.53,0,0.0,11957.59,4,17679.74,2022-01-04
L0005389,664,Broker,38321.94,0,0.0,14194.48,1,15067.66,2021-10-17
L0005390,730,Broker,48487.13,0,0.0,5598.67,4,16354.38,2023-08-10
L0005391,734,Broker,34934.89,0,0.0,5967.82,1,9270.51,2021-11-01
L0005392,702,Online,23250.45,0,0.0,2335.59,4,7243.04,2025-03-04
L0005393,698,Branch,18205.02,0,0.0,3271.17,3,7302.52,2023-11-21
L0005394,706,Broker,6672.87,0,0.0,961.81,3,12621.94,2023-10-03
L0005395,730,Broker,52587.46,0,0.0,8968.86,1,13155.67,2022-02-20
L0005396,673,Online,39484.89,1,22460.77,-8259.12,1,11114.19,2021-08-17
L0005397,599,Broker,44515.6,1,28799.72,-11805.31,4,18288.55,2023-03-26
L0005398,763,Branch,50377.28,0,0.0,4913.05,4,8026.96,2021-09-25
L0005399,759,Online,50698.59,0,0.0,2925.46,1,13229.58,2024-03-30
L0005400,-9999,Broker,40485.02,0,0.0,15194.02,2,14353.78,2021-10-21
L0005401,671,Branch,34307.45,0,0.0,890.08,1,11950.24,2026-03-24
L0005402,722,Online,5621.7,0,0.0,1302.78,1,7994.28,2024-01-19
L0005403,644,Broker,47304.16,0,0.0,17863.73,4,9555.83,2022-04-26
L0005404,712,Broker,48342.03,0,0.0,4998.97,4,17250.99,2024-07-10
L0005405,767,Branch,49733.76,0,0.0,2353.57,2,4518.71,2024-07-25
L0005406,615,Branch,22499.49,0,0.0,9848.61,4,4030.91,2022-06-11
L0005407,697,Broker,24504.93,0,0.0,3461.83,2,11298.72,2024-03-02
L0005408,642,Online,18570.88,0,0.0,1591.01,2,19754.68,2025-08-25
L0005409,754,Broker,43300.08,0,0.0,5332.98,1,9162.68,2021-08-17
L0005410,762,Branch,32750.2,0,0.0,963.23,2,2418.69,2025-04-28
L0005411,802,Online,43390.42,0,0.0,3598.93,1,5583.08,2022-10-12
L0005412,649,Online,12904.05,0,0.0,4409.52,1,4061.36,2022-10-30
L0005413,758,Branch,51847.4,0,0.0,1566.09,4,12928.89,2025-04-11
L0005414,597,Broker,5461.78,0,0.0,1028.44,1,12621.92,2025-02-11
L0005415,687,Branch,41447.78,0,0.0,4723.29,3,4619.75,2024-09-01
L0005416,660,Broker,30871.08,0,0.0,11801.4,2,14504.15,2021-11-22
L0005417,782,Branch,25677.19,0,0.0,2136.65,3,5108.26,2022-10-20
L0005418,713,Branch,40278.76,0,0.0,9924.12,3,15082.32,2021-08-03
L0005419,657,Broker,18301.36,0,0.0,7239.59,3,14457.29,2021-11-17
L0005420,763,Branch,49444.77,1,28154.17,-26540.73,3,5329.41,2025-03-26
L0005421,740,Online,39094.91,0,0.0,6204.21,3,11601.28,2021-08-17
L0005422,853,Branch,18878.66,0,0.0,1669.48,3,0.0,2022-06-23
L0005423,731,Online,28811.27,0,0.0,7315.13,2,17870.28,2022-05-16
L0005424,681,Broker,55552.4,0,0.0,5157.96,3,9703.5,2025-03-10
L0005425,659,Branch,29788.09,0,0.0,7720.27,1,4595.89,2023-05-21
L0005426,766,Branch,31320.93,0,0.0,246.66,3,7629.84,2026-03-26
L0005427,765,Branch,32036.46,0,0.0,3145.24,3,6430.24,2021-08-06
L0005428,778,Branch,58409.67,0,0.0,4447.27,2,5200.21,2022-09-07
L0005429,762,Branch,7742.19,0,0.0,552.33,1,4131.22,2026-01-30
L0005430,720,Broker,28145.03,0,0.0,1015.16,2,3937.68,2026-01-10
L0005431,672,Branch,6865.72,0,0.0,2361.63,4,14772.57,2022-11-17
L0005432,662,Online,53694.46,0,0.0,10937.5,3,10909.96,2023-11-13
L0005433,713,Online,15355.66,0,0.0,3329.35,2,5965.64,2023-08-24
L0005434,687,Branch,6063.07,0,0.0,1853.94,2,12301.79,2023-02-14
L0005435,718,Branch,47874.12,0,0.0,6093.82,1,9948.2,2023-10-26
L0005436,654,Broker,42283.45,0,0.0,4396.66,1,7569.17,2025-05-09
L0005437,769,Broker,25566.39,0,0.0,2237.45,2,1385.69,2022-06-11
L0005438,624,Broker,7332.42,0,0.0,1101.18,4,17484.78,2025-03-29
L0005439,698,Broker,24719.33,0,0.0,6695.47,3,18914.22,2021-11-03
L0005440,634,Online,32411.31,0,0.0,1024.83,2,25839.08,2026-03-10
L0005441,731,Branch,26886.4,0,0.0,4289.46,1,9502.52,2022-03-28
L0005442,764,Broker,38054.99,0,0.0,3230.24,2,12131.03,2022-11-19
L0005443,584,Broker,5694.14,0,0.0,2590.63,4,1436.67,2023-01-14
L0005444,756,Broker,55230.84,0,0.0,6681.6,2,11280.72,2021-06-30
L0005445,618,Online,9842.93,0,0.0,1407.35,2,20070.56,2025-05-31
L0005446,688,Branch,58015.63,0,0.0,10453.65,4,15219.4,2023-08-31
L0005447,626,Branch,30523.58,0,0.0,4199.54,3,18870.87,2025-02-08
L0005448,616,Broker,45988.88,1,28531.23,-27241.95,1,23310.61,2026-03-11
L0005449,740,Online,47338.36,0,0.0,6649.46,4,1610.29,2022-06-07
L0005450,-9999,Branch,16746.89,0,0.0,962.67,3,13020.95,2024-09-18
L0005451,616,Online,23803.94,0,0.0,3225.09,2,22556.17,2025-04-15
L0005452,675,Broker,40816.05,0,0.0,7595.04,3,19190.13,2023-11-05
L0005453,620,Branch,14787.72,0,0.0,4425.8,2,5549.27,2023-09-09
L0005454,691,Broker,30678.67,0,0.0,5514.88,4,10365.62,2023-09-17
L0005455,751,Online,49616.49,0,0.0,6325.77,2,15907.44,2021-10-04
L0005456,619,Branch,20315.34,0,0.0,7809.76,1,15018.54,2022-10-27
L0005457,720,Broker,32946.39,0,0.0,3076.88,3,8913.04,2024-08-29
L0005458,620,Broker,58737.73,0,0.0,18764.7,1,17550.86,2023-06-26
L0005459,669,Online,5272.32,1,3203.25,-1252.49,4,15436.67,2022-10-13
L0005460,699,Online,21571.85,0,0.0,4779.55,2,7614.82,2023-11-21
L0005461,672,Branch,49130.1,0,0.0,4179.04,4,12776.64,2025-04-08
L0005462,772,Online,53157.54,0,0.0,4177.69,3,9680.04,2022-07-19
L0005463,742,Online,14858.35,0,0.0,2305.19,4,10812.3,2022-06-06
L0005464,649,Online,54596.35,0,0.0,16661.49,4,1060.86,2022-12-19
L0005465,787,Branch,39059.12,0,0.0,3936.76,1,8121.18,2021-08-29
L0005466,764,Branch,57316.06,0,0.0,4366.06,2,4146.82,2023-01-10
L0005467,745,Broker,36568.28,0,0.0,5316.7,1,11076.58,2021-11-21
L0005468,698,Online,24703.21,0,0.0,8446.54,4,13957.15,2022-01-23
L0005469,747,Branch,37906.76,0,0.0,4177.12,4,13779.14,2022-07-01
L0005470,795,Broker,11559.27,0,0.0,779.79,3,8067.91,2023-10-25
L0005471,731,Online,14822.45,1,5316.19,-4096.8,4,9966.37,2025-06-16
L0005472,621,Branch,31473.99,1,24519.05,-10311.6,1,21711.01,2022-02-10
L0005473,721,Online,15670.47,0,0.0,3072.82,4,7049.29,2023-07-22
L0005474,701,Broker,58963.57,0,0.0,14434.1,2,12180.77,2022-01-09
L0005475,736,Branch,52699.58,0,0.0,4903.14,1,13573.81,2023-10-27
L0005476,674,Broker,43956.35,0,0.0,9831.64,1,14917.05,2023-05-24
L0005477,708,Broker,21823.18,0,0.0,366.88,3,14798.11,2026-03-07
L0005478,813,Online,39285.78,0,0.0,1164.49,4,6770.53,2025-03-22
L0005479,727,Broker,7172.32,0,0.0,872.03,1,8314.95,2024-02-01
L0005480,728,Broker,58599.68,0,0.0,6471.56,2,15750.82,2023-09-04
L0005481,738,Broker,34981.56,0,0.0,4702.59,4,8898.53,2022-06-15
L0005482,683,Online,56808.01,0,0.0,12398.83,4,16308.6,2023-12-05
L0005483,656,Online,16199.03,1,11976.03,-5584.19,2,21213.75,2022-01-08
L0005484,769,Broker,52874.71,0,0.0,4121.93,2,7065.58,2022-10-13
L0005485,648,Branch,19069.94,0,0.0,5558.46,4,12487.28,2023-06-30
L0005486,729,Branch,48470.58,0,0.0,4972.07,2,10204.21,2023-12-28
L0005487,642,Online,42574.62,0,0.0,1494.54,4,10992.8,2026-03-30
L0005488,806,Broker,10923.94,0,0.0,1142.42,2,2719.62,2022-03-03
L0005489,615,Branch,36456.97,1,27012.29,-9531.6,1,10325.71,2022-01-23
L0005490,743,Broker,40555.84,0,0.0,2991.49,4,10508.39,2024-03-26
L0005491,752,Branch,51472.37,0,0.0,5761.63,3,11712.62,2022-02-04
L0005492,745,Online,46012.63,0,0.0,2345.65,3,5224.59,2024-09-10
L0005493,730,Branch,44838.72,0,0.0,3618.1,2,3190.08,2024-07-25
L0005494,728,Broker,12641.02,0,0.0,2014.98,2,10779.36,2023-01-16
L0005495,728,Online,49190.07,0,0.0,9723.77,2,10740.99,2023-04-29
L0005496,724,Broker,36240.65,0,0.0,6668.37,4,10688.61,2022-04-05
L0005497,764,Online,24822.74,0,0.0,1519.96,4,1624.93,2024-07-24
L0005498,682,Online,35165.03,0,0.0,12599.39,2,10046.93,2022-05-01
L0005499,716,Online,9888.9,0,0.0,2432.66,4,1876.18,2023-01-20
L0005500,-9999,Branch,41942.67,0,0.0,1941.0,4,14798.74,2025-06-10
L0005501,604,Branch,40392.12,0,0.0,10820.98,2,18940.76,2024-03-01
L0005502,662,Online,41838.97,0,0.0,5004.49,3,20809.04,2024-12-26
L0005503,718,Online,32730.72,0,0.0,10208.09,4,10103.79,2021-10-06
L0005504,679,Online,26375.58,0,0.0,3377.82,1,9124.42,2024-10-30
L0005505,667,Online,25460.37,0,0.0,7676.19,3,20632.28,2022-10-03
L0005506,681,Broker,54263.51,0,0.0,13493.85,2,10969.93,2022-10-23
L0005507,702,Branch,45819.16,0,0.0,1300.66,4,1522.18,2026-02-22
L0005508,613,Online,34524.71,0,0.0,3436.2,2,14533.2,2025-08-17
L0005509,733,Online,57205.73,0,0.0,8150.11,1,6111.94,2024-01-21
L0005510,664,Branch,20560.15,0,0.0,1048.41,1,3271.94,2025-11-25
L0005511,677,Branch,9830.84,0,0.0,3482.41,4,6221.17,2021-12-12
L0005512,676,Online,46231.18,0,0.0,15082.11,4,5096.91,2021-12-14
L0005513,786,Online,57585.74,0,0.0,4502.87,3,7105.81,2022-07-31
L0005514,724,Broker,46217.31,0,0.0,2918.56,2,8707.95,2025-01-09
L0005515,753,Broker,10209.82,0,0.0,240.81,2,5470.86,2025-10-12
L0005516,719,Broker,8159.2,0,0.0,456.96,4,6401.35,2026-03-13
L0005517,843,Branch,24310.0,0,0.0,1649.06,1,886.19,2023-02-10
L0005518,686,Broker,50302.28,0,0.0,2074.66,3,21134.68,2025-12-28
L0005519,752,Online,15538.31,0,0.0,677.47,2,12978.02,2025-12-11
L0005520,689,Branch,27189.78,0,0.0,2232.66,1,26165.62,2025-06-19
L0005521,637,Online,18880.23,0,0.0,3582.3,2,24159.49,2024-09-28
L0005522,682,Branch,6986.28,0,0.0,2413.92,3,0.0,2021-12-09
L0005523,624,Branch,32906.23,0,0.0,12433.88,4,19835.56,2022-10-23
L0005524,665,Online,31001.34,1,16447.66,-7755.41,3,9017.23,2023-01-23
L0005525,718,Branch,46754.97,0,0.0,3960.39,4,12449.26,2024-08-10
L0005526,734,Online,26607.1,0,0.0,2989.68,4,14802.35,2024-09-10
L0005527,655,Online,20774.21,1,16579.51,-8652.73,4,17464.97,2022-02-20
L0005528,540,Branch,43565.06,1,18203.5,1482.58,1,20614.57,2023-07-23
L0005529,747,Branch,24160.85,0,0.0,3123.27,1,11791.7,2022-07-29
L0005530,718,Broker,53273.31,0,0.0,4928.18,1,18225.55,2024-06-26
L0005531,733,Online,41941.5,0,0.0,10402.32,3,6862.19,2022-03-11
L0005532,719,Broker,17204.47,0,0.0,3599.31,3,19295.75,2021-10-11
L0005533,679,Broker,6623.24,0,0.0,1560.35,1,12447.19,2023-06-12
L0005534,638,Branch,47756.79,0,0.0,15165.86,3,19388.64,2023-02-16
L0005535,700,Branch,47115.19,0,0.0,5339.53,4,14933.81,2024-08-02
L0005536,652,Branch,15999.71,0,0.0,6727.02,1,22299.01,2021-11-29
L0005537,719,Online,24123.35,0,0.0,3966.36,2,14510.4,2024-02-01
L0005538,735,Broker,14174.14,0,0.0,1069.01,3,12030.74,2025-04-15
L0005539,710,Broker,7076.12,0,0.0,572.88,1,7243.87,2025-09-30
L0005540,742,Online,48526.15,0,0.0,1725.06,1,15273.65,2025-06-11
L0005541,622,Broker,44989.64,0,0.0,22126.71,1,25665.77,2021-09-09
L0005542,738,Broker,30467.45,0,0.0,2795.9,2,3545.67,2024-03-08
L0005543,657,Branch,48905.17,0,0.0,15503.0,3,5303.86,2022-08-10
L0005544,766,Online,40347.77,0,0.0,3278.74,3,12685.39,2022-07-20
L0005545,723,Online,11204.68,0,0.0,426.29,2,4455.34,2026-02-04
L0005546,677,Online,41862.5,0,0.0,8295.51,1,13157.09,2023-09-27
L0005547,777,Branch,44001.04,0,0.0,655.65,2,11256.18,2025-12-02
L0005548,724,Online,38082.36,0,0.0,7050.56,4,13659.08,2023-06-02
L0005549,711,Online,58387.42,0,0.0,12246.99,1,2989.21,2023-06-04
L0005550,-9999,Broker,46287.24,0,0.0,13441.83,2,13839.04,2022-11-14
L0005551,808,Broker,5878.74,0,0.0,502.77,1,5192.03,2024-11-20
L0005552,735,Branch,46943.37,0,0.0,7504.14,4,13240.35,2021-12-17
L0005553,668,Online,16222.85,0,0.0,4328.46,3,17183.68,2023-04-10
L0005554,714,Online,33499.84,0,0.0,7948.85,1,10130.96,2023-02-25
L0005555,728,Branch,42246.34,0,0.0,2642.96,1,9269.62,2025-02-28
L0005556,678,Online,46057.14,0,0.0,14883.21,4,9713.46,2021-12-23
L0005557,766,Online,18421.33,0,0.0,1752.52,4,7331.72,2023-02-12
L0005558,747,Branch,20146.28,0,0.0,460.17,3,11851.71,2025-09-22
L0005559,637,Online,44939.95,0,0.0,19812.21,3,21545.4,2021-11-30
L0005560,772,Online,19288.24,0,0.0,412.37,2,2786.73,2026-03-06
L0005561,695,Branch,55610.72,1,27565.56,-14955.83,4,18880.02,2022-10-09
L0005562,781,Broker,43434.88,0,0.0,1835.0,4,6696.52,2024-10-01
L0005563,595,Branch,59003.43,0,0.0,18046.06,1,0.0,2023-12-20
L0005564,709,Broker,59666.01,0,0.0,12155.53,2,13929.85,2022-07-18
L0005565,716,Branch,47323.56,0,0.0,10326.2,3,12961.04,2021-11-02
L0005566,688,Online,42482.39,1,25343.57,-19819.36,4,14323.26,2025-01-06
L0005567,595,Online,35836.69,0,0.0,18944.2,3,5729.58,2022-02-22
L0005568,731,Branch,44824.62,0,0.0,5689.84,1,18798.56,2023-03-03
L0005569,738,Branch,39487.09,0,0.0,6143.52,1,13266.87,2022-02-01
L0005570,716,Broker,42911.75,0,0.0,7256.12,1,6744.61,2022-12-20
L0005571,722,Online,51656.3,0,0.0,4605.58,1,8794.4,2025-03-08
L0005572,734,Broker,59799.8,0,0.0,9088.43,2,13866.18,2022-04-07
L0005573,715,Online,34347.64,0,0.0,8038.99,4,9408.24,2023-02-13
L0005574,855,Online,57057.12,0,0.0,4765.13,3,2718.0,2022-06-23
L0005575,705,Online,49724.82,0,0.0,15932.86,1,14189.73,2022-02-20
L0005576,657,Branch,55374.47,0,0.0,20169.55,1,11003.57,2022-01-28
L0005577,598,Online,30344.48,0,0.0,17555.41,2,21965.44,2021-08-27
L0005578,552,Online,55470.45,0,0.0,23878.26,1,20019.48,2023-07-08
L0005579,652,Online,7981.71,1,3574.37,-725.69,1,7915.29,2022-10-23
L0005580,624,Branch,46109.65,0,0.0,19111.95,3,29561.43,2022-06-18
L0005581,784,Branch,10869.47,0,0.0,580.59,2,1593.34,2024-03-05
L0005582,653,Branch,20125.78,0,0.0,3636.68,1,7177.33,2024-08-28
L0005583,749,Broker,50036.21,0,0.0,5700.05,2,12769.32,2022-05-27
L0005584,604,Broker,9996.7,0,0.0,4705.46,4,20063.35,2022-07-10
L0005585,760,Online,47354.01,0,0.0,548.37,4,9408.42,2025-12-23
L0005586,685,Online,57662.74,0,0.0,1443.49,4,13884.63,2026-03-04
L0005587,721,Branch,14791.34,1,6667.38,-3694.7,1,14990.58,2022-03-18
L0005588,776,Online,6496.53,0,0.0,317.44,2,7177.94,2025-11-07
L0005589,648,Broker,14422.36,0,0.0,5158.81,3,6430.98,2022-10-23
L0005590,693,Branch,45132.37,0,0.0,6731.42,4,3272.46,2024-01-08
L0005591,678,Online,51712.62,0,0.0,7480.75,3,14230.39,2024-05-28
L0005592,694,Broker,40389.32,0,0.0,6098.78,1,16117.06,2023-12-19
L0005593,686,Broker,28486.88,0,0.0,4862.12,3,15792.59,2023-12-24
L0005594,747,Branch,29254.28,0,0.0,920.67,2,10099.49,2025-05-12
L0005595,778,Online,13542.34,0,0.0,780.33,1,7787.89,2025-09-28
L0005596,605,Branch,44809.0,0,0.0,17433.66,1,16850.67,2023-02-09
L0005597,675,Broker,53783.02,0,0.0,2001.02,2,12212.15,2025-12-30
L0005598,670,Branch,13087.53,0,0.0,3970.0,3,17234.3,2022-07-13
L0005599,680,Branch,10020.24,1,3947.57,-1312.09,4,9987.69,2022-12-04
L0005600,-9999,Branch,6521.17,0,0.0,1955.25,4,15980.46,2023-05-13
L0005601,865,Online,35718.73,0,0.0,2595.79,3,2397.52,2023-08-26
L0005602,701,Online,32969.65,0,0.0,2124.17,2,15302.34,2025-08-10
L0005603,626,Branch,54954.48,0,0.0,10461.21,2,4304.26,2024-08-27
L0005604,703,Broker,57990.26,0,0.0,12603.4,1,11230.4,2022-07-29
L0005605,808,Online,28212.0,0,0.0,2690.64,1,1838.88,2022-05-12
L0005606,706,Branch,46861.15,0,0.0,1451.64,2,9010.71,2026-01-09
L0005607,631,Branch,56607.34,1,37587.42,-35125.22,2,17713.83,2026-01-20
L0005608,796,Branch,16497.86,0,0.0,1676.08,2,9228.16,2021-11-15
L0005609,650,Branch,27578.0,0,0.0,8544.38,4,13069.65,2023-01-29
L0005610,639,Branch,43474.74,0,0.0,13101.37,4,30200.29,2023-04-19
L0005611,653,Online,15975.04,0,0.0,724.21,2,13890.57,2026-03-18
L0005612,721,Online,42571.47,0,0.0,11987.28,1,10860.29,2022-01-04
L0005613,727,Broker,50820.17,0,0.0,2321.42,4,11407.14,2025-07-23
L0005614,693,Online,28867.32,0,0.0,11230.01,3,12893.17,2021-10-06
L0005615,704,Broker,13460.8,0,0.0,536.36,2,12446.6,2026-01-24
L0005616,665,Online,25509.58,0,0.0,3214.42,4,6696.72,2024-12-29
L0005617,646,Branch,9899.76,1,7651.6,-3974.72,2,20462.31,2022-11-29
L0005618,685,Branch,41820.2,0,0.0,13529.55,4,7859.08,2021-07-06
L0005619,700,Branch,11671.14,0,0.0,1600.07,2,18054.42,2024-07-10
L0005620,706,Online,43663.26,1,20034.4,-8554.97,4,10475.13,2022-11-29
L0005621,638,Online,39543.99,0,0.0,5947.98,1,15463.78,2024-11-06
L0005622,719,Broker,5243.51,0,0.0,513.88,3,14007.87,2024-08-01
L0005623,780,Broker,54864.78,0,0.0,4000.8,3,2915.54,2023-04-02
L0005624,759,Broker,18116.59,0,0.0,2005.81,2,5112.17,2022-02-20
L0005625,741,Branch,21211.53,0,0.0,1628.82,4,12549.98,2024-03-14
L0005626,771,Online,37416.2,0,0.0,1348.37,4,6769.35,2025-03-26
L0005627,645,Branch,51553.17,0,0.0,14437.14,2,17821.96,2023-05-22
L0005628,579,Broker,15098.04,0,0.0,4711.34,4,3360.6,2024-04-21
L0005629,718,Branch,22034.37,0,0.0,902.17,3,4518.34,2025-09-06
L0005630,766,Branch,43993.42,0,0.0,3362.16,3,11943.03,2022-09-18
L0005631,748,Online,22901.78,0,0.0,2400.57,3,4106.48,2023-04-23
L0005632,744,Branch,5094.04,0,0.0,1037.48,2,3865.62,2022-12-12
L0005633,734,Broker,57296.67,0,0.0,3958.3,2,15483.82,2024-09-13
L0005634,603,Online,57149.7,0,0.0,26487.82,4,6373.93,2022-06-08
L0005635,668,Online,34629.85,0,0.0,5550.35,2,21187.21,2024-06-08
L0005636,684,Branch,16203.42,0,0.0,5381.58,1,13184.99,2021-08-21
L0005637,739,Branch,56318.86,0,0.0,3732.76,1,9632.2,2024-06-05
L0005638,771,Broker,35010.07,0,0.0,1473.02,3,8597.92,2024-11-17
L0005639,697,Branch,16181.29,0,0.0,4311.96,4,13193.84,2022-06-17
L0005640,658,Online,14269.9,0,0.0,3502.11,4,17323.61,2023-08-26
L0005641,809,Broker,48779.86,0,0.0,1174.94,2,5102.57,2025-06-15
L0005642,657,Branch,58186.58,0,0.0,17313.55,2,17107.23,2022-11-01
L0005643,647,Online,37060.63,0,0.0,6768.44,3,17737.72,2024-06-08
L0005644,689,Online,15568.92,0,0.0,5616.49,2,10488.46,2022-07-27
L0005645,684,Online,29245.61,0,0.0,11712.88,1,14378.85,2021-12-12
L0005646,737,Broker,57270.37,0,0.0,4542.59,3,11119.64,2024-04-30
L0005647,641,Online,58119.31,0,0.0,17371.19,4,14209.4,2023-03-08
L0005648,610,Branch,15621.46,0,0.0,4311.77,4,12254.62,2024-04-17
L0005649,729,Branch,42470.47,0,0.0,7642.2,3,14681.33,2021-12-02
L0005650,-9999,Broker,49164.56,1,32308.39,-9899.84,1,26627.18,2022-04-06
L0005651,685,Branch,41657.7,0,0.0,1052.23,4,14961.32,2026-03-13
L0005652,685,Branch,12354.75,0,0.0,1864.59,1,6396.2,2024-07-24
L0005653,670,Online,13023.96,0,0.0,3096.03,3,12903.94,2023-10-17
L0005654,607,Online,5185.09,0,0.0,1470.51,3,30055.8,2024-02-07
L0005655,648,Branch,16591.56,0,0.0,5396.6,4,10004.98,2022-10-19
L0005656,790,Online,47729.72,0,0.0,2912.66,3,5310.1,2023-06-16
L0005657,669,Branch,20973.91,0,0.0,3117.07,4,17424.99,2024-10-26
L0005658,684,Online,47075.03,0,0.0,17787.76,1,19316.44,2022-02-09
L0005659,682,Branch,36704.02,1,17131.37,-7555.83,3,13418.79,2022-10-20
L0005660,628,Branch,20056.61,0,0.0,7796.34,3,8641.57,2022-10-23
L0005661,669,Branch,39662.74,0,0.0,3268.31,3,13593.84,2025-07-22
L0005662,638,Online,48125.14,0,0.0,19067.32,3,18831.54,2022-03-18
L0005663,643,Broker,40282.25,1,12103.5,-10286.09,2,20035.75,2026-01-22
L0005664,708,Online,56959.61,1,35288.89,-16792.52,1,14677.61,2021-12-04
L0005665,718,Branch,39871.5,0,0.0,4685.75,3,9540.09,2023-12-16
L0005666,791,Broker,6352.6,0,0.0,402.39,3,4590.21,2025-04-05
L0005667,689,Branch,40964.47,0,0.0,1315.5,1,11185.49,2026-01-16
L0005668,716,Broker,22889.3,0,0.0,2153.96,2,7317.66,2024-08-25
L0005669,648,Online,21813.7,1,15588.53,-14456.96,2,18126.56,2026-01-03
L0005670,670,Branch,57928.33,0,0.0,4451.34,1,13791.59,2025-07-06
L0005671,722,Online,52649.67,0,0.0,12453.25,3,17527.54,2022-10-14
L0005672,774,Branch,27291.1,0,0.0,823.87,3,6770.26,2025-11-15
L0005673,678,Branch,55762.93,0,0.0,17480.11,2,11116.49,2022-01-23
L0005674,655,Broker,32476.65,0,0.0,5333.47,4,7329.91,2024-08-05
L0005675,790,Branch,23497.08,0,0.0,2000.07,3,1734.44,2022-07-10
L0005676,671,Online,58542.66,0,0.0,9733.22,2,10872.56,2024-04-12
L0005677,672,Branch,6845.33,0,0.0,2008.86,4,9248.44,2023-05-26
L0005678,750,Online,53184.77,0,0.0,4570.34,4,9516.92,2023-07-02
L0005679,670,Broker,48301.76,0,0.0,9452.65,1,5593.96,2023-12-14
L0005680,760,Broker,18404.31,0,0.0,2078.98,3,5381.75,2022-05-14
L0005681,695,Branch,9168.39,0,0.0,1090.37,1,11661.7,2024-06-20
L0005682,772,Branch,52611.51,0,0.0,3884.93,3,6132.76,2022-12-24
L0005683,708,Broker,52543.69,0,0.0,815.35,2,8665.07,2026-03-12
L0005684,761,Online,55100.96,0,0.0,3145.44,3,6685.35,2023-09-07
L0005685,724,Online,14141.95,0,0.0,2868.73,4,5065.97,2023-07-30
L0005686,710,Branch,24210.01,0,0.0,1082.34,1,11413.45,2025-11-27
L0005687,735,Broker,14714.18,0,0.0,2545.15,3,3031.73,2022-03-04
L0005688,698,Online,29673.3,0,0.0,10714.36,3,17142.33,2021-12-16
L0005689,621,Branch,12960.95,0,0.0,6765.35,4,10062.67,2021-08-05
L0005690,749,Branch,28513.33,0,0.0,4212.5,1,10630.85,2021-08-30
L0005691,647,Branch,11967.52,0,0.0,5048.35,4,18465.91,2022-02-25
L0005692,707,Branch,44845.0,1,22521.24,-17601.07,2,13493.02,2024-05-22
L0005693,650,Branch,20742.35,0,0.0,5887.94,2,19325.19,2023-03-29
L0005694,743,Branch,28571.49,0,0.0,1111.1,3,3921.88,2025-08-10
L0005695,737,Broker,41453.26,0,0.0,6857.76,2,18813.63,2021-10-04
L0005696,669,Online,40848.3,0,0.0,3832.6,4,15063.91,2025-03-10
L0005697,723,Branch,46918.94,0,0.0,1135.04,1,13048.87,2026-01-28
L0005698,633,Broker,54312.06,0,0.0,22749.78,2,20641.2,2022-02-27
L0005699,740,Broker,30086.14,0,0.0,2666.63,1,11046.77,2024-04-18
L0005700,-9999,Branch,55738.77,0,0.0,27126.53,4,24052.54,2021-07-10
L0005701,654,Broker,18308.32,0,0.0,1925.02,1,2028.07,2025-06-05
L0005702,758,Online,20150.43,0,0.0,773.56,4,6652.53,2025-10-25
L0005703,754,Branch,42534.51,0,0.0,2392.95,1,13642.42,2024-07-21
L0005704,538,Broker,57390.17,1,29754.79,-22990.01,4,12151.79,2025-09-27
L0005705,627,Branch,58199.89,1,28657.71,-2093.77,2,13318.02,2021-12-22
L0005706,777,Online,30325.79,0,0.0,3138.01,2,8143.81,2021-07-18
L0005707,681,Online,54855.47,0,0.0,4465.19,2,1088.06,2025-07-15
L0005708,728,Branch,13000.73,0,0.0,1372.13,3,13969.15,2024-05-13
L0005709,659,Broker,15309.78,0,0.0,4829.33,4,5594.97,2022-11-09
L0005710,635,Online,15698.82,0,0.0,3939.69,1,21486.89,2024-01-01
L0005711,755,Online,7716.19,0,0.0,662.79,2,17469.33,2022-12-25
L0005712,782,Branch,37955.31,0,0.0,2451.81,3,8473.82,2023-05-28
L0005713,749,Broker,7918.38,0,0.0,929.12,3,7910.85,2024-06-25
L0005714,614,Branch,5958.22,0,0.0,2372.42,3,18986.05,2023-08-04
L0005715,737,Broker,30587.11,1,18283.16,-16903.33,3,9970.63,2025-02-11
L0005716,736,Branch,14500.03,0,0.0,2672.53,4,8130.17,2021-11-04
L0005717,662,Online,8783.53,0,0.0,1512.03,2,10562.98,2024-09-13
L0005718,550,Branch,50233.42,0,0.0,32380.04,4,4287.15,2022-01-31
L0005719,826,Broker,8202.29,0,0.0,481.9,4,6413.59,2024-12-20
L0005720,628,Online,23588.06,0,0.0,9387.7,4,9026.82,2022-05-31
L0005721,705,Online,38107.68,1,14328.31,-1375.0,3,14261.86,2021-11-19
L0005722,654,Online,45257.2,0,0.0,16849.69,3,28675.48,2022-01-02
L0005723,688,Broker,10959.66,0,0.0,1049.28,3,14402.1,2025-02-26
L0005724,711,Online,36177.41,0,0.0,4349.08,3,16289.35,2024-11-06
L0005725,703,Branch,48590.97,0,0.0,11219.23,3,11761.61,2022-03-07
L0005726,635,Branch,13359.1,1,8044.48,-3776.04,4,13331.62,2023-02-01
L0005727,696,Online,9370.26,0,0.0,3562.75,1,11571.82,2021-12-05
L0005728,682,Branch,10674.05,0,0.0,2458.38,1,5403.71,2023-02-13
L0005729,790,Branch,14831.02,0,0.0,700.14,3,5869.47,2024-12-17
L0005730,665,Branch,5811.88,0,0.0,1448.82,4,13190.77,2023-12-06
L0005731,783,Branch,21904.52,0,0.0,2177.04,4,4303.2,2022-05-05
L0005732,716,Broker,21320.49,0,0.0,2420.7,4,14584.06,2024-01-19
L0005733,667,Broker,44408.99,0,0.0,16150.9,1,16586.76,2021-09-15
L0005734,697,Broker,26057.11,0,0.0,6497.33,4,5547.84,2022-06-19
L0005735,666,Branch,38832.18,0,0.0,10861.47,1,26921.03,2022-11-16
L0005736,631,Broker,57462.0,0,0.0,25260.9,1,21219.35,2022-01-23
L0005737,714,Broker,56740.9,0,0.0,8973.6,4,4892.09,2023-03-17
L0005738,730,Broker,21103.53,0,0.0,2436.07,3,13506.59,2024-01-18
L0005739,676,Branch,18539.18,0,0.0,921.96,4,9270.86,2025-11-05
L0005740,740,Branch,58863.44,0,0.0,7814.77,1,10930.57,2022-07-29
L0005741,751,Branch,38908.65,1,15062.6,-10604.12,2,8869.36,2022-03-31
L0005742,681,Online,51449.25,1,26500.58,-23708.02,3,15225.07,2025-11-26
L0005743,754,Branch,30206.31,1,21210.2,-19139.38,2,9705.12,2023-12-16
L0005744,660,Online,52365.22,0,0.0,17291.98,4,18975.53,2022-06-26
L0005745,707,Online,14473.35,0,0.0,3633.63,3,16601.65,2023-05-28
L0005746,717,Broker,56078.6,0,0.0,8091.58,3,10726.89,2023-05-15
L0005747,631,Broker,38001.37,0,0.0,2011.42,3,0.0,2025-12-31
L0005748,677,Online,31787.19,0,0.0,8559.66,1,16783.49,2022-09-28
L0005749,696,Broker,44703.95,0,0.0,1347.85,4,23992.17,2026-01-07
L0005750,-9999,Online,35414.57,0,0.0,8890.12,4,10887.63,2022-07-25
L0005751,652,Online,57614.37,0,0.0,14254.45,1,12872.33,2023-07-23
L0005752,669,Broker,44696.93,0,0.0,3407.83,2,6989.47,2025-06-01
L0005753,717,Online,35316.31,0,0.0,8372.5,3,9109.62,2023-01-30
L0005754,681,Branch,22708.5,1,9869.27,-9441.74,2,17781.07,2026-03-09
L0005755,702,Broker,10887.45,0,0.0,2984.54,2,10019.55,2022-05-05
L0005756,668,Broker,50182.43,0,0.0,15338.37,2,7473.09,2022-07-20
L0005757,669,Online,20417.79,1,8968.52,-5003.95,3,19427.56,2024-03-01
L0005758,686,Online,40743.13,0,0.0,13690.64,4,8079.86,2022-08-16
L0005759,661,Broker,6723.72,0,0.0,815.32,3,11075.12,2025-06-25
L0005760,678,Online,35868.75,0,0.0,1177.24,1,14355.6,2026-01-02
L0005761,691,Branch,17411.05,0,0.0,4720.64,4,15369.06,2022-02-18
L0005762,735,Online,39427.95,0,0.0,7753.77,3,3539.28,2022-12-23
L0005763,693,Online,24659.14,0,0.0,3491.94,3,21595.48,2024-11-26
L0005764,653,Broker,5006.57,0,0.0,1575.14,2,3456.04,2023-12-31
L0005765,674,Branch,22737.09,0,0.0,1503.56,4,13286.61,2025-10-28
L0005766,736,Branch,26850.49,0,0.0,914.96,2,7191.13,2025-11-27
L0005767,693,Broker,32557.21,0,0.0,1479.39,4,13552.56,2025-09-21
L0005768,661,Broker,9386.08,0,0.0,1227.64,2,17844.91,2025-03-04
L0005769,765,Online,43075.3,0,0.0,2038.0,2,6821.14,2024-02-15
L0005770,676,Online,36499.81,0,0.0,5229.51,3,21380.1,2024-06-02
L0005771,608,Broker,51413.88,1,25140.19,1298.73,2,21202.6,2021-11-01
L0005772,638,Online,44385.28,1,21957.22,-5746.09,3,21000.64,2022-08-16
L0005773,753,Branch,12371.45,0,0.0,1728.53,2,15592.47,2021-08-27
L0005774,743,Online,35919.91,0,0.0,4958.29,3,8308.35,2022-04-21
L0005775,724,Broker,11440.98,0,0.0,1083.15,3,11869.5,2024-05-17
L0005776,728,Broker,33574.38,0,0.0,936.44,4,0.0,2025-10-10
L0005777,713,Online,49101.32,0,0.0,13890.16,4,7338.15,2022-06-19
L0005778,738,Broker,35985.44,0,0.0,2654.94,4,8070.76,2024-09-25
L0005779,702,Branch,16717.94,0,0.0,2417.32,4,20754.25,2023-12-15
L0005780,631,Broker,6491.75,1,2376.55,727.23,4,14089.52,2021-11-01
L0005781,716,Branch,44966.39,0,0.0,6252.44,1,13988.38,2023-08-06
L0005782,638,Branch,7156.87,1,5622.22,-2910.75,3,23740.18,2022-12-12
L0005783,731,Branch,48351.0,0,0.0,947.03,3,5566.8,2026-02-08
L0005784,598,Branch,51298.16,0,0.0,28585.91,1,24153.86,2021-09-30
L0005785,759,Online,7182.38,0,0.0,615.23,2,11410.79,2025-10-09
L0005786,660,Broker,6742.76,0,0.0,922.79,2,7544.18,2025-09-04
L0005787,693,Online,52783.46,0,0.0,12131.87,3,17735.91,2023-08-03
L0005788,703,Broker,11092.63,0,0.0,2005.14,1,13357.21,2023-03-17
L0005789,638,Branch,20323.01,0,0.0,9248.04,1,16000.51,2021-08-13
L0005790,727,Online,8819.37,0,0.0,534.36,1,16770.19,2025-09-12
L0005791,775,Branch,58280.34,0,0.0,737.28,1,8923.24,2026-01-02
L0005792,693,Broker,31322.41,0,0.0,3685.17,2,13987.96,2024-08-05
L0005793,564,Branch,14202.07,0,0.0,4630.3,1,24771.59,2024-04-02
L0005794,664,Branch,36828.38,0,0.0,11508.24,3,26489.5,2022-07-23
L0005795,708,Branch,26282.62,0,0.0,2183.93,2,11956.39,2024-12-06
L0005796,691,Broker,19265.39,0,0.0,2488.62,4,18081.36,2024-06-04
L0005797,645,Broker,23763.38,0,0.0,1480.58,4,13817.17,2025-12-01
L0005798,728,Online,14676.4,0,0.0,2343.35,4,8276.94,2024-04-01
L0005799,719,Online,51726.12,0,0.0,2151.81,4,17929.15,2025-11-24
L0005800,-9999,Broker,29213.96,0,0.0,3928.11,1,9172.9,2023-08-29
L0005801,696,Branch,24954.36,0,0.0,5382.49,2,15858.33,2022-10-29
L0005802,643,Broker,49977.29,0,0.0,18380.7,3,0.0,2022-06-16
L0005803,666,Online,40636.24,0,0.0,6152.03,2,16470.17,2024-07-04
L0005804,713,Online,16540.48,0,0.0,1534.38,1,5483.18,2025-06-02
L0005805,670,Branch,45299.84,0,0.0,10412.88,4,14470.38,2023-06-21
L0005806,617,Branch,55700.78,0,0.0,26622.96,3,27067.3,2021-12-22
L0005807,714,Online,51962.38,0,0.0,7502.45,2,17309.41,2024-06-13
L0005808,653,Branch,44786.52,0,0.0,9571.21,3,15620.6,2024-01-24
L0005809,759,Branch,27137.49,0,0.0,1129.41,3,14199.54,2024-08-29
L0005810,777,Broker,38029.69,0,0.0,3048.56,4,5657.33,2022-08-29
L0005811,723,Branch,12878.59,1,8426.73,-8007.16,2,5378.91,2025-09-02
L0005812,724,Online,57286.17,0,0.0,2862.1,3,15761.53,2025-10-29
L0005813,810,Online,10208.74,0,0.0,1080.61,1,4833.41,2024-01-15
L0005814,709,Online,5241.96,0,0.0,2004.07,3,16773.23,2022-01-01
L0005815,735,Branch,21838.45,0,0.0,1304.94,3,10620.78,2025-04-08
L0005816,644,Online,19097.72,0,0.0,2244.62,3,17516.82,2025-03-21
L0005817,793,Branch,38766.41,0,0.0,787.08,4,954.47,2025-10-29
L0005818,758,Branch,6776.38,0,0.0,885.26,1,14311.33,2021-11-11
L0005819,728,Broker,52850.25,0,0.0,5415.52,2,15453.94,2023-11-05
L0005820,741,Branch,32626.34,0,0.0,2750.26,1,12883.07,2024-02-05
L0005821,703,Branch,13286.41,0,0.0,3609.52,3,2363.53,2022-03-04
L0005822,690,Branch,41559.59,0,0.0,872.35,4,12924.59,2026-03-17
L0005823,758,Branch,15856.08,0,0.0,1028.96,1,9868.92,2024-09-20
L0005824,705,Broker,57870.56,0,0.0,11821.72,3,9994.09,2022-10-11
L0005825,692,Online,27349.95,1,9233.13,-5294.66,2,16012.16,2024-11-08
L0005826,678,Branch,46423.4,0,0.0,2326.98,2,8600.95,2025-10-13
L0005827,611,Online,42094.86,0,0.0,17701.2,2,23408.58,2022-08-25
L0005828,767,Online,50953.77,0,0.0,3963.09,1,9733.78,2022-10-26
L0005829,661,Broker,33790.88,0,0.0,8599.18,4,13734.52,2023-06-07
L0005830,664,Branch,51423.29,0,0.0,9232.44,2,6436.26,2024-03-06
L0005831,687,Branch,18917.99,0,0.0,1639.14,3,9228.29,2025-07-29
L0005832,639,Branch,52185.86,0,0.0,22569.56,2,14820.73,2021-10-26
L0005833,676,Broker,33748.19,0,0.0,6086.85,1,15257.57,2023-12-15
L0005834,688,Online,51246.24,0,0.0,10713.7,4,17294.96,2024-01-11
L0005835,701,Broker,23425.19,0,0.0,6318.26,3,9966.73,2021-09-23
L0005836,659,Branch,49807.1,0,0.0,19921.58,3,23103.31,2021-08-24
L0005837,756,Broker,53748.58,0,0.0,4544.2,1,9858.96,2023-02-03
L0005838,736,Broker,40893.88,0,0.0,882.51,4,3606.08,2025-12-28
L0005839,651,Online,37238.84,0,0.0,15651.34,3,7542.31,2021-09-17
L0005840,682,Branch,10184.15,0,0.0,1537.11,2,13244.56,2024-10-11
L0005841,661,Branch,13792.27,0,0.0,4252.87,3,10092.87,2022-10-09
L0005842,699,Branch,49133.15,0,0.0,10959.51,1,10014.01,2022-08-10
L0005843,716,Broker,22263.74,1,9049.71,-4617.5,3,27132.05,2022-04-29
L0005844,685,Broker,49440.85,1,18857.44,-11712.13,2,14856.7,2024-04-04
L0005845,680,Branch,28110.1,0,0.0,1470.82,3,5002.18,2025-12-10
L0005846,717,Broker,25932.57,0,0.0,2219.75,2,10194.86,2024-09-03
L0005847,703,Online,46626.9,0,0.0,14143.36,4,18673.02,2022-07-26
L0005848,727,Broker,10503.11,1,5949.68,-5176.91,1,12728.63,2024-11-08
L0005849,769,Branch,36535.01,0,0.0,1015.54,2,7663.35,2025-10-24
L0005850,-9999,Online,15390.34,1,7077.54,-2541.97,2,12555.8,2021-07-23
L0005851,815,Broker,48996.81,0,0.0,4462.71,3,5622.04,2022-02-22
L0005852,630,Online,58568.04,0,0.0,3393.43,1,17724.4,2025-11-11
L0005853,706,Branch,25526.96,0,0.0,4587.05,1,14334.48,2023-05-15
L0005854,719,Branch,32706.75,0,0.0,3698.36,2,10381.49,2024-03-03
L0005855,686,Online,15241.38,0,0.0,2449.5,2,19776.08,2024-11-28
L0005856,644,Branch,12674.33,0,0.0,2852.01,2,26931.04,2024-06-19
L0005857,771,Online,45846.93,0,0.0,733.06,3,8073.31,2025-09-02
L0005858,633,Branch,10302.02,0,0.0,1828.62,1,29262.28,2024-09-05
L0005859,617,Broker,47064.03,1,19778.11,4430.22,4,26980.69,2021-09-25
L0005860,676,Broker,29066.94,0,0.0,8201.84,3,12075.43,2022-07-05
L0005861,694,Broker,49209.53,0,0.0,1247.73,1,16640.78,2026-01-13
L0005862,735,Broker,23889.79,0,0.0,2295.33,3,9776.83,2024-04-23
L0005863,678,Broker,56387.66,0,0.0,19104.89,2,16545.04,2021-09-25
L0005864,734,Branch,51506.52,0,0.0,4205.19,2,16326.6,2024-04-27
L0005865,756,Broker,40971.85,0,0.0,734.39,4,11841.66,2026-03-21
L0005866,693,Branch,36325.31,0,0.0,7443.41,1,12137.59,2023-02-28
L0005867,688,Branch,58637.17,0,0.0,3271.75,4,5478.22,2025-09-26
L0005868,673,Online,58090.62,0,0.0,15790.63,3,12219.6,2022-10-29
L0005869,720,Broker,58445.16,0,0.0,12096.53,1,10387.53,2021-10-15
L0005870,680,Online,51491.21,0,0.0,12279.38,3,18447.89,2023-11-08
L0005871,736,Branch,8289.75,0,0.0,642.14,4,2154.96,2025-12-22
L0005872,715,Branch,20785.09,0,0.0,1856.48,4,5046.51,2024-10-13
L0005873,680,Broker,7413.11,0,0.0,2142.19,3,14824.31,2023-03-22
L0005874,609,Online,27901.66,0,0.0,1002.1,4,23106.35,2026-03-22
L0005875,710,Online,23127.69,0,0.0,6841.52,1,11234.54,2022-06-17
L0005876,682,Branch,8315.96,0,0.0,1949.22,2,4517.2,2023-09-30
L0005877,730,Branch,47043.28,0,0.0,4522.06,1,3417.66,2023-12-19
L0005878,602,Online,35531.59,0,0.0,6576.82,2,10392.66,2024-11-29
L0005879,669,Branch,7315.14,1,2555.52,-1716.36,4,8300.79,2024-12-27
L0005880,714,Branch,35973.49,0,0.0,7090.73,4,6703.9,2022-05-05
L0005881,789,Branch,33836.99,0,0.0,540.41,1,8230.61,2025-11-01
L0005882,641,Broker,15548.34,0,0.0,4830.71,4,11974.53,2023-06-06
L0005883,674,Broker,26124.97,0,0.0,6673.65,4,19002.92,2023-01-25
L0005884,736,Broker,40631.3,0,0.0,3288.43,2,6141.62,2024-03-22
L0005885,686,Branch,45575.35,0,0.0,3680.48,4,21406.48,2025-05-19
L0005886,739,Broker,54037.3,0,0.0,5523.91,4,17730.23,2023-05-30
L0005887,792,Branch,35015.82,0,0.0,1437.87,4,6759.73,2024-07-25
L0005888,603,Broker,19717.92,1,11317.94,-319.67,4,24407.27,2021-10-29
L0005889,750,Branch,49137.08,0,0.0,4081.12,4,2712.07,2023-06-13
L0005890,713,Broker,29810.58,0,0.0,1409.39,1,5150.8,2025-11-14
L0005891,670,Branch,39857.67,0,0.0,11983.89,3,16406.55,2022-06-02
L0005892,834,Broker,7508.52,0,0.0,992.11,4,6627.94,2022-06-30
L0005893,644,Online,18242.87,0,0.0,4935.02,4,8002.65,2023-06-20
L0005894,645,Broker,24250.7,0,0.0,7951.07,2,6225.99,2022-12-01
L0005895,666,Branch,42420.69,0,0.0,7209.33,1,13925.51,2024-04-27
L0005896,687,Online,50849.09,0,0.0,12063.55,4,14157.13,2023-09-13
L0005897,636,Online,15136.81,0,0.0,2879.07,3,6867.02,2024-07-07
L0005898,629,Online,15862.69,0,0.0,4092.82,4,12966.14,2023-11-29
L0005899,643,Online,34458.54,0,0.0,14192.78,3,19335.68,2022-01-22
L0005900,-9999,Online,8306.13,0,0.0,855.07,4,6939.48,2022-07-28
L0005901,679,Online,56702.19,0,0.0,2794.42,2,8843.58,2025-10-31
L0005902,734,Branch,9780.23,0,0.0,480.32,2,11068.07,2025-07-01
L0005903,760,Broker,33978.65,0,0.0,1456.45,1,14714.1,2024-07-31
L0005904,733,Branch,38583.03,0,0.0,4487.88,2,14379.33,2023-07-23
L0005905,675,Online,44902.08,0,0.0,15340.92,2,7485.38,2021-10-21
L0005906,691,Online,40074.15,0,0.0,9904.02,3,9267.64,2023-07-26
L0005907,741,Online,15671.44,0,0.0,1325.33,3,9538.09,2024-10-07
L0005908,667,Branch,30687.11,0,0.0,2439.93,1,15579.18,2025-06-26
L0005909,620,Broker,13049.32,0,0.0,6950.41,2,17163.02,2021-08-22
L0005910,703,Online,20380.19,1,12233.99,-10193.59,4,15741.29,2025-03-20
L0005911,763,Branch,51914.21,0,0.0,2647.4,4,4730.38,2024-06-22
L0005912,856,Broker,37280.76,0,0.0,3231.98,2,3100.86,2022-10-24
L0005913,642,Broker,33736.56,0,0.0,12810.13,1,15328.25,2022-05-09
L0005914,680,Broker,18367.8,0,0.0,4774.33,4,22938.8,2022-12-07
L0005915,722,Online,39874.58,0,0.0,10887.09,4,10000.47,2022-03-03
L0005916,733,Broker,21259.44,0,0.0,4094.2,3,9813.86,2021-10-20
L0005917,538,Online,23562.12,0,0.0,3817.56,4,7288.32,2025-06-23
L0005918,650,Online,33998.73,0,0.0,13143.8,4,8794.12,2022-02-11
L0005919,727,Broker,46578.25,1,33596.85,-28493.87,1,11469.45,2023-09-29
L0005920,681,Online,12114.16,0,0.0,3414.1,2,9936.77,2023-06-27
L0005921,736,Broker,25586.52,0,0.0,2619.13,1,16713.16,2023-11-14
L0005922,634,Broker,8775.86,0,0.0,1070.49,3,11748.36,2025-11-18
L0005923,657,Online,26262.83,1,12965.31,-8370.35,2,15476.2,2024-07-30
L0005924,699,Online,6328.92,0,0.0,1834.12,2,6843.25,2022-12-30
L0005925,634,Online,39374.46,0,0.0,18555.08,3,17596.46,2021-07-29
L0005926,742,Broker,44668.51,0,0.0,3165.75,1,4470.19,2024-07-27
L0005927,664,Broker,16677.54,0,0.0,1891.2,2,16154.79,2025-03-01
L0005928,609,Online,59105.89,1,23634.87,-17914.84,1,15849.58,2025-08-27
L0005929,782,Branch,48641.73,0,0.0,3085.95,2,8735.61,2023-08-19
L0005930,677,Broker,59112.76,1,25832.12,-14369.96,4,16974.66,2023-10-11
L0005931,740,Online,27527.16,0,0.0,1918.52,2,9716.71,2024-08-26
L0005932,683,Online,38805.59,0,0.0,11350.27,2,13663.86,2023-03-01
L0005933,649,Branch,42783.0,0,0.0,4039.32,4,2385.52,2025-06-26
L0005934,720,Branch,58681.13,0,0.0,7482.66,3,11776.23,2023-08-21
L0005935,693,Online,22948.02,0,0.0,7208.27,1,16852.8,2022-08-19
L0005936,715,Online,7194.13,0,0.0,2335.67,3,16780.2,2021-12-21
L0005937,621,Online,52965.7,1,17850.73,-7859.19,1,22955.75,2024-09-23
L0005938,617,Branch,21362.82,0,0.0,6970.27,4,28287.65,2023-06-23
L0005939,729,Broker,26535.82,0,0.0,5349.33,2,11521.28,2021-09-15
L0005940,703,Broker,10841.81,0,0.0,1131.62,2,12055.12,2025-06-22
L0005941,821,Broker,23867.12,0,0.0,394.0,1,10064.96,2025-09-26
L0005942,783,Branch,47443.05,0,0.0,3489.01,4,6266.96,2023-05-21
L0005943,749,Broker,7628.4,0,0.0,1275.25,3,10698.54,2022-02-20
L0005944,646,Broker,27451.89,0,0.0,7280.83,2,16928.56,2023-06-04
L0005945,707,Broker,24174.93,0,0.0,2936.42,1,8319.3,2024-03-16
L0005946,679,Branch,43472.67,0,0.0,1832.25,3,7439.54,2025-11-28
L0005947,670,Branch,8214.44,0,0.0,2148.83,1,18988.24,2023-08-25
L0005948,645,Online,12158.95,0,0.0,2746.44,2,17993.38,2024-01-29
L0005949,785,Broker,32936.13,0,0.0,3123.24,1,8491.95,2022-04-18
L0005950,-9999,Branch,52669.31,0,0.0,11867.34,1,9523.5,2023-09-10
L0005951,605,Broker,41702.46,0,0.0,4813.94,1,1283.94,2025-06-14
L0005952,730,Broker,22085.23,0,0.0,4525.19,4,7945.92,2021-09-09
L0005953,652,Branch,34832.7,0,0.0,5200.0,2,149.57,2024-09-14
L0005954,783,Branch,57534.06,0,0.0,2589.47,3,7032.48,2024-09-09
L0005955,658,Online,27533.76,0,0.0,5445.37,4,28849.26,2024-01-30
L0005956,710,Online,13037.12,0,0.0,4382.47,1,17368.39,2021-11-11
L0005957,577,Branch,51373.74,0,0.0,16485.74,2,23413.26,2024-01-29
L0005958,757,Branch,55384.23,0,0.0,4369.27,3,8781.07,2022-12-18
L0005959,702,Broker,36768.8,0,0.0,3477.17,1,16115.15,2024-10-12
L0005960,805,Broker,7773.08,0,0.0,471.07,3,2195.86,2025-01-03
L0005961,773,Online,29188.58,0,0.0,1118.04,1,7412.51,2025-07-26
L0005962,755,Broker,5093.35,0,0.0,376.49,1,8335.38,2025-11-10
L0005963,715,Branch,24601.83,0,0.0,4024.51,4,7345.41,2023-05-25
L0005964,639,Broker,47199.52,0,0.0,9584.84,3,19960.58,2024-04-19
L0005965,703,Branch,34376.73,0,0.0,8026.94,2,18821.95,2022-03-20
L0005966,665,Branch,49574.2,0,0.0,1599.01,3,15792.53,2026-02-07
L0005967,680,Broker,23172.6,0,0.0,7025.45,3,13161.5,2022-05-21
L0005968,766,Branch,35567.41,0,0.0,3381.63,3,14738.86,2022-07-06
L0005969,727,Online,45918.87,0,0.0,7179.77,2,3973.46,2023-11-26
L0005970,647,Broker,44141.25,0,0.0,12296.87,2,15642.12,2023-05-12
L0005971,720,Broker,35441.74,0,0.0,7947.57,3,9799.29,2021-08-31
L0005972,782,Online,44592.98,1,32442.45,-29510.24,4,0.0,2023-06-08
L0005973,776,Online,35000.42,0,0.0,1359.7,2,11037.52,2024-10-22
L0005974,614,Broker,48869.7,1,15532.19,-2417.86,1,11469.18,2024-01-08
L0005975,674,Branch,19003.97,0,0.0,5844.85,1,9108.46,2022-05-13
L0005976,853,Branch,8141.88,0,0.0,700.56,3,1432.83,2025-04-14
L0005977,686,Broker,54714.53,0,0.0,7703.26,3,20501.12,2024-05-21
L0005978,733,Broker,50299.96,0,0.0,8263.11,2,16174.11,2021-12-29
L0005979,722,Online,28096.19,0,0.0,7454.13,3,16769.44,2022-07-29
L0005980,669,Branch,16805.66,0,0.0,4017.23,1,3244.17,2023-09-03
L0005981,714,Online,5424.19,0,0.0,2078.24,2,15992.81,2022-04-12
L0005982,698,Branch,15853.54,0,0.0,3882.33,1,9577.86,2022-10-26
L0005983,677,Online,52079.32,0,0.0,1332.52,3,8273.47,2026-02-02
L0005984,736,Broker,30572.05,0,0.0,808.43,3,16011.57,2025-09-26
L0005985,671,Online,36987.09,0,0.0,11576.44,2,22654.81,2022-05-01
L0005986,688,Online,40532.91,0,0.0,6932.07,3,10148.12,2024-06-02
L0005987,845,Online,54654.69,0,0.0,550.6,1,3553.96,2026-03-11
L0005988,574,Branch,22131.22,0,0.0,14361.33,3,27318.34,2021-07-23
L0005989,651,Broker,42783.9,0,0.0,13393.05,4,14531.1,2022-11-30
L0005990,792,Broker,17329.24,0,0.0,1109.71,3,7283.27,2023-12-14
L0005991,656,Branch,37801.13,1,24589.31,-16251.27,2,17226.7,2023-12-25
L0005992,750,Broker,45401.49,0,0.0,4757.79,3,9367.05,2022-08-07
L0005993,594,Broker,9709.63,1,7385.22,-4867.54,4,26740.59,2024-04-03
L0005994,737,Broker,59908.08,0,0.0,5782.13,4,1033.81,2023-10-24
L0005995,692,Branch,32102.36,0,0.0,4576.63,1,26716.12,2024-05-24
L0005996,677,Broker,33243.01,0,0.0,11574.79,2,17697.14,2021-07-31
L0005997,719,Online,32316.71,0,0.0,7402.35,3,16522.65,2022-12-24
L0005998,705,Online,41912.39,0,0.0,12768.83,1,4292.34,2022-04-19
L0005999,722,Broker,21478.75,1,8382.34,-4915.46,2,21286.51,2023-02-15
L0006000,-9999,Broker,43253.52,0,0.0,14850.31,2,21016.36,2022-07-13
L0006001,707,Broker,9132.23,0,0.0,2642.53,1,9706.3,2021-12-31
L0006002,645,Online,41562.65,0,0.0,14136.78,1,10435.12,2022-09-26
L0006003,689,Branch,21267.8,0,0.0,6670.45,3,8969.7,2021-11-27
L0006004,706,Online,38392.44,0,0.0,5757.08,2,13488.07,2024-07-10
L0006005,727,Broker,47263.19,0,0.0,3642.27,1,10416.44,2024-08-14
L0006006,718,Broker,47886.26,0,0.0,7155.61,1,9419.21,2023-05-26
L0006007,688,Online,42431.75,0,0.0,17875.81,2,12672.29,2021-07-22
L0006008,633,Broker,35388.67,0,0.0,5666.47,2,11834.33,2024-11-16
L0006009,732,Online,24963.99,0,0.0,5486.53,2,15615.08,2022-09-04
L0006010,698,Branch,53982.2,1,42228.38,-36849.85,1,12091.92,2024-10-05
L0006011,643,Broker,34211.71,0,0.0,4018.78,3,19151.57,2025-04-15
L0006012,736,Broker,28840.9,0,0.0,3724.68,1,13128.88,2022-10-08
L0006013,680,Branch,55457.45,0,0.0,2073.33,1,17187.18,2025-12-20
L0006014,676,Branch,38892.1,0,0.0,8712.74,2,12701.99,2023-06-11
L0006015,659,Online,9689.74,0,0.0,3584.76,3,8076.64,2022-04-20
L0006016,749,Broker,50712.0,0,0.0,1397.31,3,6274.24,2025-06-09
L0006017,706,Broker,30771.39,0,0.0,776.01,2,13143.12,2026-02-06
L0006018,702,Broker,54559.08,0,0.0,13792.75,3,6215.08,2021-12-03
L0006019,849,Broker,6270.28,0,0.0,548.13,4,1438.42,2026-01-13
L0006020,637,Broker,45351.86,0,0.0,5499.49,4,20678.13,2025-03-22
L0006021,657,Branch,17916.49,0,0.0,6790.05,1,7856.51,2022-01-05
L0006022,710,Broker,53036.35,0,0.0,13376.51,4,8820.49,2021-08-02
L0006023,710,Online,47047.59,0,0.0,3555.42,3,19222.41,2025-07-02
L0006024,737,Branch,36933.85,0,0.0,4790.18,3,13164.93,2022-07-31
L0006025,733,Online,28181.86,0,0.0,3114.15,4,8981.23,2024-10-09
L0006026,607,Online,21567.83,0,0.0,3531.83,4,27022.46,2025-01-01
L0006027,698,Branch,48584.63,0,0.0,2577.78,4,10420.13,2025-08-25
L0006028,601,Online,28314.63,0,0.0,15418.29,4,10802.02,2021-10-05
L0006029,737,Online,24213.19,0,0.0,2655.17,3,12599.36,2024-08-09
L0006030,641,Broker,53073.81,0,0.0,18188.71,2,15099.07,2022-10-24
L0006031,743,Branch,34066.07,0,0.0,1434.15,4,4407.32,2025-08-14
L0006032,623,Broker,26062.0,0,0.0,2992.22,1,15575.1,2025-05-04
L0006033,675,Branch,37343.76,1,18335.16,-11969.22,4,19969.55,2024-02-10
L0006034,654,Branch,45008.47,0,0.0,4127.19,2,10349.93,2025-05-24
L0006035,784,Branch,7521.74,0,0.0,838.31,1,10573.8,2023-10-24
L0006036,689,Branch,50332.02,0,0.0,14588.96,2,15198.26,2021-12-13
L0006037,753,Branch,54638.78,0,0.0,713.4,2,8117.54,2026-02-11
L0006038,716,Online,34021.57,1,24080.9,-17863.54,4,10894.13,2023-11-30
L0006039,605,Online,38039.21,1,27872.18,-26367.93,4,26543.75,2026-03-12
L0006040,791,Broker,59030.77,0,0.0,2229.2,3,9006.75,2024-08-12
L0006041,672,Branch,24648.17,0,0.0,5800.91,4,19724.65,2023-05-07
L0006042,709,Online,30476.7,0,0.0,7524.98,4,23868.49,2023-03-08
L0006043,619,Broker,46862.39,0,0.0,16772.27,1,11956.64,2023-02-02
L0006044,744,Branch,23457.5,0,0.0,3201.17,2,6933.87,2022-03-17
L0006045,791,Online,38729.99,0,0.0,3602.31,4,9249.35,2022-04-03
L0006046,672,Online,23798.93,0,0.0,2419.88,4,18025.56,2025-04-25
L0006047,672,Branch,27629.58,0,0.0,4780.81,1,8650.98,2024-04-21
L0006048,644,Broker,30177.19,0,0.0,12024.85,1,15359.52,2022-01-19
L0006049,809,Branch,11920.53,0,0.0,1623.41,3,1266.84,2022-02-15
L0006050,-9999,Online,29561.9,0,0.0,6699.7,1,0.0,2023-11-02
L0006051,716,Online,59664.46,0,0.0,11741.56,2,4084.33,2023-07-14
L0006052,664,Broker,13688.7,0,0.0,2523.62,1,9238.89,2024-06-20
L0006053,679,Online,55141.81,0,0.0,14791.3,4,11288.53,2022-08-08
L0006054,695,Online,14568.8,0,0.0,833.99,4,15310.0,2025-10-25
L0006055,731,Branch,39784.87,0,0.0,3805.77,2,7575.42,2023-12-06
L0006056,702,Branch,6091.21,0,0.0,1560.03,4,7645.63,2022-10-05
L0006057,710,Broker,14406.57,0,0.0,3190.56,4,17136.19,2022-05-02
L0006058,751,Branch,19915.11,0,0.0,2080.3,1,18057.55,2022-05-28
L0006059,716,Broker,5455.77,0,0.0,1088.32,1,10016.16,2024-05-03
L0006060,636,Broker,30299.26,0,0.0,5015.22,2,19262.67,2024-09-17
L0006061,752,Broker,42752.81,0,0.0,3410.04,3,7401.05,2023-05-11
L0006062,631,Branch,24848.72,1,15463.65,-14596.82,1,22446.71,2026-02-16
L0006063,726,Online,54588.76,1,30517.7,-25976.87,2,9201.11,2025-02-24
L0006064,704,Broker,21710.15,0,0.0,4865.8,2,8267.29,2022-07-04
L0006065,760,Branch,6158.2,0,0.0,316.69,1,8987.09,2025-02-19
L0006066,695,Online,20287.35,0,0.0,4837.71,2,11523.6,2023-08-07
L0006067,624,Online,13141.59,0,0.0,4788.47,1,26653.64,2023-01-06
L0006068,658,Online,58790.8,0,0.0,8057.13,2,15482.26,2024-10-08
L0006069,763,Online,6512.48,0,0.0,577.43,3,9155.85,2025-09-26
L0006070,738,Online,11254.11,0,0.0,2793.88,3,5981.86,2022-06-11
L0006071,678,Online,13069.75,0,0.0,4346.14,4,8925.8,2022-01-19
L0006072,722,Branch,22279.98,0,0.0,1351.56,4,16209.91,2025-07-25
L0006073,585,Branch,8448.67,0,0.0,5039.01,2,31243.42,2022-02-10
L0006074,695,Branch,28723.88,0,0.0,4687.01,1,14778.31,2024-01-19
L0006075,715,Branch,37603.77,0,0.0,7418.76,2,17323.23,2022-07-13
L0006076,710,Branch,6055.53,0,0.0,539.45,4,20357.9,2025-11-12
L0006077,682,Online,51010.62,0,0.0,5348.04,3,22659.26,2025-03-31
L0006078,681,Broker,23810.93,0,0.0,7875.4,1,10004.82,2021-09-30
L0006079,645,Branch,46648.47,0,0.0,10971.96,2,20702.16,2023-12-14
L0006080,710,Broker,19968.56,0,0.0,4968.79,4,8900.84,2021-08-19
L0006081,719,Online,56758.62,0,0.0,9008.94,1,14497.3,2024-02-04
L0006082,694,Branch,59775.09,0,0.0,11266.74,4,24567.76,2023-05-28
L0006083,638,Branch,39304.28,0,0.0,10979.12,2,8406.36,2023-07-20
L0006084,710,Branch,53086.06,0,0.0,13100.94,4,3231.06,2021-07-22
L0006085,722,Online,17963.8,0,0.0,4068.56,1,11861.18,2023-04-22
L0006086,705,Branch,10092.48,1,4430.06,-2461.21,2,7331.86,2022-10-17
L0006087,663,Online,55467.02,0,0.0,15633.63,3,13167.24,2022-11-04
L0006088,698,Branch,12423.4,0,0.0,3856.2,2,9607.83,2021-10-31
L0006089,680,Branch,15048.66,0,0.0,2940.74,4,20048.65,2023-10-03
L0006090,705,Branch,16474.36,0,0.0,2752.04,2,16152.94,2023-12-02
L0006091,726,Branch,30205.45,0,0.0,4246.66,3,9693.67,2023-05-17
L0006092,777,Online,5251.66,0,0.0,649.47,4,2791.81,2024-01-06
L0006093,727,Broker,40324.14,0,0.0,525.03,3,3359.81,2026-03-26
L0006094,751,Broker,55913.72,0,0.0,698.37,4,7254.62,2026-02-28
L0006095,698,Broker,42760.27,0,0.0,3526.17,4,13523.42,2025-03-27
L0006096,662,Branch,22593.25,0,0.0,6733.88,4,16958.37,2022-09-11
L0006097,598,Branch,33101.83,0,0.0,6839.5,2,7171.77,2024-10-18
L0006098,744,Branch,40023.4,0,0.0,1384.14,1,2164.49,2025-09-16
L0006099,716,Broker,5374.58,0,0.0,833.93,2,14860.64,2023-09-11
L0006100,-9999,Online,52187.38,0,0.0,7402.75,1,17526.7,2024-12-06
L0006101,680,Online,12177.25,0,0.0,2345.83,1,11150.61,2024-05-02
L0006102,672,Broker,37079.98,0,0.0,7716.21,1,8821.71,2023-09-27
L0006103,729,Broker,15013.96,0,0.0,2475.45,1,10337.17,2022-11-06
L0006104,692,Branch,48009.0,0,0.0,13074.87,4,9725.66,2022-01-21
L0006105,634,Broker,55644.03,0,0.0,12432.53,1,11075.52,2024-03-26
L0006106,688,Broker,40337.61,0,0.0,1230.82,2,7609.15,2026-03-06
L0006107,685,Online,50641.3,0,0.0,6608.7,4,9950.12,2024-12-08
L0006108,579,Online,58325.42,0,0.0,2529.05,3,12035.23,2026-02-12
L0006109,646,Broker,13366.36,0,0.0,1561.24,4,22677.93,2025-04-17
L0006110,715,Branch,14495.86,0,0.0,3063.83,2,9823.82,2022-06-25
L0006111,603,Branch,49977.06,1,28084.74,-746.2,3,31740.62,2021-09-25
L0006112,683,Branch,34616.15,0,0.0,9303.97,3,17919.05,2022-08-04
L0006113,724,Broker,52003.48,0,0.0,2759.55,3,11193.08,2025-06-29
L0006114,689,Branch,41984.05,0,0.0,1995.05,4,14434.88,2025-09-25
L0006115,691,Online,36283.67,0,0.0,8134.36,2,4099.87,2023-10-04
L0006116,658,Online,7760.32,0,0.0,1734.09,2,28387.38,2023-09-12
L0006117,756,Broker,40093.99,0,0.0,3401.21,3,1408.05,2023-02-25
L0006118,657,Online,56198.47,0,0.0,19556.96,4,11420.01,2022-04-27
L0006119,685,Broker,14327.1,0,0.0,1541.82,3,24866.96,2025-03-06
L0006120,695,Broker,34642.64,0,0.0,3690.83,1,1604.43,2024-09-20
L0006121,692,Online,17537.01,0,0.0,2460.3,2,18027.55,2024-12-08
L0006122,684,Broker,31585.0,0,0.0,7473.79,3,10538.25,2022-12-03
L0006123,713,Broker,45550.41,0,0.0,3404.92,3,7117.72,2025-01-03
L0006124,762,Branch,40637.61,0,0.0,1416.58,2,5564.17,2025-04-18
L0006125,733,Branch,39401.17,0,0.0,2569.66,2,12422.48,2024-10-19
L0006126,569,Online,38722.9,0,0.0,15388.38,3,13980.09,2023-07-26
L0006127,791,Online,9328.45,0,0.0,840.18,2,4785.9,2022-05-24
L0006128,657,Broker,6778.4,0,0.0,2326.04,3,6798.74,2022-05-20
L0006129,720,Online,51040.95,0,0.0,1396.28,2,6763.84,2026-03-08
L0006130,604,Online,30107.41,0,0.0,16385.16,2,20453.01,2021-10-18
L0006131,741,Broker,18449.01,0,0.0,2319.48,3,13043.37,2023-03-06
L0006132,640,Online,20138.09,1,16053.51,-10737.97,2,27800.24,2023-11-08
L0006133,745,Broker,27089.67,0,0.0,2468.24,4,8949.16,2023-09-07
L0006134,642,Branch,7999.94,0,0.0,2405.69,1,9187.18,2023-10-08
L0006135,691,Broker,39387.34,0,0.0,11828.45,4,20310.6,2021-10-29
L0006136,708,Online,41166.38,0,0.0,4965.89,4,5728.5,2024-11-02
L0006137,649,Online,46022.03,0,0.0,14975.36,4,10917.82,2022-10-16
L0006138,704,Broker,57849.76,0,0.0,1502.64,1,10703.75,2026-01-21
L0006139,804,Online,42734.84,0,0.0,1187.04,4,4516.42,2025-07-05
L0006140,602,Broker,19081.6,0,0.0,7435.07,1,21408.31,2023-02-21
L0006141,698,Broker,47687.83,0,0.0,1237.2,4,9959.42,2026-02-23
L0006142,727,Branch,21198.13,0,0.0,3621.07,3,9623.23,2022-04-19
L0006143,584,Online,42488.8,0,0.0,11240.07,2,13259.7,2024-05-25
L0006144,666,Branch,10489.08,0,0.0,1330.19,3,19545.45,2024-12-22
L0006145,686,Branch,19854.64,0,0.0,740.84,3,14134.56,2025-12-04
L0006146,689,Online,41964.46,1,31861.07,-26070.96,4,12720.5,2024-10-20
L0006147,727,Broker,23516.79,0,0.0,4071.29,4,10393.05,2022-08-02
L0006148,680,Branch,35797.86,1,23593.46,-11928.9,3,18628.61,2021-11-23
L0006149,623,Branch,58462.23,0,0.0,12659.96,2,1542.13,2024-05-08
L0006150,-9999,Online,55651.41,0,0.0,18572.15,1,6451.15,2022-09-25
L0006151,849,Broker,46848.87,0,0.0,1491.28,1,2063.85,2025-06-30
L0006152,758,Online,59723.52,0,0.0,1155.8,4,1363.31,2025-12-10
L0006153,726,Branch,9105.7,0,0.0,746.65,1,23484.83,2025-11-12
L0006154,701,Broker,58432.97,0,0.0,9880.64,4,9700.3,2023-06-12
L0006155,668,Broker,45959.3,0,0.0,1221.04,4,6336.05,2026-03-18
L0006156,744,Online,36146.9,0,0.0,5467.47,4,13002.41,2021-08-06
L0006157,779,Branch,55639.94,0,0.0,1912.85,4,8545.08,2025-02-22
L0006158,588,Broker,44834.34,1,28546.82,-5936.92,3,11329.25,2022-05-16
L0006159,775,Online,49186.88,0,0.0,4834.63,4,10373.71,2021-10-23
L0006160,659,Broker,42425.65,0,0.0,5757.99,1,9997.87,2024-11-01
L0006161,676,Broker,41864.44,0,0.0,8743.29,2,6035.0,2023-07-11
L0006162,736,Branch,19734.86,0,0.0,643.18,4,7134.19,2026-01-09
L0006163,707,Broker,33794.4,0,0.0,3294.73,1,8182.53,2024-10-03
L0006164,702,Broker,23559.13,0,0.0,3907.31,1,9613.79,2023-11-16
L0006165,609,Online,46978.48,0,0.0,21331.05,3,20910.85,2022-06-07
L0006166,694,Branch,7197.75,0,0.0,2069.13,1,0.0,2022-04-21
L0006167,784,Online,58191.74,0,0.0,1677.8,1,5021.46,2025-03-15
L0006168,650,Branch,19349.01,0,0.0,6546.76,3,22849.39,2022-11-04
L0006169,671,Online,29915.79,0,0.0,10276.05,4,17621.19,2021-12-23
L0006170,758,Branch,52493.27,0,0.0,683.22,4,11544.02,2025-11-16
L0006171,693,Online,44383.19,1,25276.98,-11078.57,4,15455.93,2022-08-23
L0006172,877,Online,22712.59,0,0.0,2610.73,4,1260.01,2021-12-18
L0006173,683,Branch,29591.18,0,0.0,1730.34,3,11086.26,2025-09-28
L0006174,753,Branch,30241.18,0,0.0,3146.63,3,5466.06,2022-11-19
L0006175,709,Online,53445.14,0,0.0,18983.44,1,15006.77,2021-07-11
L0006176,673,Branch,31320.6,0,0.0,5057.87,2,12443.29,2024-04-17
L0006177,752,Broker,19392.93,0,0.0,1262.78,4,6770.38,2024-10-13
L0006178,740,Online,17873.41,0,0.0,1760.59,4,3985.74,2024-02-22
L0006179,720,Branch,8947.53,1,6871.51,-5426.48,3,13012.58,2023-02-22
L0006180,664,Online,23940.81,0,0.0,1253.8,4,7531.24,2025-12-26
L0006181,673,Online,32436.64,0,0.0,2978.79,3,13898.08,2025-03-13
L0006182,607,Online,13927.52,0,0.0,4444.07,1,9623.17,2023-10-04
L0006183,745,Branch,37342.13,0,0.0,4285.82,3,4686.42,2022-08-25
L0006184,678,Broker,23607.22,0,0.0,6011.87,1,23250.21,2022-12-09
L0006185,703,Online,58393.23,0,0.0,15212.27,4,16731.95,2022-12-29
L0006186,685,Branch,13655.5,0,0.0,2326.14,3,3118.57,2024-03-20
L0006187,705,Online,16017.75,0,0.0,3563.2,3,14855.59,2023-10-19
L0006188,691,Branch,39390.96,0,0.0,9938.47,3,10196.83,2022-07-01
L0006189,739,Broker,14741.83,0,0.0,909.74,3,11471.84,2025-10-15
L0006190,704,Online,43614.81,0,0.0,6452.23,2,15698.42,2024-08-16
L0006191,657,Branch,35899.23,0,0.0,2964.45,3,22715.59,2025-07-26
L0006192,609,Branch,10789.03,0,0.0,3650.18,2,20543.73,2023-08-14
L0006193,699,Broker,18586.58,0,0.0,1528.55,2,16935.39,2025-03-10
L0006194,605,Broker,34112.79,1,18367.78,-7113.47,3,24898.22,2023-07-08
L0006195,746,Online,38174.81,0,0.0,3005.41,2,5806.23,2023-10-10
L0006196,675,Branch,13730.45,1,5222.05,-2332.09,4,21506.57,2023-11-15
L0006197,847,Online,13522.01,0,0.0,831.94,4,4001.86,2024-03-16
L0006198,831,Broker,52479.56,0,0.0,2807.57,4,3701.03,2023-12-10
L0006199,584,Branch,54760.05,0,0.0,12528.59,2,27316.34,2024-09-06
L0006200,-9999,Online,59726.99,0,0.0,15468.36,4,3577.51,2022-07-03
L0006201,787,Branch,35070.65,0,0.0,308.96,3,4850.03,2026-03-11
L0006202,720,Online,40029.57,1,30137.23,-20903.01,3,20617.76,2022-11-08
L0006203,736,Online,32904.96,0,0.0,6695.16,1,12732.86,2023-01-26
L0006204,687,Online,32297.32,0,0.0,9437.15,1,6223.53,2023-01-01
L0006205,692,Broker,14337.41,0,0.0,2150.45,2,16609.77,2024-02-16
L0006206,765,Online,52584.78,0,0.0,2274.91,2,7280.57,2024-07-04
L0006207,690,Online,36305.28,1,26309.39,-16871.97,2,10456.83,2023-05-13
L0006208,741,Online,22734.12,0,0.0,3046.99,2,11885.09,2022-07-18
L0006209,718,Broker,21813.94,0,0.0,4062.99,4,4258.33,2022-05-06
L0006210,756,Branch,32808.3,0,0.0,1199.23,2,10116.54,2025-06-12
L0006211,786,Broker,39694.12,0,0.0,3041.28,3,3808.51,2023-01-19
L0006212,742,Broker,6896.76,0,0.0,1106.39,3,6024.29,2021-08-17
L0006213,784,Branch,19631.98,0,0.0,1735.15,3,7653.42,2022-07-30
L0006214,719,Online,43093.83,0,0.0,5023.67,1,13710.34,2024-10-09
L0006215,752,Branch,23477.8,0,0.0,2613.88,4,8348.7,2022-02-22
L0006216,744,Online,11670.9,0,0.0,1716.97,3,3938.72,2023-01-09
L0006217,721,Online,9108.29,0,0.0,2593.04,3,8944.07,2022-10-10
L0006218,829,Online,7341.37,0,0.0,363.54,1,1595.09,2025-10-28
L0006219,749,Branch,16205.78,1,5797.53,-5138.36,3,10980.89,2025-12-17
L0006220,710,Broker,13244.28,1,8522.95,-7371.0,3,17586.64,2025-02-02
L0006221,758,Branch,9236.26,0,0.0,824.62,4,6678.56,2025-03-17
L0006222,585,Broker,47751.53,1,28298.15,-20093.03,2,26257.27,2025-02-14
L0006223,645,Online,14083.06,0,0.0,3816.86,3,8252.08,2023-10-04
L0006224,643,Online,42219.81,0,0.0,14069.41,4,16135.7,2022-11-13
L0006225,757,Online,50368.57,0,0.0,1432.53,2,9952.16,2025-03-01
L0006226,657,Broker,48053.36,0,0.0,1812.79,3,1874.28,2026-01-01
L0006227,765,Broker,30402.34,0,0.0,2539.49,3,9974.06,2023-03-21
L0006228,723,Broker,14086.6,0,0.0,1055.66,2,2415.13,2025-05-24
L0006229,712,Branch,36835.14,0,0.0,6256.05,4,7483.39,2023-03-05
L0006230,704,Online,11869.56,1,6016.9,-4996.33,3,13393.66,2025-11-16
L0006231,773,Branch,40151.95,0,0.0,522.32,4,9317.81,2025-12-18
L0006232,715,Online,54938.42,0,0.0,13284.41,1,11591.55,2022-12-14
L0006233,667,Branch,55492.49,0,0.0,8749.94,4,18227.44,2024-06-07
L0006234,722,Online,37148.81,0,0.0,6262.78,2,19648.08,2023-10-27
L0006235,703,Broker,18978.03,0,0.0,3993.1,1,12065.73,2023-01-06
L0006236,795,Online,40414.18,0,0.0,3087.59,4,3024.25,2022-12-19
L0006237,716,Online,56520.69,1,26166.43,-22764.59,3,14935.02,2025-09-04
L0006238,706,Online,12944.32,0,0.0,1666.8,3,16882.82,2025-02-27
L0006239,608,Branch,26620.38,0,0.0,11629.46,1,4437.87,2022-07-07
L0006240,670,Broker,5373.2,0,0.0,699.94,2,12751.57,2024-10-17
L0006241,725,Branch,23002.57,0,0.0,1696.05,1,16497.88,2024-10-06
L0006242,775,Online,16622.64,0,0.0,625.17,2,5087.62,2024-12-22
L0006243,631,Online,24260.0,0,0.0,11671.7,3,8966.9,2021-08-09
L0006244,753,Online,27572.32,0,0.0,3014.86,1,12330.12,2022-05-13
L0006245,669,Online,28560.76,0,0.0,10495.65,4,21262.1,2021-10-17
L0006246,715,Branch,27833.92,0,0.0,4673.21,1,12926.43,2023-03-25
L0006247,709,Broker,19424.76,0,0.0,1313.59,3,12139.79,2025-08-05
L0006248,710,Branch,30268.29,0,0.0,5143.0,1,11153.44,2023-04-22
L0006249,750,Branch,43175.56,0,0.0,1354.06,4,2425.37,2025-06-06
L0006250,-9999,Online,22017.96,0,0.0,4314.4,2,10628.55,2023-12-26
L0006251,652,Broker,25886.95,0,0.0,10464.93,2,10031.61,2021-10-28
L0006252,644,Online,45028.7,0,0.0,3095.16,1,26654.78,2025-09-01
L0006253,685,Broker,56805.9,0,0.0,7372.42,2,14826.52,2024-07-24
L0006254,749,Online,13114.61,0,0.0,1552.57,4,7119.36,2023-07-23
L0006255,723,Broker,40048.73,0,0.0,3692.18,1,16196.89,2024-04-04
L0006256,778,Online,54292.68,0,0.0,1390.83,3,14067.48,2025-05-18
L0006257,667,Branch,39354.69,0,0.0,13733.47,1,14927.76,2022-01-20
L0006258,812,Online,18038.79,0,0.0,172.78,3,1720.48,2026-03-23
L0006259,641,Broker,41732.05,0,0.0,14538.19,1,8918.1,2022-10-22
L0006260,803,Broker,22622.13,0,0.0,2188.23,1,940.86,2022-04-29
L0006261,697,Broker,41629.22,0,0.0,2903.86,3,11162.38,2025-05-25
L0006262,678,Online,59657.38,0,0.0,6701.27,2,8202.03,2024-12-10
L0006263,753,Branch,21074.16,0,0.0,2019.45,3,13941.46,2023-08-28
L0006264,667,Online,51885.51,0,0.0,11974.08,4,24913.02,2023-06-18
L0006265,682,Branch,56286.9,0,0.0,7769.26,1,18832.82,2024-07-15
L0006266,753,Online,13079.56,0,0.0,1405.19,3,3080.5,2023-11-11
L0006267,706,Branch,16703.23,0,0.0,1632.25,2,11093.5,2025-02-11
L0006268,736,Branch,30955.46,0,0.0,2151.28,2,8254.27,2024-10-20
L0006269,620,Broker,24065.28,0,0.0,3867.7,4,11298.37,2025-01-08
L0006270,781,Online,35045.0,0,0.0,3913.11,1,8638.02,2021-09-28
L0006271,709,Broker,38409.63,0,0.0,9803.8,2,10294.2,2021-09-09
L0006272,789,Branch,54209.57,0,0.0,2819.02,4,5596.32,2023-11-01
L0006273,696,Branch,59155.13,0,0.0,5207.38,3,11574.38,2025-01-12
L0006274,702,Broker,54944.61,0,0.0,11756.34,4,8850.09,2022-09-24
L0006275,678,Broker,52047.75,0,0.0,9088.55,1,12707.33,2023-12-16
L0006276,759,Broker,25587.16,0,0.0,1942.13,1,12471.57,2022-12-15
L0006277,645,Branch,25226.51,0,0.0,4795.83,2,11699.98,2024-07-23
L0006278,626,Broker,37970.05,0,0.0,11614.31,4,10675.05,2023-07-18
L0006279,660,Broker,36158.44,0,0.0,9764.13,4,26842.06,2023-03-14
L0006280,665,Online,22893.68,0,0.0,6604.84,4,18584.88,2022-12-02
L0006281,581,Online,36077.92,0,0.0,6829.59,3,24646.85,2025-01-11
L0006282,693,Online,21645.56,0,0.0,6862.86,1,10456.45,2022-08-16
L0006283,678,Broker,47179.0,0,0.0,2594.8,3,12373.6,2025-09-13
L0006284,785,Broker,45870.95,0,0.0,731.16,3,6409.81,2025-12-29
L0006285,667,Broker,56947.06,0,0.0,17446.84,4,20470.02,2022-06-26
L0006286,589,Online,9292.41,1,7176.39,-1961.57,1,19265.91,2022-03-27
L0006287,726,Broker,47142.52,0,0.0,6498.54,1,6039.55,2023-03-01
L0006288,728,Broker,49943.52,0,0.0,9324.83,1,20762.43,2021-12-07
L0006289,730,Broker,33219.53,0,0.0,1932.66,1,11460.53,2024-12-01
L0006290,686,Branch,13024.28,0,0.0,910.49,4,17361.8,2025-08-15
L0006291,638,Online,49272.82,0,0.0,19673.92,3,11478.57,2022-04-12
L0006292,619,Online,49849.79,0,0.0,8031.18,3,17556.13,2024-12-23
L0006293,699,Broker,28812.42,1,8863.53,-2068.35,2,14480.49,2022-07-04
L0006294,608,Branch,31803.52,0,0.0,9193.89,1,0.0,2023-12-21
L0006295,758,Broker,41088.4,0,0.0,1148.93,3,8728.25,2025-10-07
L0006296,720,Broker,52678.03,0,0.0,5343.6,2,19089.24,2024-05-13
L0006297,665,Online,12526.39,0,0.0,910.0,1,13207.53,2025-09-12
L0006298,606,Broker,47223.99,0,0.0,21782.46,2,17683.31,2022-06-19
L0006299,714,Branch,50517.78,1,39639.21,-37995.19,4,11429.69,2025-12-15
L0006300,-9999,Broker,27628.27,0,0.0,4474.68,4,9441.08,2024-04-06
L0006301,651,Broker,43820.73,0,0.0,3611.61,2,7088.16,2025-07-21
L0006302,757,Branch,36863.86,0,0.0,2690.56,2,7155.87,2023-09-09
L0006303,693,Branch,22293.02,0,0.0,1075.62,2,4623.91,2025-11-10
L0006304,668,Broker,14226.46,0,0.0,845.15,2,12269.15,2025-10-02
L0006305,705,Branch,5800.09,0,0.0,1669.7,1,16772.1,2022-07-24
L0006306,688,Broker,11774.12,0,0.0,2810.38,1,11812.55,2022-11-27
L0006307,745,Online,21740.81,0,0.0,1517.24,4,14558.14,2024-02-16
L0006308,741,Broker,35959.41,0,0.0,3510.89,4,6785.37,2023-11-24
L0006309,633,Branch,6821.32,0,0.0,2567.45,3,19808.97,2023-06-11
L0006310,685,Broker,33021.81,0,0.0,2340.44,1,12637.79,2025-08-18
L0006311,660,Branch,21279.18,0,0.0,1265.23,3,14320.49,2025-12-21
L0006312,593,Broker,58979.24,1,26222.75,-11161.57,2,12882.35,2024-05-15
L0006313,668,Branch,6697.17,0,0.0,654.82,4,9725.18,2026-03-23
L0006314,743,Broker,43174.64,0,0.0,6332.71,2,7014.55,2021-08-22
L0006315,644,Broker,17397.54,0,0.0,7042.63,2,22574.2,2022-01-24
L0006316,665,Online,19168.1,0,0.0,5578.86,4,13457.44,2022-10-26
L0006317,702,Branch,24546.56,0,0.0,6172.33,1,16643.08,2022-04-09
L0006318,598,Broker,12148.18,1,3979.85,653.02,1,56.28,2023-03-26
L0006319,685,Branch,48903.06,0,0.0,5310.98,3,14561.98,2024-10-27
L0006320,665,Broker,26003.68,0,0.0,6643.73,3,22619.51,2023-04-18
L0006321,788,Online,51327.26,0,0.0,5228.35,4,5416.28,2021-09-28
L0006322,670,Broker,19420.88,0,0.0,3625.3,3,11356.99,2023-12-18
L0006323,630,Online,10694.48,0,0.0,5282.31,4,21962.88,2021-10-21
L0006324,738,Broker,28926.85,0,0.0,3244.92,2,17311.7,2023-07-02
L0006325,659,Online,51864.88,0,0.0,20248.14,1,9509.2,2021-09-24
L0006326,636,Broker,25894.76,0,0.0,7729.07,4,8170.23,2023-05-20
L0006327,672,Online,25094.48,1,13746.98,-7675.1,4,13311.42,2023-04-29
L0006328,769,Broker,16945.89,0,0.0,968.92,3,9934.07,2024-03-30
L0006329,751,Online,34896.37,1,27030.56,-25430.05,2,10205.57,2024-12-08
L0006330,701,Online,46554.94,0,0.0,15323.98,1,25891.87,2022-03-13
L0006331,741,Branch,37961.53,0,0.0,1442.41,2,10981.47,2025-08-18
L0006332,593,Online,30222.65,0,0.0,8173.33,3,26474.19,2024-04-10
L0006333,649,Broker,11219.6,0,0.0,4851.48,2,5563.47,2021-09-10
L0006334,795,Online,20860.91,0,0.0,1119.88,1,4867.93,2023-10-29
L0006335,700,Branch,5737.7,0,0.0,1602.94,3,5498.82,2023-02-06
L0006336,659,Online,53544.7,0,0.0,4357.18,1,15768.72,2025-07-29
L0006337,756,Branch,28729.45,0,0.0,720.67,1,8154.39,2026-02-11
L0006338,694,Broker,57394.58,0,0.0,12807.93,3,11311.97,2022-11-27
L0006339,739,Online,53268.7,1,19253.47,-15191.17,4,7219.21,2025-01-18
L0006340,681,Branch,45241.72,0,0.0,2465.97,2,13875.13,2025-09-29
L0006341,682,Branch,16006.82,0,0.0,3694.38,3,18415.98,2023-02-20
L0006342,634,Branch,52801.21,0,0.0,23022.23,2,0.0,2021-12-12
L0006343,727,Broker,46219.88,0,0.0,9716.37,1,13039.2,2021-06-30
L0006344,571,Broker,16575.7,1,6299.25,-930.22,4,27740.06,2024-03-22
L0006345,719,Branch,21069.95,0,0.0,966.29,2,9030.68,2025-06-09
L0006346,706,Branch,59999.98,0,0.0,11936.35,1,12650.45,2022-10-18
L0006347,673,Branch,16185.47,1,12511.0,-6362.46,3,23017.01,2021-08-10
L0006348,815,Broker,29656.0,0,0.0,1584.3,2,2797.98,2024-01-24
L0006349,682,Broker,44811.22,0,0.0,11809.13,3,18153.01,2022-07-23
L0006350,-9999,Online,39524.24,0,0.0,6778.96,4,14096.53,2024-11-20
L0006351,754,Broker,42716.31,0,0.0,2730.64,3,8847.69,2024-01-27
L0006352,692,Branch,46632.57,1,25043.25,-15525.01,2,14832.92,2023-02-24
L0006353,751,Broker,46253.58,0,0.0,5297.56,3,6233.92,2021-12-25
L0006354,708,Branch,55358.74,0,0.0,7698.24,4,15875.45,2023-10-22
L0006355,702,Branch,36639.72,0,0.0,6554.17,2,7611.95,2023-03-05
L0006356,602,Online,46609.86,0,0.0,11202.84,3,19941.19,2024-05-18
L0006357,844,Online,36720.46,0,0.0,1963.48,3,4888.63,2023-12-18
L0006358,669,Online,20484.18,0,0.0,1511.71,2,3934.87,2025-09-29
L0006359,612,Broker,31960.98,0,0.0,16359.86,1,19925.12,2021-10-10
L0006360,741,Broker,28530.09,0,0.0,1838.21,3,10996.06,2025-01-19
L0006361,638,Online,48748.26,0,0.0,21977.52,1,20998.67,2021-07-31
L0006362,684,Online,59705.57,0,0.0,13766.04,1,15373.42,2023-11-04
L0006363,798,Branch,28050.54,0,0.0,1094.17,1,5889.88,2024-09-21
L0006364,622,Online,20835.49,0,0.0,5806.7,1,20084.89,2023-11-19
L0006365,634,Branch,34764.16,0,0.0,1809.14,1,16817.6,2026-01-07
L0006366,691,Online,10956.44,0,0.0,1199.5,3,9688.68,2025-06-02
L0006367,695,Broker,24270.14,0,0.0,2414.55,4,11964.01,2025-01-02
L0006368,800,Online,36914.81,0,0.0,694.9,4,0.0,2025-09-11
L0006369,645,Broker,59649.88,0,0.0,5129.06,4,20581.9,2025-07-01
L0006370,698,Broker,15877.95,0,0.0,792.23,4,16522.33,2026-03-05
L0006371,717,Branch,51358.6,0,0.0,1581.47,2,22690.5,2025-12-02
L0006372,623,Online,56722.34,0,0.0,28023.5,4,11991.2,2021-08-16
L0006373,590,Online,43248.34,0,0.0,17029.04,1,12784.15,2023-04-03
L0006374,786,Branch,7144.55,0,0.0,267.56,2,7593.16,2025-06-05
L0006375,765,Broker,23506.05,0,0.0,2630.35,4,2792.06,2022-02-21
L0006376,758,Online,41475.71,0,0.0,2595.54,1,6587.03,2023-10-29
L0006377,606,Online,30159.64,0,0.0,10028.12,1,3091.76,2023-07-08
L0006378,674,Online,51439.01,0,0.0,5481.17,4,5897.87,2025-01-18
L0006379,720,Branch,42301.19,0,0.0,5642.64,4,0.0,2023-07-20
L0006380,654,Broker,43376.13,0,0.0,10032.36,2,4749.81,2023-09-22
L0006381,668,Online,15315.21,0,0.0,4863.4,4,17541.05,2022-08-15
L0006382,770,Branch,48400.27,0,0.0,1030.67,3,8475.7,2025-09-28
L0006383,672,Branch,37503.5,0,0.0,1244.18,4,10258.02,2026-01-10
L0006384,713,Branch,43873.06,0,0.0,5078.5,3,11236.52,2024-02-03
L0006385,660,Broker,57310.39,0,0.0,8055.82,2,26911.31,2024-10-06
L0006386,706,Broker,41223.27,0,0.0,10139.72,1,11321.85,2021-12-21
L0006387,691,Online,18264.53,0,0.0,7007.33,4,18287.17,2022-02-05
L0006388,765,Broker,43972.08,0,0.0,3700.01,2,7032.78,2022-11-22
L0006389,748,Online,50110.46,0,0.0,6107.29,4,15645.65,2022-05-18
L0006390,726,Broker,55071.49,1,18192.55,-8788.83,4,12775.73,2022-04-28
L0006391,652,Broker,11893.7,0,0.0,4816.74,1,18717.01,2022-03-15
L0006392,705,Branch,30399.84,0,0.0,5823.52,3,9119.05,2023-01-01
L0006393,664,Online,27673.31,0,0.0,4490.51,1,13342.88,2024-08-26
L0006394,641,Branch,51979.34,0,0.0,22369.06,4,17564.85,2021-11-24
L0006395,654,Broker,47709.53,0,0.0,5836.85,1,17589.34,2025-02-22
L0006396,713,Online,25828.29,1,8859.17,-6220.95,2,0.0,2025-01-28
L0006397,809,Online,27845.15,0,0.0,3001.89,1,4680.55,2021-12-27
L0006398,668,Branch,16640.26,0,0.0,2782.37,2,22247.86,2024-06-18
L0006399,698,Broker,31085.8,0,0.0,5977.3,4,14697.08,2023-02-21
L0006400,-9999,Online,15468.97,0,0.0,4746.03,4,16920.44,2022-08-03
L0006401,697,Online,20300.46,0,0.0,5965.96,3,9028.06,2022-10-12
L0006402,686,Branch,12141.05,0,0.0,2915.54,1,9517.89,2023-06-17
L0006403,697,Online,50858.93,0,0.0,3106.64,4,17440.08,2025-09-24
L0006404,691,Branch,5946.82,0,0.0,1797.66,1,843.81,2022-12-24
L0006405,691,Online,43052.28,0,0.0,6979.31,3,7161.91,2024-07-02
L0006406,765,Online,34539.9,0,0.0,3589.0,1,8664.81,2022-02-12
L0006407,613,Broker,19592.36,1,6118.33,-4917.44,2,0.0,2026-01-11
L0006408,729,Branch,35146.85,0,0.0,2807.38,1,13543.1,2024-06-09
L0006409,618,Broker,9634.17,0,0.0,4682.21,4,12657.97,2022-04-14
L0006410,644,Broker,30600.65,0,0.0,6627.82,4,10392.64,2024-03-15
L0006411,666,Online,50307.23,0,0.0,15425.68,4,3793.16,2022-07-18
L0006412,756,Branch,14857.76,0,0.0,1561.43,3,3658.88,2022-03-25
L0006413,681,Branch,54277.07,0,0.0,2747.42,1,5826.42,2025-09-25
L0006414,743,Branch,44005.44,0,0.0,528.0,4,5048.08,2026-03-07
L0006415,720,Online,46454.88,0,0.0,12949.57,1,12828.16,2022-03-01
L0006416,873,Broker,20910.87,0,0.0,340.49,2,0.0,2026-02-03
L0006417,644,Online,40857.18,0,0.0,3802.62,2,20952.36,2025-06-25
L0006418,698,Broker,21242.69,0,0.0,3252.51,1,16485.19,2024-01-14
L0006419,728,Online,34872.2,0,0.0,6797.09,4,14232.81,2023-05-29
L0006420,615,Online,30360.92,0,0.0,4746.74,3,20478.86,2025-01-28
L0006421,717,Online,14389.13,0,0.0,2846.36,2,8775.75,2023-10-31
L0006422,674,Online,28427.82,0,0.0,3272.06,1,11838.9,2024-12-04
L0006423,827,Branch,11140.09,0,0.0,1335.17,2,4847.57,2022-08-31
L0006424,692,Online,43364.41,0,0.0,4934.88,1,13391.25,2025-02-23
L0006425,716,Broker,5547.15,0,0.0,1244.44,2,14202.79,2022-07-28
L0006426,636,Branch,23384.85,0,0.0,10574.98,2,7560.77,2021-09-02
L0006427,653,Branch,46425.08,0,0.0,1201.88,3,8459.45,2026-03-18
L0006428,761,Online,53094.99,0,0.0,1232.9,2,5662.29,2025-06-14
L0006429,743,Online,38121.23,0,0.0,1963.07,2,8893.81,2025-03-22
L0006430,695,Branch,30472.83,0,0.0,6099.78,2,8427.92,2023-02-22
L0006431,721,Online,54950.05,0,0.0,16116.53,4,7642.25,2021-11-02
L0006432,718,Broker,26257.68,0,0.0,3067.21,3,15641.44,2024-04-13
L0006433,692,Broker,51393.72,0,0.0,7905.76,4,9449.4,2023-12-22
L0006434,699,Branch,48661.64,0,0.0,8386.85,2,8069.43,2023-07-02
L0006435,707,Branch,32396.25,0,0.0,6801.98,1,6605.45,2022-06-27
L0006436,722,Broker,8069.37,0,0.0,646.43,1,11823.81,2024-08-26
L0006437,684,Online,49637.06,0,0.0,6523.25,3,16955.63,2025-01-27
L0006438,686,Branch,47920.84,0,0.0,3291.18,2,9810.58,2025-06-08
L0006439,637,Online,40879.66,0,0.0,19028.54,1,18887.46,2021-07-17
L0006440,650,Broker,6636.83,1,3966.77,-3002.4,4,16630.25,2024-10-28
L0006441,688,Broker,59949.21,0,0.0,4939.47,3,13420.18,2025-04-15
L0006442,706,Branch,44086.65,0,0.0,1301.86,1,23423.82,2026-01-30
L0006443,637,Broker,42895.01,0,0.0,16182.97,4,9026.62,2022-06-12
L0006444,674,Online,12831.13,0,0.0,3251.3,3,16715.93,2023-03-16
L0006445,753,Branch,56365.27,0,0.0,6508.23,4,6218.04,2022-01-12
L0006446,640,Broker,15156.21,0,0.0,3496.73,3,18564.31,2024-04-20
L0006447,634,Online,54804.09,0,0.0,16180.15,3,19733.29,2023-05-03
L0006448,674,Online,20255.58,0,0.0,6674.82,3,13266.22,2021-12-11
L0006449,737,Branch,39906.89,0,0.0,5823.31,3,10607.81,2022-03-29
L0006450,-9999,Online,38136.49,0,0.0,7593.13,4,12098.55,2024-02-24
L0006451,743,Branch,15549.73,0,0.0,2284.65,2,2846.63,2021-09-13
L0006452,689,Online,18881.36,0,0.0,2880.42,1,2659.77,2024-09-09
L0006453,637,Online,57661.03,0,0.0,26482.39,2,24305.09,2021-08-24
L0006454,627,Broker,13395.39,0,0.0,513.73,3,5521.34,2026-02-02
L0006455,632,Broker,59195.89,0,0.0,12430.76,1,9089.38,2024-04-30
L0006456,668,Branch,27973.06,0,0.0,3742.35,1,10882.35,2024-10-01
L0006457,716,Branch,42139.76,0,0.0,8062.45,3,10488.81,2022-05-26
L0006458,689,Online,43593.25,0,0.0,15327.64,2,15510.67,2022-04-22
L0006459,681,Online,35641.09,0,0.0,1856.27,1,14356.56,2026-01-16
L0006460,649,Branch,8836.74,0,0.0,1642.31,4,5183.66,2025-01-26
L0006461,742,Broker,22827.15,0,0.0,3511.83,3,4362.63,2021-07-18
L0006462,710,Broker,59804.13,0,0.0,5072.12,4,1834.21,2024-12-13
L0006463,709,Branch,35526.24,0,0.0,6422.6,2,14192.55,2022-12-23
L0006464,751,Branch,59218.0,0,0.0,6184.22,1,0.0,2022-08-11
L0006465,748,Branch,22133.11,0,0.0,3285.55,2,6826.16,2021-10-08
L0006466,699,Branch,14145.26,0,0.0,3782.92,1,19220.66,2022-04-03
L0006467,699,Broker,23335.32,0,0.0,6118.09,2,6302.63,2021-12-19
L0006468,727,Branch,16885.34,0,0.0,2843.84,2,17209.92,2022-08-01
L0006469,654,Broker,11615.68,0,0.0,913.81,4,17608.23,2025-08-26
L0006470,694,Branch,20174.68,0,0.0,2518.69,4,14954.99,2024-05-26
L0006471,771,Online,37052.1,0,0.0,2792.59,4,6138.02,2022-09-18
L0006472,690,Online,24178.09,0,0.0,5388.71,4,11017.32,2023-11-08
L0006473,631,Broker,59864.91,0,0.0,22544.3,1,17238.25,2022-08-04
L0006474,705,Branch,48086.57,0,0.0,10919.36,3,12063.43,2022-03-27
L0006475,680,Online,44020.69,0,0.0,16749.5,1,7650.49,2022-03-27
L0006476,690,Branch,16258.84,0,0.0,894.3,2,12827.68,2025-10-18
L0006477,591,Branch,29431.59,0,0.0,11424.81,1,25713.63,2023-05-08
L0006478,623,Branch,23798.38,0,0.0,4603.77,2,32026.28,2024-09-02
L0006479,613,Broker,6865.81,1,3390.31,-1305.97,4,20319.17,2024-01-18
L0006480,736,Broker,42737.63,0,0.0,571.33,2,13545.02,2026-03-08
L0006481,693,Broker,39542.51,0,0.0,11758.99,2,13086.96,2021-08-04
L0006482,742,Online,58047.29,0,0.0,3334.91,2,3157.39,2024-09-11
L0006483,685,Online,20742.41,0,0.0,1479.39,1,6301.72,2025-09-21
L0006484,707,Online,7769.88,0,0.0,918.43,2,10833.26,2025-11-30
L0006485,731,Branch,7833.55,0,0.0,756.69,3,8431.23,2025-07-26
L0006486,730,Branch,57948.27,0,0.0,5588.41,3,8799.33,2024-02-20
L0006487,715,Branch,53456.37,0,0.0,8209.32,1,17312.36,2023-04-25
L0006488,678,Branch,49962.57,0,0.0,10869.19,4,10112.55,2023-06-14
L0006489,671,Broker,51083.31,0,0.0,13121.86,1,9778.61,2023-01-21
L0006490,661,Broker,41045.57,0,0.0,14391.32,1,0.0,2022-02-25
L0006491,634,Branch,58441.2,0,0.0,22967.5,4,17266.81,2022-05-17
L0006492,684,Broker,9483.88,0,0.0,3549.62,3,6115.74,2021-08-08
L0006493,781,Broker,34353.86,0,0.0,3254.24,2,7092.98,2021-10-14
L0006494,714,Broker,13351.8,0,0.0,1482.73,2,11178.16,2024-10-22
L0006495,687,Online,55354.23,0,0.0,7415.22,1,13945.53,2024-11-11
L0006496,549,Branch,30386.8,1,21526.04,-13692.02,4,22205.95,2024-10-11
L0006497,657,Online,16695.67,0,0.0,5282.99,3,13523.04,2022-12-08
L0006498,605,Broker,43782.75,0,0.0,12059.17,2,20817.08,2024-02-08
L0006499,648,Online,43327.96,0,0.0,6307.49,3,30084.3,2024-11-09
L0006500,-9999,Branch,10809.85,0,0.0,1180.66,1,9124.34,2022-06-18
L0006501,700,Online,36574.05,0,0.0,1692.63,2,6598.84,2026-01-27
L0006502,642,Broker,43791.97,0,0.0,17947.64,1,14257.86,2022-01-11
L0006503,729,Branch,27950.98,0,0.0,4338.55,3,11258.56,2022-06-28
L0006504,738,Online,32655.1,0,0.0,5801.44,1,9603.1,2023-02-23
L0006505,641,Broker,59269.55,0,0.0,20834.84,1,30686.51,2022-09-27
L0006506,634,Online,22581.78,0,0.0,2961.29,4,19726.17,2025-02-10
L0006507,644,Online,59355.8,0,0.0,17584.48,4,11136.19,2023-03-11
L0006508,711,Broker,38670.06,0,0.0,5646.8,4,7176.76,2023-07-13
L0006509,652,Branch,20556.49,0,0.0,7907.25,1,8844.06,2022-03-30
L0006510,757,Online,42498.59,0,0.0,1072.5,4,12513.08,2025-09-12
L0006511,707,Broker,57865.25,0,0.0,8238.96,3,18938.83,2023-10-01
L0006512,663,Online,31629.36,0,0.0,7704.04,4,7148.6,2023-07-14
L0006513,660,Online,13902.15,0,0.0,3645.36,3,15937.4,2023-07-17
L0006514,712,Broker,38859.99,0,0.0,4394.08,2,8695.2,2024-05-16
L0006515,699,Broker,17368.58,0,0.0,3035.58,1,14365.41,2023-05-24
L0006516,698,Broker,6610.62,0,0.0,1378.92,2,15630.99,2023-01-21
L0006517,632,Branch,48309.28,0,0.0,11728.87,3,14151.94,2023-12-13
L0006518,716,Branch,29088.68,0,0.0,470.21,2,13243.29,2026-03-27
L0006519,692,Online,47177.61,0,0.0,18344.38,4,9422.14,2021-09-10
L0006520,636,Online,39511.87,0,0.0,15571.38,3,10877.27,2022-05-20
L0006521,692,Branch,31141.53,0,0.0,6339.98,3,7195.63,2023-03-23
L0006522,669,Branch,9719.5,0,0.0,3436.12,4,7972.94,2022-03-27
L0006523,605,Broker,38189.05,0,0.0,18632.38,1,25860.13,2022-03-25
L0006524,703,Broker,46135.14,0,0.0,10277.51,4,9788.38,2022-05-28
L0006525,712,Online,39219.77,0,0.0,4957.08,4,9424.01,2024-10-11
L0006526,679,Online,20586.15,0,0.0,5633.0,1,23139.44,2022-07-13
L0006527,710,Online,25557.1,0,0.0,2284.24,1,8164.02,2025-05-20
L0006528,797,Online,47823.06,0,0.0,1536.62,3,4270.54,2025-06-06
L0006529,752,Broker,41502.99,1,27101.41,-22633.93,4,17386.05,2022-05-17
L0006530,709,Branch,57206.48,0,0.0,1129.46,1,15449.24,2026-03-06
L0006531,729,Branch,40305.4,1,20347.51,-14127.47,2,19757.97,2022-07-21
L0006532,819,Broker,7298.53,0,0.0,569.39,3,4857.57,2023-03-19
L0006533,760,Broker,48763.99,0,0.0,4269.31,1,14814.7,2022-02-12
L0006534,651,Broker,12988.61,0,0.0,2761.94,1,11490.17,2024-04-07
L0006535,707,Online,16899.37,0,0.0,3237.14,3,11329.71,2024-01-12
L0006536,785,Branch,18539.09,0,0.0,1458.96,1,7883.97,2023-03-05
L0006537,693,Broker,55134.52,0,0.0,6668.76,4,20748.62,2024-07-27
L0006538,699,Online,10348.24,0,0.0,3584.52,1,21065.31,2022-08-22
L0006539,675,Broker,49777.81,0,0.0,15756.11,1,12596.44,2022-02-06
L0006540,731,Branch,6439.57,0,0.0,840.1,3,18405.21,2025-02-23
L0006541,789,Online,23782.32,0,0.0,848.25,2,6953.32,2025-02-07
L0006542,719,Branch,55657.39,0,0.0,6321.01,3,8295.02,2023-12-24
L0006543,732,Broker,17362.04,0,0.0,2458.27,2,14474.59,2023-04-18
L0006544,713,Broker,26879.04,0,0.0,3634.05,3,11381.0,2023-11-07
L0006545,679,Branch,46433.67,0,0.0,12647.49,3,13960.13,2022-08-25
L0006546,587,Online,8989.77,0,0.0,4622.73,2,20234.75,2022-08-21
L0006547,714,Branch,27572.22,0,0.0,3764.89,4,9355.94,2023-09-05
L0006548,595,Branch,26203.25,0,0.0,9339.51,4,0.0,2023-08-03
L0006549,671,Branch,43773.53,0,0.0,8568.5,2,13275.68,2023-10-07
L0006550,-9999,Broker,8219.16,0,0.0,848.24,1,11253.39,2025-12-13
L0006551,715,Broker,18929.02,0,0.0,1894.3,1,9472.75,2024-07-13
L0006552,646,Online,29445.61,0,0.0,3553.87,3,20205.53,2025-03-27
L0006553,740,Online,18549.11,0,0.0,2101.86,2,17404.37,2023-03-23
L0006554,761,Branch,54413.14,0,0.0,5495.22,2,5901.35,2021-11-21
L0006555,684,Broker,21083.57,0,0.0,705.85,3,16297.07,2026-03-22
L0006556,773,Broker,41032.25,0,0.0,1044.78,2,4222.14,2025-08-10
L0006557,770,Broker,28175.27,0,0.0,1728.54,4,10788.27,2023-11-14
L0006558,639,Online,6121.24,1,3413.87,-1784.49,3,17938.83,2024-05-15
L0006559,656,Online,58038.96,1,21213.85,-13179.4,1,22370.84,2024-11-08
L0006560,740,Branch,33983.35,0,0.0,4193.14,4,16132.89,2022-08-14
L0006561,680,Broker,53588.83,0,0.0,9223.78,1,16430.82,2024-01-03
L0006562,748,Online,53923.12,0,0.0,4154.59,1,16968.98,2023-12-05
L0006563,701,Branch,33057.13,0,0.0,8028.99,2,9312.4,2022-03-06
L0006564,748,Broker,51815.74,0,0.0,1538.85,4,7920.75,2025-08-11
L0006565,662,Branch,54531.86,0,0.0,3674.77,4,20513.49,2025-08-15
L0006566,704,Broker,17235.1,0,0.0,4246.46,3,17491.32,2021-11-07
L0006567,639,Branch,51410.03,0,0.0,8236.73,4,23004.36,2024-10-14
L0006568,778,Online,48439.31,0,0.0,2124.82,4,7800.89,2024-11-18
L0006569,647,Broker,41419.15,0,0.0,12890.59,1,16741.21,2022-12-08
L0006570,725,Branch,53384.52,0,0.0,3508.71,1,19531.92,2025-02-04
L0006571,661,Broker,10333.54,0,0.0,773.48,2,10377.77,2026-01-22
L0006572,619,Broker,16930.69,0,0.0,3766.96,3,4875.01,2024-05-07
L0006573,696,Broker,11998.18,0,0.0,2916.56,3,6628.06,2022-10-24
L0006574,614,Online,28831.08,0,0.0,1107.51,2,15859.15,2026-02-05
L0006575,654,Broker,26856.04,0,0.0,10124.58,2,6408.47,2022-02-07
L0006576,788,Branch,44852.51,0,0.0,4200.29,4,3438.05,2022-05-22
L0006577,672,Online,27986.07,0,0.0,4223.35,1,5714.32,2024-06-21
L0006578,777,Broker,58011.23,0,0.0,1853.2,2,5589.08,2025-02-28
L0006579,634,Broker,39494.58,0,0.0,9858.98,2,17836.26,2023-11-29
L0006580,596,Broker,14413.4,1,8878.15,-5823.47,4,33621.73,2024-10-05
L0006581,799,Broker,57851.18,0,0.0,5781.51,1,7790.73,2021-10-08
L0006582,720,Online,42231.14,0,0.0,1051.81,3,5821.45,2026-03-24
L0006583,716,Online,43152.37,0,0.0,7513.51,4,8974.92,2023-12-17
L0006584,726,Online,19137.57,0,0.0,5083.19,3,14610.03,2022-03-06
L0006585,673,Online,36509.27,0,0.0,3360.28,4,7822.8,2025-04-25
L0006586,613,Broker,8153.88,0,0.0,609.84,3,7642.33,2025-11-21
L0006587,745,Broker,27168.17,0,0.0,2945.91,2,6496.27,2023-02-19
L0006588,790,Branch,10331.08,0,0.0,846.95,3,6943.09,2022-12-10
L0006589,700,Online,15862.42,0,0.0,3827.19,1,0.0,2023-05-03
L0006590,660,Online,53891.5,0,0.0,6188.47,1,17507.15,2025-02-13
L0006591,715,Broker,9854.91,0,0.0,571.48,2,9104.06,2025-09-20
L0006592,680,Branch,25268.29,0,0.0,1160.47,1,15036.32,2025-10-23
L0006593,670,Broker,6191.87,0,0.0,1134.38,2,12293.5,2024-10-18
L0006594,713,Branch,28465.9,0,0.0,2820.48,1,18427.34,2024-07-19
L0006595,671,Broker,25943.23,0,0.0,5824.25,4,9467.89,2023-09-16
L0006596,667,Online,59552.38,0,0.0,5517.06,4,19864.88,2025-04-04
L0006597,664,Broker,25005.74,1,7941.55,-4941.99,2,15587.03,2024-12-24
L0006598,744,Online,59175.87,1,22574.73,-13757.58,4,10883.39,2021-08-03
L0006599,773,Branch,17790.09,0,0.0,2152.27,4,11405.07,2021-09-25
L0006600,-9999,Online,48640.04,0,0.0,13034.17,4,12807.9,2022-09-10
L0006601,725,Broker,21442.64,0,0.0,2100.2,2,13211.6,2024-02-02
L0006602,712,Branch,16014.61,0,0.0,3278.67,2,11211.04,2022-06-13
L0006603,727,Broker,31840.61,0,0.0,1586.71,2,7999.46,2025-03-13
L0006604,737,Online,37782.4,0,0.0,5014.47,4,13723.28,2024-02-11
L0006605,704,Online,47475.7,0,0.0,12878.97,4,6416.59,2022-10-01
L0006606,780,Online,29097.5,0,0.0,2445.04,3,13994.75,2023-01-12
L0006607,671,Branch,14338.5,1,9557.94,-5223.44,1,22694.0,2022-09-28
L0006608,656,Branch,12779.24,0,0.0,2309.79,3,9683.68,2024-06-18
L0006609,881,Broker,50149.24,0,0.0,5392.07,4,1258.78,2021-07-27
L0006610,674,Branch,33068.45,0,0.0,10864.54,2,22094.85,2021-12-21
L0006611,841,Branch,53235.32,0,0.0,2301.3,2,3799.42,2024-05-30
L0006612,717,Branch,33256.78,0,0.0,5295.58,1,4676.88,2023-04-17
L0006613,784,Broker,29660.37,0,0.0,2711.39,1,6683.38,2022-05-08
L0006614,696,Branch,19609.98,0,0.0,3053.9,3,1127.03,2024-02-12
L0006615,821,Online,26590.29,0,0.0,1935.56,1,5358.76,2023-07-02
L0006616,650,Online,52053.3,0,0.0,16621.36,1,11175.42,2022-10-23
L0006617,670,Online,31893.06,1,16033.85,-13784.3,4,18480.99,2025-07-10
L0006618,772,Online,7020.19,0,0.0,627.13,2,4248.25,2022-01-10
L0006619,629,Online,18246.08,1,13284.02,-11132.32,1,21546.29,2025-07-24
L0006620,775,Online,52477.58,0,0.0,1399.93,2,6329.3,2025-08-06
L0006621,573,Branch,49167.31,0,0.0,5806.25,4,24274.02,2025-08-28
L0006622,745,Broker,26044.27,0,0.0,652.72,4,5940.0,2025-12-28
L0006623,674,Branch,47432.71,0,0.0,13625.66,2,19003.93,2022-07-28
L0006624,656,Online,46830.89,0,0.0,7636.98,3,24623.27,2024-07-05
L0006625,722,Broker,47473.74,0,0.0,5875.25,3,19311.69,2023-08-27
L0006626,671,Branch,11793.96,0,0.0,2293.61,1,17091.26,2024-06-29
L0006627,703,Branch,33282.06,1,19670.59,-10989.41,1,15710.77,2021-09-17
L0006628,706,Broker,41933.15,0,0.0,2209.99,1,3704.27,2025-08-15
L0006629,687,Online,49884.32,0,0.0,18936.08,2,19657.08,2022-01-22
L0006630,716,Branch,31004.3,0,0.0,5503.92,4,10586.03,2022-09-02
L0006631,603,Broker,14190.28,1,5560.93,-2186.89,2,12989.55,2024-08-11
L0006632,685,Broker,40781.78,0,0.0,9378.36,2,8153.81,2022-12-04
L0006633,657,Broker,6166.71,0,0.0,2189.46,4,12110.22,2022-04-02
L0006634,670,Broker,16810.65,0,0.0,2879.48,4,13275.49,2024-07-31
L0006635,750,Broker,5075.91,0,0.0,1062.16,4,6724.49,2022-11-19
L0006636,761,Branch,12792.32,0,0.0,1483.29,4,9746.58,2022-09-19
L0006637,776,Broker,50350.68,0,0.0,1679.64,1,6961.11,2025-01-30
L0006638,738,Broker,32097.35,0,0.0,1367.25,3,2669.67,2025-04-10
L0006639,641,Online,40313.03,0,0.0,9459.14,1,7733.33,2024-01-29
L0006640,724,Broker,21743.25,0,0.0,1110.79,3,6570.12,2025-11-21
L0006641,801,Online,28031.44,0,0.0,1360.42,2,8026.24,2024-11-25
L0006642,622,Branch,16989.44,0,0.0,8093.38,1,17480.19,2022-02-08
L0006643,703,Online,49848.09,0,0.0,4514.34,2,11826.31,2025-05-11
L0006644,810,Online,19602.49,0,0.0,1424.02,3,9052.28,2023-07-06
L0006645,775,Broker,8351.41,0,0.0,808.02,2,11425.1,2022-08-29
L0006646,647,Broker,37062.19,0,0.0,5596.74,4,26282.51,2024-10-09
L0006647,564,Online,47130.28,0,0.0,9103.17,2,18679.88,2025-02-01
L0006648,664,Online,41311.34,0,0.0,5386.87,4,15568.84,2024-10-22
L0006649,816,Broker,32357.32,0,0.0,1306.57,3,5393.03,2024-11-04
L0006650,-9999,Broker,42615.43,0,0.0,2426.17,3,13853.14,2024-08-21
L0006651,794,Online,35351.69,0,0.0,2674.35,4,4751.15,2022-11-15
L0006652,610,Online,47336.77,0,0.0,9351.11,4,27381.03,2024-09-03
L0006653,713,Broker,17482.61,0,0.0,1939.99,4,18710.6,2024-09-21
L0006654,589,Broker,28669.02,1,13919.54,-18.35,1,17905.44,2022-08-27
L0006655,774,Branch,58967.67,0,0.0,2983.38,1,11676.54,2023-12-22
L0006656,709,Branch,16657.3,0,0.0,2226.36,4,21066.35,2024-05-26
L0006657,723,Branch,50077.29,0,0.0,5691.19,1,10340.15,2023-10-27
L0006658,716,Branch,56704.79,0,0.0,2890.22,2,8586.23,2025-07-02
L0006659,689,Online,47161.18,0,0.0,18686.87,2,14859.2,2021-09-04
L0006660,698,Online,49363.17,0,0.0,5635.82,4,7795.74,2025-01-06
L0006661,671,Branch,17375.22,0,0.0,5586.39,4,22805.5,2022-06-26
L0006662,747,Broker,17381.37,0,0.0,2527.45,3,10745.91,2022-06-05
L0006663,687,Broker,24083.82,0,0.0,7353.42,2,11791.99,2021-10-17
L0006664,621,Branch,55586.88,0,0.0,11124.9,1,17978.93,2024-08-10
L0006665,681,Broker,24335.95,0,0.0,2687.92,2,19115.28,2025-01-05
L0006666,755,Branch,41529.1,0,0.0,769.45,4,11806.32,2025-11-16
L0006667,661,Online,49418.8,1,31547.24,-24963.71,1,19293.7,2024-11-29
L0006668,727,Online,40819.14,0,0.0,2869.9,3,6092.56,2025-05-17
L0006669,666,Online,16024.64,0,0.0,3245.19,2,20629.37,2024-03-26
L0006670,741,Broker,37230.03,0,0.0,1923.62,1,9130.75,2025-03-16
L0006671,773,Branch,45704.32,0,0.0,2359.54,4,10264.75,2024-03-16
L0006672,620,Branch,19457.93,0,0.0,9593.19,4,18479.55,2021-12-26
L0006673,743,Online,14075.27,0,0.0,1581.05,4,10511.78,2023-09-22
L0006674,813,Branch,50470.66,0,0.0,823.9,2,5477.02,2025-12-20
L0006675,594,Online,10455.94,0,0.0,5563.14,4,16721.42,2022-06-29
L0006676,602,Branch,10832.38,0,0.0,2424.53,1,11666.8,2024-07-23
L0006677,714,Branch,10876.06,0,0.0,1874.5,2,18690.77,2023-11-01
L0006678,716,Online,39516.32,0,0.0,12972.79,3,13135.2,2021-08-17
L0006679,622,Branch,38029.24,0,0.0,3124.67,4,13246.95,2025-09-26
L0006680,625,Branch,50694.53,1,36528.72,-22682.82,4,17168.66,2023-10-14
L0006681,641,Online,43034.56,0,0.0,14950.58,3,10603.05,2022-09-27
L0006682,654,Online,42521.41,0,0.0,8141.23,2,13907.18,2024-04-03
L0006683,705,Branch,43800.55,0,0.0,10920.5,4,22868.82,2021-12-01
L0006684,701,Branch,19465.85,0,0.0,3044.2,1,3756.55,2023-10-22
L0006685,663,Broker,16904.05,0,0.0,1136.73,3,17548.88,2025-10-16
L0006686,632,Broker,24807.73,0,0.0,11098.79,2,14796.93,2022-01-20
L0006687,745,Online,10396.62,0,0.0,1158.84,2,3106.51,2023-03-22
L0006688,651,Branch,26556.79,0,0.0,11550.77,2,15145.14,2021-07-02
L0006689,718,Branch,33256.36,0,0.0,3470.49,4,9464.59,2024-03-28
L0006690,740,Broker,13656.36,0,0.0,1145.08,3,19257.38,2024-04-23
L0006691,711,Branch,35864.44,0,0.0,7045.37,1,11561.94,2022-07-12
L0006692,643,Broker,48674.36,0,0.0,3813.17,3,28030.38,2025-09-11
L0006693,745,Branch,31054.14,0,0.0,1126.45,2,2032.69,2025-09-22
L0006694,726,Branch,9351.04,0,0.0,1792.76,4,14270.82,2022-08-30
L0006695,744,Broker,21791.6,0,0.0,2982.73,2,9751.05,2022-02-02
L0006696,609,Broker,25286.27,0,0.0,10129.26,1,16134.88,2022-11-02
L0006697,709,Online,13173.25,0,0.0,2343.75,4,10207.27,2024-03-29
L0006698,628,Online,52884.18,0,0.0,12966.35,3,16633.68,2024-01-16
L0006699,729,Broker,10130.36,0,0.0,245.09,3,9106.01,2026-03-29
L0006700,-9999,Branch,40096.88,0,0.0,1899.75,3,11067.05,2025-09-28
L0006701,837,Online,15120.51,0,0.0,408.75,4,3124.47,2025-10-01
L0006702,708,Branch,10225.82,0,0.0,2259.87,2,26475.84,2022-03-02
L0006703,798,Broker,44073.69,0,0.0,3346.7,4,6442.84,2023-02-07
L0006704,734,Broker,11383.16,0,0.0,1739.81,2,2454.03,2023-08-03
L0006705,729,Branch,16005.03,0,0.0,3344.52,3,12910.63,2021-12-06
L0006706,730,Broker,42630.82,0,0.0,5720.34,1,16430.85,2023-02-27
L0006707,637,Branch,32436.89,0,0.0,6638.94,2,13824.81,2024-06-15
L0006708,655,Online,15450.27,0,0.0,1760.5,3,18701.1,2025-03-13
L0006709,681,Online,14336.87,0,0.0,2446.82,2,10521.88,2024-10-08
L0006710,802,Broker,6151.41,0,0.0,548.54,2,8039.31,2023-10-10
L0006711,667,Broker,27113.77,0,0.0,4149.15,4,6782.75,2024-06-26
L0006712,633,Broker,48161.41,0,0.0,16637.33,1,25721.32,2022-11-25
L0006713,725,Branch,34882.87,0,0.0,2833.93,3,6763.72,2024-07-26
L0006714,671,Broker,38430.7,0,0.0,7731.59,2,19330.98,2023-11-20
L0006715,648,Broker,44129.38,0,0.0,2010.25,4,22816.49,2025-12-30
L0006716,651,Online,43558.72,0,0.0,14797.8,1,12667.53,2022-08-20
L0006717,808,Branch,47867.19,0,0.0,1216.36,4,7005.84,2025-04-12
L0006718,664,Online,30437.23,0,0.0,900.14,1,9322.53,2026-02-23
L0006719,685,Broker,24851.32,0,0.0,4508.27,1,16949.9,2023-08-31
L0006720,720,Broker,21425.18,1,8358.57,-7366.21,4,9938.23,2026-01-04
L0006721,741,Online,15790.08,0,0.0,718.76,2,9673.86,2025-01-18
L0006722,714,Online,54349.05,1,36003.59,-28134.11,3,13633.59,2024-06-30
L0006723,693,Branch,46029.85,0,0.0,7198.68,2,15580.51,2024-01-09
L0006724,763,Branch,37722.24,0,0.0,633.71,3,10550.3,2026-01-21
L0006725,709,Broker,28812.0,0,0.0,1387.4,3,18219.72,2025-11-10
L0006726,754,Branch,16138.44,0,0.0,888.71,4,3207.04,2024-02-02
L0006727,648,Broker,39621.65,0,0.0,10068.09,2,20044.27,2023-09-13
L0006728,786,Branch,28455.91,0,0.0,2135.45,1,4992.91,2022-12-22
L0006729,708,Broker,34142.52,0,0.0,6474.26,1,18674.83,2023-01-25
L0006730,632,Broker,34345.69,0,0.0,8968.55,4,15936.57,2023-11-24
L0006731,784,Broker,17490.99,0,0.0,1019.9,4,10075.84,2024-11-10
L0006732,811,Broker,27728.19,1,11325.38,-10422.63,4,6066.51,2025-04-24
L0006733,682,Online,15219.22,0,0.0,5752.35,3,12578.66,2022-02-28
L0006734,726,Branch,11936.71,0,0.0,629.11,2,11980.65,2025-07-08
L0006735,747,Branch,5535.2,0,0.0,641.12,4,10635.84,2025-08-10
L0006736,593,Branch,54496.94,0,0.0,21863.38,1,18895.09,2023-02-01
L0006737,668,Branch,11756.5,0,0.0,3718.56,4,14073.26,2022-08-26
L0006738,727,Broker,44572.56,0,0.0,5784.6,2,7055.11,2023-06-14
L0006739,703,Broker,8828.62,0,0.0,681.94,1,19731.12,2025-02-21
L0006740,696,Branch,19783.89,0,0.0,3252.33,2,18119.88,2023-10-26
L0006741,733,Branch,41667.26,0,0.0,7508.21,1,0.0,2021-07-12
L0006742,642,Branch,56989.08,0,0.0,11555.75,1,26741.28,2024-04-04
L0006743,714,Branch,48980.24,0,0.0,2083.69,1,18857.57,2025-09-05
L0006744,679,Online,21142.63,1,11638.18,-9622.49,4,15467.84,2025-03-11
L0006745,705,Branch,41958.68,0,0.0,1234.21,1,8787.31,2026-02-01
L0006746,708,Broker,56414.81,0,0.0,5693.13,4,6911.25,2024-07-12
L0006747,687,Branch,18885.94,0,0.0,4793.57,3,13349.84,2022-08-25
L0006748,664,Broker,34643.38,0,0.0,6599.32,2,27165.83,2024-01-02
L0006749,683,Broker,53508.69,0,0.0,12988.39,4,9390.81,2022-10-02
L0006750,-9999,Broker,21965.3,0,0.0,4121.13,3,17722.49,2022-09-25
L0006751,762,Broker,14221.62,0,0.0,731.8,3,3220.73,2025-08-12
L0006752,592,Online,12508.68,0,0.0,655.39,2,18817.76,2026-01-26
L0006753,579,Online,13253.15,0,0.0,8382.63,1,28098.91,2021-10-27
L0006754,702,Branch,26648.96,0,0.0,4009.66,4,1897.12,2024-01-12
L0006755,788,Broker,6854.93,0,0.0,603.13,1,7036.17,2026-02-11
L0006756,692,Branch,47800.09,0,0.0,985.1,4,10084.56,2026-03-25
L0006757,743,Branch,59515.77,1,44488.02,-35446.9,1,13117.18,2021-09-18
L0006758,719,Online,14040.9,0,0.0,2829.08,4,8320.6,2023-07-04
L0006759,649,Online,17451.79,0,0.0,688.9,2,18150.25,2026-03-01
L0006760,620,Broker,25245.55,1,8765.83,-1594.26,3,20843.15,2023-11-16
L0006761,709,Branch,59726.16,0,0.0,8932.73,1,6200.15,2023-07-31
L0006762,715,Online,54226.02,0,0.0,12997.37,4,18216.97,2023-01-29
L0006763,637,Online,26671.84,0,0.0,3771.22,2,14040.54,2025-01-20
L0006764,705,Branch,25931.1,0,0.0,2363.39,1,18818.14,2024-11-09
L0006765,537,Branch,31847.4,0,0.0,22204.95,1,17807.86,2021-12-29
L0006766,693,Branch,6344.95,0,0.0,622.01,1,14083.49,2025-09-20
L0006767,765,Online,27251.22,0,0.0,2800.41,1,8267.85,2022-02-08
L0006768,638,Broker,57940.26,0,0.0,4346.33,4,11913.25,2025-09-30
L0006769,681,Online,5599.62,0,0.0,2398.36,3,8117.54,2022-02-04
L0006770,699,Broker,42048.76,0,0.0,3940.52,3,14121.89,2024-12-17
L0006771,715,Broker,39951.13,1,22927.75,-16177.25,3,12494.42,2022-12-25
L0006772,787,Online,22025.82,0,0.0,939.51,1,7027.76,2024-08-19
L0006773,708,Broker,7218.51,0,0.0,1041.16,4,19703.09,2025-02-13
L0006774,708,Online,58775.81,0,0.0,3013.28,1,16673.42,2025-11-25
L0006775,634,Broker,27206.39,0,0.0,12730.05,1,13814.31,2021-09-25
L0006776,640,Branch,41290.48,0,0.0,9884.01,2,15146.41,2023-11-26
L0006777,701,Broker,33622.23,0,0.0,7090.1,2,13351.89,2022-10-10
L0006778,705,Online,11901.04,0,0.0,2484.64,3,14780.76,2024-03-30
L0006779,783,Online,40660.06,0,0.0,2525.42,2,9397.19,2023-10-02
L0006780,807,Broker,7475.6,0,0.0,206.91,1,3247.49,2025-09-18
L0006781,806,Broker,14410.14,0,0.0,1194.01,1,3865.43,2022-12-16
L0006782,821,Online,15505.7,0,0.0,715.1,4,1564.36,2025-06-06
L0006783,692,Broker,31818.47,0,0.0,1219.24,1,11013.85,2025-11-17
L0006784,750,Branch,24907.45,0,0.0,2033.88,3,12282.62,2023-10-14
L0006785,724,Branch,30462.92,0,0.0,5093.48,3,2111.36,2022-10-14
L0006786,692,Online,9880.7,0,0.0,324.2,4,4967.85,2026-03-22
L0006787,725,Broker,8062.39,1,3224.36,-2208.32,1,8281.22,2023-06-14
L0006788,621,Branch,33294.37,0,0.0,10044.48,2,17403.04,2023-09-06
L0006789,796,Branch,53992.41,0,0.0,2673.91,4,4735.75,2024-02-05
L0006790,710,Broker,13631.75,0,0.0,993.94,4,9450.14,2025-04-25
L0006791,673,Broker,19919.35,0,0.0,5858.19,4,19278.29,2022-10-10
L0006792,693,Branch,13486.65,0,0.0,1176.12,4,16476.06,2025-05-08
L0006793,720,Branch,41395.91,0,0.0,6808.89,1,1768.37,2023-01-27
L0006794,657,Broker,51502.45,0,0.0,15817.48,2,15595.62,2022-09-28
L0006795,716,Broker,29125.72,0,0.0,1988.33,1,13990.66,2025-05-04
L0006796,686,Broker,22896.76,0,0.0,4250.36,3,13622.33,2023-09-15
L0006797,645,Broker,33982.22,0,0.0,6933.38,2,24446.2,2024-04-26
L0006798,697,Broker,32635.31,0,0.0,7771.19,3,6153.99,2022-08-13
L0006799,723,Broker,47577.99,0,0.0,5767.9,2,7644.04,2023-11-27
L0006800,-9999,Online,9089.38,1,5313.61,-3952.23,2,11126.79,2025-04-17
L0006801,630,Online,5311.12,0,0.0,2403.16,1,0.0,2022-11-11
L0006802,776,Branch,32139.67,1,9931.77,-9364.98,1,8751.15,2025-11-27
L0006803,654,Branch,41882.14,0,0.0,12678.47,4,5271.78,2022-11-27
L0006804,699,Online,11134.78,1,4320.67,-2344.67,3,3598.14,2024-05-11
L0006805,760,Branch,14223.27,0,0.0,1800.29,4,3076.34,2021-12-15
L0006806,677,Broker,32506.07,0,0.0,9672.1,4,29837.95,2022-05-04
L0006807,681,Branch,55280.89,0,0.0,8225.4,4,13163.83,2024-04-01
L0006808,745,Broker,8077.8,0,0.0,1186.44,4,9940.67,2023-11-13
L0006809,821,Broker,53182.09,0,0.0,1870.95,2,6933.63,2025-01-07
L0006810,656,Branch,17181.76,0,0.0,4964.12,1,6372.8,2022-12-30
L0006811,731,Broker,40591.37,0,0.0,4113.99,2,15000.82,2023-12-21
L0006812,735,Branch,41462.67,0,0.0,594.44,2,14702.12,2026-02-12
L0006813,734,Branch,21782.03,0,0.0,923.37,4,19783.61,2025-04-13
L0006814,778,Online,5644.84,0,0.0,363.73,4,7150.02,2023-07-22
L0006815,830,Branch,43972.8,0,0.0,3891.91,4,0.0,2022-04-16
L0006816,699,Broker,26275.67,0,0.0,2129.26,1,21491.86,2025-01-04
L0006817,701,Online,23440.51,0,0.0,2298.41,2,793.01,2025-05-02
L0006818,800,Branch,29207.36,0,0.0,2767.44,3,408.67,2022-01-11
L0006819,708,Broker,54998.14,0,0.0,4796.05,4,20262.44,2024-11-30
L0006820,730,Online,43574.97,0,0.0,11449.68,1,15230.15,2022-01-25
L0006821,762,Broker,23552.12,0,0.0,888.77,2,3143.75,2025-05-11
L0006822,807,Broker,35864.19,0,0.0,2281.73,4,4681.97,2023-10-19
L0006823,674,Broker,54616.81,0,0.0,16701.02,2,21911.08,2022-03-09
L0006824,705,Broker,57872.15,0,0.0,13081.94,1,3342.45,2022-05-16
L0006825,665,Branch,23662.2,0,0.0,4942.81,4,9013.36,2024-01-24
L0006826,603,Broker,40790.78,1,28832.54,-13489.15,2,24360.86,2023-03-22
L0006827,686,Online,17062.67,0,0.0,3675.57,4,13992.95,2024-02-22
L0006828,693,Broker,28277.25,0,0.0,1947.35,2,8036.98,2025-07-29
L0006829,649,Online,38649.64,0,0.0,8918.23,1,13211.15,2023-11-18
L0006830,720,Branch,51801.55,0,0.0,7928.36,2,14411.52,2023-02-06
L0006831,610,Broker,28963.39,1,22847.32,-16444.97,4,30987.22,2024-07-24
L0006832,731,Broker,21961.83,0,0.0,3840.24,2,13508.03,2022-04-20
L0006833,690,Online,8339.48,0,0.0,1806.96,1,20390.92,2024-08-04
L0006834,717,Online,5640.44,1,4061.03,-3613.93,2,12883.69,2025-12-06
L0006835,693,Online,51465.88,0,0.0,9639.78,2,14920.48,2024-02-06
L0006836,708,Branch,47547.31,0,0.0,10965.16,4,11169.48,2021-12-10
L0006837,820,Branch,32658.76,0,0.0,3673.95,3,3396.64,2021-09-14
L0006838,687,Branch,34489.3,0,0.0,4718.57,2,27292.18,2024-06-30
L0006839,752,Branch,11849.2,0,0.0,1412.17,3,9249.21,2023-08-08
L0006840,607,Broker,36463.49,0,0.0,4949.63,2,8835.28,2025-05-08
L0006841,641,Branch,47908.64,0,0.0,17915.24,1,21911.78,2022-06-14
L0006842,682,Branch,20349.02,0,0.0,2986.58,4,16197.74,2024-06-26
L0006843,649,Branch,56150.87,0,0.0,7318.4,3,27649.83,2024-12-05
L0006844,741,Online,17305.9,0,0.0,1573.63,3,9964.47,2024-05-16
L0006845,582,Online,39519.79,0,0.0,4298.49,2,2779.38,2025-08-11
L0006846,641,Branch,16020.5,0,0.0,1930.03,4,12642.93,2025-06-19
L0006847,786,Broker,24243.99,0,0.0,1844.72,1,2870.23,2023-02-27
L0006848,701,Branch,45154.66,0,0.0,11678.14,1,19251.26,2021-11-17
L0006849,639,Branch,53959.17,0,0.0,2075.72,2,22347.56,2026-02-01
L0006850,-9999,Online,30297.1,0,0.0,699.79,1,11544.58,2026-03-28
L0006851,754,Branch,58642.36,0,0.0,1069.72,3,6734.75,2025-09-05
L0006852,746,Online,18047.26,0,0.0,1366.94,3,13424.15,2024-05-04
L0006853,773,Online,33030.41,0,0.0,922.35,4,5787.81,2025-10-30
L0006854,675,Online,50014.83,0,0.0,3346.5,1,19081.38,2025-07-12
L0006855,730,Online,37783.13,0,0.0,3324.12,3,9834.84,2025-02-24
L0006856,742,Online,40697.14,0,0.0,2532.23,2,7213.5,2024-07-06
L0006857,675,Branch,18204.09,0,0.0,3911.05,4,11504.39,2023-09-17
L0006858,670,Broker,36459.98,0,0.0,7783.81,1,18955.92,2023-08-22
L0006859,726,Online,20755.62,0,0.0,3540.37,4,10183.1,2023-09-10
L0006860,674,Broker,26909.55,0,0.0,8224.24,3,7771.81,2022-05-12
L0006861,696,Broker,43926.42,0,0.0,9411.69,1,13210.95,2022-10-29
L0006862,734,Broker,46995.09,0,0.0,5090.27,4,8925.76,2023-07-23
L0006863,663,Online,39127.99,0,0.0,5675.22,3,21733.22,2024-10-18
L0006864,630,Online,47216.44,0,0.0,6833.26,4,8970.95,2025-01-29
L0006865,666,Branch,39595.69,0,0.0,8182.93,2,12321.72,2023-10-11
L0006866,667,Branch,5808.04,0,0.0,1075.1,1,15673.31,2024-04-27
L0006867,736,Online,29263.56,0,0.0,3477.05,2,9231.01,2024-06-28
L0006868,669,Online,58168.27,0,0.0,10947.28,3,14433.4,2023-12-27
L0006869,557,Online,10994.92,0,0.0,884.12,2,11071.62,2026-01-29
L0006870,704,Online,39975.17,0,0.0,9976.03,4,3194.0,2023-03-29
L0006871,744,Broker,14388.41,0,0.0,211.41,3,8978.53,2026-02-11
L0006872,819,Broker,34629.37,0,0.0,2534.08,2,2146.34,2023-04-07
L0006873,792,Online,45646.21,0,0.0,4880.21,3,9346.18,2021-09-29
L0006874,720,Branch,48090.43,0,0.0,8643.38,3,10353.1,2022-08-05
L0006875,608,Online,8165.47,0,0.0,1774.17,4,12883.98,2024-10-11
L0006876,750,Broker,27210.15,0,0.0,4014.24,1,11634.38,2021-08-17
L0006877,715,Online,33870.56,0,0.0,3754.33,2,244.24,2025-01-30
L0006878,680,Branch,18471.95,0,0.0,5181.97,1,13917.1,2022-05-09
L0006879,700,Branch,57487.95,0,0.0,7161.09,3,21256.91,2024-05-04
L0006880,662,Branch,39865.33,0,0.0,14817.83,2,11257.82,2021-10-24
L0006881,759,Branch,58003.35,0,0.0,2883.03,4,5149.68,2024-04-01
L0006882,684,Broker,54821.97,0,0.0,3199.49,1,10441.38,2025-08-06
L0006883,706,Online,47942.77,0,0.0,13388.35,3,12372.18,2022-08-29
L0006884,658,Online,25300.41,0,0.0,4142.37,4,21305.57,2024-07-05
L0006885,737,Online,42789.02,0,0.0,4415.18,1,11160.89,2024-09-19
L0006886,691,Online,34520.95,0,0.0,11957.78,2,10895.73,2022-05-27
L0006887,711,Online,15108.25,0,0.0,4938.68,3,16815.24,2022-01-20
L0006888,648,Branch,48909.84,0,0.0,21063.94,3,17957.12,2021-08-05
L0006889,794,Online,54116.24,0,0.0,2935.92,3,5839.52,2023-11-19
L0006890,676,Branch,19501.09,0,0.0,1080.88,1,12674.07,2025-12-13
L0006891,643,Branch,44568.06,0,0.0,11463.96,3,20790.1,2023-09-15
L0006892,710,Branch,13216.07,0,0.0,3426.19,1,0.0,2021-10-27
L0006893,705,Online,41991.04,0,0.0,1370.92,4,7390.53,2026-02-13
L0006894,680,Broker,39934.57,0,0.0,9771.87,1,12973.16,2023-01-17
L0006895,647,Online,59651.99,0,0.0,20328.59,1,10748.01,2022-08-18
L0006896,625,Online,57003.24,0,0.0,6394.14,1,21845.54,2025-05-20
L0006897,663,Online,50107.01,0,0.0,14258.75,4,14643.37,2022-12-11
L0006898,730,Broker,59070.46,0,0.0,2520.08,2,3598.54,2025-07-11
L0006899,731,Broker,8891.17,0,0.0,1625.82,1,11965.46,2022-04-17
L0006900,-9999,Broker,33557.86,0,0.0,5544.14,2,8638.61,2021-08-27
L0006901,686,Branch,45743.67,0,0.0,14380.81,2,5569.25,2021-09-18
L0006902,678,Branch,40884.28,0,0.0,5233.5,3,14250.47,2024-10-08
L0006903,681,Broker,11646.07,0,0.0,3585.81,4,9006.75,2022-03-06
L0006904,635,Online,58073.41,0,0.0,3778.76,4,12704.66,2025-11-06
L0006905,717,Broker,58755.1,0,0.0,11146.15,3,3514.19,2022-06-21
L0006906,746,Branch,10675.3,0,0.0,1150.3,4,246.69,2024-07-18
L0006907,688,Broker,13138.81,0,0.0,2084.21,3,18324.65,2024-04-12
L0006908,675,Online,46767.68,0,0.0,12666.85,4,14784.65,2022-09-23
L0006909,700,Online,28135.78,0,0.0,6067.32,1,11973.81,2023-09-03
L0006910,629,Branch,5245.62,1,2076.31,-968.49,2,16497.39,2025-05-02
L0006911,713,Broker,58219.46,0,0.0,10330.34,1,12519.45,2022-12-29
L0006912,659,Branch,6810.06,0,0.0,672.52,3,20473.61,2025-09-30
L0006913,650,Online,37058.19,0,0.0,7734.15,3,9656.67,2024-02-23
L0006914,627,Broker,29280.58,0,0.0,1537.38,1,24597.44,2026-01-15
L0006915,691,Online,18048.41,0,0.0,3094.03,2,4903.71,2024-08-19
L0006916,657,Branch,16387.9,0,0.0,5962.03,3,14490.4,2022-06-14
L0006917,581,Broker,19016.37,0,0.0,7361.57,4,12412.92,2023-07-27
L0006918,738,Branch,33628.86,0,0.0,4594.53,3,6709.34,2022-11-17
L0006919,680,Branch,42228.1,0,0.0,6007.05,3,8542.15,2024-05-04
L0006920,724,Broker,15111.51,0,0.0,1942.05,2,12351.84,2024-01-11
L0006921,685,Online,49991.55,0,0.0,4712.83,1,9248.12,2025-06-04
L0006922,606,Broker,46664.15,1,23677.17,-20033.24,3,23503.07,2025-11-26
L0006923,728,Broker,29027.13,0,0.0,5000.91,1,22075.86,2022-07-05
L0006924,627,Branch,35565.48,0,0.0,6933.75,1,16259.3,2024-07-08
L0006925,645,Broker,31025.6,1,21796.81,-14809.46,1,21147.66,2023-12-19
L0006926,597,Online,53680.48,0,0.0,25902.26,4,17207.94,2022-05-16
L0006927,596,Broker,35189.42,1,23439.31,-16139.92,4,28455.11,2024-09-22
L0006928,718,Broker,26652.12,0,0.0,6176.47,1,10594.08,2021-10-27
L0006929,697,Broker,49629.18,0,0.0,6302.41,1,7205.48,2024-05-02
L0006930,639,Broker,5943.86,0,0.0,1557.48,1,26927.01,2023-11-09
L0006931,657,Broker,8549.38,0,0.0,949.29,4,14812.07,2025-12-06
L0006932,807,Online,47882.18,0,0.0,2884.37,1,10745.5,2023-06-08
L0006933,674,Branch,28728.84,0,0.0,10249.71,1,20048.36,2021-08-02
L0006934,615,Online,23002.17,0,0.0,2320.83,2,29042.21,2025-09-01
L0006935,785,Broker,36737.0,0,0.0,863.03,1,13223.69,2025-10-01
L0006936,733,Branch,56927.36,0,0.0,8078.33,3,1875.13,2022-08-20
L0006937,719,Branch,17739.73,0,0.0,2739.96,1,9155.69,2023-04-10
L0006938,679,Broker,29162.94,0,0.0,5278.59,2,24346.8,2024-01-13
L0006939,825,Branch,8457.97,0,0.0,1011.89,3,3125.05,2022-02-04
L0006940,748,Online,44592.51,0,0.0,2193.64,1,6740.14,2024-12-22
L0006941,777,Online,20508.66,0,0.0,1832.16,4,14550.95,2022-11-16
L0006942,644,Online,28409.79,0,0.0,8979.87,1,9823.37,2022-12-11
L0006943,658,Branch,7986.1,0,0.0,3690.7,1,9835.85,2021-06-30
L0006944,671,Online,53100.52,0,0.0,10016.13,2,13286.85,2023-12-19
L0006945,685,Broker,52586.62,0,0.0,6451.41,1,14467.03,2024-09-19
L0006946,661,Online,5153.79,0,0.0,693.94,4,23894.64,2025-03-18
L0006947,748,Branch,56058.97,0,0.0,1140.14,3,7700.84,2026-01-07
L0006948,679,Broker,20348.67,0,0.0,1851.42,2,12978.63,2025-05-10
L0006949,721,Online,36922.64,0,0.0,11703.28,4,11921.13,2021-08-07
L0006950,-9999,Branch,51987.15,0,0.0,528.74,4,10643.83,2026-03-04
L0006951,776,Broker,46578.29,0,0.0,3689.39,2,5817.91,2022-08-20
L0006952,677,Branch,37092.9,0,0.0,994.0,4,19694.7,2026-02-23
L0006953,671,Broker,54186.91,0,0.0,20061.27,1,2969.17,2021-07-07
L0006954,759,Online,13590.3,0,0.0,791.89,3,11082.25,2025-05-22
L0006955,729,Online,55652.84,0,0.0,8528.12,3,10840.04,2023-12-26
L0006956,712,Online,15589.56,0,0.0,3413.33,2,8691.02,2023-05-16
L0006957,675,Broker,45779.62,0,0.0,6835.33,3,13443.96,2024-05-29
L0006958,717,Online,38922.32,1,30816.75,-18296.68,3,9629.15,2021-08-29
L0006959,671,Broker,15866.69,0,0.0,1601.36,4,14752.35,2025-07-05
L0006960,587,Online,25082.79,0,0.0,8605.98,4,15684.33,2023-09-18
L0006961,616,Broker,12435.02,0,0.0,5977.52,2,19957.68,2022-05-05
L0006962,665,Online,39861.57,0,0.0,11077.13,3,15355.74,2022-11-07
L0006963,713,Online,5518.71,0,0.0,1779.93,2,1692.85,2022-05-23
L0006964,667,Online,31757.3,0,0.0,9440.46,3,19376.81,2022-07-29
L0006965,710,Broker,20327.99,0,0.0,1925.64,1,4665.53,2024-08-27
L0006966,799,Online,58844.75,0,0.0,2954.73,4,3986.98,2024-03-30
L0006967,688,Broker,38160.45,0,0.0,7596.96,3,11102.6,2023-06-02
L0006968,703,Online,17369.95,0,0.0,1902.48,4,17988.62,2025-05-16
L0006969,765,Online,47202.59,1,35179.63,-32951.91,3,3997.59,2024-02-28
L0006970,689,Branch,11452.94,0,0.0,2546.98,2,11079.82,2022-12-09
L0006971,630,Broker,30404.92,0,0.0,9360.6,4,10260.54,2023-06-27
L0006972,658,Broker,59065.13,0,0.0,12675.43,2,12584.44,2023-11-02
L0006973,717,Online,26530.82,0,0.0,1164.37,4,19006.29,2025-12-07
L0006974,772,Branch,7912.29,0,0.0,370.57,1,5230.12,2025-09-13
L0006975,673,Branch,11927.53,0,0.0,2365.79,1,14517.84,2024-04-25
L0006976,718,Online,18974.82,0,0.0,4204.69,4,17444.41,2023-02-15
L0006977,756,Online,43468.95,0,0.0,4901.99,3,13707.55,2021-09-03
L0006978,645,Online,31072.3,0,0.0,1797.42,1,10578.91,2025-12-01
L0006979,769,Broker,37459.76,1,25749.63,-23628.79,1,4319.62,2024-01-01
L0006980,771,Broker,18303.89,0,0.0,478.28,3,9586.09,2025-06-29
L0006981,658,Online,53324.83,0,0.0,13259.43,3,2416.48,2023-06-28
L0006982,667,Online,37997.07,0,0.0,7332.02,4,0.0,2023-12-01
L0006983,673,Branch,45934.36,0,0.0,6953.12,3,11848.17,2024-06-14
L0006984,716,Branch,59477.54,0,0.0,5260.44,3,11275.84,2024-08-18
L0006985,720,Broker,36381.28,0,0.0,7009.03,2,5628.11,2022-03-31
L0006986,802,Branch,21636.92,0,0.0,566.1,4,5908.58,2025-05-29
L0006987,697,Broker,28379.1,0,0.0,3794.89,2,10690.26,2024-05-10
L0006988,741,Broker,29196.78,0,0.0,3955.03,1,20556.15,2022-08-20
L0006989,653,Broker,14471.89,0,0.0,4728.81,3,0.0,2022-12-26
L0006990,780,Broker,44397.36,0,0.0,2273.0,4,5627.21,2024-01-30
L0006991,764,Broker,19419.55,0,0.0,1742.34,2,1993.24,2023-02-03
L0006992,687,Branch,58582.69,0,0.0,7309.22,2,12249.51,2024-08-12
L0006993,736,Broker,31635.84,0,0.0,4326.23,1,13514.68,2022-09-23
L0006994,745,Branch,59916.81,0,0.0,6622.42,1,14659.93,2022-10-25
L0006995,717,Broker,16440.55,0,0.0,3157.86,1,17475.99,2022-10-25
L0006996,747,Broker,30346.24,1,11516.3,-11153.32,2,16059.06,2026-02-20
L0006997,738,Online,41186.21,0,0.0,8458.91,1,9757.99,2022-08-07
L0006998,740,Online,20555.03,0,0.0,1745.53,1,13148.72,2024-02-05
L0006999,798,Broker,57722.97,0,0.0,5309.83,3,329.61,2022-05-26
L0007000,-9999,Broker,39551.13,0,0.0,2675.34,2,18333.13,2025-03-30
L0007001,608,Branch,10462.99,1,4315.68,-413.94,3,25853.55,2023-03-13
L0007002,658,Broker,27092.58,0,0.0,3215.72,2,16292.61,2025-03-15
L0007003,789,Broker,10489.24,0,0.0,1432.58,3,7598.22,2022-06-10
L0007004,616,Branch,24754.53,0,0.0,11340.72,2,18214.14,2022-03-08
L0007005,697,Branch,16734.55,0,0.0,4635.16,4,6945.33,2022-01-25
L0007006,756,Branch,35262.51,0,0.0,2467.02,3,5894.84,2023-05-19
L0007007,680,Broker,8882.86,0,0.0,1858.01,4,26420.47,2023-07-29
L0007008,718,Broker,25634.0,0,0.0,6105.53,3,13486.03,2021-07-09
L0007009,730,Broker,15844.53,0,0.0,1871.8,2,6405.49,2024-01-15
L0007010,625,Broker,43889.82,1,28999.73,-23344.32,4,20663.72,2025-04-22
L0007011,679,Branch,37515.74,0,0.0,2178.13,2,17050.67,2025-08-05
L0007012,627,Broker,5613.59,1,4072.47,-3060.13,2,23778.25,2024-11-10
L0007013,775,Broker,38482.84,0,0.0,4252.92,3,7381.01,2021-07-07
L0007014,605,Branch,26159.37,0,0.0,11791.52,3,16794.42,2022-08-17
L0007015,661,Branch,46854.1,0,0.0,11889.63,3,2538.2,2023-05-24
L0007016,653,Broker,41257.88,0,0.0,4514.39,3,8987.69,2025-03-06
L0007017,711,Online,33028.09,0,0.0,3106.09,2,5147.3,2025-03-18
L0007018,625,Branch,18467.24,0,0.0,2640.0,1,25419.83,2025-03-29
L0007019,795,Branch,34942.38,0,0.0,3122.73,1,5799.94,2022-01-18
L0007020,693,Broker,38614.01,0,0.0,10854.63,4,3721.65,2022-01-07
L0007021,703,Broker,27507.97,0,0.0,6155.81,4,19016.85,2022-07-26
L0007022,718,Broker,35350.78,0,0.0,7957.94,2,10468.71,2021-08-09
L0007023,691,Broker,40901.27,0,0.0,1562.98,1,15284.64,2026-01-21
L0007024,758,Branch,46805.12,0,0.0,3411.96,2,5509.12,2023-04-07
L0007025,694,Online,27529.37,0,0.0,3338.33,4,11079.07,2025-01-11
L0007026,740,Online,7486.39,0,0.0,275.09,3,8530.2,2025-07-25
L0007027,789,Online,26074.69,0,0.0,955.7,3,7801.84,2024-10-21
L0007028,738,Online,18936.65,0,0.0,834.23,1,8055.97,2026-03-02
L0007029,677,Online,57823.57,0,0.0,19297.03,2,13093.06,2021-09-10
L0007030,708,Online,41289.82,0,0.0,2544.38,4,17613.2,2025-10-18
L0007031,714,Broker,20555.59,0,0.0,2819.4,1,7684.51,2023-10-11
L0007032,730,Branch,15550.39,0,0.0,2665.89,3,13158.07,2022-03-07
L0007033,634,Branch,14510.55,0,0.0,1536.34,4,8976.8,2025-05-24
L0007034,713,Branch,34020.03,0,0.0,5550.8,4,6401.51,2023-05-30
L0007035,754,Branch,32829.99,0,0.0,4148.96,4,4226.68,2021-10-02
L0007036,734,Branch,57057.02,0,0.0,4198.41,1,11691.57,2024-08-21
L0007037,689,Branch,41200.72,0,0.0,8628.68,3,18927.82,2023-02-14
L0007038,754,Broker,58270.58,0,0.0,4493.69,2,7153.17,2023-08-09
L0007039,630,Branch,24547.14,0,0.0,11650.12,2,13916.03,2021-08-17
L0007040,694,Branch,13369.82,1,8681.44,-7574.56,2,14784.46,2025-06-03
L0007041,621,Branch,37764.83,0,0.0,13508.64,1,7810.64,2023-02-06
L0007042,647,Branch,39267.98,1,31278.59,-19080.97,2,18398.75,2022-12-11
L0007043,681,Online,36680.95,0,0.0,4710.04,1,2778.51,2025-02-25
L0007044,725,Branch,30457.77,1,13972.46,-10480.67,4,10238.98,2023-12-24
L0007045,718,Online,51068.94,0,0.0,15059.94,3,6177.81,2021-12-01
L0007046,620,Branch,46511.86,1,36930.66,-22006.7,4,16788.16,2023-06-10
L0007047,742,Broker,22410.63,0,0.0,2783.23,1,14354.24,2023-02-25
L0007048,629,Broker,10072.46,0,0.0,2587.75,4,9505.58,2024-01-09
L0007049,650,Online,19644.33,0,0.0,1313.73,1,19409.85,2025-10-08
L0007050,-9999,Broker,55520.88,0,0.0,10938.96,4,11448.49,2023-04-22
L0007051,715,Broker,24148.39,0,0.0,3050.53,1,2687.22,2024-03-11
L0007052,700,Online,51185.81,0,0.0,11144.5,3,13045.97,2023-09-25
L0007053,718,Online,55527.64,0,0.0,13540.17,3,11249.78,2022-11-23
L0007054,657,Broker,15809.91,0,0.0,5845.97,4,17456.34,2022-04-14
L0007055,751,Broker,54359.9,0,0.0,3974.49,3,6542.37,2023-09-30
L0007056,780,Online,58075.94,0,0.0,3609.6,2,3571.17,2023-10-16
L0007057,728,Online,45592.39,0,0.0,7094.53,2,21547.14,2023-11-06
L0007058,590,Branch,18811.55,0,0.0,1244.69,2,14349.83,2026-01-18
L0007059,697,Online,55595.66,0,0.0,11078.15,2,11348.1,2023-12-15
L0007060,663,Branch,33546.33,0,0.0,2272.06,3,13899.48,2025-09-27
L0007061,733,Online,25276.09,0,0.0,2910.04,1,6868.41,2024-10-28
L0007062,762,Branch,48629.99,0,0.0,1979.74,4,11334.32,2024-10-12
L0007063,853,Broker,57328.3,0,0.0,4578.28,1,5301.26,2022-09-24
L0007064,582,Online,40404.55,0,0.0,5177.98,2,18391.97,2025-07-03
L0007065,692,Broker,32219.75,0,0.0,1332.15,3,15554.0,2025-10-10
L0007066,737,Broker,40037.94,0,0.0,6138.63,1,7716.1,2022-03-30
L0007067,739,Branch,25575.99,0,0.0,2339.41,2,13110.96,2023-11-19
L0007068,689,Branch,57305.18,0,0.0,13383.54,2,5225.14,2022-11-13
L0007069,705,Online,53478.71,0,0.0,4165.45,3,3518.22,2025-07-10
L0007070,738,Broker,46848.9,0,0.0,5760.02,1,13053.83,2022-12-04
L0007071,672,Online,53946.72,0,0.0,16615.48,4,21530.38,2022-04-08
L0007072,715,Branch,18097.93,0,0.0,3876.34,2,8636.44,2022-05-20
L0007073,609,Broker,52865.75,1,28735.91,-17577.42,1,29254.58,2024-08-11
L0007074,766,Branch,38266.78,0,0.0,736.42,4,15782.91,2025-12-07
L0007075,732,Broker,14458.96,0,0.0,2608.29,3,9874.79,2022-07-26
L0007076,738,Broker,7182.31,0,0.0,776.22,4,8472.23,2023-03-15
L0007077,651,Branch,54119.89,0,0.0,20185.67,2,0.0,2022-02-19
L0007078,751,Broker,41840.76,0,0.0,5259.57,3,6405.98,2022-01-12
L0007079,724,Online,25295.11,0,0.0,4042.32,2,13416.79,2024-02-03
L0007080,739,Branch,26349.29,0,0.0,2157.29,1,14506.48,2023-12-28
L0007081,749,Broker,59554.06,0,0.0,1379.1,3,14988.28,2025-10-03
L0007082,700,Branch,28325.21,1,16291.42,-8615.13,4,6421.6,2021-08-08
L0007083,793,Branch,15162.68,0,0.0,1212.3,3,2885.14,2023-07-11
L0007084,752,Online,11169.19,0,0.0,767.27,4,10449.35,2025-01-10
L0007085,759,Online,30037.73,0,0.0,1408.8,2,9615.34,2024-05-21
L0007086,720,Broker,36667.3,0,0.0,5597.27,3,10384.3,2023-02-14
L0007087,646,Broker,24662.24,0,0.0,6617.81,2,6525.64,2023-07-10
L0007088,726,Online,26879.14,0,0.0,1101.98,1,15424.79,2026-01-19
L0007089,697,Branch,19342.94,0,0.0,3334.34,1,11389.88,2023-09-10
L0007090,807,Branch,13829.2,0,0.0,1728.22,4,5071.48,2022-02-01
L0007091,683,Branch,17850.37,0,0.0,2009.06,2,13277.31,2024-10-07
L0007092,690,Broker,35400.28,0,0.0,2053.08,2,1560.93,2025-07-05
L0007093,699,Online,51483.81,0,0.0,13389.64,4,18017.4,2023-03-01
L0007094,639,Branch,36508.78,0,0.0,1822.45,3,8741.53,2025-12-12
L0007095,720,Online,49274.41,0,0.0,11532.98,1,4392.9,2022-11-29
L0007096,712,Broker,39004.03,0,0.0,2947.91,3,3271.11,2025-02-03
L0007097,715,Branch,16321.6,0,0.0,3150.14,1,15634.67,2022-05-13
L0007098,659,Broker,16035.99,0,0.0,2353.58,2,18193.5,2024-12-30
L0007099,717,Broker,34242.16,0,0.0,4635.56,4,3652.23,2023-09-12
L0007100,-9999,Online,42746.61,0,0.0,6734.71,1,8826.65,2024-08-07
L0007101,665,Online,27292.37,0,0.0,8881.58,1,15207.28,2022-06-23
L0007102,698,Broker,29509.34,0,0.0,7838.04,1,12016.6,2022-01-17
L0007103,755,Broker,17213.1,1,5860.54,-4021.84,3,9525.3,2022-01-15
L0007104,670,Online,33733.35,0,0.0,10415.55,4,10025.19,2022-05-01
L0007105,762,Branch,50147.89,0,0.0,1056.08,4,9538.98,2025-10-10
L0007106,638,Broker,55468.68,0,0.0,6143.2,3,17021.96,2025-05-16
L0007107,726,Broker,21211.2,0,0.0,1618.38,3,10811.15,2025-02-06
L0007108,670,Broker,41140.38,0,0.0,8433.52,4,19956.03,2023-10-27
L0007109,723,Broker,38900.73,0,0.0,1214.09,3,12529.81,2025-12-03
L0007110,701,Online,12202.82,0,0.0,2368.01,2,9317.58,2024-01-07
L0007111,771,Broker,13684.47,0,0.0,1026.82,3,8538.66,2024-11-22
L0007112,742,Broker,10168.7,0,0.0,1887.19,4,5757.27,2022-01-25
L0007113,713,Branch,33498.91,0,0.0,1940.36,1,19796.46,2025-06-29
L0007114,603,Broker,15192.76,0,0.0,1132.19,1,23746.25,2025-11-11
L0007115,743,Branch,7232.88,0,0.0,793.22,4,11689.69,2022-11-11
L0007116,723,Branch,33485.91,0,0.0,5570.09,3,9600.85,2022-08-22
L0007117,794,Broker,14430.46,0,0.0,1570.35,3,9308.11,2021-11-30
L0007118,843,Branch,34887.92,0,0.0,2781.72,1,3187.97,2022-07-05
L0007119,694,Online,12185.42,0,0.0,2000.71,2,17612.74,2024-11-07
L0007120,722,Broker,26963.83,0,0.0,1888.34,4,15074.56,2025-03-19
L0007121,740,Online,27046.9,0,0.0,2043.83,3,7102.54,2024-03-13
L0007122,622,Branch,10181.61,0,0.0,5290.44,3,15613.82,2021-08-08
L0007123,668,Broker,48345.29,0,0.0,4775.38,4,10982.7,2025-04-14
L0007124,681,Broker,12048.8,0,0.0,3105.85,2,8485.0,2023-03-04
L0007125,671,Broker,46659.47,0,0.0,10878.06,4,21541.16,2023-03-31
L0007126,694,Online,33523.43,0,0.0,12364.58,2,12747.07,2021-11-07
L0007127,662,Branch,13356.26,0,0.0,3394.59,3,22118.5,2023-08-12
L0007128,679,Online,6585.67,0,0.0,464.98,1,11928.37,2025-09-13
L0007129,604,Branch,59986.67,1,33126.27,-14987.23,2,25129.96,2023-11-25
L0007130,675,Branch,15772.08,0,0.0,2058.92,3,5164.38,2025-02-14
L0007131,584,Online,13551.15,0,0.0,8635.45,1,26482.96,2021-09-05
L0007132,793,Branch,24004.64,0,0.0,574.67,3,8081.87,2025-10-01
L0007133,689,Broker,19873.12,0,0.0,3419.55,3,14181.87,2023-12-02
L0007134,696,Branch,9730.61,0,0.0,2387.54,2,10250.95,2022-12-06
L0007135,692,Online,35487.44,0,0.0,5078.67,4,4129.57,2024-11-08
L0007136,701,Online,41508.98,0,0.0,7746.29,1,13113.24,2024-01-20
L0007137,755,Branch,16350.46,0,0.0,641.13,3,7399.5,2026-02-11
L0007138,692,Broker,21862.58,0,0.0,6393.14,1,9448.31,2021-11-22
L0007139,683,Branch,8943.55,0,0.0,1774.18,4,6864.01,2023-11-18
L0007140,689,Online,10998.7,0,0.0,2998.34,1,10505.38,2023-08-08
L0007141,679,Online,25717.31,0,0.0,2764.61,1,13046.83,2025-02-04
L0007142,730,Broker,39152.11,0,0.0,3275.57,1,8412.59,2024-07-13
L0007143,759,Online,28887.95,0,0.0,2661.17,1,6180.92,2022-06-17
L0007144,712,Online,40664.06,0,0.0,10401.52,1,9207.6,2022-10-26
L0007145,738,Online,32843.67,0,0.0,7373.5,1,11242.53,2022-07-11
L0007146,689,Branch,29412.06,0,0.0,1901.97,4,19216.44,2025-09-01
L0007147,775,Online,11133.98,0,0.0,894.15,3,7831.93,2023-03-05
L0007148,660,Broker,54904.29,0,0.0,14839.99,3,17496.45,2023-02-06
L0007149,737,Online,59519.77,0,0.0,1355.34,2,6007.23,2026-01-23
L0007150,-9999,Online,20815.75,0,0.0,1963.9,4,7546.0,2025-10-25
L0007151,784,Online,57944.9,0,0.0,4949.89,2,10585.49,2022-06-13
L0007152,687,Online,12798.55,0,0.0,2775.41,1,12896.08,2024-04-24
L0007153,702,Branch,11499.57,1,8710.89,-8101.04,2,12806.46,2026-01-17
L0007154,734,Online,23501.8,0,0.0,4484.75,4,19272.65,2023-06-04
L0007155,722,Online,33449.2,0,0.0,6983.39,4,10642.6,2023-03-21
L0007156,740,Branch,10005.67,0,0.0,373.57,1,7970.01,2026-03-24
L0007157,631,Broker,41577.22,0,0.0,6354.02,2,16619.06,2024-12-02
L0007158,701,Online,9874.57,0,0.0,3338.01,2,11149.67,2022-02-12
L0007159,659,Online,20013.24,0,0.0,875.34,1,23090.07,2025-12-18
L0007160,676,Online,12179.26,0,0.0,4242.98,4,7472.7,2021-09-20
L0007161,704,Online,37138.85,1,12537.71,-1802.95,3,8831.25,2022-09-18
L0007162,603,Online,12437.6,0,0.0,2704.79,3,29050.78,2024-09-26
L0007163,732,Broker,51728.54,0,0.0,4996.92,1,5192.5,2023-11-06
L0007164,706,Online,8048.77,0,0.0,2480.83,1,23443.79,2022-04-15
L0007165,695,Branch,42011.64,0,0.0,6991.57,3,14398.34,2023-10-05
L0007166,728,Broker,40281.05,0,0.0,2557.84,2,1570.1,2024-12-09
L0007167,728,Online,17356.96,0,0.0,3919.6,2,10609.6,2022-09-22
L0007168,782,Branch,44223.53,0,0.0,3367.62,3,7833.21,2023-01-07
L0007169,709,Broker,8268.74,0,0.0,1503.47,3,12833.5,2024-03-08
L0007170,703,Broker,14077.53,0,0.0,1316.82,3,6683.96,2024-10-18
L0007171,618,Broker,33427.23,0,0.0,3902.33,1,7211.59,2025-05-05
L0007172,675,Online,16987.0,0,0.0,1926.56,3,13931.41,2024-11-13
L0007173,713,Online,23063.3,0,0.0,5984.66,2,23138.98,2022-10-26
L0007174,758,Broker,27556.56,0,0.0,2740.44,1,14939.92,2022-06-05
L0007175,644,Online,9606.36,0,0.0,4147.05,2,8543.79,2022-02-07
L0007176,692,Branch,20643.93,0,0.0,6204.56,3,4020.17,2021-10-14
L0007177,750,Broker,48490.92,1,28964.59,-26841.35,2,1020.12,2024-10-22
L0007178,750,Branch,43449.15,0,0.0,825.97,4,10742.41,2026-01-03
L0007179,549,Broker,33700.35,0,0.0,11544.08,1,8191.48,2024-03-21
L0007180,757,Online,57017.91,0,0.0,4374.46,2,6518.1,2023-03-02
L0007181,687,Branch,59291.12,0,0.0,9927.02,3,7271.69,2023-10-31
L0007182,693,Online,47243.93,0,0.0,13351.85,1,11308.71,2022-12-26
L0007183,731,Branch,11624.15,0,0.0,1625.94,3,14576.16,2023-01-09
L0007184,734,Branch,29243.83,0,0.0,2865.11,3,4806.12,2023-09-20
L0007185,711,Online,19218.68,0,0.0,1781.93,4,4182.77,2025-07-02
L0007186,759,Broker,9704.0,0,0.0,735.65,2,12590.38,2023-05-29
L0007187,737,Branch,52614.55,0,0.0,1917.49,2,14945.17,2025-07-10
L0007188,654,Branch,10132.37,0,0.0,4032.29,4,15671.47,2021-10-04
L0007189,722,Broker,43531.12,0,0.0,4942.26,4,9206.27,2023-12-30
L0007190,714,Online,50024.01,0,0.0,9676.39,4,6911.71,2023-08-08
L0007191,768,Broker,19184.12,0,0.0,1356.55,4,7518.97,2023-04-12
L0007192,612,Broker,16667.68,0,0.0,8530.56,3,15258.9,2021-10-14
L0007193,667,Branch,52445.32,0,0.0,2862.91,1,15603.56,2025-11-20
L0007194,714,Online,53949.38,0,0.0,4605.36,3,15337.34,2025-04-06
L0007195,816,Online,52851.53,0,0.0,3816.36,2,3122.37,2023-04-02
L0007196,685,Broker,11662.96,0,0.0,1125.27,2,11148.02,2025-04-28
L0007197,709,Branch,13166.21,0,0.0,1543.33,4,11043.7,2024-08-19
L0007198,647,Broker,43955.47,0,0.0,11440.34,1,16924.53,2023-07-12
L0007199,761,Broker,26603.58,0,0.0,738.81,1,5539.16,2025-10-31
L0007200,-9999,Broker,52465.79,0,0.0,4878.95,1,9697.45,2023-08-22
L0007201,682,Online,48852.72,0,0.0,8229.61,2,9756.67,2024-07-14
L0007202,675,Broker,11533.7,0,0.0,3321.5,3,7999.01,2022-06-06
L0007203,747,Online,11212.55,0,0.0,1364.87,1,10759.22,2022-07-30
L0007204,765,Online,53144.02,0,0.0,5806.47,4,1991.83,2021-07-29
L0007205,659,Branch,9737.53,0,0.0,979.77,3,21378.22,2025-12-24
L0007206,755,Broker,7253.8,0,0.0,665.3,4,8433.54,2023-12-05
L0007207,678,Branch,30981.11,0,0.0,9209.69,2,14181.51,2022-03-17
L0007208,773,Broker,12585.25,0,0.0,1402.04,3,7792.54,2022-10-09
L0007209,588,Broker,20645.92,1,9334.32,-5701.1,4,15566.68,2025-03-07
L0007210,692,Branch,19790.02,0,0.0,3339.58,4,12593.41,2023-11-29
L0007211,714,Online,5413.93,0,0.0,1745.3,3,10408.86,2023-04-02
L0007212,671,Online,53822.88,0,0.0,3302.53,4,3747.94,2025-08-09
L0007213,643,Branch,7241.26,0,0.0,2270.92,4,19276.74,2023-01-13
L0007214,728,Online,49839.84,0,0.0,12949.33,3,13191.28,2022-03-24
L0007215,655,Branch,45537.94,0,0.0,12771.18,3,9740.65,2023-02-26
L0007216,684,Online,32521.22,0,0.0,5598.69,4,14251.51,2024-06-17
L0007217,568,Online,25657.4,0,0.0,12844.05,1,8257.56,2022-10-03
L0007218,795,Broker,52326.39,0,0.0,2711.44,4,7719.56,2024-02-17
L0007219,729,Online,24634.96,0,0.0,1379.49,2,13778.96,2025-09-02
L0007220,713,Online,6778.99,0,0.0,2025.63,1,11664.4,2022-07-07
L0007221,597,Online,52996.05,0,0.0,27166.77,1,25636.67,2022-01-31
L0007222,624,Broker,42978.3,0,0.0,10817.09,2,8621.81,2024-01-30
L0007223,614,Broker,52153.87,0,0.0,17870.28,2,14447.21,2023-04-10
L0007224,642,Broker,14359.07,1,5919.32,-3460.73,1,21608.61,2024-12-05
L0007225,648,Branch,23980.84,0,0.0,5448.07,3,10436.47,2024-02-06
L0007226,662,Branch,18079.24,0,0.0,3998.18,1,9691.39,2023-09-08
L0007227,745,Broker,14528.66,0,0.0,1767.13,2,5845.03,2023-01-20
L0007228,675,Online,7621.86,0,0.0,2124.03,1,0.0,2022-12-03
L0007229,731,Broker,18860.16,0,0.0,3274.66,1,10589.95,2022-07-21
L0007230,704,Online,35021.43,0,0.0,9555.81,3,6367.25,2022-12-14
L0007231,655,Broker,50234.93,0,0.0,7359.71,1,8668.88,2024-09-30
L0007232,757,Online,17390.13,0,0.0,582.48,3,3602.02,2025-07-10
L0007233,720,Broker,6512.5,0,0.0,556.13,3,11658.87,2025-01-12
L0007234,694,Branch,9613.16,0,0.0,1959.64,1,8823.89,2023-03-23
L0007235,646,Online,45116.01,0,0.0,8196.82,3,17419.68,2024-07-14
L0007236,728,Online,37629.44,1,28016.07,-23205.86,4,11896.45,2024-06-27
L0007237,738,Broker,41223.2,0,0.0,601.14,2,7653.39,2026-01-09
L0007238,632,Online,29410.19,0,0.0,11979.6,3,25284.66,2022-04-25
L0007239,760,Branch,52038.31,0,0.0,2999.09,3,9167.71,2024-01-03
L0007240,739,Broker,8366.71,0,0.0,1248.23,3,8187.86,2023-11-18
L0007241,768,Branch,32098.11,0,0.0,692.03,3,7025.64,2025-06-17
L0007242,709,Branch,48347.68,0,0.0,8599.78,3,15211.21,2023-01-06
L0007243,708,Online,45493.67,0,0.0,14238.66,2,5154.83,2022-03-06
L0007244,680,Online,24093.83,0,0.0,6304.27,2,9857.42,2023-09-26
L0007245,721,Broker,30232.76,0,0.0,4507.63,2,15380.31,2023-01-28
L0007246,764,Branch,13117.57,0,0.0,1072.18,2,7451.48,2023-03-03
L0007247,704,Branch,7234.89,0,0.0,994.22,4,25077.13,2024-05-31
L0007248,743,Branch,47628.98,0,0.0,5847.88,1,6950.14,2022-07-12
L0007249,666,Broker,56118.09,0,0.0,9782.48,2,15152.22,2024-04-18
L0007250,-9999,Branch,28885.44,1,18915.59,-8870.31,2,21684.07,2022-12-21
L0007251,707,Online,48671.76,0,0.0,5112.82,2,5488.67,2025-02-22
L0007252,705,Branch,16959.93,0,0.0,3588.15,3,9516.17,2022-12-23
L0007253,668,Online,40209.41,0,0.0,1299.7,3,15451.48,2026-02-05
L0007254,773,Branch,34147.49,0,0.0,1027.07,1,3564.82,2025-10-17
L0007255,715,Online,57109.28,0,0.0,9725.03,3,16675.25,2023-12-13
L0007256,691,Branch,36140.74,0,0.0,7168.68,2,3447.78,2023-04-11
L0007257,713,Branch,50977.01,0,0.0,11571.29,1,13153.91,2021-10-06
L0007258,612,Online,17091.34,0,0.0,3047.06,1,19423.61,2025-02-28
L0007259,673,Online,30696.97,0,0.0,10307.83,3,21909.02,2021-11-01
L0007260,698,Online,45658.63,0,0.0,12942.39,3,13627.52,2022-10-26
L0007261,689,Broker,35914.77,0,0.0,7146.21,2,15293.01,2023-06-15
L0007262,661,Branch,44925.68,1,32868.73,-18000.36,3,18302.52,2022-04-03
L0007263,733,Broker,18534.07,0,0.0,1258.01,3,664.82,2024-12-19
L0007264,751,Broker,39711.87,0,0.0,1362.37,4,8830.08,2025-08-03
L0007265,676,Online,55064.74,0,0.0,10655.5,2,22472.39,2023-10-29
L0007266,631,Branch,24217.63,0,0.0,3332.17,1,12002.53,2025-03-28
L0007267,722,Broker,31360.84,0,0.0,6707.77,2,6980.61,2021-07-15
L0007268,759,Branch,10762.96,0,0.0,374.31,1,8500.03,2024-12-02
L0007269,635,Broker,22208.64,0,0.0,8433.32,3,14665.17,2022-08-28
L0007270,685,Online,57824.0,1,24528.82,-4302.93,1,16839.93,2022-06-07
L0007271,679,Broker,55577.66,0,0.0,2297.64,1,11753.26,2025-11-04
L0007272,658,Broker,11057.87,0,0.0,2020.41,2,15076.92,2024-05-20
L0007273,674,Broker,31930.47,0,0.0,11631.91,2,13582.27,2021-07-03
L0007274,705,Broker,32779.87,0,0.0,4513.99,4,8440.66,2023-11-05
L0007275,815,Branch,54904.13,0,0.0,5693.09,2,5118.02,2021-09-01
L0007276,718,Broker,33530.57,0,0.0,7846.11,4,21134.25,2021-07-31
L0007277,637,Online,50973.55,0,0.0,19131.26,3,10504.03,2022-07-10
L0007278,621,Branch,9906.66,1,7567.14,-6601.93,2,13401.2,2025-11-13
L0007279,800,Broker,25985.05,0,0.0,1176.18,4,4689.65,2024-07-19
L0007280,584,Broker,37299.32,0,0.0,21454.91,3,13993.52,2021-12-28
L0007281,723,Broker,27099.37,0,0.0,3356.08,3,10349.75,2023-12-09
L0007282,752,Broker,49142.36,0,0.0,2770.65,2,11803.13,2024-07-27
L0007283,636,Broker,38210.28,0,0.0,16993.07,3,9224.26,2021-11-10
L0007284,718,Broker,15374.73,0,0.0,1643.91,2,11394.05,2024-05-11
L0007285,679,Branch,47227.02,0,0.0,12168.45,4,6047.91,2022-09-01
L0007286,640,Branch,18582.55,0,0.0,7637.67,3,12816.57,2022-04-29
L0007287,798,Broker,53409.75,0,0.0,3876.78,4,9610.27,2023-04-17
L0007288,747,Online,9134.07,0,0.0,789.67,1,9288.62,2024-08-09
L0007289,753,Broker,15475.73,0,0.0,421.44,2,9366.71,2025-07-22
L0007290,648,Broker,53052.16,0,0.0,12934.33,4,11443.01,2023-10-22
L0007291,756,Broker,29387.8,0,0.0,3382.4,4,4022.86,2021-08-17
L0007292,738,Branch,54578.33,0,0.0,4214.15,4,18716.79,2024-04-09
L0007293,748,Online,26361.86,0,0.0,677.12,2,15203.2,2025-09-01
L0007294,701,Broker,57855.87,0,0.0,1906.68,3,13929.07,2026-01-18
L0007295,675,Branch,55070.21,0,0.0,12288.76,2,20720.75,2023-06-20
L0007296,719,Online,10147.3,0,0.0,3308.5,3,6742.52,2021-09-06
L0007297,770,Online,32426.77,0,0.0,2085.69,1,7599.38,2023-10-27
L0007298,649,Branch,20681.59,0,0.0,8509.64,3,17940.99,2021-09-09
L0007299,699,Broker,42527.43,0,0.0,8354.8,4,7571.44,2023-01-17
L0007300,-9999,Branch,22724.59,0,0.0,7126.23,1,17591.9,2022-06-01
L0007301,568,Online,37896.92,0,0.0,20641.57,2,9598.98,2022-07-10
L0007302,623,Branch,26278.81,0,0.0,3435.78,1,21286.87,2025-05-25
L0007303,693,Broker,24458.43,0,0.0,6059.58,2,15553.59,2022-08-08
L0007304,812,Branch,8904.92,0,0.0,1127.09,3,2764.57,2022-08-17
L0007305,767,Branch,40417.32,0,0.0,1206.21,1,15205.88,2025-04-20
L0007306,727,Branch,24074.19,0,0.0,750.73,3,9543.63,2026-01-11
L0007307,776,Online,27795.67,0,0.0,2375.34,1,9290.86,2022-03-02
L0007308,711,Branch,58934.42,0,0.0,9205.06,4,4104.65,2023-05-16
L0007309,837,Online,12572.14,0,0.0,1349.84,1,6204.0,2022-03-30
L0007310,682,Broker,15722.58,0,0.0,4971.02,4,20120.82,2022-01-28
L0007311,673,Branch,8946.78,0,0.0,2872.85,2,12240.39,2022-05-06
L0007312,639,Branch,51851.62,0,0.0,5789.84,4,17528.74,2025-05-27
L0007313,670,Broker,6184.19,0,0.0,1389.93,3,5177.77,2024-08-17
L0007314,638,Online,26405.29,0,0.0,6948.69,4,11417.84,2023-11-17
L0007315,675,Branch,44615.85,0,0.0,4271.1,4,14617.15,2025-03-22
L0007316,642,Online,25450.58,0,0.0,9422.55,4,7036.21,2022-06-27
L0007317,634,Branch,37112.98,0,0.0,4385.69,1,8279.6,2025-05-26
L0007318,695,Broker,50070.37,0,0.0,8755.23,4,8138.37,2023-08-17
L0007319,753,Online,22077.98,0,0.0,291.69,4,9365.77,2026-03-10
L0007320,601,Online,46217.76,0,0.0,18664.3,1,24085.55,2023-01-07
L0007321,751,Online,13793.19,0,0.0,1394.52,4,6614.72,2023-09-24
L0007322,752,Online,25543.72,0,0.0,616.14,3,19270.49,2026-03-10
L0007323,650,Branch,50573.25,1,35179.3,-16496.23,4,9728.67,2022-03-21
L0007324,725,Branch,23809.65,0,0.0,5134.75,4,6859.98,2021-09-22
L0007325,667,Broker,20172.13,0,0.0,2994.42,1,14103.56,2024-11-30
L0007326,754,Branch,7621.0,0,0.0,543.37,3,10519.05,2025-10-16
L0007327,616,Broker,51477.36,0,0.0,25197.53,2,12711.92,2021-11-10
L0007328,702,Broker,13872.68,0,0.0,1657.09,1,13299.81,2024-04-28
L0007329,826,Online,53770.83,0,0.0,2645.85,1,5260.87,2024-03-22
L0007330,662,Branch,14441.41,0,0.0,5692.29,1,9865.42,2021-07-11
L0007331,752,Online,32330.37,0,0.0,1923.25,3,12127.63,2024-09-08
L0007332,592,Branch,11428.9,0,0.0,3466.3,3,13491.9,2023-12-24
L0007333,787,Branch,11794.98,0,0.0,1584.91,3,3352.37,2021-09-19
L0007334,660,Broker,49072.32,0,0.0,15986.43,1,16916.92,2022-06-07
L0007335,690,Online,18809.21,0,0.0,2064.04,2,20928.37,2025-05-29
L0007336,792,Online,47320.34,0,0.0,4601.11,4,12453.71,2021-10-29
L0007337,679,Online,49689.9,0,0.0,11417.65,3,12467.35,2023-03-21
L0007338,680,Broker,5039.96,0,0.0,1047.89,3,20851.37,2023-10-03
L0007339,707,Branch,5108.22,0,0.0,650.85,3,17104.44,2025-06-20
L0007340,643,Branch,38641.34,0,0.0,9653.51,2,5180.22,2023-09-09
L0007341,712,Online,15642.4,0,0.0,3270.26,4,2634.75,2023-06-29
L0007342,758,Online,24832.34,0,0.0,1986.83,2,8228.43,2022-11-28
L0007343,814,Online,26481.31,0,0.0,2792.75,3,6934.09,2021-11-09
L0007344,710,Online,21562.83,0,0.0,2005.32,1,7321.42,2025-06-03
L0007345,833,Online,15946.56,0,0.0,686.62,1,5161.8,2026-02-23
L0007346,708,Broker,32148.42,0,0.0,4277.56,3,7416.72,2024-02-24
L0007347,766,Broker,37234.28,0,0.0,967.19,3,3316.3,2025-10-19
L0007348,701,Broker,49636.27,1,16313.07,-10175.67,2,10973.81,2024-05-13
L0007349,767,Online,58703.85,0,0.0,5080.41,1,10995.58,2022-07-27
L0007350,-9999,Online,6734.47,0,0.0,96.46,3,16547.69,2026-03-01
L0007351,642,Online,36848.38,0,0.0,8877.24,1,9774.32,2023-11-03
L0007352,757,Broker,57481.76,0,0.0,3371.38,3,10680.86,2024-01-04
L0007353,785,Branch,16045.58,1,6284.73,-5574.82,2,3942.92,2025-06-20
L0007354,700,Branch,31883.71,1,21060.74,-15096.9,2,15962.01,2023-05-24
L0007355,731,Online,24828.43,0,0.0,3145.44,2,14623.47,2024-05-13
L0007356,675,Branch,44180.1,0,0.0,13514.4,4,23566.61,2022-04-20
L0007357,778,Online,7055.91,0,0.0,757.02,4,12144.68,2022-11-03
L0007358,663,Broker,47796.55,0,0.0,17770.25,2,18712.29,2021-09-28
L0007359,626,Branch,36018.64,1,19582.31,-1597.02,4,23507.12,2021-07-29
L0007360,743,Online,54296.62,0,0.0,4893.37,4,4538.96,2023-09-02
L0007361,734,Broker,36254.77,0,0.0,2199.32,4,12558.71,2024-11-16
L0007362,696,Online,21429.55,0,0.0,5788.12,4,8521.02,2023-01-12
L0007363,657,Online,58577.82,0,0.0,9188.52,3,13873.0,2024-07-09
L0007364,693,Branch,44640.99,0,0.0,5356.22,3,14260.26,2024-08-15
L0007365,684,Online,52966.63,0,0.0,7066.54,1,16192.38,2024-12-26
L0007366,721,Online,6918.73,0,0.0,1912.21,2,19117.98,2023-05-12
L0007367,714,Branch,30454.31,0,0.0,3154.7,2,17368.63,2024-08-03
L0007368,642,Broker,43971.36,0,0.0,19335.55,2,26394.17,2021-08-30
L0007369,753,Online,46252.75,0,0.0,4769.25,1,5569.49,2022-04-27
L0007370,595,Online,37080.28,0,0.0,10338.17,4,9868.54,2024-02-03
L0007371,785,Branch,27425.86,1,20061.61,-18914.34,4,12388.2,2025-03-10
L0007372,617,Online,6927.07,0,0.0,2354.25,3,9138.12,2023-09-25
L0007373,708,Branch,28011.68,0,0.0,1995.73,2,13668.2,2025-06-01
L0007374,741,Broker,37391.89,0,0.0,4053.97,1,6962.0,2023-03-31
L0007375,757,Online,44355.39,0,0.0,1202.38,4,10099.26,2025-07-31
L0007376,654,Broker,52023.44,1,17601.75,-11573.44,1,14374.81,2025-03-25
L0007377,752,Branch,39043.24,0,0.0,2874.71,2,12167.67,2023-12-15
L0007378,653,Online,31010.73,0,0.0,5289.77,1,19818.8,2024-08-12
L0007379,774,Online,28079.09,0,0.0,591.07,4,4671.18,2025-09-29
L0007380,742,Broker,26144.66,0,0.0,3237.47,2,2602.87,2022-09-05
L0007381,626,Online,57373.19,0,0.0,2925.32,1,27215.33,2026-01-28
L0007382,624,Broker,39971.37,1,27959.49,-23062.52,1,23591.18,2025-05-14
L0007383,766,Broker,26375.68,0,0.0,1053.98,3,3220.19,2025-01-16
L0007384,650,Broker,35576.05,0,0.0,8483.37,3,3870.19,2023-10-24
L0007385,704,Online,19790.04,0,0.0,6772.54,1,8830.77,2021-11-11
L0007386,751,Branch,33796.96,0,0.0,4006.32,1,3439.79,2022-06-11
L0007387,705,Online,33276.75,0,0.0,2294.16,2,11192.83,2025-09-16
L0007388,729,Online,25270.15,0,0.0,2920.87,1,12828.09,2024-10-27
L0007389,616,Broker,31097.58,1,24609.91,-12741.62,4,19829.41,2023-01-28
L0007390,718,Online,8143.27,0,0.0,895.28,1,10843.71,2024-11-05
L0007391,654,Online,7762.58,0,0.0,1774.15,3,18118.28,2024-05-11
L0007392,823,Broker,28609.09,0,0.0,2464.04,2,1191.57,2022-06-11
L0007393,711,Online,48089.62,0,0.0,14802.37,4,10162.03,2022-01-16
L0007394,729,Online,29002.19,0,0.0,8248.65,1,8082.31,2021-09-15
L0007395,659,Broker,25175.17,0,0.0,7170.43,4,23149.11,2023-02-14
L0007396,779,Branch,40102.1,0,0.0,2789.81,2,13890.0,2023-08-13
L0007397,792,Broker,51279.44,0,0.0,3659.43,3,10180.89,2023-04-07
L0007398,692,Branch,9592.26,0,0.0,2758.41,4,9637.93,2022-03-06
L0007399,769,Online,59297.92,0,0.0,4397.2,2,12221.6,2022-11-23
L0007400,-9999,Broker,11378.63,0,0.0,2445.64,3,9387.75,2021-10-01
L0007401,649,Online,11280.83,0,0.0,2566.66,3,20693.51,2024-04-11
L0007402,786,Branch,16631.75,0,0.0,1307.5,4,4108.9,2024-02-29
L0007403,676,Online,38226.17,0,0.0,2387.72,3,11661.25,2025-10-06
L0007404,722,Broker,54893.07,0,0.0,4230.05,4,11124.27,2024-09-06
L0007405,748,Branch,48525.23,0,0.0,5317.62,2,8751.7,2022-09-23
L0007406,711,Broker,46888.3,0,0.0,10676.78,4,17314.74,2021-12-01
L0007407,699,Branch,52349.18,0,0.0,12109.08,3,10881.55,2022-07-16
L0007408,687,Broker,28818.43,0,0.0,1543.12,4,30944.08,2025-09-26
L0007409,736,Branch,37442.45,0,0.0,1859.55,3,16708.11,2025-05-10
L0007410,632,Branch,34408.61,0,0.0,9230.81,3,13916.64,2023-09-24
L0007411,772,Broker,14180.8,0,0.0,1145.83,4,0.0,2023-09-02
L0007412,743,Broker,49265.07,0,0.0,1394.19,2,11378.13,2025-08-01
L0007413,733,Branch,57887.2,0,0.0,9805.27,1,10198.61,2022-01-16
L0007414,731,Online,5450.32,0,0.0,1214.28,4,5340.12,2023-01-18
L0007415,616,Branch,43583.15,0,0.0,12644.65,3,10764.66,2023-10-12
L0007416,737,Broker,31839.18,0,0.0,3495.29,4,14235.64,2023-06-11
L0007417,650,Online,43149.79,0,0.0,13670.44,1,10317.16,2022-11-07
L0007418,818,Broker,52714.18,0,0.0,2491.49,2,3492.0,2024-03-16
L0007419,692,Broker,5584.87,0,0.0,394.5,1,8560.95,2026-02-23
L0007420,693,Branch,38838.69,0,0.0,2061.99,1,14651.07,2025-10-28
L0007421,609,Broker,49127.12,1,19411.36,-11388.36,2,13729.85,2025-01-13
L0007422,636,Broker,48197.53,0,0.0,16045.31,3,6014.83,2022-12-19
L0007423,651,Broker,46839.14,0,0.0,13213.66,1,13279.13,2023-04-24
L0007424,769,Broker,32054.66,0,0.0,721.91,3,5554.39,2026-01-16
L0007425,719,Broker,59002.17,0,0.0,4981.67,3,15899.08,2024-08-05
L0007426,770,Branch,11445.32,0,0.0,803.15,2,7902.56,2022-12-09
L0007427,629,Broker,11589.41,0,0.0,819.66,2,27650.37,2026-03-12
L0007428,763,Broker,6430.91,0,0.0,836.43,4,9261.34,2024-05-23
L0007429,808,Online,26594.89,0,0.0,2338.08,2,2312.74,2022-11-08
L0007430,677,Branch,56515.01,0,0.0,7826.51,2,13653.77,2024-07-02
L0007431,646,Broker,43317.61,0,0.0,12201.54,1,24139.24,2023-04-09
L0007432,654,Broker,34847.39,0,0.0,8603.4,3,5680.72,2023-07-20
L0007433,602,Online,42020.05,0,0.0,14733.82,2,18682.73,2023-06-17
L0007434,761,Branch,22300.03,0,0.0,1379.2,4,8247.29,2023-05-30
L0007435,768,Branch,41958.88,0,0.0,1675.47,2,16026.28,2024-10-22
L0007436,683,Online,57096.82,0,0.0,18734.49,2,12700.6,2022-09-10
L0007437,728,Broker,5046.16,0,0.0,1195.05,2,5486.11,2023-01-16
L0007438,671,Online,26072.73,1,20156.35,-17648.44,2,20432.9,2025-05-28
L0007439,662,Broker,45922.01,0,0.0,7673.25,1,17907.08,2024-05-30
L0007440,657,Branch,40054.77,0,0.0,12711.21,4,4004.27,2022-08-29
L0007441,563,Broker,20320.73,1,11506.78,-4234.13,4,28827.24,2024-01-26
L0007442,665,Online,29968.02,0,0.0,11512.85,2,16481.09,2021-07-23
L0007443,719,Broker,24748.68,0,0.0,2229.12,4,9559.74,2024-08-15
L0007444,599,Online,38460.09,0,0.0,10494.13,2,19730.55,2024-03-22
L0007445,601,Branch,21445.46,0,0.0,5157.12,2,15753.31,2024-05-03
L0007446,768,Broker,30703.08,0,0.0,2457.44,2,11438.58,2022-08-29
L0007447,723,Online,47041.68,0,0.0,10525.67,2,4973.77,2022-12-28
L0007448,588,Branch,26794.35,0,0.0,12106.01,3,29236.09,2022-10-18
L0007449,649,Branch,52521.44,0,0.0,17172.38,2,26675.55,2022-10-21
L0007450,-9999,Online,20919.43,0,0.0,2511.13,1,13822.08,2022-02-02
L0007451,636,Broker,58980.09,0,0.0,9694.08,3,25464.19,2024-10-10
L0007452,587,Broker,15804.95,0,0.0,4088.6,3,15537.19,2024-08-24
L0007453,630,Online,8929.4,0,0.0,4031.18,2,29680.46,2022-03-29
L0007454,680,Online,16165.27,0,0.0,2838.66,2,18012.09,2024-10-20
L0007455,630,Online,38657.13,0,0.0,6115.71,3,19325.93,2024-11-26
L0007456,676,Broker,57133.19,0,0.0,16937.4,3,9641.65,2022-05-28
L0007457,657,Broker,39734.82,0,0.0,2386.15,1,16059.69,2025-11-19
L0007458,704,Broker,44885.95,0,0.0,2300.82,2,7353.78,2025-08-01
L0007459,722,Branch,8267.96,0,0.0,1454.71,3,16464.95,2023-05-17
L0007460,612,Branch,51880.68,0,0.0,6780.92,4,15307.82,2025-04-09
L0007461,684,Broker,35948.57,0,0.0,4586.25,3,13143.6,2024-09-18
L0007462,731,Broker,28432.91,0,0.0,2333.59,3,9024.3,2024-07-24
L0007463,706,Branch,52874.58,0,0.0,11749.81,2,7434.6,2022-05-15
L0007464,656,Online,50891.08,0,0.0,14148.25,4,9782.85,2023-03-06
L0007465,643,Branch,30056.73,0,0.0,3703.57,1,24582.67,2025-04-05
L0007466,742,Broker,10305.53,0,0.0,1235.51,2,9091.92,2023-07-15
L0007467,653,Broker,29682.87,0,0.0,9262.0,2,6282.53,2022-12-12
L0007468,638,Branch,24327.86,0,0.0,4411.97,2,26441.82,2024-09-18
L0007469,645,Branch,42289.09,0,0.0,3804.14,4,15374.32,2025-06-21
L0007470,611,Broker,53963.19,0,0.0,25479.3,1,30492.15,2022-03-28
L0007471,782,Branch,22731.33,0,0.0,872.11,4,5490.77,2025-10-21
L0007472,711,Branch,39618.99,0,0.0,5730.0,3,13104.56,2023-09-15
L0007473,666,Broker,26695.04,0,0.0,9908.07,2,15787.47,2021-10-19
L0007474,743,Broker,30747.34,0,0.0,4657.72,3,3846.36,2021-07-17
L0007475,780,Broker,9318.33,0,0.0,766.25,4,9414.6,2022-05-30
L0007476,708,Online,20625.09,0,0.0,5052.27,1,8478.05,2023-03-10
L0007477,670,Online,43644.66,0,0.0,14847.23,3,14290.71,2021-11-20
L0007478,729,Online,37336.04,0,0.0,2598.96,2,8605.73,2025-05-30
L0007479,787,Broker,20744.84,0,0.0,985.43,1,4591.69,2025-02-15
L0007480,754,Branch,28770.13,0,0.0,1765.8,4,13193.06,2024-01-30
L0007481,750,Broker,28147.36,0,0.0,587.36,4,8223.41,2025-09-27
L0007482,730,Branch,37995.47,0,0.0,5523.32,2,6347.77,2022-09-18
L0007483,715,Online,47886.6,0,0.0,6377.11,3,4575.4,2024-07-30
L0007484,688,Broker,59614.82,0,0.0,13904.0,4,19337.28,2022-11-11
L0007485,636,Online,46554.16,1,27113.06,-18120.16,2,20462.06,2024-07-28
L0007486,716,Branch,17459.56,0,0.0,1233.56,1,14094.65,2025-02-15
L0007487,604,Online,38660.03,0,0.0,20898.59,4,26416.65,2021-09-13
L0007488,734,Broker,14434.63,0,0.0,563.53,4,14429.36,2025-12-04
L0007489,714,Branch,31675.78,0,0.0,7719.92,2,9284.62,2021-08-25
L0007490,667,Broker,43571.75,0,0.0,2967.6,4,15781.14,2025-09-13
L0007491,663,Branch,37850.34,0,0.0,3250.6,4,8435.64,2025-06-21
L0007492,662,Broker,22338.72,0,0.0,5150.26,2,13905.2,2023-09-03
L0007493,764,Broker,8052.22,0,0.0,500.67,1,10955.51,2023-05-19
L0007494,813,Online,29834.86,0,0.0,1799.71,1,3290.96,2023-08-10
L0007495,733,Branch,34779.72,0,0.0,6385.95,4,13829.45,2021-09-04
L0007496,629,Online,37339.71,0,0.0,17848.93,4,5368.04,2021-09-25
L0007497,767,Branch,7348.71,1,5431.77,-4922.92,4,8455.89,2023-04-07
L0007498,648,Broker,51289.58,0,0.0,21328.31,2,9687.84,2021-10-15
L0007499,722,Online,56802.07,0,0.0,17502.57,1,10311.21,2021-08-05
L0007500,-9999,Online,12757.65,0,0.0,1109.34,1,18201.22,2025-07-16
L0007501,597,Broker,51219.53,1,38498.43,-12624.09,3,20164.43,2022-03-09
L0007502,616,Online,28885.37,0,0.0,6868.5,1,15833.71,2024-05-30
L0007503,703,Branch,41671.64,0,0.0,6218.75,3,5095.74,2023-09-16
L0007504,697,Online,53245.95,0,0.0,6830.4,3,16178.07,2024-11-01
L0007505,633,Broker,18063.04,1,13584.56,-9678.2,4,20055.49,2024-04-25
L0007506,727,Broker,41903.57,0,0.0,4586.95,3,10308.4,2023-09-19
L0007507,742,Broker,15081.89,0,0.0,1274.73,4,3423.67,2024-11-16
L0007508,722,Online,6067.69,0,0.0,241.56,1,10125.89,2025-12-02
L0007509,714,Broker,32626.26,0,0.0,3203.94,3,21057.96,2024-07-06
L0007510,792,Broker,5287.34,0,0.0,411.71,1,6134.16,2024-05-07
L0007511,788,Branch,12478.56,0,0.0,917.67,3,6768.44,2024-02-05
L0007512,656,Online,58689.29,0,0.0,7017.04,1,23959.74,2025-01-14
L0007513,659,Broker,19414.87,0,0.0,4805.0,1,19649.27,2023-09-24
L0007514,643,Online,29593.05,0,0.0,2488.85,1,0.0,2025-08-07
L0007515,655,Branch,20371.59,0,0.0,4705.91,1,9091.74,2023-12-13
L0007516,610,Online,25110.74,0,0.0,13153.39,2,5712.73,2021-09-08
L0007517,787,Online,9330.31,0,0.0,1072.51,3,1317.24,2022-06-26
L0007518,722,Online,33387.02,0,0.0,5266.67,3,10165.99,2024-03-07
L0007519,727,Online,19563.95,0,0.0,5760.0,4,17035.88,2021-09-05
L0007520,703,Broker,28761.21,0,0.0,6493.92,4,11238.67,2022-05-30
L0007521,690,Online,16472.3,0,0.0,4529.92,1,10912.72,2023-05-11
L0007522,742,Broker,19256.52,0,0.0,711.22,3,9855.93,2025-08-06
L0007523,665,Broker,31076.55,0,0.0,11385.69,3,10733.45,2021-09-09
L0007524,745,Online,38228.61,0,0.0,1291.02,3,7382.85,2025-05-08
L0007525,684,Online,31882.84,0,0.0,12095.98,1,12301.04,2022-03-25
L0007526,696,Broker,6478.76,0,0.0,1590.25,3,1297.23,2022-12-28
L0007527,713,Branch,21865.65,0,0.0,2464.23,3,20351.01,2024-08-18
L0007528,663,Broker,21639.69,0,0.0,3672.25,4,9000.24,2024-06-15
L0007529,675,Branch,35684.85,0,0.0,6684.85,1,16478.24,2023-12-18
L0007530,710,Online,33657.11,0,0.0,11493.02,2,8717.12,2021-10-16
L0007531,711,Broker,44052.89,0,0.0,6431.87,2,9418.32,2023-07-08
L0007532,743,Branch,43057.31,0,0.0,2281.27,1,11930.08,2024-09-04
L0007533,601,Branch,18997.03,0,0.0,6034.97,3,27396.1,2023-11-15
L0007534,631,Branch,14834.31,0,0.0,1759.04,1,8945.44,2025-05-23
L0007535,703,Online,9037.3,0,0.0,3347.48,4,13084.06,2021-11-23
L0007536,787,Branch,6991.8,0,0.0,201.06,3,5753.94,2025-03-24
L0007537,713,Broker,59162.08,0,0.0,2093.3,2,11246.1,2025-11-27
L0007538,649,Branch,34888.11,0,0.0,13661.51,4,20326.87,2021-12-02
L0007539,664,Online,28654.71,0,0.0,3538.46,4,3465.21,2024-11-23
L0007540,711,Branch,47528.35,0,0.0,8122.39,3,11110.7,2023-01-12
L0007541,702,Broker,23595.55,0,0.0,6258.98,1,7480.97,2022-01-04
L0007542,823,Broker,17299.24,0,0.0,597.76,1,9342.09,2025-07-23
L0007543,736,Branch,46464.58,0,0.0,2748.7,2,13968.15,2024-12-06
L0007544,698,Branch,58969.14,1,31655.5,-19084.41,4,8373.27,2022-11-27
L0007545,672,Broker,14965.3,0,0.0,2957.53,2,7049.49,2023-12-18
L0007546,708,Broker,21537.33,0,0.0,4248.92,4,12046.1,2022-09-29
L0007547,684,Online,31629.8,0,0.0,8528.7,1,5110.59,2023-06-30
L0007548,708,Broker,58084.56,0,0.0,6949.55,4,0.0,2024-02-04
L0007549,572,Online,35454.57,1,24661.67,-10814.7,4,16455.54,2023-07-23
L0007550,-9999,Broker,25868.35,0,0.0,2281.64,1,10602.44,2022-02-07
L0007551,742,Branch,22194.48,0,0.0,534.03,2,6717.65,2025-10-23
L0007552,803,Online,45932.71,0,0.0,4483.51,4,8249.39,2022-02-19
L0007553,656,Online,6732.11,0,0.0,2135.92,1,6015.31,2022-10-05
L0007554,721,Broker,8000.87,0,0.0,1324.44,1,11191.26,2022-09-09
L0007555,790,Branch,20912.46,0,0.0,326.15,2,10200.75,2025-09-10
L0007556,677,Branch,47603.01,0,0.0,14900.41,4,11211.71,2022-01-30
L0007557,709,Broker,47411.94,0,0.0,3755.29,1,7891.36,2025-01-15
L0007558,766,Broker,5876.55,0,0.0,628.44,2,9898.58,2023-02-20
L0007559,663,Branch,27062.22,0,0.0,4396.25,3,13877.09,2024-07-01
L0007560,694,Branch,7109.17,0,0.0,948.38,4,13459.95,2024-08-06
L0007561,671,Broker,46525.16,0,0.0,1557.4,2,19851.38,2026-02-12
L0007562,747,Online,53184.56,0,0.0,6939.84,3,12389.28,2022-01-26
L0007563,695,Broker,11375.72,0,0.0,854.87,2,15056.22,2025-08-08
L0007564,711,Online,28865.16,0,0.0,3847.52,2,11196.21,2024-10-21
L0007565,711,Online,18688.19,0,0.0,3030.67,2,10813.31,2024-03-20
L0007566,767,Broker,47747.26,0,0.0,4639.81,1,5055.37,2022-03-06
L0007567,798,Branch,48133.04,0,0.0,5134.91,1,7988.21,2021-09-23
L0007568,687,Online,16325.49,1,9888.11,-8945.25,2,18129.44,2026-01-23
L0007569,635,Online,23376.38,0,0.0,3742.94,1,14857.8,2024-10-21
L0007570,589,Online,6833.7,0,0.0,1148.27,1,12869.29,2025-08-21
L0007571,587,Online,46395.0,0,0.0,17401.5,3,3822.12,2023-06-03
L0007572,769,Broker,19124.8,0,0.0,1926.81,2,6158.43,2022-07-31
L0007573,746,Broker,51039.35,0,0.0,7020.0,2,5755.45,2021-09-09
L0007574,680,Online,40212.87,0,0.0,5327.82,1,13958.12,2024-12-27
L0007575,674,Online,42598.2,1,23302.26,-13106.3,3,18266.36,2023-04-27
L0007576,789,Broker,49288.0,0,0.0,802.2,1,4779.4,2025-12-04
L0007577,693,Online,9483.14,0,0.0,2148.32,4,15402.55,2024-01-31
L0007578,653,Branch,15635.85,0,0.0,3311.59,3,21416.73,2024-03-28
L0007579,649,Branch,33024.99,0,0.0,9660.51,2,21722.12,2023-03-09
L0007580,662,Branch,45963.67,0,0.0,6712.18,3,0.0,2024-08-02
L0007581,709,Broker,25564.28,0,0.0,5892.87,3,13442.59,2022-04-22
L0007582,693,Online,41080.2,0,0.0,14653.83,2,9411.52,2022-01-25
L0007583,762,Online,28226.72,0,0.0,2968.05,3,3215.51,2021-10-19
L0007584,729,Online,36873.08,0,0.0,669.6,4,9095.41,2026-03-24
L0007585,700,Online,14915.77,1,8192.64,-7533.25,4,12011.15,2025-12-29
L0007586,666,Online,30733.63,0,0.0,3905.55,3,20491.12,2025-01-28
L0007587,712,Online,42097.05,1,14862.82,-9246.08,4,12222.08,2024-07-09
L0007588,746,Branch,5471.09,0,0.0,657.94,1,10683.87,2025-10-05
L0007589,790,Online,48542.99,0,0.0,2960.98,2,6920.09,2023-06-03
L0007590,581,Branch,44775.99,0,0.0,14389.37,3,13123.99,2023-12-16
L0007591,790,Online,18001.27,0,0.0,2193.78,1,8333.08,2021-10-03
L0007592,655,Broker,51674.17,0,0.0,6813.05,4,19238.08,2024-12-18
L0007593,732,Online,26478.11,0,0.0,1351.48,3,11000.28,2025-10-08
L0007594,796,Online,50296.23,0,0.0,5337.42,4,9382.96,2021-07-21
L0007595,703,Branch,50869.98,0,0.0,1365.29,3,10878.12,2026-01-07
L0007596,659,Broker,53402.0,1,28071.12,-8995.04,3,12524.74,2022-01-24
L0007597,656,Broker,55119.71,0,0.0,2671.42,3,22922.99,2025-11-10
L0007598,668,Online,8795.6,0,0.0,2826.86,1,15476.96,2022-12-17
L0007599,773,Branch,16452.68,0,0.0,1074.57,2,542.96,2024-11-28
L0007600,-9999,Branch,46305.39,0,0.0,5257.84,2,9227.59,2023-02-12
L0007601,682,Online,32318.04,0,0.0,11046.74,4,10722.36,2022-08-14
L0007602,762,Online,29077.04,0,0.0,1171.74,4,2895.6,2024-11-04
L0007603,699,Broker,42281.33,0,0.0,10002.41,4,22548.61,2022-05-17
L0007604,706,Online,32774.61,0,0.0,8985.07,4,12462.77,2022-09-07
L0007605,783,Branch,59824.11,1,21102.26,-18962.34,2,9290.31,2024-12-27
L0007606,780,Online,20059.96,0,0.0,449.25,2,1884.75,2025-12-03
L0007607,694,Broker,19866.01,0,0.0,1783.86,4,16620.71,2025-02-28
L0007608,732,Branch,18421.73,0,0.0,2923.71,1,10050.44,2022-04-25
L0007609,596,Online,34209.22,0,0.0,9952.3,3,37174.38,2024-01-31
L0007610,733,Branch,59822.3,0,0.0,2682.73,2,2219.59,2025-04-24
L0007611,793,Online,30202.41,0,0.0,499.11,1,10218.53,2025-11-07
L0007612,681,Broker,41726.27,0,0.0,3792.96,3,15943.68,2025-02-22
L0007613,779,Online,37233.4,0,0.0,3493.44,3,10973.39,2022-07-11
L0007614,796,Branch,47955.94,0,0.0,2379.03,2,6559.51,2024-01-26
L0007615,629,Online,23096.52,0,0.0,8400.57,3,25126.84,2022-11-09
L0007616,762,Online,8712.56,0,0.0,406.61,3,10521.36,2026-03-20
L0007617,780,Branch,45897.94,0,0.0,2413.75,4,8330.01,2024-01-25
L0007618,586,Branch,25074.25,0,0.0,7865.64,1,31202.34,2024-02-20
L0007619,646,Online,6317.3,0,0.0,2480.37,4,5898.35,2022-04-21
L0007620,767,Branch,12853.74,0,0.0,1463.45,1,5888.58,2022-01-08
L0007621,705,Branch,42736.24,0,0.0,7045.94,4,10667.8,2023-06-13
L0007622,652,Broker,18593.08,1,7794.81,-5069.42,2,7110.95,2024-12-05
L0007623,698,Online,22349.9,0,0.0,2325.99,4,14483.44,2025-05-08
L0007624,772,Branch,18384.27,0,0.0,1585.82,2,8312.05,2023-03-13
L0007625,753,Online,20926.51,0,0.0,783.53,2,9181.43,2025-12-18
L0007626,722,Online,36708.66,0,0.0,4111.11,1,11011.32,2024-10-27
L0007627,716,Online,24589.78,0,0.0,5996.85,3,12486.47,2023-02-14
L0007628,627,Broker,23376.42,0,0.0,1102.32,4,8878.38,2026-01-03
L0007629,695,Broker,12587.94,0,0.0,728.7,2,13616.62,2025-11-19
L0007630,667,Broker,27180.08,0,0.0,1963.74,2,21861.77,2025-10-11
L0007631,638,Online,52120.5,0,0.0,13687.24,3,12837.13,2023-09-27
L0007632,682,Broker,56253.1,0,0.0,16080.11,4,12331.15,2022-03-20
L0007633,694,Broker,34101.47,0,0.0,3168.06,3,12225.58,2025-02-08
L0007634,778,Broker,5694.23,0,0.0,696.9,2,5126.77,2022-03-21
L0007635,686,Branch,32177.89,1,24809.68,-18705.65,3,17539.95,2023-08-21
L0007636,703,Broker,47665.09,0,0.0,4902.02,1,9633.89,2024-07-31
L0007637,707,Online,54361.42,0,0.0,7623.87,1,14026.23,2024-08-01
L0007638,574,Broker,46607.69,0,0.0,30421.9,1,26586.6,2021-07-08
L0007639,642,Branch,28317.57,0,0.0,3532.96,3,26661.94,2025-04-12
L0007640,600,Broker,17597.69,0,0.0,5351.02,2,15308.98,2024-01-24
L0007641,601,Broker,57449.85,0,0.0,11797.17,1,16340.84,2024-09-11
L0007642,699,Broker,19676.74,1,6476.5,-3875.17,2,14217.51,2024-04-20
L0007643,760,Branch,34932.82,0,0.0,2175.38,3,8348.81,2023-06-17
L0007644,767,Broker,54156.13,0,0.0,5336.62,2,12876.0,2021-09-03
L0007645,664,Online,24471.34,0,0.0,2372.72,1,22423.22,2025-04-14
L0007646,643,Online,52992.08,0,0.0,17470.39,3,17104.43,2022-11-03
L0007647,656,Online,34405.49,0,0.0,4357.95,4,19393.58,2025-02-04
L0007648,696,Broker,51153.78,0,0.0,13721.82,3,14674.43,2021-11-02
L0007649,849,Branch,19767.21,0,0.0,999.09,3,4137.76,2025-05-26
L0007650,-9999,Online,20078.52,0,0.0,6622.36,1,12635.99,2021-08-29
L0007651,752,Broker,54812.72,0,0.0,5199.71,1,15669.69,2022-12-30
L0007652,765,Broker,17029.01,0,0.0,1641.85,3,11075.28,2022-05-03
L0007653,816,Branch,20897.4,0,0.0,2361.54,1,2275.79,2021-07-10
L0007654,650,Broker,18924.41,0,0.0,5375.43,2,25933.68,2023-05-19
L0007655,725,Broker,15918.33,0,0.0,1132.01,4,12331.68,2024-10-29
L0007656,757,Broker,56279.34,0,0.0,6120.5,3,12779.52,2021-08-19
L0007657,731,Branch,45684.07,0,0.0,7695.16,2,13015.59,2021-12-17
L0007658,661,Broker,58923.24,0,0.0,22166.29,2,16465.37,2021-10-30
L0007659,703,Broker,31044.32,0,0.0,4629.53,4,11149.58,2023-10-01
L0007660,734,Branch,28477.39,0,0.0,4672.43,1,7552.72,2021-11-15
L0007661,696,Online,12109.23,0,0.0,4602.16,1,21472.31,2021-08-28
L0007662,609,Online,56724.13,0,0.0,28654.32,2,15867.63,2021-12-05
L0007663,780,Online,47362.43,0,0.0,2394.6,3,6393.41,2024-05-11
L0007664,725,Online,56332.88,0,0.0,3368.06,2,10067.04,2025-07-12
L0007665,704,Online,38710.89,0,0.0,3977.31,4,13160.25,2025-03-06
L0007666,670,Online,32580.04,0,0.0,3146.85,4,9136.51,2025-04-24
L0007667,743,Broker,25138.66,0,0.0,3131.11,2,12249.24,2023-01-07
L0007668,709,Branch,55010.9,0,0.0,6510.97,3,3350.6,2024-03-27
L0007669,645,Broker,5177.02,1,3899.87,-1825.35,4,10653.71,2022-11-15
L0007670,690,Online,48898.8,0,0.0,5578.91,4,0.0,2025-02-01
L0007671,738,Branch,22996.64,0,0.0,1160.74,1,3417.89,2025-09-14
L0007672,689,Branch,45936.24,0,0.0,9670.39,3,11845.93,2023-02-20
L0007673,682,Broker,24781.69,0,0.0,8284.46,2,14580.83,2021-07-25
L0007674,697,Branch,47372.29,0,0.0,6585.93,3,12406.98,2024-02-02
L0007675,589,Online,13687.33,0,0.0,1226.12,3,23497.62,2026-01-19
L0007676,695,Branch,49424.77,0,0.0,14157.03,3,15232.15,2021-10-26
L0007677,797,Branch,19060.98,0,0.0,863.53,2,7343.67,2024-03-02
L0007678,765,Branch,37227.19,0,0.0,1787.42,3,7719.18,2024-08-18
L0007679,651,Branch,26020.2,0,0.0,6259.64,2,21459.13,2023-11-29
L0007680,730,Branch,54069.74,0,0.0,8061.88,3,13568.79,2022-08-24
L0007681,716,Online,5109.77,0,0.0,1557.73,2,14380.31,2023-03-08
L0007682,719,Broker,50109.91,0,0.0,9998.96,1,16275.78,2022-03-12
L0007683,679,Broker,20028.5,0,0.0,2220.05,4,11677.19,2025-02-08
L0007684,711,Online,59524.57,0,0.0,11722.0,3,9344.97,2023-09-13
L0007685,677,Broker,49089.57,0,0.0,2428.71,3,12810.94,2025-10-15
L0007686,770,Online,23593.42,0,0.0,907.57,3,10993.69,2025-06-11
L0007687,702,Online,50301.18,0,0.0,17444.04,4,11255.92,2021-12-26
L0007688,617,Online,55256.57,0,0.0,28341.13,4,23447.91,2021-08-23
L0007689,749,Branch,44647.14,0,0.0,5020.86,3,13521.78,2022-06-18
L0007690,721,Online,11418.24,0,0.0,965.99,4,13382.76,2025-07-11
L0007691,734,Branch,5956.39,0,0.0,1104.71,3,2184.34,2022-10-27
L0007692,537,Online,39412.46,0,0.0,23648.71,4,26717.4,2022-08-05
L0007693,855,Broker,48798.28,0,0.0,4512.24,1,3097.44,2022-05-17
L0007694,729,Broker,44934.71,0,0.0,3715.76,2,11421.45,2024-05-08
L0007695,760,Branch,15355.11,0,0.0,1576.72,3,7464.6,2022-03-26
L0007696,769,Branch,21356.57,0,0.0,1514.74,1,5544.43,2023-06-15
L0007697,690,Broker,45195.58,0,0.0,8780.51,2,10468.86,2023-06-23
L0007698,641,Broker,8862.57,0,0.0,3801.99,2,16242.9,2021-11-08
L0007699,663,Online,34908.28,0,0.0,11671.37,1,15672.81,2022-05-02
L0007700,-9999,Branch,34271.11,0,0.0,8201.71,3,14487.43,2022-10-19
L0007701,671,Online,29202.92,0,0.0,4605.02,2,16648.93,2024-05-08
L0007702,622,Branch,16442.79,0,0.0,8346.94,2,5580.14,2021-09-03
L0007703,736,Branch,35456.0,0,0.0,5986.04,4,6707.72,2021-12-31
L0007704,726,Broker,47018.03,0,0.0,9341.56,3,10752.03,2021-07-31
L0007705,674,Online,55237.03,0,0.0,16474.01,2,11238.09,2022-05-02
L0007706,698,Online,46850.77,1,33076.46,-29156.21,4,12976.05,2025-05-05
L0007707,654,Broker,44167.68,0,0.0,6201.66,1,10901.12,2024-10-12
L0007708,721,Broker,14582.17,0,0.0,2723.84,1,1285.56,2022-12-27
L0007709,686,Broker,10539.05,0,0.0,3145.83,4,6072.67,2022-07-03
L0007710,722,Online,54665.94,0,0.0,14750.26,1,3302.69,2022-04-21
L0007711,609,Online,12326.29,0,0.0,1665.08,3,25526.74,2025-07-02
L0007712,696,Branch,44945.96,0,0.0,11200.49,1,21196.37,2022-04-17
L0007713,609,Broker,8830.97,1,3322.61,200.4,3,28124.15,2022-12-28
L0007714,679,Online,56347.24,0,0.0,9469.78,3,20105.87,2024-01-07
L0007715,727,Online,46299.33,0,0.0,5193.34,4,17628.24,2024-09-01
L0007716,666,Online,52502.93,0,0.0,4705.17,4,16995.38,2025-04-12
L0007717,658,Online,14479.72,0,0.0,4251.43,4,7764.14,2022-12-11
L0007718,697,Branch,28060.9,0,0.0,7603.54,1,10389.18,2021-11-04
L0007719,664,Online,35632.27,0,0.0,12885.13,1,11530.64,2021-11-15
L0007720,722,Online,37073.08,0,0.0,4202.73,3,15709.83,2024-09-07
L0007721,766,Online,50111.23,0,0.0,4069.13,3,10249.15,2022-11-21
L0007722,659,Broker,14251.79,1,8729.49,-5937.79,3,16992.5,2024-06-21
L0007723,730,Online,42743.93,0,0.0,2390.05,2,16565.78,2025-09-18
L0007724,677,Broker,21851.03,0,0.0,6512.42,2,24010.58,2022-03-29
L0007725,755,Online,24351.51,0,0.0,1346.32,4,13113.35,2024-09-22
L0007726,698,Online,16305.88,0,0.0,3178.65,3,10944.72,2024-02-22
L0007727,766,Broker,19577.47,0,0.0,2073.14,4,5792.75,2022-04-26
L0007728,728,Broker,32272.66,0,0.0,2442.38,2,11831.99,2024-07-30
L0007729,710,Online,18846.52,0,0.0,6394.56,1,11184.4,2021-11-18
L0007730,777,Branch,25170.9,0,0.0,336.73,4,10475.0,2025-10-17
L0007731,679,Branch,12532.08,0,0.0,2103.11,4,3137.76,2024-01-23
L0007732,637,Broker,22547.92,0,0.0,2179.89,4,21091.62,2025-09-29
L0007733,708,Branch,30104.73,0,0.0,2984.04,1,13553.57,2024-10-08
L0007734,669,Branch,53767.75,0,0.0,10525.78,2,12788.84,2023-11-17
L0007735,690,Broker,56311.4,0,0.0,8450.64,2,8765.96,2024-02-01
L0007736,749,Broker,43990.67,0,0.0,723.39,1,14480.38,2026-01-11
L0007737,673,Online,37405.18,0,0.0,1994.6,2,20449.2,2025-10-15
L0007738,746,Broker,50750.39,0,0.0,2110.21,1,4116.02,2025-03-08
L0007739,712,Online,32596.03,1,20622.24,-11999.48,4,17779.0,2022-09-10
L0007740,768,Broker,42487.12,0,0.0,3102.2,3,7445.19,2023-05-03
L0007741,754,Broker,9819.51,0,0.0,1246.06,1,1958.36,2022-09-20
L0007742,749,Broker,29114.47,1,19825.01,-16475.6,1,12557.96,2022-04-27
L0007743,781,Online,12868.24,0,0.0,1080.33,3,8997.33,2024-06-06
L0007744,827,Broker,11315.97,0,0.0,1058.06,4,5010.36,2022-06-23
L0007745,681,Branch,14435.07,0,0.0,2977.86,2,6659.38,2023-12-01
L0007746,642,Branch,36812.34,0,0.0,9173.03,3,17303.24,2023-10-07
L0007747,743,Branch,59734.89,0,0.0,6292.07,4,5892.2,2023-01-30
L0007748,632,Broker,31022.78,1,23751.08,-21677.11,1,24655.52,2025-10-21
L0007749,639,Broker,15230.7,0,0.0,2839.62,4,11821.53,2024-09-06
L0007750,-9999,Online,8852.42,0,0.0,2216.32,1,6010.35,2022-12-01
L0007751,691,Branch,5346.73,0,0.0,1536.79,2,10572.12,2022-10-11
L0007752,555,Broker,6399.32,1,4241.4,-1080.42,2,25155.02,2023-03-30
L0007753,722,Branch,56447.65,0,0.0,8822.46,4,6640.33,2022-11-23
L0007754,726,Online,30101.03,0,0.0,6418.48,1,12796.26,2023-02-25
L0007755,659,Online,31654.94,0,0.0,9227.11,4,20954.23,2023-01-19
L0007756,770,Broker,41056.75,0,0.0,1262.38,4,12507.92,2025-02-02
L0007757,713,Online,15594.96,0,0.0,3428.42,1,8173.01,2023-08-03
L0007758,744,Branch,32908.56,0,0.0,2118.86,2,7146.14,2024-07-17
L0007759,657,Branch,20607.34,0,0.0,2135.54,1,6717.36,2025-04-21
L0007760,644,Branch,13710.45,0,0.0,4778.28,2,23672.65,2023-01-04
L0007761,866,Broker,20534.56,0,0.0,1798.81,1,2382.37,2023-01-01
L0007762,822,Branch,53008.74,0,0.0,3039.22,2,4672.17,2023-12-04
L0007763,686,Broker,53351.07,0,0.0,16420.1,1,14809.69,2021-10-02
L0007764,604,Branch,47205.1,0,0.0,8636.36,1,17628.06,2024-12-10
L0007765,634,Broker,8236.0,0,0.0,3284.46,2,17825.05,2022-04-29
L0007766,721,Broker,27654.08,0,0.0,4850.03,3,9807.61,2022-10-10
L0007767,842,Broker,25647.0,0,0.0,201.43,3,3724.57,2026-03-21
L0007768,773,Online,27874.59,0,0.0,2943.35,1,6872.48,2021-10-23
L0007769,884,Broker,51331.74,0,0.0,1942.29,3,818.21,2024-08-13
L0007770,647,Broker,28988.02,0,0.0,3217.51,4,25251.61,2025-03-29
L0007771,724,Broker,26634.77,0,0.0,2740.59,1,8795.26,2024-06-11
L0007772,612,Branch,38111.06,0,0.0,6786.49,2,17508.91,2024-12-09
L0007773,701,Branch,13328.79,0,0.0,3454.13,4,12532.53,2022-04-25
L0007774,763,Broker,8144.08,0,0.0,1132.66,2,9816.66,2022-03-30
L0007775,694,Branch,51742.36,1,30026.58,-18410.32,2,7759.87,2022-09-22
L0007776,721,Online,6403.42,0,0.0,1968.21,4,11924.06,2022-03-04
L0007777,843,Broker,7266.93,0,0.0,266.89,3,2063.68,2026-01-25
L0007778,610,Branch,17587.15,0,0.0,5219.21,4,23638.12,2023-10-25
L0007779,766,Broker,23031.96,0,0.0,1048.7,3,9472.39,2024-10-13
L0007780,791,Branch,48555.29,0,0.0,3447.15,2,5517.56,2023-03-13
L0007781,656,Branch,14848.7,0,0.0,2308.75,3,8780.15,2024-08-13
L0007782,757,Branch,9804.36,0,0.0,223.89,2,7773.85,2025-12-05
L0007783,712,Online,53310.32,0,0.0,16591.23,1,13495.03,2021-12-10
L0007784,726,Online,49836.74,0,0.0,6713.61,1,9680.34,2024-04-09
L0007785,777,Branch,41412.35,0,0.0,1914.8,2,6882.65,2024-09-25
L0007786,700,Broker,52283.04,1,38738.68,-31973.93,3,1597.6,2024-03-21
L0007787,719,Broker,49762.53,0,0.0,7880.02,2,17591.05,2023-01-01
L0007788,768,Branch,55967.35,0,0.0,5371.39,3,10433.93,2021-12-06
L0007789,740,Branch,50193.12,0,0.0,3506.27,4,5916.05,2024-06-13
L0007790,695,Broker,20223.45,0,0.0,2753.1,4,16790.26,2024-07-10
L0007791,727,Branch,31045.83,0,0.0,6214.03,1,15757.9,2021-09-22
L0007792,587,Branch,36429.94,0,0.0,15642.14,1,41194.5,2023-01-26
L0007793,746,Broker,48372.07,0,0.0,4584.1,3,9111.48,2023-07-11
L0007794,678,Online,42895.42,0,0.0,1608.97,4,5669.79,2025-12-23
L0007795,659,Online,34693.21,0,0.0,10910.55,3,5601.46,2022-08-23
L0007796,709,Online,45589.28,0,0.0,3119.5,2,6368.99,2025-08-08
L0007797,723,Online,57266.31,0,0.0,17337.78,3,16558.39,2021-09-16
L0007798,537,Broker,32700.83,0,0.0,16933.52,4,20476.24,2023-02-07
L0007799,727,Broker,59085.55,0,0.0,3025.08,4,17797.47,2025-03-28
L0007800,-9999,Branch,48989.66,0,0.0,4443.64,4,11828.85,2023-11-18
L0007801,700,Online,47282.44,0,0.0,6815.29,3,19498.59,2024-08-09
L0007802,745,Branch,42515.84,0,0.0,2792.8,2,10385.84,2024-03-14
L0007803,721,Branch,8294.36,1,6613.26,-4796.85,4,15374.42,2021-07-13
L0007804,714,Broker,42917.37,0,0.0,6815.86,2,3839.08,2023-05-04
L0007805,689,Broker,24861.16,0,0.0,4305.13,4,13593.77,2023-08-31
L0007806,713,Broker,7051.78,0,0.0,1024.33,1,10148.76,2024-10-02
L0007807,714,Branch,25479.7,0,0.0,6086.84,1,11484.4,2021-11-12
L0007808,681,Online,13431.89,0,0.0,5425.09,3,12940.69,2022-01-09
L0007809,594,Online,8868.6,0,0.0,2124.82,2,11793.06,2024-12-11
L0007810,736,Branch,29742.55,0,0.0,3289.82,4,7133.84,2023-08-31
L0007811,718,Branch,32105.25,0,0.0,1396.83,2,16583.45,2025-10-02
L0007812,653,Online,18741.24,0,0.0,4321.4,1,11685.99,2023-11-11
L0007813,668,Broker,34562.75,0,0.0,6378.26,2,22760.07,2024-01-16
L0007814,742,Branch,41456.42,0,0.0,2377.83,2,9154.47,2024-08-21
L0007815,735,Online,21845.88,0,0.0,620.6,1,18936.07,2025-12-20
L0007816,697,Online,43271.55,0,0.0,14883.62,3,20593.12,2022-02-05
L0007817,759,Broker,28274.85,0,0.0,1233.64,2,4543.88,2024-10-08
L0007818,607,Broker,22704.8,0,0.0,2327.12,1,13651.28,2025-08-13
L0007819,700,Online,10072.41,0,0.0,1503.05,1,9829.37,2024-10-26
L0007820,585,Branch,34077.97,0,0.0,2538.51,1,32290.33,2025-11-23
L0007821,736,Online,49426.36,0,0.0,6602.0,3,15608.84,2024-03-28
L0007822,731,Online,18600.04,1,13317.29,-9368.0,4,6437.93,2023-03-21
L0007823,748,Online,43745.98,0,0.0,2823.24,3,14740.58,2024-07-14
L0007824,742,Branch,13646.78,0,0.0,867.08,2,12815.79,2024-06-20
L0007825,751,Branch,43106.93,0,0.0,1093.75,1,3596.75,2025-12-05
L0007826,716,Online,45933.28,1,33683.2,-30309.76,4,9636.78,2025-05-28
L0007827,751,Broker,33058.58,0,0.0,2825.81,2,10383.14,2023-06-08
L0007828,662,Online,45479.59,0,0.0,1546.57,2,16928.39,2026-01-25
L0007829,654,Branch,49980.47,0,0.0,16207.1,2,10725.55,2022-08-02
L0007830,787,Branch,25210.33,0,0.0,2005.43,1,7603.97,2023-08-25
L0007831,751,Branch,20430.42,0,0.0,655.85,1,10144.7,2025-03-21
L0007832,714,Broker,47987.51,0,0.0,5293.13,4,4860.16,2024-05-26
L0007833,667,Branch,50026.8,0,0.0,17908.77,3,13187.02,2021-10-12
L0007834,804,Online,46299.04,1,16408.5,-12353.96,1,4245.29,2022-05-17
L0007835,812,Branch,12788.01,0,0.0,1088.61,1,8492.2,2023-01-29
L0007836,693,Online,33971.07,0,0.0,1865.67,4,16852.86,2025-12-14
L0007837,709,Online,49879.1,0,0.0,13602.8,4,9530.77,2022-09-21
L0007838,643,Branch,7889.75,0,0.0,2409.9,3,9317.94,2023-02-21
L0007839,700,Broker,12335.22,0,0.0,1990.17,1,14119.11,2024-04-01
L0007840,821,Branch,47899.17,0,0.0,3061.44,4,4361.76,2023-09-05
L0007841,771,Online,12853.97,0,0.0,742.15,1,10836.09,2023-08-12
L0007842,772,Branch,46019.31,0,0.0,2908.51,3,5860.95,2023-06-29
L0007843,692,Branch,27133.27,0,0.0,2227.79,2,142.06,2025-05-27
L0007844,770,Broker,5179.69,0,0.0,627.34,1,6921.68,2022-09-28
L0007845,636,Online,58460.7,1,26570.45,-9222.92,4,27334.49,2023-05-15
L0007846,732,Online,56905.58,0,0.0,7580.87,3,12877.37,2024-01-31
L0007847,695,Branch,18987.57,0,0.0,2562.41,4,13665.46,2024-05-11
L0007848,740,Broker,21597.84,0,0.0,2853.19,4,2973.13,2023-02-27
L0007849,771,Branch,41494.6,0,0.0,3967.03,4,6226.56,2021-09-26
L0007850,-9999,Branch,45445.66,0,0.0,18061.42,2,5690.45,2022-02-18
L0007851,623,Branch,16913.03,0,0.0,8623.01,3,12276.34,2021-07-28
L0007852,691,Branch,46444.08,1,33460.69,-22677.24,1,18955.59,2022-09-02
L0007853,668,Online,6001.79,0,0.0,2632.8,2,14805.29,2021-11-03
L0007854,663,Broker,58121.39,0,0.0,9011.91,4,15992.86,2024-07-14
L0007855,717,Branch,14671.83,0,0.0,2310.29,4,17368.82,2023-11-14
L0007856,814,Branch,11754.2,0,0.0,885.13,3,2349.09,2024-11-09
L0007857,670,Branch,26455.61,0,0.0,4283.39,2,21066.53,2024-07-04
L0007858,751,Broker,20534.58,0,0.0,2104.45,2,8696.66,2023-01-18
L0007859,627,Online,55927.51,0,0.0,4136.62,4,17700.62,2025-10-26
L0007860,695,Broker,15889.08,0,0.0,1769.48,2,12760.14,2025-03-06
L0007861,780,Branch,19926.97,0,0.0,848.31,1,0.0,2025-09-03
L0007862,756,Branch,36981.13,0,0.0,1802.3,4,13223.26,2024-10-22
L0007863,708,Online,10020.15,0,0.0,1324.83,2,6419.31,2024-11-29
L0007864,666,Branch,54020.69,0,0.0,17947.63,1,13526.0,2022-02-18
L0007865,708,Broker,36750.69,0,0.0,9191.46,4,10435.3,2021-10-12
L0007866,709,Branch,58193.34,0,0.0,10240.87,4,13666.58,2023-01-22
L0007867,632,Online,53832.13,0,0.0,21520.94,3,27533.29,2022-05-19
L0007868,735,Broker,47434.03,0,0.0,747.35,1,14109.43,2026-01-19
L0007869,708,Online,53561.31,0,0.0,12750.51,4,9003.7,2023-03-04
L0007870,593,Broker,45613.38,0,0.0,11472.14,1,28968.53,2024-05-24
L0007871,780,Broker,57172.8,0,0.0,4761.12,3,6715.4,2022-10-19
L0007872,638,Broker,23304.79,1,16917.72,-10926.36,4,14785.83,2023-09-13
L0007873,661,Online,29950.23,1,23234.45,-11564.59,3,19464.97,2021-09-27
L0007874,710,Branch,10643.76,0,0.0,1539.82,4,9145.59,2024-06-02
L0007875,680,Broker,27055.82,0,0.0,8575.92,3,13420.31,2022-01-13
L0007876,714,Broker,43263.79,0,0.0,6733.85,1,17169.63,2023-04-03
L0007877,690,Branch,56087.35,0,0.0,2278.9,4,15193.0,2025-11-17
L0007878,752,Broker,51569.45,0,0.0,4334.91,3,2213.03,2023-05-19
L0007879,559,Broker,6800.83,0,0.0,1472.37,2,21179.67,2025-03-24
L0007880,680,Branch,6546.06,0,0.0,1482.03,1,7942.42,2024-04-25
L0007881,689,Broker,14142.28,0,0.0,4793.8,2,16688.48,2021-09-09
L0007882,657,Online,39266.14,0,0.0,4027.8,3,7650.74,2025-03-31
L0007883,695,Broker,37949.2,0,0.0,7460.04,1,9156.58,2023-05-04
L0007884,694,Online,14695.28,0,0.0,753.21,1,10669.21,2025-12-16
L0007885,685,Broker,39544.48,0,0.0,2218.85,3,14439.02,2025-10-17
L0007886,691,Branch,11002.1,0,0.0,1730.23,3,11690.46,2024-05-02
L0007887,779,Branch,7934.63,0,0.0,427.64,4,10663.3,2025-05-30
L0007888,731,Broker,51470.19,0,0.0,8985.98,2,10837.42,2021-12-16
L0007889,598,Branch,57030.8,0,0.0,29778.75,4,7757.25,2022-01-27
L0007890,726,Broker,26781.56,0,0.0,4188.09,1,17306.98,2023-02-22
L0007891,674,Broker,47312.42,0,0.0,11584.66,4,15997.56,2023-01-16
L0007892,764,Online,32828.46,0,0.0,2571.24,3,10915.68,2023-01-13
L0007893,652,Branch,52099.01,0,0.0,16739.11,4,4059.63,2022-09-14
L0007894,710,Branch,21275.96,0,0.0,1457.8,3,18038.23,2025-04-07
L0007895,627,Branch,31086.33,0,0.0,6793.09,2,14535.03,2024-04-19
L0007896,652,Branch,29586.55,0,0.0,3917.91,3,22069.8,2024-12-07
L0007897,722,Branch,8517.02,0,0.0,1758.27,3,9437.45,2021-12-19
L0007898,701,Online,40958.97,0,0.0,15307.67,1,8932.65,2021-07-01
L0007899,671,Broker,41601.88,0,0.0,2858.71,4,22803.38,2025-08-02
L0007900,-9999,Branch,39099.93,0,0.0,7139.76,4,15231.08,2023-07-23
L0007901,666,Branch,25947.12,0,0.0,2362.66,4,16002.49,2025-05-19
L0007902,684,Branch,33413.43,0,0.0,3945.5,2,7909.35,2024-11-16
L0007903,728,Broker,25342.17,0,0.0,1269.83,1,12941.89,2025-05-01
L0007904,667,Broker,32128.24,0,0.0,10637.08,4,2207.82,2022-02-22
L0007905,691,Online,22512.53,0,0.0,7113.36,4,11085.0,2022-08-24
L0007906,729,Branch,6220.8,0,0.0,194.6,3,10714.4,2025-11-24
L0007907,674,Broker,10930.36,0,0.0,3785.56,2,11911.81,2021-12-23
L0007908,670,Online,10307.79,0,0.0,3404.2,4,14386.6,2022-06-10
L0007909,629,Online,14037.93,0,0.0,825.95,2,18156.78,2025-12-31
L0007910,707,Branch,21974.25,0,0.0,784.66,2,9004.86,2025-12-27
L0007911,662,Branch,17601.37,0,0.0,5774.39,2,16185.2,2022-07-10
L0007912,709,Online,10349.11,0,0.0,2736.26,4,16138.5,2022-12-06
L0007913,711,Online,10051.75,0,0.0,3497.93,1,13120.34,2021-11-27
L0007914,763,Broker,13776.68,0,0.0,1602.18,2,10095.18,2022-04-11
L0007915,760,Branch,6772.94,0,0.0,513.39,1,6568.85,2023-01-14
L0007916,735,Broker,28413.8,0,0.0,462.0,1,6532.31,2026-01-16
L0007917,720,Online,14120.3,0,0.0,2471.6,1,4802.62,2024-02-09
L0007918,766,Broker,19627.02,0,0.0,1565.6,1,4848.5,2023-10-19
L0007919,669,Broker,29592.18,0,0.0,6646.06,3,17328.63,2023-08-29
L0007920,695,Online,51848.06,0,0.0,17883.36,2,14579.63,2022-02-21
L0007921,699,Online,25899.67,0,0.0,5110.2,1,5626.32,2023-12-24
L0007922,656,Broker,35409.22,0,0.0,14168.85,3,5667.34,2021-09-13
L0007923,728,Branch,48894.19,0,0.0,4290.61,3,8515.24,2024-06-25
L0007924,769,Online,11281.02,0,0.0,1037.3,3,8855.75,2022-01-28
L0007925,706,Online,20854.19,0,0.0,5476.11,2,14071.11,2023-01-01
L0007926,731,Broker,51710.38,0,0.0,3780.41,1,6529.75,2024-08-18
L0007927,620,Online,27392.19,0,0.0,8689.1,1,11600.46,2023-06-07
L0007928,702,Broker,26216.18,0,0.0,5318.85,1,18325.99,2022-10-22
L0007929,723,Branch,32781.56,0,0.0,1075.68,2,7276.02,2025-10-02
L0007930,681,Branch,21272.75,0,0.0,4463.8,3,14821.2,2023-07-16
L0007931,674,Broker,29004.61,1,11119.9,-2636.25,4,12833.87,2022-06-03
L0007932,688,Online,29170.76,0,0.0,3756.31,4,8617.3,2024-12-14
L0007933,718,Broker,51724.04,0,0.0,794.7,3,5176.27,2026-02-06
L0007934,652,Online,24118.72,0,0.0,5084.73,2,16730.47,2024-03-17
L0007935,721,Branch,7245.03,0,0.0,1278.91,2,14903.9,2023-03-17
L0007936,679,Broker,57862.75,0,0.0,16982.74,2,9371.11,2022-04-30
L0007937,672,Broker,22209.24,1,8395.77,-6019.57,3,2235.39,2025-01-08
L0007938,669,Branch,56898.05,0,0.0,6353.69,3,18340.87,2025-01-08
L0007939,781,Branch,11751.49,0,0.0,1250.14,4,6679.95,2021-10-01
L0007940,731,Branch,15085.28,1,5393.58,-4717.06,3,10545.58,2026-03-10
L0007941,669,Broker,32265.4,0,0.0,10554.04,1,17615.49,2022-04-09
L0007942,728,Online,23632.26,0,0.0,2944.95,2,11504.96,2024-06-20
L0007943,738,Broker,56513.84,0,0.0,3460.55,1,11333.8,2024-10-06
L0007944,734,Broker,9300.68,0,0.0,2135.35,4,13890.92,2021-09-25
L0007945,706,Online,29350.2,0,0.0,1824.79,2,5871.18,2025-08-10
L0007946,719,Broker,17618.0,0,0.0,2864.28,3,13051.12,2023-07-12
L0007947,621,Online,51403.81,0,0.0,9782.32,2,18536.13,2024-09-29
L0007948,667,Broker,6236.38,0,0.0,1817.84,3,15942.51,2022-12-28
L0007949,691,Branch,41749.99,1,13512.48,-7265.72,2,8021.27,2024-01-09
L0007950,-9999,Online,23027.34,0,0.0,1571.87,1,8968.06,2023-08-31
L0007951,796,Branch,40367.87,0,0.0,1647.26,2,6768.03,2024-06-30
L0007952,636,Branch,16187.24,0,0.0,2989.0,3,13166.24,2024-09-11
L0007953,659,Branch,31761.3,0,0.0,3018.37,3,11826.0,2025-04-19
L0007954,668,Online,55380.58,0,0.0,4004.25,3,4501.84,2025-07-28
L0007955,648,Branch,16797.14,0,0.0,5529.29,4,11652.66,2022-09-22
L0007956,710,Online,28558.92,0,0.0,1233.41,1,24131.76,2026-02-17
L0007957,711,Online,10874.5,0,0.0,667.03,2,7637.07,2025-12-11
L0007958,629,Branch,41308.17,0,0.0,4062.33,2,22067.38,2025-07-08
L0007959,669,Online,23378.37,0,0.0,2607.02,3,9974.7,2025-04-24
L0007960,638,Broker,10199.68,0,0.0,963.24,2,24071.28,2025-06-18
L0007961,663,Online,13676.66,0,0.0,3027.05,4,9494.54,2023-11-20
L0007962,830,Broker,19220.19,0,0.0,510.84,4,3506.24,2025-05-25
L0007963,622,Online,20363.59,0,0.0,3229.75,1,25910.85,2024-12-07
L0007964,741,Online,32148.44,0,0.0,2484.69,2,7244.29,2024-01-03
L0007965,697,Broker,24578.31,0,0.0,7532.9,4,4373.97,2021-07-24
L0007966,674,Broker,22493.5,0,0.0,1710.07,3,17901.39,2025-06-24
L0007967,771,Broker,37885.53,0,0.0,662.42,3,7088.08,2025-08-27
L0007968,682,Online,41233.18,0,0.0,3861.92,4,18176.88,2025-06-11
L0007969,694,Branch,13481.39,0,0.0,1640.22,2,19392.7,2024-06-20
L0007970,798,Broker,18755.06,0,0.0,780.01,4,6011.09,2024-10-18
L0007971,696,Online,12711.91,0,0.0,1809.44,2,11505.92,2024-12-25
L0007972,597,Broker,52641.62,1,26173.73,-6464.15,4,18333.41,2023-04-18
L0007973,846,Online,55295.68,0,0.0,2786.77,2,4241.67,2024-03-24
L0007974,599,Online,52868.8,0,0.0,21077.58,3,12720.6,2023-01-11
L0007975,780,Online,41603.58,0,0.0,2341.14,2,5559.26,2024-01-02
L0007976,717,Online,39069.26,0,0.0,5529.77,2,343.38,2024-05-15
L0007977,619,Branch,49643.92,0,0.0,23389.56,1,30439.08,2021-12-13
L0007978,794,Broker,33361.85,0,0.0,1926.66,2,10843.9,2023-10-21
L0007979,666,Branch,8635.94,0,0.0,1778.22,4,10616.5,2024-03-17
L0007980,777,Branch,59384.99,0,0.0,408.5,4,5522.21,2026-03-14
L0007981,677,Online,52328.64,0,0.0,2262.95,3,11241.59,2025-11-26
L0007982,723,Branch,55894.34,0,0.0,7883.33,1,6993.05,2023-03-14
L0007983,660,Online,20442.14,0,0.0,3189.28,4,12716.4,2024-10-18
L0007984,691,Online,13331.0,0,0.0,1046.09,4,12185.37,2025-11-07
L0007985,698,Broker,26995.88,0,0.0,4890.84,4,11858.38,2023-05-29
L0007986,585,Broker,19497.22,0,0.0,2676.25,2,19974.94,2025-07-23
L0007987,760,Branch,51828.11,0,0.0,1698.15,4,8817.16,2024-12-30
L0007988,575,Branch,24398.96,0,0.0,1346.18,4,15189.77,2026-03-22
L0007989,623,Online,54739.24,0,0.0,19178.55,1,3841.87,2023-01-04
L0007990,720,Broker,37397.62,0,0.0,7505.9,3,5748.36,2022-03-18
L0007991,646,Branch,47596.37,0,0.0,11954.29,2,16658.67,2023-09-09
L0007992,727,Broker,29094.71,0,0.0,2149.85,3,15894.28,2025-01-20
L0007993,680,Branch,20111.46,0,0.0,925.53,1,11967.15,2026-01-16
L0007994,677,Branch,46506.74,0,0.0,5722.85,2,20815.65,2024-09-29
L0007995,735,Branch,44925.32,0,0.0,1403.52,4,8700.3,2025-10-12
L0007996,724,Broker,46415.81,0,0.0,9854.22,1,6457.51,2021-07-01
L0007997,756,Broker,36870.64,0,0.0,3788.37,2,5595.27,2022-01-14
L0007998,706,Online,20786.8,0,0.0,1140.81,3,14420.72,2026-01-23
L0007999,732,Branch,24012.95,0,0.0,4537.47,3,11968.51,2021-08-05
K000,764,Kiosk,38451.75,1,11535.52,-13073.59,1,22667.66,2022-11-09
K001,754,Kiosk,23086.91,0,0.0,-923.48,3,22667.66,2022-11-09
K002,678,Kiosk,26085.14,0,0.0,-1043.41,2,22667.66,2022-11-09
K003,686,Kiosk,30309.05,0,0.0,-1212.36,2,22667.66,2022-11-09
K004,666,Kiosk,13472.14,0,0.0,-538.89,4,22667.66,2022-11-09
K005,636,Kiosk,35152.02,0,0.0,-1406.08,1,22667.66,2022-11-09
K006,637,Kiosk,11817.77,0,0.0,-472.71,3,22667.66,2022-11-09
K007,717,Kiosk,30076.16,0,0.0,-1203.05,1,22667.66,2022-11-09
K008,626,Kiosk,32178.77,0,0.0,-1287.15,3,22667.66,2022-11-09
K009,710,Kiosk,18544.11,1,5563.23,-6304.99,2,22667.66,2022-11-09
K010,725,Kiosk,29826.56,0,0.0,-1193.06,4,22667.66,2022-11-09
K011,612,Kiosk,37857.16,0,0.0,-1514.29,4,22667.66,2022-11-09
K012,630,Kiosk,20913.3,0,0.0,-836.53,2,22667.66,2022-11-09
K013,567,Kiosk,12551.1,0,0.0,-502.04,2,22667.66,2022-11-09
K014,799,Kiosk,24865.52,0,0.0,-994.62,4,22667.66,2022-11-09
K015,751,Kiosk,25420.74,0,0.0,-1016.83,3,22667.66,2022-11-09
K016,775,Kiosk,14766.55,0,0.0,-590.66,1,22667.66,2022-11-09
K017,690,Kiosk,29443.09,0,0.0,-1177.72,2,22667.66,2022-11-09
K018,716,Kiosk,10737.62,1,3221.29,-3650.79,4,22667.66,2022-11-09
K019,641,Kiosk,29364.47,0,0.0,-1174.58,4,22667.66,2022-11-09
K020,631,Kiosk,30694.13,0,0.0,-1227.77,2,22667.66,2022-11-09
K021,699,Kiosk,23129.78,0,0.0,-925.19,1,22667.66,2022-11-09
K022,605,Kiosk,13920.88,0,0.0,-556.84,3,22667.66,2022-11-09
K023,718,Kiosk,37041.53,0,0.0,-1481.66,4,22667.66,2022-11-09
K024,691,Kiosk,16891.45,0,0.0,-675.66,4,22667.66,2022-11-09
K025,679,Kiosk,26683.44,0,0.0,-1067.34,1,22667.66,2022-11-09
K026,696,Kiosk,33724.99,0,0.0,-1349.0,2,22667.66,2022-11-09
K027,650,Kiosk,20614.73,1,6184.42,-7009.01,3,22667.66,2022-11-09
K028,788,Kiosk,33798.15,0,0.0,-1351.93,4,22667.66,2022-11-09
K029,628,Kiosk,16694.29,0,0.0,-667.77,3,22667.66,2022-11-09
K030,766,Kiosk,39590.85,0,0.0,-1583.63,2,22667.66,2022-11-09
K031,777,Kiosk,17076.51,0,0.0,-683.06,3,22667.66,2022-11-09
K032,730,Kiosk,22265.48,0,0.0,-890.62,3,22667.66,2022-11-09
K033,758,Kiosk,21231.95,0,0.0,-849.28,2,22667.66,2022-11-09
K034,654,Kiosk,22445.2,0,0.0,-897.81,2,22667.66,2022-11-09
K035,737,Kiosk,20408.72,0,0.0,-816.35,3,22667.66,2022-11-09
K036,714,Kiosk,19097.18,1,5729.15,-6493.04,2,22667.66,2022-11-09
K037,643,Kiosk,19132.77,0,0.0,-765.31,1,22667.66,2022-11-09
K038,795,Kiosk,37078.84,0,0.0,-1483.15,3,22667.66,2022-11-09
K039,650,Kiosk,37684.72,0,0.0,-1507.39,4,22667.66,2022-11-09
K040,741,Kiosk,25109.58,0,0.0,-1004.38,3,22667.66,2022-11-09
K041,679,Kiosk,11610.09,0,0.0,-464.4,1,22667.66,2022-11-09
K042,583,Kiosk,8376.74,0,0.0,-335.07,1,22667.66,2022-11-09
K043,624,Kiosk,26970.09,0,0.0,-1078.8,3,22667.66,2022-11-09
K044,591,Kiosk,34864.81,0,0.0,-1394.59,1,22667.66,2022-11-09
K045,710,Kiosk,21195.35,1,6358.6,-7206.41,3,22667.66,2022-11-09
K046,718,Kiosk,13692.2,0,0.0,-547.69,3,22667.66,2022-11-09
K047,663,Kiosk,25226.46,0,0.0,-1009.06,4,22667.66,2022-11-09
K048,777,Kiosk,28862.82,0,0.0,-1154.51,3,22667.66,2022-11-09
K049,569,Kiosk,15770.21,0,0.0,-630.81,1,22667.66,2022-11-09
K050,695,Kiosk,9391.55,0,0.0,-375.66,1,22667.66,2022-11-09
K051,798,Kiosk,15443.19,0,0.0,-617.73,3,22667.66,2022-11-09
K052,623,Kiosk,10251.11,0,0.0,-410.04,3,22667.66,2022-11-09
K053,698,Kiosk,39311.02,0,0.0,-1572.44,3,22667.66,2022-11-09
K054,656,Kiosk,23014.82,1,6904.45,-7825.04,2,22667.66,2022-11-09
K055,663,Kiosk,38473.38,0,0.0,-1538.94,2,22667.66,2022-11-09
K056,799,Kiosk,19715.85,0,0.0,-788.63,4,22667.66,2022-11-09
K057,561,Kiosk,12753.85,0,0.0,-510.15,4,22667.66,2022-11-09
K058,645,Kiosk,24377.81,0,0.0,-975.11,3,22667.66,2022-11-09
K059,561,Kiosk,15075.68,0,0.0,-603.03,1,22667.66,2022-11-09
K060,600,Kiosk,24000.1,0,0.0,-960.0,2,22667.66,2022-11-09
K061,781,Kiosk,30614.66,0,0.0,-1224.59,3,22667.66,2022-11-09
K062,751,Kiosk,24037.54,0,0.0,-961.5,2,22667.66,2022-11-09
K063,793,Kiosk,18564.98,1,5569.49,-6312.09,4,22667.66,2022-11-09
K064,687,Kiosk,38990.52,0,0.0,-1559.62,2,22667.66,2022-11-09
K065,563,Kiosk,27479.96,0,0.0,-1099.2,3,22667.66,2022-11-09
K066,728,Kiosk,13478.54,0,0.0,-539.14,1,22667.66,2022-11-09
K067,645,Kiosk,36314.29,0,0.0,-1452.57,4,22667.66,2022-11-09
K068,782,Kiosk,8310.71,0,0.0,-332.43,3,22667.66,2022-11-09
K069,645,Kiosk,19355.42,0,0.0,-774.22,2,22667.66,2022-11-09
K070,591,Kiosk,9432.07,0,0.0,-377.28,1,22667.66,2022-11-09
K071,791,Kiosk,10950.59,0,0.0,-438.02,4,22667.66,2022-11-09
K072,576,Kiosk,28925.93,1,8677.78,-9834.82,1,22667.66,2022-11-09
K073,727,Kiosk,29012.07,0,0.0,-1160.48,3,22667.66,2022-11-09
K074,625,Kiosk,19604.69,0,0.0,-784.19,1,22667.66,2022-11-09
K075,762,Kiosk,20111.24,0,0.0,-804.45,2,22667.66,2022-11-09
K076,793,Kiosk,39365.69,0,0.0,-1574.63,2,22667.66,2022-11-09
K077,605,Kiosk,10558.67,0,0.0,-422.35,1,22667.66,2022-11-09
K078,657,Kiosk,23103.03,0,0.0,-924.12,1,22667.66,2022-11-09
K079,595,Kiosk,17518.86,0,0.0,-700.75,1,22667.66,2022-11-09
K080,657,Kiosk,24077.48,0,0.0,-963.1,4,22667.66,2022-11-09
K081,644,Kiosk,29510.21,1,8853.06,-10033.47,3,22667.66,2022-11-09
K082,716,Kiosk,13343.81,0,0.0,-533.75,2,22667.66,2022-11-09
K083,786,Kiosk,31302.32,0,0.0,-1252.09,3,22667.66,2022-11-09
K084,623,Kiosk,13908.1,0,0.0,-556.32,1,22667.66,2022-11-09
K085,610,Kiosk,24871.95,0,0.0,,3,22667.66,2022-11-09
K086,569,Kiosk,32054.91,0,0.0,-1282.2,1,22667.66,2022-11-09
K087,750,Kiosk,16554.18,0,0.0,-662.17,3,22667.66,2022-11-09
K088,626,Kiosk,11482.97,0,0.0,-459.32,3,22667.66,2022-11-09
K089,613,Kiosk,12247.02,0,0.0,-489.88,1,22667.66,2022-11-09
